filepath,true_label,pred_label,confidence,correct
C:\Users\taimo\OneDrive\Documents 1\work\ecg-synthetic-research\data\rendered\ptbxl\NORM\00057.png,NORM,NORM,0.9033,1
C:\Users\taimo\OneDrive\Documents 1\work\ecg-synthetic-research\data\rendered\ptbxl\NORM\00072.png,NORM,NORM,0.971,1
C:\Users\taimo\OneDrive\Documents 1\work\ecg-synthetic-research\data\rendered\ptbxl\NORM\00098.png,NORM,NORM,0.951,1
C:\Users\taimo\OneDrive\Documents 1\work\ecg-synthetic-research\data\rendered\ptbxl\NORM\00109.png,NORM,NORM,0.9746,1
C:\Users\taimo\OneDrive\Documents 1\work\ecg-synthetic-research\data\rendered\ptbxl\NORM\00110.png,NORM,NORM,0.658,1
C:\Users\taimo\OneDrive\Documents 1\work\ecg-synthetic-research\data\rendered\ptbxl\NORM\00123.png,NORM,NORM,0.983,1
C:\Users\taimo\OneDrive\Documents 1\work\ecg-synthetic-research\data\rendered\ptbxl\NORM\00126.png,NORM,NORM,0.9575,1
C:\Users\taimo\OneDrive\Documents 1\work\ecg-synthetic-research\data\rendered\ptbxl\NORM\00147.png,NORM,NORM,0.9453,1
C:\Users\taimo\OneDrive\Documents 1\work\ecg-synthetic-research\data\rendered\ptbxl\NORM\00159.png,NORM,NORM,0.879,1
C:\Users\taimo\OneDrive\Documents 1\work\ecg-synthetic-research\data\rendered\ptbxl\NORM\00264.png,NORM,NORM,0.902,1
C:\Users\taimo\OneDrive\Documents 1\work\ecg-synthetic-research\data\rendered\ptbxl\NORM\00275.png,NORM,NORM,0.933,1
C:\Users\taimo\OneDrive\Documents 1\work\ecg-synthetic-research\data\rendered\ptbxl\NORM\00339.png,NORM,NORM,0.986,1
C:\Users\taimo\OneDrive\Documents 1\work\ecg-synthetic-research\data\rendered\ptbxl\NORM\00367.png,NORM,NORM,0.821,1
C:\Users\taimo\OneDrive\Documents 1\work\ecg-synthetic-research\data\rendered\ptbxl\NORM\00393.png,NORM,NORM,0.9375,1
C:\Users\taimo\OneDrive\Documents 1\work\ecg-synthetic-research\data\rendered\ptbxl\NORM\00490.png,NORM,NORM,0.884,1
C:\Users\taimo\OneDrive\Documents 1\work\ecg-synthetic-research\data\rendered\ptbxl\NORM\00587.png,NORM,NORM,0.9697,1
C:\Users\taimo\OneDrive\Documents 1\work\ecg-synthetic-research\data\rendered\ptbxl\NORM\00643.png,NORM,NORM,0.9224,1
C:\Users\taimo\OneDrive\Documents 1\work\ecg-synthetic-research\data\rendered\ptbxl\NORM\00648.png,NORM,NORM,0.541,1
C:\Users\taimo\OneDrive\Documents 1\work\ecg-synthetic-research\data\rendered\ptbxl\NORM\00815.png,NORM,NORM,0.775,1
C:\Users\taimo\OneDrive\Documents 1\work\ecg-synthetic-research\data\rendered\ptbxl\NORM\00929.png,NORM,NORM,0.8125,1
C:\Users\taimo\OneDrive\Documents 1\work\ecg-synthetic-research\data\rendered\ptbxl\NORM\00958.png,NORM,NORM,0.8057,1
C:\Users\taimo\OneDrive\Documents 1\work\ecg-synthetic-research\data\rendered\ptbxl\NORM\01104.png,NORM,NORM,0.9365,1
C:\Users\taimo\OneDrive\Documents 1\work\ecg-synthetic-research\data\rendered\ptbxl\NORM\01145.png,NORM,NORM,0.8896,1
C:\Users\taimo\OneDrive\Documents 1\work\ecg-synthetic-research\data\rendered\ptbxl\NORM\01149.png,NORM,NORM,0.9478,1
C:\Users\taimo\OneDrive\Documents 1\work\ecg-synthetic-research\data\rendered\ptbxl\NORM\01172.png,NORM,NORM,0.6113,1
C:\Users\taimo\OneDrive\Documents 1\work\ecg-synthetic-research\data\rendered\ptbxl\NORM\01289.png,NORM,NORM,0.973,1
C:\Users\taimo\OneDrive\Documents 1\work\ecg-synthetic-research\data\rendered\ptbxl\NORM\01300.png,NORM,NORM,0.723,1
C:\Users\taimo\OneDrive\Documents 1\work\ecg-synthetic-research\data\rendered\ptbxl\NORM\01406.png,NORM,NORM,0.939,1
C:\Users\taimo\OneDrive\Documents 1\work\ecg-synthetic-research\data\rendered\ptbxl\NORM\01423.png,NORM,NORM,0.9023,1
C:\Users\taimo\OneDrive\Documents 1\work\ecg-synthetic-research\data\rendered\ptbxl\NORM\01517.png,NORM,NORM,0.8296,1
C:\Users\taimo\OneDrive\Documents 1\work\ecg-synthetic-research\data\rendered\ptbxl\NORM\01567.png,NORM,NORM,0.9062,1
C:\Users\taimo\OneDrive\Documents 1\work\ecg-synthetic-research\data\rendered\ptbxl\NORM\01677.png,NORM,NORM,0.931,1
C:\Users\taimo\OneDrive\Documents 1\work\ecg-synthetic-research\data\rendered\ptbxl\NORM\01959.png,NORM,NORM,0.6904,1
C:\Users\taimo\OneDrive\Documents 1\work\ecg-synthetic-research\data\rendered\ptbxl\NORM\01988.png,NORM,NORM,0.7954,1
C:\Users\taimo\OneDrive\Documents 1\work\ecg-synthetic-research\data\rendered\ptbxl\NORM\01993.png,NORM,NORM,0.928,1
C:\Users\taimo\OneDrive\Documents 1\work\ecg-synthetic-research\data\rendered\ptbxl\NORM\02021.png,NORM,NORM,0.8516,1
C:\Users\taimo\OneDrive\Documents 1\work\ecg-synthetic-research\data\rendered\ptbxl\NORM\02025.png,NORM,NORM,0.5146,1
C:\Users\taimo\OneDrive\Documents 1\work\ecg-synthetic-research\data\rendered\ptbxl\NORM\02085.png,NORM,NORM,0.958,1
C:\Users\taimo\OneDrive\Documents 1\work\ecg-synthetic-research\data\rendered\ptbxl\NORM\02133.png,NORM,NORM,0.885,1
C:\Users\taimo\OneDrive\Documents 1\work\ecg-synthetic-research\data\rendered\ptbxl\NORM\02141.png,NORM,NORM,0.949,1
C:\Users\taimo\OneDrive\Documents 1\work\ecg-synthetic-research\data\rendered\ptbxl\NORM\02249.png,NORM,NORM,0.9346,1
C:\Users\taimo\OneDrive\Documents 1\work\ecg-synthetic-research\data\rendered\ptbxl\NORM\02356.png,NORM,NORM,0.5273,1
C:\Users\taimo\OneDrive\Documents 1\work\ecg-synthetic-research\data\rendered\ptbxl\NORM\02383.png,NORM,NORM,0.956,1
C:\Users\taimo\OneDrive\Documents 1\work\ecg-synthetic-research\data\rendered\ptbxl\NORM\02435.png,NORM,NORM,0.8057,1
C:\Users\taimo\OneDrive\Documents 1\work\ecg-synthetic-research\data\rendered\ptbxl\NORM\02559.png,NORM,NORM,0.964,1
C:\Users\taimo\OneDrive\Documents 1\work\ecg-synthetic-research\data\rendered\ptbxl\NORM\02570.png,NORM,NORM,0.6934,1
C:\Users\taimo\OneDrive\Documents 1\work\ecg-synthetic-research\data\rendered\ptbxl\NORM\02661.png,NORM,NORM,0.8,1
C:\Users\taimo\OneDrive\Documents 1\work\ecg-synthetic-research\data\rendered\ptbxl\NORM\02670.png,NORM,NORM,0.8604,1
C:\Users\taimo\OneDrive\Documents 1\work\ecg-synthetic-research\data\rendered\ptbxl\NORM\02723.png,NORM,NORM,0.97,1
C:\Users\taimo\OneDrive\Documents 1\work\ecg-synthetic-research\data\rendered\ptbxl\NORM\02764.png,NORM,NORM,0.933,1
C:\Users\taimo\OneDrive\Documents 1\work\ecg-synthetic-research\data\rendered\ptbxl\NORM\02765.png,NORM,NORM,0.8325,1
C:\Users\taimo\OneDrive\Documents 1\work\ecg-synthetic-research\data\rendered\ptbxl\NORM\02768.png,NORM,NORM,0.929,1
C:\Users\taimo\OneDrive\Documents 1\work\ecg-synthetic-research\data\rendered\ptbxl\NORM\02826.png,NORM,NORM,0.7065,1
C:\Users\taimo\OneDrive\Documents 1\work\ecg-synthetic-research\data\rendered\ptbxl\NORM\02834.png,NORM,NORM,0.946,1
C:\Users\taimo\OneDrive\Documents 1\work\ecg-synthetic-research\data\rendered\ptbxl\NORM\02892.png,NORM,NORM,0.963,1
C:\Users\taimo\OneDrive\Documents 1\work\ecg-synthetic-research\data\rendered\ptbxl\NORM\02912.png,NORM,NORM,0.964,1
C:\Users\taimo\OneDrive\Documents 1\work\ecg-synthetic-research\data\rendered\ptbxl\NORM\02945.png,NORM,NORM,0.932,1
C:\Users\taimo\OneDrive\Documents 1\work\ecg-synthetic-research\data\rendered\ptbxl\NORM\02950.png,NORM,NORM,0.869,1
C:\Users\taimo\OneDrive\Documents 1\work\ecg-synthetic-research\data\rendered\ptbxl\NORM\03005.png,NORM,NORM,0.9526,1
C:\Users\taimo\OneDrive\Documents 1\work\ecg-synthetic-research\data\rendered\ptbxl\NORM\03027.png,NORM,NORM,0.9736,1
C:\Users\taimo\OneDrive\Documents 1\work\ecg-synthetic-research\data\rendered\ptbxl\NORM\03053.png,NORM,NORM,0.885,1
C:\Users\taimo\OneDrive\Documents 1\work\ecg-synthetic-research\data\rendered\ptbxl\NORM\03067.png,NORM,NORM,0.905,1
C:\Users\taimo\OneDrive\Documents 1\work\ecg-synthetic-research\data\rendered\ptbxl\NORM\03098.png,NORM,NORM,0.8833,1
C:\Users\taimo\OneDrive\Documents 1\work\ecg-synthetic-research\data\rendered\ptbxl\NORM\03121.png,NORM,NORM,0.889,1
C:\Users\taimo\OneDrive\Documents 1\work\ecg-synthetic-research\data\rendered\ptbxl\NORM\03128.png,NORM,NORM,0.8027,1
C:\Users\taimo\OneDrive\Documents 1\work\ecg-synthetic-research\data\rendered\ptbxl\NORM\03190.png,NORM,NORM,0.9546,1
C:\Users\taimo\OneDrive\Documents 1\work\ecg-synthetic-research\data\rendered\ptbxl\NORM\03253.png,NORM,NORM,0.687,1
C:\Users\taimo\OneDrive\Documents 1\work\ecg-synthetic-research\data\rendered\ptbxl\NORM\03261.png,NORM,NORM,0.9385,1
C:\Users\taimo\OneDrive\Documents 1\work\ecg-synthetic-research\data\rendered\ptbxl\NORM\03367.png,NORM,NORM,0.928,1
C:\Users\taimo\OneDrive\Documents 1\work\ecg-synthetic-research\data\rendered\ptbxl\NORM\03408.png,NORM,NORM,0.493,1
C:\Users\taimo\OneDrive\Documents 1\work\ecg-synthetic-research\data\rendered\ptbxl\NORM\03413.png,NORM,NORM,0.8193,1
C:\Users\taimo\OneDrive\Documents 1\work\ecg-synthetic-research\data\rendered\ptbxl\NORM\03414.png,NORM,NORM,0.905,1
C:\Users\taimo\OneDrive\Documents 1\work\ecg-synthetic-research\data\rendered\ptbxl\NORM\03430.png,NORM,NORM,0.8794,1
C:\Users\taimo\OneDrive\Documents 1\work\ecg-synthetic-research\data\rendered\ptbxl\NORM\03441.png,NORM,NORM,0.6597,1
C:\Users\taimo\OneDrive\Documents 1\work\ecg-synthetic-research\data\rendered\ptbxl\NORM\03513.png,NORM,NORM,0.913,1
C:\Users\taimo\OneDrive\Documents 1\work\ecg-synthetic-research\data\rendered\ptbxl\NORM\03537.png,NORM,NORM,0.9546,1
C:\Users\taimo\OneDrive\Documents 1\work\ecg-synthetic-research\data\rendered\ptbxl\NORM\03543.png,NORM,NORM,0.9272,1
C:\Users\taimo\OneDrive\Documents 1\work\ecg-synthetic-research\data\rendered\ptbxl\NORM\03627.png,NORM,NORM,0.854,1
C:\Users\taimo\OneDrive\Documents 1\work\ecg-synthetic-research\data\rendered\ptbxl\NORM\03712.png,NORM,NORM,0.695,1
C:\Users\taimo\OneDrive\Documents 1\work\ecg-synthetic-research\data\rendered\ptbxl\NORM\03903.png,NORM,NORM,0.9316,1
C:\Users\taimo\OneDrive\Documents 1\work\ecg-synthetic-research\data\rendered\ptbxl\NORM\03981.png,NORM,NORM,0.8457,1
C:\Users\taimo\OneDrive\Documents 1\work\ecg-synthetic-research\data\rendered\ptbxl\NORM\04074.png,NORM,NORM,0.8545,1
C:\Users\taimo\OneDrive\Documents 1\work\ecg-synthetic-research\data\rendered\ptbxl\NORM\04122.png,NORM,NORM,0.9053,1
C:\Users\taimo\OneDrive\Documents 1\work\ecg-synthetic-research\data\rendered\ptbxl\NORM\04167.png,NORM,NORM,0.7656,1
C:\Users\taimo\OneDrive\Documents 1\work\ecg-synthetic-research\data\rendered\ptbxl\NORM\04204.png,NORM,NORM,0.9414,1
C:\Users\taimo\OneDrive\Documents 1\work\ecg-synthetic-research\data\rendered\ptbxl\NORM\04289.png,NORM,NORM,0.845,1
C:\Users\taimo\OneDrive\Documents 1\work\ecg-synthetic-research\data\rendered\ptbxl\NORM\04290.png,NORM,NORM,0.848,1
C:\Users\taimo\OneDrive\Documents 1\work\ecg-synthetic-research\data\rendered\ptbxl\NORM\04328.png,NORM,NORM,0.961,1
C:\Users\taimo\OneDrive\Documents 1\work\ecg-synthetic-research\data\rendered\ptbxl\NORM\04473.png,NORM,NORM,0.9604,1
C:\Users\taimo\OneDrive\Documents 1\work\ecg-synthetic-research\data\rendered\ptbxl\NORM\04481.png,NORM,NORM,0.9595,1
C:\Users\taimo\OneDrive\Documents 1\work\ecg-synthetic-research\data\rendered\ptbxl\NORM\04491.png,NORM,NORM,0.7656,1
C:\Users\taimo\OneDrive\Documents 1\work\ecg-synthetic-research\data\rendered\ptbxl\NORM\04631.png,NORM,NORM,0.9414,1
C:\Users\taimo\OneDrive\Documents 1\work\ecg-synthetic-research\data\rendered\ptbxl\NORM\04672.png,NORM,NORM,0.9146,1
C:\Users\taimo\OneDrive\Documents 1\work\ecg-synthetic-research\data\rendered\ptbxl\NORM\04715.png,NORM,NORM,0.938,1
C:\Users\taimo\OneDrive\Documents 1\work\ecg-synthetic-research\data\rendered\ptbxl\NORM\04811.png,NORM,NORM,0.6963,1
C:\Users\taimo\OneDrive\Documents 1\work\ecg-synthetic-research\data\rendered\ptbxl\NORM\04879.png,NORM,NORM,0.9126,1
C:\Users\taimo\OneDrive\Documents 1\work\ecg-synthetic-research\data\rendered\ptbxl\NORM\04914.png,NORM,NORM,0.955,1
C:\Users\taimo\OneDrive\Documents 1\work\ecg-synthetic-research\data\rendered\ptbxl\NORM\05086.png,NORM,NORM,0.936,1
C:\Users\taimo\OneDrive\Documents 1\work\ecg-synthetic-research\data\rendered\ptbxl\NORM\05151.png,NORM,NORM,0.9585,1
C:\Users\taimo\OneDrive\Documents 1\work\ecg-synthetic-research\data\rendered\ptbxl\NORM\05207.png,NORM,NORM,0.8667,1
C:\Users\taimo\OneDrive\Documents 1\work\ecg-synthetic-research\data\rendered\ptbxl\NORM\05215.png,NORM,NORM,0.932,1
C:\Users\taimo\OneDrive\Documents 1\work\ecg-synthetic-research\data\rendered\ptbxl\NORM\05220.png,NORM,NORM,0.8643,1
C:\Users\taimo\OneDrive\Documents 1\work\ecg-synthetic-research\data\rendered\ptbxl\NORM\05344.png,NORM,NORM,0.861,1
C:\Users\taimo\OneDrive\Documents 1\work\ecg-synthetic-research\data\rendered\ptbxl\NORM\05370.png,NORM,NORM,0.836,1
C:\Users\taimo\OneDrive\Documents 1\work\ecg-synthetic-research\data\rendered\ptbxl\NORM\05400.png,NORM,NORM,0.823,1
C:\Users\taimo\OneDrive\Documents 1\work\ecg-synthetic-research\data\rendered\ptbxl\NORM\05503.png,NORM,NORM,0.931,1
C:\Users\taimo\OneDrive\Documents 1\work\ecg-synthetic-research\data\rendered\ptbxl\NORM\05566.png,NORM,NORM,0.868,1
C:\Users\taimo\OneDrive\Documents 1\work\ecg-synthetic-research\data\rendered\ptbxl\NORM\05681.png,NORM,NORM,0.944,1
C:\Users\taimo\OneDrive\Documents 1\work\ecg-synthetic-research\data\rendered\ptbxl\NORM\05907.png,NORM,NORM,0.5806,1
C:\Users\taimo\OneDrive\Documents 1\work\ecg-synthetic-research\data\rendered\ptbxl\NORM\05945.png,NORM,NORM,0.899,1
C:\Users\taimo\OneDrive\Documents 1\work\ecg-synthetic-research\data\rendered\ptbxl\NORM\05968.png,NORM,NORM,0.963,1
C:\Users\taimo\OneDrive\Documents 1\work\ecg-synthetic-research\data\rendered\ptbxl\NORM\05969.png,NORM,MI,0.8926,0
C:\Users\taimo\OneDrive\Documents 1\work\ecg-synthetic-research\data\rendered\ptbxl\NORM\05981.png,NORM,NORM,0.777,1
C:\Users\taimo\OneDrive\Documents 1\work\ecg-synthetic-research\data\rendered\ptbxl\NORM\05988.png,NORM,NORM,0.958,1
C:\Users\taimo\OneDrive\Documents 1\work\ecg-synthetic-research\data\rendered\ptbxl\NORM\06004.png,NORM,NORM,0.91,1
C:\Users\taimo\OneDrive\Documents 1\work\ecg-synthetic-research\data\rendered\ptbxl\NORM\06010.png,NORM,NORM,0.962,1
C:\Users\taimo\OneDrive\Documents 1\work\ecg-synthetic-research\data\rendered\ptbxl\NORM\06035.png,NORM,NORM,0.9775,1
C:\Users\taimo\OneDrive\Documents 1\work\ecg-synthetic-research\data\rendered\ptbxl\NORM\06043.png,NORM,NORM,0.963,1
C:\Users\taimo\OneDrive\Documents 1\work\ecg-synthetic-research\data\rendered\ptbxl\NORM\06055.png,NORM,NORM,0.9434,1
C:\Users\taimo\OneDrive\Documents 1\work\ecg-synthetic-research\data\rendered\ptbxl\NORM\06079.png,NORM,NORM,0.9575,1
C:\Users\taimo\OneDrive\Documents 1\work\ecg-synthetic-research\data\rendered\ptbxl\NORM\06125.png,NORM,NORM,0.75,1
C:\Users\taimo\OneDrive\Documents 1\work\ecg-synthetic-research\data\rendered\ptbxl\NORM\06165.png,NORM,NORM,0.952,1
C:\Users\taimo\OneDrive\Documents 1\work\ecg-synthetic-research\data\rendered\ptbxl\NORM\06232.png,NORM,NORM,0.918,1
C:\Users\taimo\OneDrive\Documents 1\work\ecg-synthetic-research\data\rendered\ptbxl\NORM\06264.png,NORM,NORM,0.8755,1
C:\Users\taimo\OneDrive\Documents 1\work\ecg-synthetic-research\data\rendered\ptbxl\NORM\06277.png,NORM,NORM,0.713,1
C:\Users\taimo\OneDrive\Documents 1\work\ecg-synthetic-research\data\rendered\ptbxl\NORM\06308.png,NORM,NORM,0.6855,1
C:\Users\taimo\OneDrive\Documents 1\work\ecg-synthetic-research\data\rendered\ptbxl\NORM\06336.png,NORM,NORM,0.913,1
C:\Users\taimo\OneDrive\Documents 1\work\ecg-synthetic-research\data\rendered\ptbxl\NORM\06496.png,NORM,NORM,0.9404,1
C:\Users\taimo\OneDrive\Documents 1\work\ecg-synthetic-research\data\rendered\ptbxl\NORM\06593.png,NORM,NORM,0.896,1
C:\Users\taimo\OneDrive\Documents 1\work\ecg-synthetic-research\data\rendered\ptbxl\NORM\06597.png,NORM,NORM,0.8276,1
C:\Users\taimo\OneDrive\Documents 1\work\ecg-synthetic-research\data\rendered\ptbxl\NORM\06601.png,NORM,NORM,0.929,1
C:\Users\taimo\OneDrive\Documents 1\work\ecg-synthetic-research\data\rendered\ptbxl\NORM\06689.png,NORM,NORM,0.807,1
C:\Users\taimo\OneDrive\Documents 1\work\ecg-synthetic-research\data\rendered\ptbxl\NORM\06725.png,NORM,NORM,0.7407,1
C:\Users\taimo\OneDrive\Documents 1\work\ecg-synthetic-research\data\rendered\ptbxl\NORM\06745.png,NORM,NORM,0.961,1
C:\Users\taimo\OneDrive\Documents 1\work\ecg-synthetic-research\data\rendered\ptbxl\NORM\06934.png,NORM,NORM,0.966,1
C:\Users\taimo\OneDrive\Documents 1\work\ecg-synthetic-research\data\rendered\ptbxl\NORM\06978.png,NORM,NORM,0.879,1
C:\Users\taimo\OneDrive\Documents 1\work\ecg-synthetic-research\data\rendered\ptbxl\NORM\06998.png,NORM,NORM,0.8325,1
C:\Users\taimo\OneDrive\Documents 1\work\ecg-synthetic-research\data\rendered\ptbxl\NORM\07007.png,NORM,NORM,0.8843,1
C:\Users\taimo\OneDrive\Documents 1\work\ecg-synthetic-research\data\rendered\ptbxl\NORM\07056.png,NORM,NORM,0.908,1
C:\Users\taimo\OneDrive\Documents 1\work\ecg-synthetic-research\data\rendered\ptbxl\NORM\07096.png,NORM,NORM,0.8706,1
C:\Users\taimo\OneDrive\Documents 1\work\ecg-synthetic-research\data\rendered\ptbxl\NORM\07231.png,NORM,NORM,0.8296,1
C:\Users\taimo\OneDrive\Documents 1\work\ecg-synthetic-research\data\rendered\ptbxl\NORM\07392.png,NORM,NORM,0.945,1
C:\Users\taimo\OneDrive\Documents 1\work\ecg-synthetic-research\data\rendered\ptbxl\NORM\07397.png,NORM,NORM,0.937,1
C:\Users\taimo\OneDrive\Documents 1\work\ecg-synthetic-research\data\rendered\ptbxl\NORM\07398.png,NORM,NORM,0.813,1
C:\Users\taimo\OneDrive\Documents 1\work\ecg-synthetic-research\data\rendered\ptbxl\NORM\07578.png,NORM,MI,0.546,0
C:\Users\taimo\OneDrive\Documents 1\work\ecg-synthetic-research\data\rendered\ptbxl\NORM\07586.png,NORM,MI,0.7974,0
C:\Users\taimo\OneDrive\Documents 1\work\ecg-synthetic-research\data\rendered\ptbxl\NORM\07615.png,NORM,NORM,0.963,1
C:\Users\taimo\OneDrive\Documents 1\work\ecg-synthetic-research\data\rendered\ptbxl\NORM\07719.png,NORM,NORM,0.7227,1
C:\Users\taimo\OneDrive\Documents 1\work\ecg-synthetic-research\data\rendered\ptbxl\NORM\07883.png,NORM,NORM,0.7246,1
C:\Users\taimo\OneDrive\Documents 1\work\ecg-synthetic-research\data\rendered\ptbxl\NORM\07913.png,NORM,NORM,0.899,1
C:\Users\taimo\OneDrive\Documents 1\work\ecg-synthetic-research\data\rendered\ptbxl\NORM\07941.png,NORM,NORM,0.946,1
C:\Users\taimo\OneDrive\Documents 1\work\ecg-synthetic-research\data\rendered\ptbxl\NORM\07958.png,NORM,NORM,0.6646,1
C:\Users\taimo\OneDrive\Documents 1\work\ecg-synthetic-research\data\rendered\ptbxl\NORM\08057.png,NORM,NORM,0.9453,1
C:\Users\taimo\OneDrive\Documents 1\work\ecg-synthetic-research\data\rendered\ptbxl\NORM\08137.png,NORM,NORM,0.948,1
C:\Users\taimo\OneDrive\Documents 1\work\ecg-synthetic-research\data\rendered\ptbxl\NORM\08146.png,NORM,NORM,0.928,1
C:\Users\taimo\OneDrive\Documents 1\work\ecg-synthetic-research\data\rendered\ptbxl\NORM\08217.png,NORM,NORM,0.858,1
C:\Users\taimo\OneDrive\Documents 1\work\ecg-synthetic-research\data\rendered\ptbxl\NORM\08243.png,NORM,NORM,0.652,1
C:\Users\taimo\OneDrive\Documents 1\work\ecg-synthetic-research\data\rendered\ptbxl\NORM\08314.png,NORM,NORM,0.718,1
C:\Users\taimo\OneDrive\Documents 1\work\ecg-synthetic-research\data\rendered\ptbxl\NORM\08402.png,NORM,NORM,0.9595,1
C:\Users\taimo\OneDrive\Documents 1\work\ecg-synthetic-research\data\rendered\ptbxl\NORM\08510.png,NORM,NORM,0.9067,1
C:\Users\taimo\OneDrive\Documents 1\work\ecg-synthetic-research\data\rendered\ptbxl\NORM\08560.png,NORM,NORM,0.948,1
C:\Users\taimo\OneDrive\Documents 1\work\ecg-synthetic-research\data\rendered\ptbxl\NORM\08589.png,NORM,NORM,0.4954,1
C:\Users\taimo\OneDrive\Documents 1\work\ecg-synthetic-research\data\rendered\ptbxl\NORM\08633.png,NORM,NORM,0.636,1
C:\Users\taimo\OneDrive\Documents 1\work\ecg-synthetic-research\data\rendered\ptbxl\NORM\08645.png,NORM,NORM,0.8745,1
C:\Users\taimo\OneDrive\Documents 1\work\ecg-synthetic-research\data\rendered\ptbxl\NORM\08713.png,NORM,NORM,0.803,1
C:\Users\taimo\OneDrive\Documents 1\work\ecg-synthetic-research\data\rendered\ptbxl\NORM\08724.png,NORM,NORM,0.8174,1
C:\Users\taimo\OneDrive\Documents 1\work\ecg-synthetic-research\data\rendered\ptbxl\NORM\08852.png,NORM,NORM,0.8296,1
C:\Users\taimo\OneDrive\Documents 1\work\ecg-synthetic-research\data\rendered\ptbxl\NORM\08854.png,NORM,AFIB,0.561,0
C:\Users\taimo\OneDrive\Documents 1\work\ecg-synthetic-research\data\rendered\ptbxl\NORM\08926.png,NORM,NORM,0.9277,1
C:\Users\taimo\OneDrive\Documents 1\work\ecg-synthetic-research\data\rendered\ptbxl\NORM\09069.png,NORM,NORM,0.9395,1
C:\Users\taimo\OneDrive\Documents 1\work\ecg-synthetic-research\data\rendered\ptbxl\NORM\09162.png,NORM,NORM,0.9507,1
C:\Users\taimo\OneDrive\Documents 1\work\ecg-synthetic-research\data\rendered\ptbxl\NORM\09272.png,NORM,NORM,0.861,1
C:\Users\taimo\OneDrive\Documents 1\work\ecg-synthetic-research\data\rendered\ptbxl\NORM\09367.png,NORM,NORM,0.8994,1
C:\Users\taimo\OneDrive\Documents 1\work\ecg-synthetic-research\data\rendered\ptbxl\NORM\09386.png,NORM,NORM,0.638,1
C:\Users\taimo\OneDrive\Documents 1\work\ecg-synthetic-research\data\rendered\ptbxl\NORM\09455.png,NORM,NORM,0.9233,1
C:\Users\taimo\OneDrive\Documents 1\work\ecg-synthetic-research\data\rendered\ptbxl\NORM\09468.png,NORM,NORM,0.9272,1
C:\Users\taimo\OneDrive\Documents 1\work\ecg-synthetic-research\data\rendered\ptbxl\NORM\09479.png,NORM,MI,0.6377,0
C:\Users\taimo\OneDrive\Documents 1\work\ecg-synthetic-research\data\rendered\ptbxl\NORM\09504.png,NORM,MI,0.708,0
C:\Users\taimo\OneDrive\Documents 1\work\ecg-synthetic-research\data\rendered\ptbxl\NORM\09513.png,NORM,NORM,0.756,1
C:\Users\taimo\OneDrive\Documents 1\work\ecg-synthetic-research\data\rendered\ptbxl\NORM\09547.png,NORM,NORM,0.911,1
C:\Users\taimo\OneDrive\Documents 1\work\ecg-synthetic-research\data\rendered\ptbxl\NORM\09678.png,NORM,NORM,0.796,1
C:\Users\taimo\OneDrive\Documents 1\work\ecg-synthetic-research\data\rendered\ptbxl\NORM\09688.png,NORM,NORM,0.8965,1
C:\Users\taimo\OneDrive\Documents 1\work\ecg-synthetic-research\data\rendered\ptbxl\NORM\09736.png,NORM,TACHY,0.9287,0
C:\Users\taimo\OneDrive\Documents 1\work\ecg-synthetic-research\data\rendered\ptbxl\NORM\09802.png,NORM,NORM,0.956,1
C:\Users\taimo\OneDrive\Documents 1\work\ecg-synthetic-research\data\rendered\ptbxl\NORM\09852.png,NORM,NORM,0.887,1
C:\Users\taimo\OneDrive\Documents 1\work\ecg-synthetic-research\data\rendered\ptbxl\NORM\09898.png,NORM,NORM,0.8506,1
C:\Users\taimo\OneDrive\Documents 1\work\ecg-synthetic-research\data\rendered\ptbxl\NORM\09934.png,NORM,NORM,0.8394,1
C:\Users\taimo\OneDrive\Documents 1\work\ecg-synthetic-research\data\rendered\ptbxl\NORM\09945.png,NORM,NORM,0.7803,1
C:\Users\taimo\OneDrive\Documents 1\work\ecg-synthetic-research\data\rendered\ptbxl\NORM\10008.png,NORM,NORM,0.905,1
C:\Users\taimo\OneDrive\Documents 1\work\ecg-synthetic-research\data\rendered\ptbxl\NORM\10019.png,NORM,NORM,0.9404,1
C:\Users\taimo\OneDrive\Documents 1\work\ecg-synthetic-research\data\rendered\ptbxl\NORM\10059.png,NORM,NORM,0.932,1
C:\Users\taimo\OneDrive\Documents 1\work\ecg-synthetic-research\data\rendered\ptbxl\NORM\10098.png,NORM,NORM,0.9126,1
C:\Users\taimo\OneDrive\Documents 1\work\ecg-synthetic-research\data\rendered\ptbxl\NORM\10182.png,NORM,NORM,0.966,1
C:\Users\taimo\OneDrive\Documents 1\work\ecg-synthetic-research\data\rendered\ptbxl\NORM\10278.png,NORM,NORM,0.9834,1
C:\Users\taimo\OneDrive\Documents 1\work\ecg-synthetic-research\data\rendered\ptbxl\NORM\10352.png,NORM,MI,0.5747,0
C:\Users\taimo\OneDrive\Documents 1\work\ecg-synthetic-research\data\rendered\ptbxl\NORM\10363.png,NORM,NORM,0.8457,1
C:\Users\taimo\OneDrive\Documents 1\work\ecg-synthetic-research\data\rendered\ptbxl\NORM\10382.png,NORM,NORM,0.852,1
C:\Users\taimo\OneDrive\Documents 1\work\ecg-synthetic-research\data\rendered\ptbxl\NORM\10483.png,NORM,NORM,0.837,1
C:\Users\taimo\OneDrive\Documents 1\work\ecg-synthetic-research\data\rendered\ptbxl\NORM\10582.png,NORM,NORM,0.8877,1
C:\Users\taimo\OneDrive\Documents 1\work\ecg-synthetic-research\data\rendered\ptbxl\NORM\10684.png,NORM,NORM,0.8853,1
C:\Users\taimo\OneDrive\Documents 1\work\ecg-synthetic-research\data\rendered\ptbxl\NORM\10686.png,NORM,NORM,0.823,1
C:\Users\taimo\OneDrive\Documents 1\work\ecg-synthetic-research\data\rendered\ptbxl\NORM\10804.png,NORM,NORM,0.9185,1
C:\Users\taimo\OneDrive\Documents 1\work\ecg-synthetic-research\data\rendered\ptbxl\NORM\11136.png,NORM,NORM,0.9272,1
C:\Users\taimo\OneDrive\Documents 1\work\ecg-synthetic-research\data\rendered\ptbxl\NORM\11168.png,NORM,NORM,0.89,1
C:\Users\taimo\OneDrive\Documents 1\work\ecg-synthetic-research\data\rendered\ptbxl\NORM\11331.png,NORM,NORM,0.8843,1
C:\Users\taimo\OneDrive\Documents 1\work\ecg-synthetic-research\data\rendered\ptbxl\NORM\11375.png,NORM,NORM,0.8247,1
C:\Users\taimo\OneDrive\Documents 1\work\ecg-synthetic-research\data\rendered\ptbxl\NORM\11445.png,NORM,NORM,0.789,1
C:\Users\taimo\OneDrive\Documents 1\work\ecg-synthetic-research\data\rendered\ptbxl\NORM\11459.png,NORM,NORM,0.906,1
C:\Users\taimo\OneDrive\Documents 1\work\ecg-synthetic-research\data\rendered\ptbxl\NORM\11625.png,NORM,NORM,0.9883,1
C:\Users\taimo\OneDrive\Documents 1\work\ecg-synthetic-research\data\rendered\ptbxl\NORM\11739.png,NORM,NORM,0.9624,1
C:\Users\taimo\OneDrive\Documents 1\work\ecg-synthetic-research\data\rendered\ptbxl\NORM\11742.png,NORM,NORM,0.952,1
C:\Users\taimo\OneDrive\Documents 1\work\ecg-synthetic-research\data\rendered\ptbxl\NORM\11753.png,NORM,NORM,0.941,1
C:\Users\taimo\OneDrive\Documents 1\work\ecg-synthetic-research\data\rendered\ptbxl\NORM\11791.png,NORM,NORM,0.9595,1
C:\Users\taimo\OneDrive\Documents 1\work\ecg-synthetic-research\data\rendered\ptbxl\NORM\11820.png,NORM,NORM,0.904,1
C:\Users\taimo\OneDrive\Documents 1\work\ecg-synthetic-research\data\rendered\ptbxl\NORM\11876.png,NORM,NORM,0.823,1
C:\Users\taimo\OneDrive\Documents 1\work\ecg-synthetic-research\data\rendered\ptbxl\NORM\11885.png,NORM,NORM,0.844,1
C:\Users\taimo\OneDrive\Documents 1\work\ecg-synthetic-research\data\rendered\ptbxl\NORM\12038.png,NORM,NORM,0.917,1
C:\Users\taimo\OneDrive\Documents 1\work\ecg-synthetic-research\data\rendered\ptbxl\NORM\12076.png,NORM,NORM,0.761,1
C:\Users\taimo\OneDrive\Documents 1\work\ecg-synthetic-research\data\rendered\ptbxl\NORM\12257.png,NORM,NORM,0.92,1
C:\Users\taimo\OneDrive\Documents 1\work\ecg-synthetic-research\data\rendered\ptbxl\NORM\12266.png,NORM,NORM,0.931,1
C:\Users\taimo\OneDrive\Documents 1\work\ecg-synthetic-research\data\rendered\ptbxl\NORM\12277.png,NORM,NORM,0.892,1
C:\Users\taimo\OneDrive\Documents 1\work\ecg-synthetic-research\data\rendered\ptbxl\NORM\12423.png,NORM,NORM,0.8345,1
C:\Users\taimo\OneDrive\Documents 1\work\ecg-synthetic-research\data\rendered\ptbxl\NORM\12455.png,NORM,NORM,0.82,1
C:\Users\taimo\OneDrive\Documents 1\work\ecg-synthetic-research\data\rendered\ptbxl\NORM\12543.png,NORM,NORM,0.8765,1
C:\Users\taimo\OneDrive\Documents 1\work\ecg-synthetic-research\data\rendered\ptbxl\NORM\12546.png,NORM,NORM,0.962,1
C:\Users\taimo\OneDrive\Documents 1\work\ecg-synthetic-research\data\rendered\ptbxl\NORM\12553.png,NORM,NORM,0.912,1
C:\Users\taimo\OneDrive\Documents 1\work\ecg-synthetic-research\data\rendered\ptbxl\NORM\12563.png,NORM,NORM,0.8867,1
C:\Users\taimo\OneDrive\Documents 1\work\ecg-synthetic-research\data\rendered\ptbxl\NORM\12613.png,NORM,NORM,0.9316,1
C:\Users\taimo\OneDrive\Documents 1\work\ecg-synthetic-research\data\rendered\ptbxl\NORM\12659.png,NORM,NORM,0.8867,1
C:\Users\taimo\OneDrive\Documents 1\work\ecg-synthetic-research\data\rendered\ptbxl\NORM\12705.png,NORM,NORM,0.956,1
C:\Users\taimo\OneDrive\Documents 1\work\ecg-synthetic-research\data\rendered\ptbxl\NORM\12728.png,NORM,NORM,0.824,1
C:\Users\taimo\OneDrive\Documents 1\work\ecg-synthetic-research\data\rendered\ptbxl\NORM\12885.png,NORM,NORM,0.9424,1
C:\Users\taimo\OneDrive\Documents 1\work\ecg-synthetic-research\data\rendered\ptbxl\NORM\12967.png,NORM,NORM,0.952,1
C:\Users\taimo\OneDrive\Documents 1\work\ecg-synthetic-research\data\rendered\ptbxl\NORM\13070.png,NORM,NORM,0.919,1
C:\Users\taimo\OneDrive\Documents 1\work\ecg-synthetic-research\data\rendered\ptbxl\NORM\13088.png,NORM,NORM,0.9434,1
C:\Users\taimo\OneDrive\Documents 1\work\ecg-synthetic-research\data\rendered\ptbxl\NORM\13286.png,NORM,NORM,0.8013,1
C:\Users\taimo\OneDrive\Documents 1\work\ecg-synthetic-research\data\rendered\ptbxl\NORM\13497.png,NORM,NORM,0.9307,1
C:\Users\taimo\OneDrive\Documents 1\work\ecg-synthetic-research\data\rendered\ptbxl\NORM\13589.png,NORM,NORM,0.6123,1
C:\Users\taimo\OneDrive\Documents 1\work\ecg-synthetic-research\data\rendered\ptbxl\NORM\13691.png,NORM,NORM,0.903,1
C:\Users\taimo\OneDrive\Documents 1\work\ecg-synthetic-research\data\rendered\ptbxl\NORM\13740.png,NORM,NORM,0.903,1
C:\Users\taimo\OneDrive\Documents 1\work\ecg-synthetic-research\data\rendered\ptbxl\NORM\13746.png,NORM,NORM,0.915,1
C:\Users\taimo\OneDrive\Documents 1\work\ecg-synthetic-research\data\rendered\ptbxl\NORM\13749.png,NORM,NORM,0.6694,1
C:\Users\taimo\OneDrive\Documents 1\work\ecg-synthetic-research\data\rendered\ptbxl\NORM\13806.png,NORM,NORM,0.9595,1
C:\Users\taimo\OneDrive\Documents 1\work\ecg-synthetic-research\data\rendered\ptbxl\NORM\13812.png,NORM,NORM,0.959,1
C:\Users\taimo\OneDrive\Documents 1\work\ecg-synthetic-research\data\rendered\ptbxl\NORM\13833.png,NORM,NORM,0.907,1
C:\Users\taimo\OneDrive\Documents 1\work\ecg-synthetic-research\data\rendered\ptbxl\NORM\13850.png,NORM,NORM,0.8345,1
C:\Users\taimo\OneDrive\Documents 1\work\ecg-synthetic-research\data\rendered\ptbxl\NORM\13870.png,NORM,NORM,0.95,1
C:\Users\taimo\OneDrive\Documents 1\work\ecg-synthetic-research\data\rendered\ptbxl\NORM\13876.png,NORM,NORM,0.953,1
C:\Users\taimo\OneDrive\Documents 1\work\ecg-synthetic-research\data\rendered\ptbxl\NORM\13918.png,NORM,NORM,0.953,1
C:\Users\taimo\OneDrive\Documents 1\work\ecg-synthetic-research\data\rendered\ptbxl\NORM\13970.png,NORM,NORM,0.936,1
C:\Users\taimo\OneDrive\Documents 1\work\ecg-synthetic-research\data\rendered\ptbxl\NORM\13971.png,NORM,NORM,0.966,1
C:\Users\taimo\OneDrive\Documents 1\work\ecg-synthetic-research\data\rendered\ptbxl\NORM\13981.png,NORM,NORM,0.8022,1
C:\Users\taimo\OneDrive\Documents 1\work\ecg-synthetic-research\data\rendered\ptbxl\NORM\14038.png,NORM,NORM,0.8765,1
C:\Users\taimo\OneDrive\Documents 1\work\ecg-synthetic-research\data\rendered\ptbxl\NORM\14065.png,NORM,NORM,0.9253,1
C:\Users\taimo\OneDrive\Documents 1\work\ecg-synthetic-research\data\rendered\ptbxl\NORM\14105.png,NORM,NORM,0.801,1
C:\Users\taimo\OneDrive\Documents 1\work\ecg-synthetic-research\data\rendered\ptbxl\NORM\14147.png,NORM,NORM,0.85,1
C:\Users\taimo\OneDrive\Documents 1\work\ecg-synthetic-research\data\rendered\ptbxl\NORM\14150.png,NORM,NORM,0.883,1
C:\Users\taimo\OneDrive\Documents 1\work\ecg-synthetic-research\data\rendered\ptbxl\NORM\14179.png,NORM,NORM,0.887,1
C:\Users\taimo\OneDrive\Documents 1\work\ecg-synthetic-research\data\rendered\ptbxl\NORM\14193.png,NORM,NORM,0.8057,1
C:\Users\taimo\OneDrive\Documents 1\work\ecg-synthetic-research\data\rendered\ptbxl\NORM\14205.png,NORM,NORM,0.9595,1
C:\Users\taimo\OneDrive\Documents 1\work\ecg-synthetic-research\data\rendered\ptbxl\NORM\14259.png,NORM,NORM,0.925,1
C:\Users\taimo\OneDrive\Documents 1\work\ecg-synthetic-research\data\rendered\ptbxl\NORM\14261.png,NORM,NORM,0.9487,1
C:\Users\taimo\OneDrive\Documents 1\work\ecg-synthetic-research\data\rendered\ptbxl\NORM\14276.png,NORM,NORM,0.7236,1
C:\Users\taimo\OneDrive\Documents 1\work\ecg-synthetic-research\data\rendered\ptbxl\NORM\14483.png,NORM,NORM,0.9253,1
C:\Users\taimo\OneDrive\Documents 1\work\ecg-synthetic-research\data\rendered\ptbxl\NORM\14652.png,NORM,NORM,0.961,1
C:\Users\taimo\OneDrive\Documents 1\work\ecg-synthetic-research\data\rendered\ptbxl\NORM\14668.png,NORM,NORM,0.9404,1
C:\Users\taimo\OneDrive\Documents 1\work\ecg-synthetic-research\data\rendered\ptbxl\NORM\14694.png,NORM,NORM,0.8867,1
C:\Users\taimo\OneDrive\Documents 1\work\ecg-synthetic-research\data\rendered\ptbxl\NORM\14790.png,NORM,NORM,0.9395,1
C:\Users\taimo\OneDrive\Documents 1\work\ecg-synthetic-research\data\rendered\ptbxl\NORM\14832.png,NORM,NORM,0.898,1
C:\Users\taimo\OneDrive\Documents 1\work\ecg-synthetic-research\data\rendered\ptbxl\NORM\14892.png,NORM,NORM,0.888,1
C:\Users\taimo\OneDrive\Documents 1\work\ecg-synthetic-research\data\rendered\ptbxl\NORM\14940.png,NORM,MI,0.565,0
C:\Users\taimo\OneDrive\Documents 1\work\ecg-synthetic-research\data\rendered\ptbxl\NORM\15008.png,NORM,NORM,0.9727,1
C:\Users\taimo\OneDrive\Documents 1\work\ecg-synthetic-research\data\rendered\ptbxl\NORM\15035.png,NORM,MI,0.528,0
C:\Users\taimo\OneDrive\Documents 1\work\ecg-synthetic-research\data\rendered\ptbxl\NORM\15056.png,NORM,NORM,0.971,1
C:\Users\taimo\OneDrive\Documents 1\work\ecg-synthetic-research\data\rendered\ptbxl\NORM\15105.png,NORM,NORM,0.8955,1
C:\Users\taimo\OneDrive\Documents 1\work\ecg-synthetic-research\data\rendered\ptbxl\NORM\15117.png,NORM,NORM,0.9326,1
C:\Users\taimo\OneDrive\Documents 1\work\ecg-synthetic-research\data\rendered\ptbxl\NORM\15216.png,NORM,NORM,0.874,1
C:\Users\taimo\OneDrive\Documents 1\work\ecg-synthetic-research\data\rendered\ptbxl\NORM\15223.png,NORM,NORM,0.8623,1
C:\Users\taimo\OneDrive\Documents 1\work\ecg-synthetic-research\data\rendered\ptbxl\NORM\15292.png,NORM,NORM,0.9644,1
C:\Users\taimo\OneDrive\Documents 1\work\ecg-synthetic-research\data\rendered\ptbxl\NORM\15320.png,NORM,MI,0.5176,0
C:\Users\taimo\OneDrive\Documents 1\work\ecg-synthetic-research\data\rendered\ptbxl\NORM\15406.png,NORM,NORM,0.899,1
C:\Users\taimo\OneDrive\Documents 1\work\ecg-synthetic-research\data\rendered\ptbxl\NORM\15543.png,NORM,NORM,0.7603,1
C:\Users\taimo\OneDrive\Documents 1\work\ecg-synthetic-research\data\rendered\ptbxl\NORM\15606.png,NORM,NORM,0.9316,1
C:\Users\taimo\OneDrive\Documents 1\work\ecg-synthetic-research\data\rendered\ptbxl\NORM\15717.png,NORM,NORM,0.958,1
C:\Users\taimo\OneDrive\Documents 1\work\ecg-synthetic-research\data\rendered\ptbxl\NORM\15743.png,NORM,NORM,0.8516,1
C:\Users\taimo\OneDrive\Documents 1\work\ecg-synthetic-research\data\rendered\ptbxl\NORM\15758.png,NORM,NORM,0.902,1
C:\Users\taimo\OneDrive\Documents 1\work\ecg-synthetic-research\data\rendered\ptbxl\NORM\15813.png,NORM,NORM,0.8394,1
C:\Users\taimo\OneDrive\Documents 1\work\ecg-synthetic-research\data\rendered\ptbxl\NORM\15842.png,NORM,NORM,0.956,1
C:\Users\taimo\OneDrive\Documents 1\work\ecg-synthetic-research\data\rendered\ptbxl\NORM\15914.png,NORM,NORM,0.9443,1
C:\Users\taimo\OneDrive\Documents 1\work\ecg-synthetic-research\data\rendered\ptbxl\NORM\15930.png,NORM,NORM,0.909,1
C:\Users\taimo\OneDrive\Documents 1\work\ecg-synthetic-research\data\rendered\ptbxl\NORM\16005.png,NORM,NORM,0.849,1
C:\Users\taimo\OneDrive\Documents 1\work\ecg-synthetic-research\data\rendered\ptbxl\NORM\16013.png,NORM,NORM,0.835,1
C:\Users\taimo\OneDrive\Documents 1\work\ecg-synthetic-research\data\rendered\ptbxl\NORM\16112.png,NORM,NORM,0.9434,1
C:\Users\taimo\OneDrive\Documents 1\work\ecg-synthetic-research\data\rendered\ptbxl\NORM\16156.png,NORM,NORM,0.926,1
C:\Users\taimo\OneDrive\Documents 1\work\ecg-synthetic-research\data\rendered\ptbxl\NORM\16217.png,NORM,NORM,0.772,1
C:\Users\taimo\OneDrive\Documents 1\work\ecg-synthetic-research\data\rendered\ptbxl\NORM\16253.png,NORM,NORM,0.857,1
C:\Users\taimo\OneDrive\Documents 1\work\ecg-synthetic-research\data\rendered\ptbxl\NORM\16363.png,NORM,NORM,0.956,1
C:\Users\taimo\OneDrive\Documents 1\work\ecg-synthetic-research\data\rendered\ptbxl\NORM\16370.png,NORM,NORM,0.8345,1
C:\Users\taimo\OneDrive\Documents 1\work\ecg-synthetic-research\data\rendered\ptbxl\NORM\16466.png,NORM,NORM,0.854,1
C:\Users\taimo\OneDrive\Documents 1\work\ecg-synthetic-research\data\rendered\ptbxl\NORM\16468.png,NORM,NORM,0.638,1
C:\Users\taimo\OneDrive\Documents 1\work\ecg-synthetic-research\data\rendered\ptbxl\NORM\16528.png,NORM,NORM,0.504,1
C:\Users\taimo\OneDrive\Documents 1\work\ecg-synthetic-research\data\rendered\ptbxl\NORM\16576.png,NORM,NORM,0.78,1
C:\Users\taimo\OneDrive\Documents 1\work\ecg-synthetic-research\data\rendered\ptbxl\NORM\16597.png,NORM,NORM,0.902,1
C:\Users\taimo\OneDrive\Documents 1\work\ecg-synthetic-research\data\rendered\ptbxl\NORM\16734.png,NORM,NORM,0.519,1
C:\Users\taimo\OneDrive\Documents 1\work\ecg-synthetic-research\data\rendered\ptbxl\NORM\16752.png,NORM,NORM,0.839,1
C:\Users\taimo\OneDrive\Documents 1\work\ecg-synthetic-research\data\rendered\ptbxl\NORM\16836.png,NORM,NORM,0.9688,1
C:\Users\taimo\OneDrive\Documents 1\work\ecg-synthetic-research\data\rendered\ptbxl\NORM\16953.png,NORM,NORM,0.8833,1
C:\Users\taimo\OneDrive\Documents 1\work\ecg-synthetic-research\data\rendered\ptbxl\NORM\16961.png,NORM,NORM,0.931,1
C:\Users\taimo\OneDrive\Documents 1\work\ecg-synthetic-research\data\rendered\ptbxl\NORM\17022.png,NORM,NORM,0.836,1
C:\Users\taimo\OneDrive\Documents 1\work\ecg-synthetic-research\data\rendered\ptbxl\NORM\17063.png,NORM,NORM,0.946,1
C:\Users\taimo\OneDrive\Documents 1\work\ecg-synthetic-research\data\rendered\ptbxl\NORM\17101.png,NORM,NORM,0.9414,1
C:\Users\taimo\OneDrive\Documents 1\work\ecg-synthetic-research\data\rendered\ptbxl\NORM\17147.png,NORM,NORM,0.962,1
C:\Users\taimo\OneDrive\Documents 1\work\ecg-synthetic-research\data\rendered\ptbxl\NORM\17200.png,NORM,NORM,0.8613,1
C:\Users\taimo\OneDrive\Documents 1\work\ecg-synthetic-research\data\rendered\ptbxl\NORM\17352.png,NORM,NORM,0.6406,1
C:\Users\taimo\OneDrive\Documents 1\work\ecg-synthetic-research\data\rendered\ptbxl\NORM\17609.png,NORM,NORM,0.9453,1
C:\Users\taimo\OneDrive\Documents 1\work\ecg-synthetic-research\data\rendered\ptbxl\NORM\17659.png,NORM,NORM,0.954,1
C:\Users\taimo\OneDrive\Documents 1\work\ecg-synthetic-research\data\rendered\ptbxl\NORM\17752.png,NORM,NORM,0.976,1
C:\Users\taimo\OneDrive\Documents 1\work\ecg-synthetic-research\data\rendered\ptbxl\NORM\17776.png,NORM,NORM,0.821,1
C:\Users\taimo\OneDrive\Documents 1\work\ecg-synthetic-research\data\rendered\ptbxl\NORM\17814.png,NORM,NORM,0.891,1
C:\Users\taimo\OneDrive\Documents 1\work\ecg-synthetic-research\data\rendered\ptbxl\NORM\17962.png,NORM,NORM,0.4873,1
C:\Users\taimo\OneDrive\Documents 1\work\ecg-synthetic-research\data\rendered\ptbxl\NORM\18084.png,NORM,NORM,0.8726,1
C:\Users\taimo\OneDrive\Documents 1\work\ecg-synthetic-research\data\rendered\ptbxl\NORM\18085.png,NORM,NORM,0.7607,1
C:\Users\taimo\OneDrive\Documents 1\work\ecg-synthetic-research\data\rendered\ptbxl\NORM\18098.png,NORM,NORM,0.9736,1
C:\Users\taimo\OneDrive\Documents 1\work\ecg-synthetic-research\data\rendered\ptbxl\NORM\18128.png,NORM,NORM,0.9785,1
C:\Users\taimo\OneDrive\Documents 1\work\ecg-synthetic-research\data\rendered\ptbxl\NORM\18129.png,NORM,NORM,0.9473,1
C:\Users\taimo\OneDrive\Documents 1\work\ecg-synthetic-research\data\rendered\ptbxl\NORM\18135.png,NORM,NORM,0.8564,1
C:\Users\taimo\OneDrive\Documents 1\work\ecg-synthetic-research\data\rendered\ptbxl\NORM\18167.png,NORM,NORM,0.8237,1
C:\Users\taimo\OneDrive\Documents 1\work\ecg-synthetic-research\data\rendered\ptbxl\NORM\18204.png,NORM,NORM,0.636,1
C:\Users\taimo\OneDrive\Documents 1\work\ecg-synthetic-research\data\rendered\ptbxl\NORM\18229.png,NORM,NORM,0.9443,1
C:\Users\taimo\OneDrive\Documents 1\work\ecg-synthetic-research\data\rendered\ptbxl\NORM\18288.png,NORM,NORM,0.644,1
C:\Users\taimo\OneDrive\Documents 1\work\ecg-synthetic-research\data\rendered\ptbxl\NORM\18385.png,NORM,NORM,0.94,1
C:\Users\taimo\OneDrive\Documents 1\work\ecg-synthetic-research\data\rendered\ptbxl\NORM\18515.png,NORM,NORM,0.949,1
C:\Users\taimo\OneDrive\Documents 1\work\ecg-synthetic-research\data\rendered\ptbxl\NORM\18556.png,NORM,NORM,0.95,1
C:\Users\taimo\OneDrive\Documents 1\work\ecg-synthetic-research\data\rendered\ptbxl\NORM\18634.png,NORM,MI,0.512,0
C:\Users\taimo\OneDrive\Documents 1\work\ecg-synthetic-research\data\rendered\ptbxl\NORM\18667.png,NORM,NORM,0.94,1
C:\Users\taimo\OneDrive\Documents 1\work\ecg-synthetic-research\data\rendered\ptbxl\NORM\18761.png,NORM,NORM,0.803,1
C:\Users\taimo\OneDrive\Documents 1\work\ecg-synthetic-research\data\rendered\ptbxl\NORM\19077.png,NORM,NORM,0.918,1
C:\Users\taimo\OneDrive\Documents 1\work\ecg-synthetic-research\data\rendered\ptbxl\NORM\19132.png,NORM,NORM,0.8647,1
C:\Users\taimo\OneDrive\Documents 1\work\ecg-synthetic-research\data\rendered\ptbxl\NORM\19188.png,NORM,NORM,0.9844,1
C:\Users\taimo\OneDrive\Documents 1\work\ecg-synthetic-research\data\rendered\ptbxl\NORM\19189.png,NORM,NORM,0.804,1
C:\Users\taimo\OneDrive\Documents 1\work\ecg-synthetic-research\data\rendered\ptbxl\NORM\19195.png,NORM,NORM,0.7095,1
C:\Users\taimo\OneDrive\Documents 1\work\ecg-synthetic-research\data\rendered\ptbxl\NORM\19257.png,NORM,NORM,0.9004,1
C:\Users\taimo\OneDrive\Documents 1\work\ecg-synthetic-research\data\rendered\ptbxl\NORM\19283.png,NORM,NORM,0.732,1
C:\Users\taimo\OneDrive\Documents 1\work\ecg-synthetic-research\data\rendered\ptbxl\NORM\19333.png,NORM,NORM,0.505,1
C:\Users\taimo\OneDrive\Documents 1\work\ecg-synthetic-research\data\rendered\ptbxl\NORM\19361.png,NORM,NORM,0.922,1
C:\Users\taimo\OneDrive\Documents 1\work\ecg-synthetic-research\data\rendered\ptbxl\NORM\19532.png,NORM,NORM,0.874,1
C:\Users\taimo\OneDrive\Documents 1\work\ecg-synthetic-research\data\rendered\ptbxl\NORM\19624.png,NORM,NORM,0.936,1
C:\Users\taimo\OneDrive\Documents 1\work\ecg-synthetic-research\data\rendered\ptbxl\NORM\19696.png,NORM,NORM,0.952,1
C:\Users\taimo\OneDrive\Documents 1\work\ecg-synthetic-research\data\rendered\ptbxl\NORM\19792.png,NORM,NORM,0.9478,1
C:\Users\taimo\OneDrive\Documents 1\work\ecg-synthetic-research\data\rendered\ptbxl\NORM\19919.png,NORM,NORM,0.942,1
C:\Users\taimo\OneDrive\Documents 1\work\ecg-synthetic-research\data\rendered\ptbxl\NORM\19942.png,NORM,NORM,0.6084,1
C:\Users\taimo\OneDrive\Documents 1\work\ecg-synthetic-research\data\rendered\ptbxl\NORM\20034.png,NORM,NORM,0.8496,1
C:\Users\taimo\OneDrive\Documents 1\work\ecg-synthetic-research\data\rendered\ptbxl\NORM\20115.png,NORM,NORM,0.8877,1
C:\Users\taimo\OneDrive\Documents 1\work\ecg-synthetic-research\data\rendered\ptbxl\NORM\20133.png,NORM,NORM,0.8706,1
C:\Users\taimo\OneDrive\Documents 1\work\ecg-synthetic-research\data\rendered\ptbxl\NORM\20198.png,NORM,NORM,0.943,1
C:\Users\taimo\OneDrive\Documents 1\work\ecg-synthetic-research\data\rendered\ptbxl\NORM\20292.png,NORM,NORM,0.6846,1
C:\Users\taimo\OneDrive\Documents 1\work\ecg-synthetic-research\data\rendered\ptbxl\NORM\20541.png,NORM,NORM,0.7944,1
C:\Users\taimo\OneDrive\Documents 1\work\ecg-synthetic-research\data\rendered\ptbxl\NORM\20574.png,NORM,NORM,0.8926,1
C:\Users\taimo\OneDrive\Documents 1\work\ecg-synthetic-research\data\rendered\ptbxl\NORM\20657.png,NORM,NORM,0.865,1
C:\Users\taimo\OneDrive\Documents 1\work\ecg-synthetic-research\data\rendered\ptbxl\NORM\20692.png,NORM,NORM,0.9546,1
C:\Users\taimo\OneDrive\Documents 1\work\ecg-synthetic-research\data\rendered\ptbxl\NORM\20702.png,NORM,NORM,0.8413,1
C:\Users\taimo\OneDrive\Documents 1\work\ecg-synthetic-research\data\rendered\ptbxl\NORM\20714.png,NORM,NORM,0.8086,1
C:\Users\taimo\OneDrive\Documents 1\work\ecg-synthetic-research\data\rendered\ptbxl\NORM\20774.png,NORM,NORM,0.931,1
C:\Users\taimo\OneDrive\Documents 1\work\ecg-synthetic-research\data\rendered\ptbxl\NORM\20810.png,NORM,NORM,0.978,1
C:\Users\taimo\OneDrive\Documents 1\work\ecg-synthetic-research\data\rendered\ptbxl\NORM\20929.png,NORM,NORM,0.712,1
C:\Users\taimo\OneDrive\Documents 1\work\ecg-synthetic-research\data\rendered\ptbxl\NORM\21126.png,NORM,NORM,0.8926,1
C:\Users\taimo\OneDrive\Documents 1\work\ecg-synthetic-research\data\rendered\ptbxl\NORM\21308.png,NORM,NORM,0.8545,1
C:\Users\taimo\OneDrive\Documents 1\work\ecg-synthetic-research\data\rendered\ptbxl\NORM\21311.png,NORM,NORM,0.922,1
C:\Users\taimo\OneDrive\Documents 1\work\ecg-synthetic-research\data\rendered\ptbxl\NORM\21492.png,NORM,NORM,0.8496,1
C:\Users\taimo\OneDrive\Documents 1\work\ecg-synthetic-research\data\rendered\ptbxl\NORM\21617.png,NORM,NORM,0.842,1
C:\Users\taimo\OneDrive\Documents 1\work\ecg-synthetic-research\data\rendered\ptbxl\NORM\21783.png,NORM,NORM,0.86,1
C:\Users\taimo\OneDrive\Documents 1\work\ecg-synthetic-research\data\rendered\ptbxl\NORM\21836.png,NORM,NORM,0.52,1
C:\Users\taimo\OneDrive\Documents 1\work\ecg-synthetic-research\data\rendered\ptbxl\MI\00257.png,MI,MI,0.8545,1
C:\Users\taimo\OneDrive\Documents 1\work\ecg-synthetic-research\data\rendered\ptbxl\MI\00271.png,MI,MI,0.9863,1
C:\Users\taimo\OneDrive\Documents 1\work\ecg-synthetic-research\data\rendered\ptbxl\MI\00274.png,MI,MI,0.988,1
C:\Users\taimo\OneDrive\Documents 1\work\ecg-synthetic-research\data\rendered\ptbxl\MI\00418.png,MI,MI,0.6123,1
C:\Users\taimo\OneDrive\Documents 1\work\ecg-synthetic-research\data\rendered\ptbxl\MI\00477.png,MI,MI,0.7085,1
C:\Users\taimo\OneDrive\Documents 1\work\ecg-synthetic-research\data\rendered\ptbxl\MI\00577.png,MI,MI,0.9316,1
C:\Users\taimo\OneDrive\Documents 1\work\ecg-synthetic-research\data\rendered\ptbxl\MI\00623.png,MI,MI,0.9326,1
C:\Users\taimo\OneDrive\Documents 1\work\ecg-synthetic-research\data\rendered\ptbxl\MI\00704.png,MI,MI,0.9834,1
C:\Users\taimo\OneDrive\Documents 1\work\ecg-synthetic-research\data\rendered\ptbxl\MI\00810.png,MI,NORM,0.5005,0
C:\Users\taimo\OneDrive\Documents 1\work\ecg-synthetic-research\data\rendered\ptbxl\MI\00826.png,MI,MI,0.9937,1
C:\Users\taimo\OneDrive\Documents 1\work\ecg-synthetic-research\data\rendered\ptbxl\MI\00853.png,MI,MI,0.9956,1
C:\Users\taimo\OneDrive\Documents 1\work\ecg-synthetic-research\data\rendered\ptbxl\MI\00997.png,MI,MI,0.636,1
C:\Users\taimo\OneDrive\Documents 1\work\ecg-synthetic-research\data\rendered\ptbxl\MI\01014.png,MI,AFIB,0.61,0
C:\Users\taimo\OneDrive\Documents 1\work\ecg-synthetic-research\data\rendered\ptbxl\MI\01155.png,MI,MI,0.9917,1
C:\Users\taimo\OneDrive\Documents 1\work\ecg-synthetic-research\data\rendered\ptbxl\MI\01320.png,MI,MI,0.9893,1
C:\Users\taimo\OneDrive\Documents 1\work\ecg-synthetic-research\data\rendered\ptbxl\MI\01324.png,MI,MI,0.9233,1
C:\Users\taimo\OneDrive\Documents 1\work\ecg-synthetic-research\data\rendered\ptbxl\MI\01366.png,MI,MI,0.727,1
C:\Users\taimo\OneDrive\Documents 1\work\ecg-synthetic-research\data\rendered\ptbxl\MI\01387.png,MI,MI,0.9727,1
C:\Users\taimo\OneDrive\Documents 1\work\ecg-synthetic-research\data\rendered\ptbxl\MI\01474.png,MI,MI,0.9087,1
C:\Users\taimo\OneDrive\Documents 1\work\ecg-synthetic-research\data\rendered\ptbxl\MI\01541.png,MI,MI,0.6777,1
C:\Users\taimo\OneDrive\Documents 1\work\ecg-synthetic-research\data\rendered\ptbxl\MI\01547.png,MI,MI,0.83,1
C:\Users\taimo\OneDrive\Documents 1\work\ecg-synthetic-research\data\rendered\ptbxl\MI\01558.png,MI,MI,0.9775,1
C:\Users\taimo\OneDrive\Documents 1\work\ecg-synthetic-research\data\rendered\ptbxl\MI\01682.png,MI,MI,0.554,1
C:\Users\taimo\OneDrive\Documents 1\work\ecg-synthetic-research\data\rendered\ptbxl\MI\01687.png,MI,MI,0.8315,1
C:\Users\taimo\OneDrive\Documents 1\work\ecg-synthetic-research\data\rendered\ptbxl\MI\01739.png,MI,MI,0.6826,1
C:\Users\taimo\OneDrive\Documents 1\work\ecg-synthetic-research\data\rendered\ptbxl\MI\01769.png,MI,MI,0.588,1
C:\Users\taimo\OneDrive\Documents 1\work\ecg-synthetic-research\data\rendered\ptbxl\MI\01781.png,MI,NORM,0.5884,0
C:\Users\taimo\OneDrive\Documents 1\work\ecg-synthetic-research\data\rendered\ptbxl\MI\02054.png,MI,TACHY,0.5796,0
C:\Users\taimo\OneDrive\Documents 1\work\ecg-synthetic-research\data\rendered\ptbxl\MI\02062.png,MI,MI,0.861,1
C:\Users\taimo\OneDrive\Documents 1\work\ecg-synthetic-research\data\rendered\ptbxl\MI\02118.png,MI,MI,0.951,1
C:\Users\taimo\OneDrive\Documents 1\work\ecg-synthetic-research\data\rendered\ptbxl\MI\02220.png,MI,TACHY,0.8315,0
C:\Users\taimo\OneDrive\Documents 1\work\ecg-synthetic-research\data\rendered\ptbxl\MI\02288.png,MI,MI,0.5547,1
C:\Users\taimo\OneDrive\Documents 1\work\ecg-synthetic-research\data\rendered\ptbxl\MI\02397.png,MI,NORM,0.8726,0
C:\Users\taimo\OneDrive\Documents 1\work\ecg-synthetic-research\data\rendered\ptbxl\MI\02468.png,MI,MI,0.9478,1
C:\Users\taimo\OneDrive\Documents 1\work\ecg-synthetic-research\data\rendered\ptbxl\MI\02495.png,MI,NORM,0.6465,0
C:\Users\taimo\OneDrive\Documents 1\work\ecg-synthetic-research\data\rendered\ptbxl\MI\02555.png,MI,MI,0.9883,1
C:\Users\taimo\OneDrive\Documents 1\work\ecg-synthetic-research\data\rendered\ptbxl\MI\02600.png,MI,MI,0.9478,1
C:\Users\taimo\OneDrive\Documents 1\work\ecg-synthetic-research\data\rendered\ptbxl\MI\02627.png,MI,NORM,0.6084,0
C:\Users\taimo\OneDrive\Documents 1\work\ecg-synthetic-research\data\rendered\ptbxl\MI\02719.png,MI,MI,0.7695,1
C:\Users\taimo\OneDrive\Documents 1\work\ecg-synthetic-research\data\rendered\ptbxl\MI\02750.png,MI,MI,0.889,1
C:\Users\taimo\OneDrive\Documents 1\work\ecg-synthetic-research\data\rendered\ptbxl\MI\02788.png,MI,MI,0.4946,1
C:\Users\taimo\OneDrive\Documents 1\work\ecg-synthetic-research\data\rendered\ptbxl\MI\02840.png,MI,MI,0.8076,1
C:\Users\taimo\OneDrive\Documents 1\work\ecg-synthetic-research\data\rendered\ptbxl\MI\02843.png,MI,MI,0.8804,1
C:\Users\taimo\OneDrive\Documents 1\work\ecg-synthetic-research\data\rendered\ptbxl\MI\02882.png,MI,NORM,0.6577,0
C:\Users\taimo\OneDrive\Documents 1\work\ecg-synthetic-research\data\rendered\ptbxl\MI\02985.png,MI,MI,0.947,1
C:\Users\taimo\OneDrive\Documents 1\work\ecg-synthetic-research\data\rendered\ptbxl\MI\03057.png,MI,NORM,0.7783,0
C:\Users\taimo\OneDrive\Documents 1\work\ecg-synthetic-research\data\rendered\ptbxl\MI\03076.png,MI,MI,0.9824,1
C:\Users\taimo\OneDrive\Documents 1\work\ecg-synthetic-research\data\rendered\ptbxl\MI\03266.png,MI,MI,0.768,1
C:\Users\taimo\OneDrive\Documents 1\work\ecg-synthetic-research\data\rendered\ptbxl\MI\03302.png,MI,MI,0.5537,1
C:\Users\taimo\OneDrive\Documents 1\work\ecg-synthetic-research\data\rendered\ptbxl\MI\03309.png,MI,MI,0.908,1
C:\Users\taimo\OneDrive\Documents 1\work\ecg-synthetic-research\data\rendered\ptbxl\MI\03329.png,MI,MI,0.9644,1
C:\Users\taimo\OneDrive\Documents 1\work\ecg-synthetic-research\data\rendered\ptbxl\MI\03445.png,MI,MI,0.896,1
C:\Users\taimo\OneDrive\Documents 1\work\ecg-synthetic-research\data\rendered\ptbxl\MI\03482.png,MI,MI,0.722,1
C:\Users\taimo\OneDrive\Documents 1\work\ecg-synthetic-research\data\rendered\ptbxl\MI\03701.png,MI,NORM,0.5225,0
C:\Users\taimo\OneDrive\Documents 1\work\ecg-synthetic-research\data\rendered\ptbxl\MI\03786.png,MI,MI,0.5566,1
C:\Users\taimo\OneDrive\Documents 1\work\ecg-synthetic-research\data\rendered\ptbxl\MI\03875.png,MI,NORM,0.731,0
C:\Users\taimo\OneDrive\Documents 1\work\ecg-synthetic-research\data\rendered\ptbxl\MI\03894.png,MI,NORM,0.856,0
C:\Users\taimo\OneDrive\Documents 1\work\ecg-synthetic-research\data\rendered\ptbxl\MI\03994.png,MI,MI,0.779,1
C:\Users\taimo\OneDrive\Documents 1\work\ecg-synthetic-research\data\rendered\ptbxl\MI\04166.png,MI,MI,0.7803,1
C:\Users\taimo\OneDrive\Documents 1\work\ecg-synthetic-research\data\rendered\ptbxl\MI\04196.png,MI,MI,0.99,1
C:\Users\taimo\OneDrive\Documents 1\work\ecg-synthetic-research\data\rendered\ptbxl\MI\04330.png,MI,MI,0.9585,1
C:\Users\taimo\OneDrive\Documents 1\work\ecg-synthetic-research\data\rendered\ptbxl\MI\04377.png,MI,MI,0.9663,1
C:\Users\taimo\OneDrive\Documents 1\work\ecg-synthetic-research\data\rendered\ptbxl\MI\04380.png,MI,MI,0.7876,1
C:\Users\taimo\OneDrive\Documents 1\work\ecg-synthetic-research\data\rendered\ptbxl\MI\04436.png,MI,MI,0.967,1
C:\Users\taimo\OneDrive\Documents 1\work\ecg-synthetic-research\data\rendered\ptbxl\MI\04449.png,MI,MI,0.995,1
C:\Users\taimo\OneDrive\Documents 1\work\ecg-synthetic-research\data\rendered\ptbxl\MI\04466.png,MI,MI,0.9414,1
C:\Users\taimo\OneDrive\Documents 1\work\ecg-synthetic-research\data\rendered\ptbxl\MI\04533.png,MI,MI,0.9946,1
C:\Users\taimo\OneDrive\Documents 1\work\ecg-synthetic-research\data\rendered\ptbxl\MI\04578.png,MI,MI,0.9883,1
C:\Users\taimo\OneDrive\Documents 1\work\ecg-synthetic-research\data\rendered\ptbxl\MI\04611.png,MI,MI,0.99,1
C:\Users\taimo\OneDrive\Documents 1\work\ecg-synthetic-research\data\rendered\ptbxl\MI\04670.png,MI,AFIB,0.991,0
C:\Users\taimo\OneDrive\Documents 1\work\ecg-synthetic-research\data\rendered\ptbxl\MI\04749.png,MI,AFIB,0.76,0
C:\Users\taimo\OneDrive\Documents 1\work\ecg-synthetic-research\data\rendered\ptbxl\MI\04824.png,MI,MI,0.707,1
C:\Users\taimo\OneDrive\Documents 1\work\ecg-synthetic-research\data\rendered\ptbxl\MI\04827.png,MI,AFIB,0.5713,0
C:\Users\taimo\OneDrive\Documents 1\work\ecg-synthetic-research\data\rendered\ptbxl\MI\04847.png,MI,MI,0.933,1
C:\Users\taimo\OneDrive\Documents 1\work\ecg-synthetic-research\data\rendered\ptbxl\MI\04915.png,MI,NORM,0.509,0
C:\Users\taimo\OneDrive\Documents 1\work\ecg-synthetic-research\data\rendered\ptbxl\MI\04999.png,MI,MI,0.9976,1
C:\Users\taimo\OneDrive\Documents 1\work\ecg-synthetic-research\data\rendered\ptbxl\MI\05034.png,MI,MI,0.9805,1
C:\Users\taimo\OneDrive\Documents 1\work\ecg-synthetic-research\data\rendered\ptbxl\MI\05036.png,MI,MI,0.9863,1
C:\Users\taimo\OneDrive\Documents 1\work\ecg-synthetic-research\data\rendered\ptbxl\MI\05093.png,MI,MI,0.998,1
C:\Users\taimo\OneDrive\Documents 1\work\ecg-synthetic-research\data\rendered\ptbxl\MI\05116.png,MI,MI,0.8926,1
C:\Users\taimo\OneDrive\Documents 1\work\ecg-synthetic-research\data\rendered\ptbxl\MI\05124.png,MI,MI,0.5674,1
C:\Users\taimo\OneDrive\Documents 1\work\ecg-synthetic-research\data\rendered\ptbxl\MI\05129.png,MI,NORM,0.59,0
C:\Users\taimo\OneDrive\Documents 1\work\ecg-synthetic-research\data\rendered\ptbxl\MI\05173.png,MI,MI,0.6484,1
C:\Users\taimo\OneDrive\Documents 1\work\ecg-synthetic-research\data\rendered\ptbxl\MI\05224.png,MI,MI,0.517,1
C:\Users\taimo\OneDrive\Documents 1\work\ecg-synthetic-research\data\rendered\ptbxl\MI\05276.png,MI,MI,0.892,1
C:\Users\taimo\OneDrive\Documents 1\work\ecg-synthetic-research\data\rendered\ptbxl\MI\05327.png,MI,MI,0.9917,1
C:\Users\taimo\OneDrive\Documents 1\work\ecg-synthetic-research\data\rendered\ptbxl\MI\05397.png,MI,MI,0.9736,1
C:\Users\taimo\OneDrive\Documents 1\work\ecg-synthetic-research\data\rendered\ptbxl\MI\05398.png,MI,MI,0.987,1
C:\Users\taimo\OneDrive\Documents 1\work\ecg-synthetic-research\data\rendered\ptbxl\MI\05454.png,MI,NORM,0.8716,0
C:\Users\taimo\OneDrive\Documents 1\work\ecg-synthetic-research\data\rendered\ptbxl\MI\05464.png,MI,NORM,0.623,0
C:\Users\taimo\OneDrive\Documents 1\work\ecg-synthetic-research\data\rendered\ptbxl\MI\05543.png,MI,NORM,0.644,0
C:\Users\taimo\OneDrive\Documents 1\work\ecg-synthetic-research\data\rendered\ptbxl\MI\05616.png,MI,MI,0.907,1
C:\Users\taimo\OneDrive\Documents 1\work\ecg-synthetic-research\data\rendered\ptbxl\MI\05667.png,MI,MI,0.951,1
C:\Users\taimo\OneDrive\Documents 1\work\ecg-synthetic-research\data\rendered\ptbxl\MI\05684.png,MI,MI,0.893,1
C:\Users\taimo\OneDrive\Documents 1\work\ecg-synthetic-research\data\rendered\ptbxl\MI\05880.png,MI,MI,0.9526,1
C:\Users\taimo\OneDrive\Documents 1\work\ecg-synthetic-research\data\rendered\ptbxl\MI\05889.png,MI,MI,0.9805,1
C:\Users\taimo\OneDrive\Documents 1\work\ecg-synthetic-research\data\rendered\ptbxl\MI\06032.png,MI,MI,0.825,1
C:\Users\taimo\OneDrive\Documents 1\work\ecg-synthetic-research\data\rendered\ptbxl\MI\06112.png,MI,MI,0.576,1
C:\Users\taimo\OneDrive\Documents 1\work\ecg-synthetic-research\data\rendered\ptbxl\MI\06195.png,MI,MI,0.992,1
C:\Users\taimo\OneDrive\Documents 1\work\ecg-synthetic-research\data\rendered\ptbxl\MI\06211.png,MI,MI,0.9644,1
C:\Users\taimo\OneDrive\Documents 1\work\ecg-synthetic-research\data\rendered\ptbxl\MI\06287.png,MI,MI,0.9663,1
C:\Users\taimo\OneDrive\Documents 1\work\ecg-synthetic-research\data\rendered\ptbxl\MI\06306.png,MI,MI,0.9814,1
C:\Users\taimo\OneDrive\Documents 1\work\ecg-synthetic-research\data\rendered\ptbxl\MI\06432.png,MI,MI,0.9775,1
C:\Users\taimo\OneDrive\Documents 1\work\ecg-synthetic-research\data\rendered\ptbxl\MI\06450.png,MI,MI,0.7573,1
C:\Users\taimo\OneDrive\Documents 1\work\ecg-synthetic-research\data\rendered\ptbxl\MI\06681.png,MI,MI,0.977,1
C:\Users\taimo\OneDrive\Documents 1\work\ecg-synthetic-research\data\rendered\ptbxl\MI\06702.png,MI,TACHY,0.5967,0
C:\Users\taimo\OneDrive\Documents 1\work\ecg-synthetic-research\data\rendered\ptbxl\MI\06705.png,MI,MI,0.986,1
C:\Users\taimo\OneDrive\Documents 1\work\ecg-synthetic-research\data\rendered\ptbxl\MI\06708.png,MI,NORM,0.623,0
C:\Users\taimo\OneDrive\Documents 1\work\ecg-synthetic-research\data\rendered\ptbxl\MI\06714.png,MI,TACHY,0.974,0
C:\Users\taimo\OneDrive\Documents 1\work\ecg-synthetic-research\data\rendered\ptbxl\MI\06868.png,MI,MI,0.9478,1
C:\Users\taimo\OneDrive\Documents 1\work\ecg-synthetic-research\data\rendered\ptbxl\MI\06884.png,MI,MI,0.769,1
C:\Users\taimo\OneDrive\Documents 1\work\ecg-synthetic-research\data\rendered\ptbxl\MI\06957.png,MI,MI,0.6104,1
C:\Users\taimo\OneDrive\Documents 1\work\ecg-synthetic-research\data\rendered\ptbxl\MI\07135.png,MI,NORM,0.5015,0
C:\Users\taimo\OneDrive\Documents 1\work\ecg-synthetic-research\data\rendered\ptbxl\MI\07146.png,MI,NORM,0.804,0
C:\Users\taimo\OneDrive\Documents 1\work\ecg-synthetic-research\data\rendered\ptbxl\MI\07175.png,MI,MI,0.998,1
C:\Users\taimo\OneDrive\Documents 1\work\ecg-synthetic-research\data\rendered\ptbxl\MI\07314.png,MI,MI,0.775,1
C:\Users\taimo\OneDrive\Documents 1\work\ecg-synthetic-research\data\rendered\ptbxl\MI\07318.png,MI,NORM,0.576,0
C:\Users\taimo\OneDrive\Documents 1\work\ecg-synthetic-research\data\rendered\ptbxl\MI\07404.png,MI,MI,0.9873,1
C:\Users\taimo\OneDrive\Documents 1\work\ecg-synthetic-research\data\rendered\ptbxl\MI\07423.png,MI,MI,0.7188,1
C:\Users\taimo\OneDrive\Documents 1\work\ecg-synthetic-research\data\rendered\ptbxl\MI\07452.png,MI,MI,0.8833,1
C:\Users\taimo\OneDrive\Documents 1\work\ecg-synthetic-research\data\rendered\ptbxl\MI\07484.png,MI,MI,0.993,1
C:\Users\taimo\OneDrive\Documents 1\work\ecg-synthetic-research\data\rendered\ptbxl\MI\07506.png,MI,MI,0.9194,1
C:\Users\taimo\OneDrive\Documents 1\work\ecg-synthetic-research\data\rendered\ptbxl\MI\07601.png,MI,MI,0.996,1
C:\Users\taimo\OneDrive\Documents 1\work\ecg-synthetic-research\data\rendered\ptbxl\MI\07692.png,MI,MI,0.9976,1
C:\Users\taimo\OneDrive\Documents 1\work\ecg-synthetic-research\data\rendered\ptbxl\MI\07809.png,MI,MI,0.969,1
C:\Users\taimo\OneDrive\Documents 1\work\ecg-synthetic-research\data\rendered\ptbxl\MI\07825.png,MI,NORM,0.7314,0
C:\Users\taimo\OneDrive\Documents 1\work\ecg-synthetic-research\data\rendered\ptbxl\MI\07835.png,MI,MI,0.692,1
C:\Users\taimo\OneDrive\Documents 1\work\ecg-synthetic-research\data\rendered\ptbxl\MI\07858.png,MI,MI,0.8315,1
C:\Users\taimo\OneDrive\Documents 1\work\ecg-synthetic-research\data\rendered\ptbxl\MI\07878.png,MI,MI,0.915,1
C:\Users\taimo\OneDrive\Documents 1\work\ecg-synthetic-research\data\rendered\ptbxl\MI\07881.png,MI,MI,0.772,1
C:\Users\taimo\OneDrive\Documents 1\work\ecg-synthetic-research\data\rendered\ptbxl\MI\07930.png,MI,MI,0.921,1
C:\Users\taimo\OneDrive\Documents 1\work\ecg-synthetic-research\data\rendered\ptbxl\MI\08025.png,MI,MI,0.5757,1
C:\Users\taimo\OneDrive\Documents 1\work\ecg-synthetic-research\data\rendered\ptbxl\MI\08129.png,MI,MI,0.9683,1
C:\Users\taimo\OneDrive\Documents 1\work\ecg-synthetic-research\data\rendered\ptbxl\MI\08223.png,MI,MI,0.8193,1
C:\Users\taimo\OneDrive\Documents 1\work\ecg-synthetic-research\data\rendered\ptbxl\MI\08229.png,MI,NORM,0.773,0
C:\Users\taimo\OneDrive\Documents 1\work\ecg-synthetic-research\data\rendered\ptbxl\MI\08252.png,MI,MI,0.852,1
C:\Users\taimo\OneDrive\Documents 1\work\ecg-synthetic-research\data\rendered\ptbxl\MI\08342.png,MI,MI,0.6934,1
C:\Users\taimo\OneDrive\Documents 1\work\ecg-synthetic-research\data\rendered\ptbxl\MI\08356.png,MI,NORM,0.8726,0
C:\Users\taimo\OneDrive\Documents 1\work\ecg-synthetic-research\data\rendered\ptbxl\MI\08366.png,MI,MI,0.9004,1
C:\Users\taimo\OneDrive\Documents 1\work\ecg-synthetic-research\data\rendered\ptbxl\MI\08428.png,MI,MI,0.9053,1
C:\Users\taimo\OneDrive\Documents 1\work\ecg-synthetic-research\data\rendered\ptbxl\MI\08429.png,MI,MI,0.765,1
C:\Users\taimo\OneDrive\Documents 1\work\ecg-synthetic-research\data\rendered\ptbxl\MI\08446.png,MI,MI,0.5474,1
C:\Users\taimo\OneDrive\Documents 1\work\ecg-synthetic-research\data\rendered\ptbxl\MI\08618.png,MI,MI,0.9365,1
C:\Users\taimo\OneDrive\Documents 1\work\ecg-synthetic-research\data\rendered\ptbxl\MI\08725.png,MI,MI,0.9673,1
C:\Users\taimo\OneDrive\Documents 1\work\ecg-synthetic-research\data\rendered\ptbxl\MI\08802.png,MI,MI,0.937,1
C:\Users\taimo\OneDrive\Documents 1\work\ecg-synthetic-research\data\rendered\ptbxl\MI\08810.png,MI,MI,0.9673,1
C:\Users\taimo\OneDrive\Documents 1\work\ecg-synthetic-research\data\rendered\ptbxl\MI\08884.png,MI,MI,0.6704,1
C:\Users\taimo\OneDrive\Documents 1\work\ecg-synthetic-research\data\rendered\ptbxl\MI\08891.png,MI,MI,0.9297,1
C:\Users\taimo\OneDrive\Documents 1\work\ecg-synthetic-research\data\rendered\ptbxl\MI\08908.png,MI,MI,0.716,1
C:\Users\taimo\OneDrive\Documents 1\work\ecg-synthetic-research\data\rendered\ptbxl\MI\08991.png,MI,MI,0.9917,1
C:\Users\taimo\OneDrive\Documents 1\work\ecg-synthetic-research\data\rendered\ptbxl\MI\08994.png,MI,MI,0.6675,1
C:\Users\taimo\OneDrive\Documents 1\work\ecg-synthetic-research\data\rendered\ptbxl\MI\09016.png,MI,MI,0.999,1
C:\Users\taimo\OneDrive\Documents 1\work\ecg-synthetic-research\data\rendered\ptbxl\MI\09060.png,MI,MI,0.628,1
C:\Users\taimo\OneDrive\Documents 1\work\ecg-synthetic-research\data\rendered\ptbxl\MI\09138.png,MI,MI,0.996,1
C:\Users\taimo\OneDrive\Documents 1\work\ecg-synthetic-research\data\rendered\ptbxl\MI\09144.png,MI,TACHY,0.907,0
C:\Users\taimo\OneDrive\Documents 1\work\ecg-synthetic-research\data\rendered\ptbxl\MI\09146.png,MI,MI,0.98,1
C:\Users\taimo\OneDrive\Documents 1\work\ecg-synthetic-research\data\rendered\ptbxl\MI\09172.png,MI,NORM,0.5073,0
C:\Users\taimo\OneDrive\Documents 1\work\ecg-synthetic-research\data\rendered\ptbxl\MI\09177.png,MI,MI,0.9883,1
C:\Users\taimo\OneDrive\Documents 1\work\ecg-synthetic-research\data\rendered\ptbxl\MI\09247.png,MI,MI,0.8525,1
C:\Users\taimo\OneDrive\Documents 1\work\ecg-synthetic-research\data\rendered\ptbxl\MI\09267.png,MI,NORM,0.516,0
C:\Users\taimo\OneDrive\Documents 1\work\ecg-synthetic-research\data\rendered\ptbxl\MI\09268.png,MI,MI,0.634,1
C:\Users\taimo\OneDrive\Documents 1\work\ecg-synthetic-research\data\rendered\ptbxl\MI\09283.png,MI,MI,0.996,1
C:\Users\taimo\OneDrive\Documents 1\work\ecg-synthetic-research\data\rendered\ptbxl\MI\09346.png,MI,MI,0.8555,1
C:\Users\taimo\OneDrive\Documents 1\work\ecg-synthetic-research\data\rendered\ptbxl\MI\09409.png,MI,NORM,0.5815,0
C:\Users\taimo\OneDrive\Documents 1\work\ecg-synthetic-research\data\rendered\ptbxl\MI\09494.png,MI,MI,0.888,1
C:\Users\taimo\OneDrive\Documents 1\work\ecg-synthetic-research\data\rendered\ptbxl\MI\09552.png,MI,NORM,0.672,0
C:\Users\taimo\OneDrive\Documents 1\work\ecg-synthetic-research\data\rendered\ptbxl\MI\09607.png,MI,NORM,0.6934,0
C:\Users\taimo\OneDrive\Documents 1\work\ecg-synthetic-research\data\rendered\ptbxl\MI\09641.png,MI,MI,0.995,1
C:\Users\taimo\OneDrive\Documents 1\work\ecg-synthetic-research\data\rendered\ptbxl\MI\09765.png,MI,MI,0.982,1
C:\Users\taimo\OneDrive\Documents 1\work\ecg-synthetic-research\data\rendered\ptbxl\MI\09891.png,MI,MI,0.586,1
C:\Users\taimo\OneDrive\Documents 1\work\ecg-synthetic-research\data\rendered\ptbxl\MI\09921.png,MI,AFIB,0.6074,0
C:\Users\taimo\OneDrive\Documents 1\work\ecg-synthetic-research\data\rendered\ptbxl\MI\09933.png,MI,MI,0.9844,1
C:\Users\taimo\OneDrive\Documents 1\work\ecg-synthetic-research\data\rendered\ptbxl\MI\10055.png,MI,MI,0.9644,1
C:\Users\taimo\OneDrive\Documents 1\work\ecg-synthetic-research\data\rendered\ptbxl\MI\10074.png,MI,MI,0.9688,1
C:\Users\taimo\OneDrive\Documents 1\work\ecg-synthetic-research\data\rendered\ptbxl\MI\10135.png,MI,MI,0.9536,1
C:\Users\taimo\OneDrive\Documents 1\work\ecg-synthetic-research\data\rendered\ptbxl\MI\10194.png,MI,NORM,0.563,0
C:\Users\taimo\OneDrive\Documents 1\work\ecg-synthetic-research\data\rendered\ptbxl\MI\10557.png,MI,MI,0.7686,1
C:\Users\taimo\OneDrive\Documents 1\work\ecg-synthetic-research\data\rendered\ptbxl\MI\10571.png,MI,MI,0.733,1
C:\Users\taimo\OneDrive\Documents 1\work\ecg-synthetic-research\data\rendered\ptbxl\MI\10609.png,MI,MI,0.9873,1
C:\Users\taimo\OneDrive\Documents 1\work\ecg-synthetic-research\data\rendered\ptbxl\MI\10668.png,MI,MI,0.689,1
C:\Users\taimo\OneDrive\Documents 1\work\ecg-synthetic-research\data\rendered\ptbxl\MI\10673.png,MI,MI,0.999,1
C:\Users\taimo\OneDrive\Documents 1\work\ecg-synthetic-research\data\rendered\ptbxl\MI\10769.png,MI,MI,0.7686,1
C:\Users\taimo\OneDrive\Documents 1\work\ecg-synthetic-research\data\rendered\ptbxl\MI\10865.png,MI,MI,0.8926,1
C:\Users\taimo\OneDrive\Documents 1\work\ecg-synthetic-research\data\rendered\ptbxl\MI\10878.png,MI,MI,0.9756,1
C:\Users\taimo\OneDrive\Documents 1\work\ecg-synthetic-research\data\rendered\ptbxl\MI\10888.png,MI,MI,0.958,1
C:\Users\taimo\OneDrive\Documents 1\work\ecg-synthetic-research\data\rendered\ptbxl\MI\10941.png,MI,MI,0.8643,1
C:\Users\taimo\OneDrive\Documents 1\work\ecg-synthetic-research\data\rendered\ptbxl\MI\11007.png,MI,MI,0.9897,1
C:\Users\taimo\OneDrive\Documents 1\work\ecg-synthetic-research\data\rendered\ptbxl\MI\11010.png,MI,MI,0.9453,1
C:\Users\taimo\OneDrive\Documents 1\work\ecg-synthetic-research\data\rendered\ptbxl\MI\11158.png,MI,MI,0.8022,1
C:\Users\taimo\OneDrive\Documents 1\work\ecg-synthetic-research\data\rendered\ptbxl\MI\11263.png,MI,MI,0.994,1
C:\Users\taimo\OneDrive\Documents 1\work\ecg-synthetic-research\data\rendered\ptbxl\MI\11310.png,MI,MI,0.9717,1
C:\Users\taimo\OneDrive\Documents 1\work\ecg-synthetic-research\data\rendered\ptbxl\MI\11352.png,MI,MI,0.429,1
C:\Users\taimo\OneDrive\Documents 1\work\ecg-synthetic-research\data\rendered\ptbxl\MI\11396.png,MI,MI,0.9883,1
C:\Users\taimo\OneDrive\Documents 1\work\ecg-synthetic-research\data\rendered\ptbxl\MI\11408.png,MI,AFIB,0.727,0
C:\Users\taimo\OneDrive\Documents 1\work\ecg-synthetic-research\data\rendered\ptbxl\MI\11442.png,MI,MI,0.9976,1
C:\Users\taimo\OneDrive\Documents 1\work\ecg-synthetic-research\data\rendered\ptbxl\MI\11650.png,MI,TACHY,0.7725,0
C:\Users\taimo\OneDrive\Documents 1\work\ecg-synthetic-research\data\rendered\ptbxl\MI\11668.png,MI,MI,0.964,1
C:\Users\taimo\OneDrive\Documents 1\work\ecg-synthetic-research\data\rendered\ptbxl\MI\11676.png,MI,MI,0.9897,1
C:\Users\taimo\OneDrive\Documents 1\work\ecg-synthetic-research\data\rendered\ptbxl\MI\11866.png,MI,NORM,0.6055,0
C:\Users\taimo\OneDrive\Documents 1\work\ecg-synthetic-research\data\rendered\ptbxl\MI\11892.png,MI,MI,0.9253,1
C:\Users\taimo\OneDrive\Documents 1\work\ecg-synthetic-research\data\rendered\ptbxl\MI\12145.png,MI,NORM,0.7886,0
C:\Users\taimo\OneDrive\Documents 1\work\ecg-synthetic-research\data\rendered\ptbxl\MI\12290.png,MI,MI,0.89,1
C:\Users\taimo\OneDrive\Documents 1\work\ecg-synthetic-research\data\rendered\ptbxl\MI\12300.png,MI,MI,0.831,1
C:\Users\taimo\OneDrive\Documents 1\work\ecg-synthetic-research\data\rendered\ptbxl\MI\12349.png,MI,MI,0.9624,1
C:\Users\taimo\OneDrive\Documents 1\work\ecg-synthetic-research\data\rendered\ptbxl\MI\12421.png,MI,MI,0.9976,1
C:\Users\taimo\OneDrive\Documents 1\work\ecg-synthetic-research\data\rendered\ptbxl\MI\12428.png,MI,MI,0.994,1
C:\Users\taimo\OneDrive\Documents 1\work\ecg-synthetic-research\data\rendered\ptbxl\MI\12431.png,MI,MI,0.9976,1
C:\Users\taimo\OneDrive\Documents 1\work\ecg-synthetic-research\data\rendered\ptbxl\MI\12442.png,MI,MI,0.834,1
C:\Users\taimo\OneDrive\Documents 1\work\ecg-synthetic-research\data\rendered\ptbxl\MI\12447.png,MI,MI,0.997,1
C:\Users\taimo\OneDrive\Documents 1\work\ecg-synthetic-research\data\rendered\ptbxl\MI\12484.png,MI,MI,0.982,1
C:\Users\taimo\OneDrive\Documents 1\work\ecg-synthetic-research\data\rendered\ptbxl\MI\12488.png,MI,MI,0.66,1
C:\Users\taimo\OneDrive\Documents 1\work\ecg-synthetic-research\data\rendered\ptbxl\MI\12510.png,MI,MI,0.99,1
C:\Users\taimo\OneDrive\Documents 1\work\ecg-synthetic-research\data\rendered\ptbxl\MI\12547.png,MI,MI,0.881,1
C:\Users\taimo\OneDrive\Documents 1\work\ecg-synthetic-research\data\rendered\ptbxl\MI\12600.png,MI,MI,0.8325,1
C:\Users\taimo\OneDrive\Documents 1\work\ecg-synthetic-research\data\rendered\ptbxl\MI\12639.png,MI,MI,0.9487,1
C:\Users\taimo\OneDrive\Documents 1\work\ecg-synthetic-research\data\rendered\ptbxl\MI\12780.png,MI,AFIB,0.876,0
C:\Users\taimo\OneDrive\Documents 1\work\ecg-synthetic-research\data\rendered\ptbxl\MI\12867.png,MI,MI,0.995,1
C:\Users\taimo\OneDrive\Documents 1\work\ecg-synthetic-research\data\rendered\ptbxl\MI\12910.png,MI,MI,0.9,1
C:\Users\taimo\OneDrive\Documents 1\work\ecg-synthetic-research\data\rendered\ptbxl\MI\12927.png,MI,MI,0.76,1
C:\Users\taimo\OneDrive\Documents 1\work\ecg-synthetic-research\data\rendered\ptbxl\MI\13038.png,MI,MI,0.9463,1
C:\Users\taimo\OneDrive\Documents 1\work\ecg-synthetic-research\data\rendered\ptbxl\MI\13065.png,MI,MI,0.8774,1
C:\Users\taimo\OneDrive\Documents 1\work\ecg-synthetic-research\data\rendered\ptbxl\MI\13142.png,MI,MI,0.9214,1
C:\Users\taimo\OneDrive\Documents 1\work\ecg-synthetic-research\data\rendered\ptbxl\MI\13151.png,MI,MI,0.5933,1
C:\Users\taimo\OneDrive\Documents 1\work\ecg-synthetic-research\data\rendered\ptbxl\MI\13224.png,MI,MI,0.986,1
C:\Users\taimo\OneDrive\Documents 1\work\ecg-synthetic-research\data\rendered\ptbxl\MI\13228.png,MI,MI,0.5854,1
C:\Users\taimo\OneDrive\Documents 1\work\ecg-synthetic-research\data\rendered\ptbxl\MI\13306.png,MI,MI,0.57,1
C:\Users\taimo\OneDrive\Documents 1\work\ecg-synthetic-research\data\rendered\ptbxl\MI\13338.png,MI,MI,0.9087,1
C:\Users\taimo\OneDrive\Documents 1\work\ecg-synthetic-research\data\rendered\ptbxl\MI\13406.png,MI,MI,0.683,1
C:\Users\taimo\OneDrive\Documents 1\work\ecg-synthetic-research\data\rendered\ptbxl\MI\13429.png,MI,MI,0.9644,1
C:\Users\taimo\OneDrive\Documents 1\work\ecg-synthetic-research\data\rendered\ptbxl\MI\13434.png,MI,NORM,0.5303,0
C:\Users\taimo\OneDrive\Documents 1\work\ecg-synthetic-research\data\rendered\ptbxl\MI\13445.png,MI,MI,0.991,1
C:\Users\taimo\OneDrive\Documents 1\work\ecg-synthetic-research\data\rendered\ptbxl\MI\13471.png,MI,MI,0.689,1
C:\Users\taimo\OneDrive\Documents 1\work\ecg-synthetic-research\data\rendered\ptbxl\MI\13520.png,MI,MI,0.9526,1
C:\Users\taimo\OneDrive\Documents 1\work\ecg-synthetic-research\data\rendered\ptbxl\MI\13556.png,MI,MI,0.937,1
C:\Users\taimo\OneDrive\Documents 1\work\ecg-synthetic-research\data\rendered\ptbxl\MI\13580.png,MI,MI,0.9873,1
C:\Users\taimo\OneDrive\Documents 1\work\ecg-synthetic-research\data\rendered\ptbxl\MI\13607.png,MI,MI,0.729,1
C:\Users\taimo\OneDrive\Documents 1\work\ecg-synthetic-research\data\rendered\ptbxl\MI\13665.png,MI,MI,0.968,1
C:\Users\taimo\OneDrive\Documents 1\work\ecg-synthetic-research\data\rendered\ptbxl\MI\13718.png,MI,MI,0.999,1
C:\Users\taimo\OneDrive\Documents 1\work\ecg-synthetic-research\data\rendered\ptbxl\MI\13775.png,MI,MI,0.9194,1
C:\Users\taimo\OneDrive\Documents 1\work\ecg-synthetic-research\data\rendered\ptbxl\MI\13825.png,MI,MI,0.66,1
C:\Users\taimo\OneDrive\Documents 1\work\ecg-synthetic-research\data\rendered\ptbxl\MI\13839.png,MI,MI,0.8574,1
C:\Users\taimo\OneDrive\Documents 1\work\ecg-synthetic-research\data\rendered\ptbxl\MI\13868.png,MI,MI,0.813,1
C:\Users\taimo\OneDrive\Documents 1\work\ecg-synthetic-research\data\rendered\ptbxl\MI\13893.png,MI,MI,0.855,1
C:\Users\taimo\OneDrive\Documents 1\work\ecg-synthetic-research\data\rendered\ptbxl\MI\13896.png,MI,MI,0.9326,1
C:\Users\taimo\OneDrive\Documents 1\work\ecg-synthetic-research\data\rendered\ptbxl\MI\13983.png,MI,MI,0.9634,1
C:\Users\taimo\OneDrive\Documents 1\work\ecg-synthetic-research\data\rendered\ptbxl\MI\14007.png,MI,NORM,0.6865,0
C:\Users\taimo\OneDrive\Documents 1\work\ecg-synthetic-research\data\rendered\ptbxl\MI\14008.png,MI,MI,0.8447,1
C:\Users\taimo\OneDrive\Documents 1\work\ecg-synthetic-research\data\rendered\ptbxl\MI\14137.png,MI,MI,0.9287,1
C:\Users\taimo\OneDrive\Documents 1\work\ecg-synthetic-research\data\rendered\ptbxl\MI\14158.png,MI,AFIB,0.647,0
C:\Users\taimo\OneDrive\Documents 1\work\ecg-synthetic-research\data\rendered\ptbxl\MI\14172.png,MI,MI,0.7993,1
C:\Users\taimo\OneDrive\Documents 1\work\ecg-synthetic-research\data\rendered\ptbxl\MI\14233.png,MI,MI,0.9414,1
C:\Users\taimo\OneDrive\Documents 1\work\ecg-synthetic-research\data\rendered\ptbxl\MI\14354.png,MI,MI,0.605,1
C:\Users\taimo\OneDrive\Documents 1\work\ecg-synthetic-research\data\rendered\ptbxl\MI\14455.png,MI,TACHY,0.4106,0
C:\Users\taimo\OneDrive\Documents 1\work\ecg-synthetic-research\data\rendered\ptbxl\MI\14619.png,MI,MI,0.7285,1
C:\Users\taimo\OneDrive\Documents 1\work\ecg-synthetic-research\data\rendered\ptbxl\MI\14735.png,MI,MI,0.7783,1
C:\Users\taimo\OneDrive\Documents 1\work\ecg-synthetic-research\data\rendered\ptbxl\MI\14922.png,MI,MI,0.972,1
C:\Users\taimo\OneDrive\Documents 1\work\ecg-synthetic-research\data\rendered\ptbxl\MI\14952.png,MI,MI,0.995,1
C:\Users\taimo\OneDrive\Documents 1\work\ecg-synthetic-research\data\rendered\ptbxl\MI\14988.png,MI,MI,0.9937,1
C:\Users\taimo\OneDrive\Documents 1\work\ecg-synthetic-research\data\rendered\ptbxl\MI\15161.png,MI,MI,0.989,1
C:\Users\taimo\OneDrive\Documents 1\work\ecg-synthetic-research\data\rendered\ptbxl\MI\15166.png,MI,MI,0.9736,1
C:\Users\taimo\OneDrive\Documents 1\work\ecg-synthetic-research\data\rendered\ptbxl\MI\15179.png,MI,MI,0.8926,1
C:\Users\taimo\OneDrive\Documents 1\work\ecg-synthetic-research\data\rendered\ptbxl\MI\15193.png,MI,NORM,0.5425,0
C:\Users\taimo\OneDrive\Documents 1\work\ecg-synthetic-research\data\rendered\ptbxl\MI\15335.png,MI,MI,0.9683,1
C:\Users\taimo\OneDrive\Documents 1\work\ecg-synthetic-research\data\rendered\ptbxl\MI\15463.png,MI,MI,0.6865,1
C:\Users\taimo\OneDrive\Documents 1\work\ecg-synthetic-research\data\rendered\ptbxl\MI\15472.png,MI,MI,0.979,1
C:\Users\taimo\OneDrive\Documents 1\work\ecg-synthetic-research\data\rendered\ptbxl\MI\15515.png,MI,TACHY,0.607,0
C:\Users\taimo\OneDrive\Documents 1\work\ecg-synthetic-research\data\rendered\ptbxl\MI\15517.png,MI,MI,0.9883,1
C:\Users\taimo\OneDrive\Documents 1\work\ecg-synthetic-research\data\rendered\ptbxl\MI\15607.png,MI,MI,0.992,1
C:\Users\taimo\OneDrive\Documents 1\work\ecg-synthetic-research\data\rendered\ptbxl\MI\15619.png,MI,MI,0.9775,1
C:\Users\taimo\OneDrive\Documents 1\work\ecg-synthetic-research\data\rendered\ptbxl\MI\15752.png,MI,MI,0.737,1
C:\Users\taimo\OneDrive\Documents 1\work\ecg-synthetic-research\data\rendered\ptbxl\MI\15869.png,MI,MI,0.838,1
C:\Users\taimo\OneDrive\Documents 1\work\ecg-synthetic-research\data\rendered\ptbxl\MI\15944.png,MI,MI,0.977,1
C:\Users\taimo\OneDrive\Documents 1\work\ecg-synthetic-research\data\rendered\ptbxl\MI\16049.png,MI,MI,0.9976,1
C:\Users\taimo\OneDrive\Documents 1\work\ecg-synthetic-research\data\rendered\ptbxl\MI\16148.png,MI,MI,0.813,1
C:\Users\taimo\OneDrive\Documents 1\work\ecg-synthetic-research\data\rendered\ptbxl\MI\16234.png,MI,MI,0.965,1
C:\Users\taimo\OneDrive\Documents 1\work\ecg-synthetic-research\data\rendered\ptbxl\MI\16268.png,MI,MI,0.979,1
C:\Users\taimo\OneDrive\Documents 1\work\ecg-synthetic-research\data\rendered\ptbxl\MI\16294.png,MI,MI,0.8413,1
C:\Users\taimo\OneDrive\Documents 1\work\ecg-synthetic-research\data\rendered\ptbxl\MI\16340.png,MI,MI,0.8496,1
C:\Users\taimo\OneDrive\Documents 1\work\ecg-synthetic-research\data\rendered\ptbxl\MI\16350.png,MI,NORM,0.5474,0
C:\Users\taimo\OneDrive\Documents 1\work\ecg-synthetic-research\data\rendered\ptbxl\MI\16406.png,MI,MI,0.8574,1
C:\Users\taimo\OneDrive\Documents 1\work\ecg-synthetic-research\data\rendered\ptbxl\MI\16427.png,MI,MI,0.6597,1
C:\Users\taimo\OneDrive\Documents 1\work\ecg-synthetic-research\data\rendered\ptbxl\MI\16463.png,MI,MI,0.9897,1
C:\Users\taimo\OneDrive\Documents 1\work\ecg-synthetic-research\data\rendered\ptbxl\MI\16486.png,MI,MI,0.943,1
C:\Users\taimo\OneDrive\Documents 1\work\ecg-synthetic-research\data\rendered\ptbxl\MI\16641.png,MI,MI,0.578,1
C:\Users\taimo\OneDrive\Documents 1\work\ecg-synthetic-research\data\rendered\ptbxl\MI\16661.png,MI,MI,0.603,1
C:\Users\taimo\OneDrive\Documents 1\work\ecg-synthetic-research\data\rendered\ptbxl\MI\16702.png,MI,MI,0.571,1
C:\Users\taimo\OneDrive\Documents 1\work\ecg-synthetic-research\data\rendered\ptbxl\MI\16711.png,MI,MI,0.928,1
C:\Users\taimo\OneDrive\Documents 1\work\ecg-synthetic-research\data\rendered\ptbxl\MI\16924.png,MI,MI,0.9263,1
C:\Users\taimo\OneDrive\Documents 1\work\ecg-synthetic-research\data\rendered\ptbxl\MI\16951.png,MI,MI,0.928,1
C:\Users\taimo\OneDrive\Documents 1\work\ecg-synthetic-research\data\rendered\ptbxl\MI\16978.png,MI,MI,0.901,1
C:\Users\taimo\OneDrive\Documents 1\work\ecg-synthetic-research\data\rendered\ptbxl\MI\16986.png,MI,MI,0.986,1
C:\Users\taimo\OneDrive\Documents 1\work\ecg-synthetic-research\data\rendered\ptbxl\MI\16999.png,MI,MI,0.7305,1
C:\Users\taimo\OneDrive\Documents 1\work\ecg-synthetic-research\data\rendered\ptbxl\MI\17001.png,MI,MI,0.9673,1
C:\Users\taimo\OneDrive\Documents 1\work\ecg-synthetic-research\data\rendered\ptbxl\MI\17009.png,MI,MI,0.806,1
C:\Users\taimo\OneDrive\Documents 1\work\ecg-synthetic-research\data\rendered\ptbxl\MI\17019.png,MI,MI,0.6777,1
C:\Users\taimo\OneDrive\Documents 1\work\ecg-synthetic-research\data\rendered\ptbxl\MI\17036.png,MI,MI,0.943,1
C:\Users\taimo\OneDrive\Documents 1\work\ecg-synthetic-research\data\rendered\ptbxl\MI\17071.png,MI,MI,0.9937,1
C:\Users\taimo\OneDrive\Documents 1\work\ecg-synthetic-research\data\rendered\ptbxl\MI\17075.png,MI,MI,0.9556,1
C:\Users\taimo\OneDrive\Documents 1\work\ecg-synthetic-research\data\rendered\ptbxl\MI\17314.png,MI,MI,0.4045,1
C:\Users\taimo\OneDrive\Documents 1\work\ecg-synthetic-research\data\rendered\ptbxl\MI\17333.png,MI,MI,0.847,1
C:\Users\taimo\OneDrive\Documents 1\work\ecg-synthetic-research\data\rendered\ptbxl\MI\17339.png,MI,MI,0.991,1
C:\Users\taimo\OneDrive\Documents 1\work\ecg-synthetic-research\data\rendered\ptbxl\MI\17385.png,MI,MI,0.996,1
C:\Users\taimo\OneDrive\Documents 1\work\ecg-synthetic-research\data\rendered\ptbxl\MI\17392.png,MI,MI,0.9854,1
C:\Users\taimo\OneDrive\Documents 1\work\ecg-synthetic-research\data\rendered\ptbxl\MI\17420.png,MI,NORM,0.777,0
C:\Users\taimo\OneDrive\Documents 1\work\ecg-synthetic-research\data\rendered\ptbxl\MI\17521.png,MI,MI,0.9775,1
C:\Users\taimo\OneDrive\Documents 1\work\ecg-synthetic-research\data\rendered\ptbxl\MI\17569.png,MI,MI,0.992,1
C:\Users\taimo\OneDrive\Documents 1\work\ecg-synthetic-research\data\rendered\ptbxl\MI\17578.png,MI,NORM,0.548,0
C:\Users\taimo\OneDrive\Documents 1\work\ecg-synthetic-research\data\rendered\ptbxl\MI\17673.png,MI,TACHY,0.9043,0
C:\Users\taimo\OneDrive\Documents 1\work\ecg-synthetic-research\data\rendered\ptbxl\MI\17744.png,MI,MI,0.991,1
C:\Users\taimo\OneDrive\Documents 1\work\ecg-synthetic-research\data\rendered\ptbxl\MI\17786.png,MI,MI,0.865,1
C:\Users\taimo\OneDrive\Documents 1\work\ecg-synthetic-research\data\rendered\ptbxl\MI\18038.png,MI,NORM,0.804,0
C:\Users\taimo\OneDrive\Documents 1\work\ecg-synthetic-research\data\rendered\ptbxl\MI\18052.png,MI,MI,0.989,1
C:\Users\taimo\OneDrive\Documents 1\work\ecg-synthetic-research\data\rendered\ptbxl\MI\18103.png,MI,MI,0.728,1
C:\Users\taimo\OneDrive\Documents 1\work\ecg-synthetic-research\data\rendered\ptbxl\MI\18180.png,MI,MI,0.9463,1
C:\Users\taimo\OneDrive\Documents 1\work\ecg-synthetic-research\data\rendered\ptbxl\MI\18209.png,MI,MI,0.979,1
C:\Users\taimo\OneDrive\Documents 1\work\ecg-synthetic-research\data\rendered\ptbxl\MI\18421.png,MI,MI,0.412,1
C:\Users\taimo\OneDrive\Documents 1\work\ecg-synthetic-research\data\rendered\ptbxl\MI\18432.png,MI,TACHY,0.9565,0
C:\Users\taimo\OneDrive\Documents 1\work\ecg-synthetic-research\data\rendered\ptbxl\MI\18497.png,MI,MI,0.9897,1
C:\Users\taimo\OneDrive\Documents 1\work\ecg-synthetic-research\data\rendered\ptbxl\MI\18554.png,MI,MI,0.573,1
C:\Users\taimo\OneDrive\Documents 1\work\ecg-synthetic-research\data\rendered\ptbxl\MI\18582.png,MI,MI,0.615,1
C:\Users\taimo\OneDrive\Documents 1\work\ecg-synthetic-research\data\rendered\ptbxl\MI\18642.png,MI,MI,0.8335,1
C:\Users\taimo\OneDrive\Documents 1\work\ecg-synthetic-research\data\rendered\ptbxl\MI\18689.png,MI,MI,0.8696,1
C:\Users\taimo\OneDrive\Documents 1\work\ecg-synthetic-research\data\rendered\ptbxl\MI\18692.png,MI,MI,0.963,1
C:\Users\taimo\OneDrive\Documents 1\work\ecg-synthetic-research\data\rendered\ptbxl\MI\18705.png,MI,MI,0.9688,1
C:\Users\taimo\OneDrive\Documents 1\work\ecg-synthetic-research\data\rendered\ptbxl\MI\18723.png,MI,MI,0.9004,1
C:\Users\taimo\OneDrive\Documents 1\work\ecg-synthetic-research\data\rendered\ptbxl\MI\18724.png,MI,MI,0.958,1
C:\Users\taimo\OneDrive\Documents 1\work\ecg-synthetic-research\data\rendered\ptbxl\MI\18734.png,MI,MI,0.583,1
C:\Users\taimo\OneDrive\Documents 1\work\ecg-synthetic-research\data\rendered\ptbxl\MI\18737.png,MI,MI,0.949,1
C:\Users\taimo\OneDrive\Documents 1\work\ecg-synthetic-research\data\rendered\ptbxl\MI\18760.png,MI,MI,0.7876,1
C:\Users\taimo\OneDrive\Documents 1\work\ecg-synthetic-research\data\rendered\ptbxl\MI\18881.png,MI,MI,0.95,1
C:\Users\taimo\OneDrive\Documents 1\work\ecg-synthetic-research\data\rendered\ptbxl\MI\18949.png,MI,MI,0.801,1
C:\Users\taimo\OneDrive\Documents 1\work\ecg-synthetic-research\data\rendered\ptbxl\MI\18973.png,MI,MI,0.8853,1
C:\Users\taimo\OneDrive\Documents 1\work\ecg-synthetic-research\data\rendered\ptbxl\MI\19029.png,MI,MI,0.998,1
C:\Users\taimo\OneDrive\Documents 1\work\ecg-synthetic-research\data\rendered\ptbxl\MI\19085.png,MI,NORM,0.869,0
C:\Users\taimo\OneDrive\Documents 1\work\ecg-synthetic-research\data\rendered\ptbxl\MI\19140.png,MI,MI,0.606,1
C:\Users\taimo\OneDrive\Documents 1\work\ecg-synthetic-research\data\rendered\ptbxl\MI\19141.png,MI,MI,0.9463,1
C:\Users\taimo\OneDrive\Documents 1\work\ecg-synthetic-research\data\rendered\ptbxl\MI\19145.png,MI,MI,0.775,1
C:\Users\taimo\OneDrive\Documents 1\work\ecg-synthetic-research\data\rendered\ptbxl\MI\19269.png,MI,MI,0.994,1
C:\Users\taimo\OneDrive\Documents 1\work\ecg-synthetic-research\data\rendered\ptbxl\MI\19366.png,MI,NORM,0.9077,0
C:\Users\taimo\OneDrive\Documents 1\work\ecg-synthetic-research\data\rendered\ptbxl\MI\19409.png,MI,TACHY,0.6978,0
C:\Users\taimo\OneDrive\Documents 1\work\ecg-synthetic-research\data\rendered\ptbxl\MI\19439.png,MI,MI,0.9893,1
C:\Users\taimo\OneDrive\Documents 1\work\ecg-synthetic-research\data\rendered\ptbxl\MI\19464.png,MI,NORM,0.787,0
C:\Users\taimo\OneDrive\Documents 1\work\ecg-synthetic-research\data\rendered\ptbxl\MI\19504.png,MI,NORM,0.506,0
C:\Users\taimo\OneDrive\Documents 1\work\ecg-synthetic-research\data\rendered\ptbxl\MI\19612.png,MI,MI,0.89,1
C:\Users\taimo\OneDrive\Documents 1\work\ecg-synthetic-research\data\rendered\ptbxl\MI\19643.png,MI,MI,0.96,1
C:\Users\taimo\OneDrive\Documents 1\work\ecg-synthetic-research\data\rendered\ptbxl\MI\19651.png,MI,MI,0.9956,1
C:\Users\taimo\OneDrive\Documents 1\work\ecg-synthetic-research\data\rendered\ptbxl\MI\19686.png,MI,MI,0.9985,1
C:\Users\taimo\OneDrive\Documents 1\work\ecg-synthetic-research\data\rendered\ptbxl\MI\19814.png,MI,MI,0.9976,1
C:\Users\taimo\OneDrive\Documents 1\work\ecg-synthetic-research\data\rendered\ptbxl\MI\19842.png,MI,MI,0.964,1
C:\Users\taimo\OneDrive\Documents 1\work\ecg-synthetic-research\data\rendered\ptbxl\MI\19847.png,MI,MI,0.9272,1
C:\Users\taimo\OneDrive\Documents 1\work\ecg-synthetic-research\data\rendered\ptbxl\MI\19871.png,MI,MI,0.5186,1
C:\Users\taimo\OneDrive\Documents 1\work\ecg-synthetic-research\data\rendered\ptbxl\MI\19876.png,MI,AFIB,0.7764,0
C:\Users\taimo\OneDrive\Documents 1\work\ecg-synthetic-research\data\rendered\ptbxl\MI\19900.png,MI,MI,0.9185,1
C:\Users\taimo\OneDrive\Documents 1\work\ecg-synthetic-research\data\rendered\ptbxl\MI\20035.png,MI,MI,0.5737,1
C:\Users\taimo\OneDrive\Documents 1\work\ecg-synthetic-research\data\rendered\ptbxl\MI\20079.png,MI,MI,0.9497,1
C:\Users\taimo\OneDrive\Documents 1\work\ecg-synthetic-research\data\rendered\ptbxl\MI\20098.png,MI,MI,0.9844,1
C:\Users\taimo\OneDrive\Documents 1\work\ecg-synthetic-research\data\rendered\ptbxl\MI\20147.png,MI,MI,0.9917,1
C:\Users\taimo\OneDrive\Documents 1\work\ecg-synthetic-research\data\rendered\ptbxl\MI\20170.png,MI,MI,0.982,1
C:\Users\taimo\OneDrive\Documents 1\work\ecg-synthetic-research\data\rendered\ptbxl\MI\20313.png,MI,MI,0.993,1
C:\Users\taimo\OneDrive\Documents 1\work\ecg-synthetic-research\data\rendered\ptbxl\MI\20317.png,MI,MI,0.995,1
C:\Users\taimo\OneDrive\Documents 1\work\ecg-synthetic-research\data\rendered\ptbxl\MI\20343.png,MI,MI,0.886,1
C:\Users\taimo\OneDrive\Documents 1\work\ecg-synthetic-research\data\rendered\ptbxl\MI\20345.png,MI,MI,0.8325,1
C:\Users\taimo\OneDrive\Documents 1\work\ecg-synthetic-research\data\rendered\ptbxl\MI\20362.png,MI,NORM,0.681,0
C:\Users\taimo\OneDrive\Documents 1\work\ecg-synthetic-research\data\rendered\ptbxl\MI\20408.png,MI,MI,0.8623,1
C:\Users\taimo\OneDrive\Documents 1\work\ecg-synthetic-research\data\rendered\ptbxl\MI\20424.png,MI,MI,0.847,1
C:\Users\taimo\OneDrive\Documents 1\work\ecg-synthetic-research\data\rendered\ptbxl\MI\20433.png,MI,TACHY,0.859,0
C:\Users\taimo\OneDrive\Documents 1\work\ecg-synthetic-research\data\rendered\ptbxl\MI\20439.png,MI,MI,0.9375,1
C:\Users\taimo\OneDrive\Documents 1\work\ecg-synthetic-research\data\rendered\ptbxl\MI\20446.png,MI,MI,0.9907,1
C:\Users\taimo\OneDrive\Documents 1\work\ecg-synthetic-research\data\rendered\ptbxl\MI\20447.png,MI,MI,0.994,1
C:\Users\taimo\OneDrive\Documents 1\work\ecg-synthetic-research\data\rendered\ptbxl\MI\20457.png,MI,NORM,0.8965,0
C:\Users\taimo\OneDrive\Documents 1\work\ecg-synthetic-research\data\rendered\ptbxl\MI\20508.png,MI,MI,0.895,1
C:\Users\taimo\OneDrive\Documents 1\work\ecg-synthetic-research\data\rendered\ptbxl\MI\20515.png,MI,MI,0.9463,1
C:\Users\taimo\OneDrive\Documents 1\work\ecg-synthetic-research\data\rendered\ptbxl\MI\20570.png,MI,MI,0.853,1
C:\Users\taimo\OneDrive\Documents 1\work\ecg-synthetic-research\data\rendered\ptbxl\MI\20586.png,MI,MI,0.9976,1
C:\Users\taimo\OneDrive\Documents 1\work\ecg-synthetic-research\data\rendered\ptbxl\MI\20592.png,MI,MI,0.9863,1
C:\Users\taimo\OneDrive\Documents 1\work\ecg-synthetic-research\data\rendered\ptbxl\MI\20654.png,MI,MI,0.866,1
C:\Users\taimo\OneDrive\Documents 1\work\ecg-synthetic-research\data\rendered\ptbxl\MI\20711.png,MI,MI,0.981,1
C:\Users\taimo\OneDrive\Documents 1\work\ecg-synthetic-research\data\rendered\ptbxl\MI\20728.png,MI,MI,0.998,1
C:\Users\taimo\OneDrive\Documents 1\work\ecg-synthetic-research\data\rendered\ptbxl\MI\20744.png,MI,MI,0.9824,1
C:\Users\taimo\OneDrive\Documents 1\work\ecg-synthetic-research\data\rendered\ptbxl\MI\20794.png,MI,MI,0.784,1
C:\Users\taimo\OneDrive\Documents 1\work\ecg-synthetic-research\data\rendered\ptbxl\MI\20827.png,MI,MI,0.8745,1
C:\Users\taimo\OneDrive\Documents 1\work\ecg-synthetic-research\data\rendered\ptbxl\MI\20902.png,MI,MI,0.992,1
C:\Users\taimo\OneDrive\Documents 1\work\ecg-synthetic-research\data\rendered\ptbxl\MI\20915.png,MI,MI,0.996,1
C:\Users\taimo\OneDrive\Documents 1\work\ecg-synthetic-research\data\rendered\ptbxl\MI\20926.png,MI,NORM,0.5283,0
C:\Users\taimo\OneDrive\Documents 1\work\ecg-synthetic-research\data\rendered\ptbxl\MI\20977.png,MI,MI,0.667,1
C:\Users\taimo\OneDrive\Documents 1\work\ecg-synthetic-research\data\rendered\ptbxl\MI\21028.png,MI,MI,0.9463,1
C:\Users\taimo\OneDrive\Documents 1\work\ecg-synthetic-research\data\rendered\ptbxl\MI\21035.png,MI,MI,0.627,1
C:\Users\taimo\OneDrive\Documents 1\work\ecg-synthetic-research\data\rendered\ptbxl\MI\21040.png,MI,MI,0.9917,1
C:\Users\taimo\OneDrive\Documents 1\work\ecg-synthetic-research\data\rendered\ptbxl\MI\21045.png,MI,TACHY,0.597,0
C:\Users\taimo\OneDrive\Documents 1\work\ecg-synthetic-research\data\rendered\ptbxl\MI\21051.png,MI,MI,0.765,1
C:\Users\taimo\OneDrive\Documents 1\work\ecg-synthetic-research\data\rendered\ptbxl\MI\21100.png,MI,MI,0.9746,1
C:\Users\taimo\OneDrive\Documents 1\work\ecg-synthetic-research\data\rendered\ptbxl\MI\21194.png,MI,MI,0.7705,1
C:\Users\taimo\OneDrive\Documents 1\work\ecg-synthetic-research\data\rendered\ptbxl\MI\21202.png,MI,MI,0.989,1
C:\Users\taimo\OneDrive\Documents 1\work\ecg-synthetic-research\data\rendered\ptbxl\MI\21235.png,MI,MI,0.8564,1
C:\Users\taimo\OneDrive\Documents 1\work\ecg-synthetic-research\data\rendered\ptbxl\MI\21275.png,MI,MI,0.97,1
C:\Users\taimo\OneDrive\Documents 1\work\ecg-synthetic-research\data\rendered\ptbxl\MI\21307.png,MI,MI,0.9785,1
C:\Users\taimo\OneDrive\Documents 1\work\ecg-synthetic-research\data\rendered\ptbxl\MI\21343.png,MI,MI,0.994,1
C:\Users\taimo\OneDrive\Documents 1\work\ecg-synthetic-research\data\rendered\ptbxl\MI\21439.png,MI,MI,0.948,1
C:\Users\taimo\OneDrive\Documents 1\work\ecg-synthetic-research\data\rendered\ptbxl\MI\21465.png,MI,MI,0.9956,1
C:\Users\taimo\OneDrive\Documents 1\work\ecg-synthetic-research\data\rendered\ptbxl\MI\21582.png,MI,MI,0.606,1
C:\Users\taimo\OneDrive\Documents 1\work\ecg-synthetic-research\data\rendered\ptbxl\MI\21590.png,MI,MI,0.6973,1
C:\Users\taimo\OneDrive\Documents 1\work\ecg-synthetic-research\data\rendered\ptbxl\MI\21610.png,MI,MI,0.7393,1
C:\Users\taimo\OneDrive\Documents 1\work\ecg-synthetic-research\data\rendered\ptbxl\MI\21648.png,MI,MI,0.897,1
C:\Users\taimo\OneDrive\Documents 1\work\ecg-synthetic-research\data\rendered\ptbxl\MI\21709.png,MI,MI,0.674,1
C:\Users\taimo\OneDrive\Documents 1\work\ecg-synthetic-research\data\rendered\ptbxl\MI\21736.png,MI,MI,0.9814,1
C:\Users\taimo\OneDrive\Documents 1\work\ecg-synthetic-research\data\rendered\ptbxl\MI\21799.png,MI,MI,0.6514,1
C:\Users\taimo\OneDrive\Documents 1\work\ecg-synthetic-research\data\rendered\ptbxl\AFIB\00318.png,AFIB,AFIB,0.998,1
C:\Users\taimo\OneDrive\Documents 1\work\ecg-synthetic-research\data\rendered\ptbxl\AFIB\00347.png,AFIB,MI,0.9326,0
C:\Users\taimo\OneDrive\Documents 1\work\ecg-synthetic-research\data\rendered\ptbxl\AFIB\00449.png,AFIB,AFIB,0.897,1
C:\Users\taimo\OneDrive\Documents 1\work\ecg-synthetic-research\data\rendered\ptbxl\AFIB\00452.png,AFIB,AFIB,0.9707,1
C:\Users\taimo\OneDrive\Documents 1\work\ecg-synthetic-research\data\rendered\ptbxl\AFIB\00557.png,AFIB,AFIB,0.9985,1
C:\Users\taimo\OneDrive\Documents 1\work\ecg-synthetic-research\data\rendered\ptbxl\AFIB\00569.png,AFIB,AFIB,0.9897,1
C:\Users\taimo\OneDrive\Documents 1\work\ecg-synthetic-research\data\rendered\ptbxl\AFIB\00674.png,AFIB,AFIB,0.724,1
C:\Users\taimo\OneDrive\Documents 1\work\ecg-synthetic-research\data\rendered\ptbxl\AFIB\00699.png,AFIB,AFIB,0.989,1
C:\Users\taimo\OneDrive\Documents 1\work\ecg-synthetic-research\data\rendered\ptbxl\AFIB\00761.png,AFIB,AFIB,0.9917,1
C:\Users\taimo\OneDrive\Documents 1\work\ecg-synthetic-research\data\rendered\ptbxl\AFIB\00846.png,AFIB,AFIB,0.994,1
C:\Users\taimo\OneDrive\Documents 1\work\ecg-synthetic-research\data\rendered\ptbxl\AFIB\00872.png,AFIB,AFIB,0.9995,1
C:\Users\taimo\OneDrive\Documents 1\work\ecg-synthetic-research\data\rendered\ptbxl\AFIB\01065.png,AFIB,AFIB,0.8574,1
C:\Users\taimo\OneDrive\Documents 1\work\ecg-synthetic-research\data\rendered\ptbxl\AFIB\01486.png,AFIB,AFIB,0.9917,1
C:\Users\taimo\OneDrive\Documents 1\work\ecg-synthetic-research\data\rendered\ptbxl\AFIB\01502.png,AFIB,MI,0.623,0
C:\Users\taimo\OneDrive\Documents 1\work\ecg-synthetic-research\data\rendered\ptbxl\AFIB\01586.png,AFIB,AFIB,0.916,1
C:\Users\taimo\OneDrive\Documents 1\work\ecg-synthetic-research\data\rendered\ptbxl\AFIB\01773.png,AFIB,AFIB,0.953,1
C:\Users\taimo\OneDrive\Documents 1\work\ecg-synthetic-research\data\rendered\ptbxl\AFIB\01798.png,AFIB,AFIB,0.9253,1
C:\Users\taimo\OneDrive\Documents 1\work\ecg-synthetic-research\data\rendered\ptbxl\AFIB\02004.png,AFIB,AFIB,0.866,1
C:\Users\taimo\OneDrive\Documents 1\work\ecg-synthetic-research\data\rendered\ptbxl\AFIB\02219.png,AFIB,AFIB,0.9976,1
C:\Users\taimo\OneDrive\Documents 1\work\ecg-synthetic-research\data\rendered\ptbxl\AFIB\02240.png,AFIB,AFIB,0.7314,1
C:\Users\taimo\OneDrive\Documents 1\work\ecg-synthetic-research\data\rendered\ptbxl\AFIB\02526.png,AFIB,AFIB,0.998,1
C:\Users\taimo\OneDrive\Documents 1\work\ecg-synthetic-research\data\rendered\ptbxl\AFIB\02800.png,AFIB,AFIB,0.983,1
C:\Users\taimo\OneDrive\Documents 1\work\ecg-synthetic-research\data\rendered\ptbxl\AFIB\02818.png,AFIB,AFIB,0.9565,1
C:\Users\taimo\OneDrive\Documents 1\work\ecg-synthetic-research\data\rendered\ptbxl\AFIB\03097.png,AFIB,AFIB,0.84,1
C:\Users\taimo\OneDrive\Documents 1\work\ecg-synthetic-research\data\rendered\ptbxl\AFIB\03431.png,AFIB,AFIB,0.9565,1
C:\Users\taimo\OneDrive\Documents 1\work\ecg-synthetic-research\data\rendered\ptbxl\AFIB\03548.png,AFIB,AFIB,0.989,1
C:\Users\taimo\OneDrive\Documents 1\work\ecg-synthetic-research\data\rendered\ptbxl\AFIB\03654.png,AFIB,AFIB,0.9995,1
C:\Users\taimo\OneDrive\Documents 1\work\ecg-synthetic-research\data\rendered\ptbxl\AFIB\03681.png,AFIB,AFIB,0.939,1
C:\Users\taimo\OneDrive\Documents 1\work\ecg-synthetic-research\data\rendered\ptbxl\AFIB\04202.png,AFIB,AFIB,0.9536,1
C:\Users\taimo\OneDrive\Documents 1\work\ecg-synthetic-research\data\rendered\ptbxl\AFIB\04219.png,AFIB,AFIB,0.9917,1
C:\Users\taimo\OneDrive\Documents 1\work\ecg-synthetic-research\data\rendered\ptbxl\AFIB\04335.png,AFIB,AFIB,0.998,1
C:\Users\taimo\OneDrive\Documents 1\work\ecg-synthetic-research\data\rendered\ptbxl\AFIB\04401.png,AFIB,AFIB,0.9976,1
C:\Users\taimo\OneDrive\Documents 1\work\ecg-synthetic-research\data\rendered\ptbxl\AFIB\04423.png,AFIB,AFIB,0.992,1
C:\Users\taimo\OneDrive\Documents 1\work\ecg-synthetic-research\data\rendered\ptbxl\AFIB\04451.png,AFIB,AFIB,0.903,1
C:\Users\taimo\OneDrive\Documents 1\work\ecg-synthetic-research\data\rendered\ptbxl\AFIB\04489.png,AFIB,AFIB,0.9688,1
C:\Users\taimo\OneDrive\Documents 1\work\ecg-synthetic-research\data\rendered\ptbxl\AFIB\04529.png,AFIB,AFIB,0.9897,1
C:\Users\taimo\OneDrive\Documents 1\work\ecg-synthetic-research\data\rendered\ptbxl\AFIB\04531.png,AFIB,AFIB,0.973,1
C:\Users\taimo\OneDrive\Documents 1\work\ecg-synthetic-research\data\rendered\ptbxl\AFIB\04532.png,AFIB,AFIB,0.9985,1
C:\Users\taimo\OneDrive\Documents 1\work\ecg-synthetic-research\data\rendered\ptbxl\AFIB\04589.png,AFIB,AFIB,0.994,1
C:\Users\taimo\OneDrive\Documents 1\work\ecg-synthetic-research\data\rendered\ptbxl\AFIB\04590.png,AFIB,AFIB,0.998,1
C:\Users\taimo\OneDrive\Documents 1\work\ecg-synthetic-research\data\rendered\ptbxl\AFIB\04769.png,AFIB,AFIB,0.973,1
C:\Users\taimo\OneDrive\Documents 1\work\ecg-synthetic-research\data\rendered\ptbxl\AFIB\04839.png,AFIB,AFIB,0.811,1
C:\Users\taimo\OneDrive\Documents 1\work\ecg-synthetic-research\data\rendered\ptbxl\AFIB\05077.png,AFIB,AFIB,0.9194,1
C:\Users\taimo\OneDrive\Documents 1\work\ecg-synthetic-research\data\rendered\ptbxl\AFIB\05132.png,AFIB,AFIB,0.9995,1
C:\Users\taimo\OneDrive\Documents 1\work\ecg-synthetic-research\data\rendered\ptbxl\AFIB\05260.png,AFIB,AFIB,0.996,1
C:\Users\taimo\OneDrive\Documents 1\work\ecg-synthetic-research\data\rendered\ptbxl\AFIB\05575.png,AFIB,AFIB,0.999,1
C:\Users\taimo\OneDrive\Documents 1\work\ecg-synthetic-research\data\rendered\ptbxl\AFIB\05713.png,AFIB,AFIB,0.995,1
C:\Users\taimo\OneDrive\Documents 1\work\ecg-synthetic-research\data\rendered\ptbxl\AFIB\05776.png,AFIB,AFIB,0.9995,1
C:\Users\taimo\OneDrive\Documents 1\work\ecg-synthetic-research\data\rendered\ptbxl\AFIB\05842.png,AFIB,AFIB,0.9014,1
C:\Users\taimo\OneDrive\Documents 1\work\ecg-synthetic-research\data\rendered\ptbxl\AFIB\05859.png,AFIB,AFIB,0.9746,1
C:\Users\taimo\OneDrive\Documents 1\work\ecg-synthetic-research\data\rendered\ptbxl\AFIB\05885.png,AFIB,AFIB,0.813,1
C:\Users\taimo\OneDrive\Documents 1\work\ecg-synthetic-research\data\rendered\ptbxl\AFIB\05982.png,AFIB,AFIB,0.9937,1
C:\Users\taimo\OneDrive\Documents 1\work\ecg-synthetic-research\data\rendered\ptbxl\AFIB\06086.png,AFIB,AFIB,0.9985,1
C:\Users\taimo\OneDrive\Documents 1\work\ecg-synthetic-research\data\rendered\ptbxl\AFIB\06142.png,AFIB,AFIB,0.9995,1
C:\Users\taimo\OneDrive\Documents 1\work\ecg-synthetic-research\data\rendered\ptbxl\AFIB\06594.png,AFIB,AFIB,0.9985,1
C:\Users\taimo\OneDrive\Documents 1\work\ecg-synthetic-research\data\rendered\ptbxl\AFIB\06643.png,AFIB,AFIB,0.9976,1
C:\Users\taimo\OneDrive\Documents 1\work\ecg-synthetic-research\data\rendered\ptbxl\AFIB\06704.png,AFIB,AFIB,0.9985,1
C:\Users\taimo\OneDrive\Documents 1\work\ecg-synthetic-research\data\rendered\ptbxl\AFIB\06844.png,AFIB,AFIB,0.952,1
C:\Users\taimo\OneDrive\Documents 1\work\ecg-synthetic-research\data\rendered\ptbxl\AFIB\06847.png,AFIB,AFIB,0.991,1
C:\Users\taimo\OneDrive\Documents 1\work\ecg-synthetic-research\data\rendered\ptbxl\AFIB\07014.png,AFIB,AFIB,0.99,1
C:\Users\taimo\OneDrive\Documents 1\work\ecg-synthetic-research\data\rendered\ptbxl\AFIB\07102.png,AFIB,AFIB,0.9834,1
C:\Users\taimo\OneDrive\Documents 1\work\ecg-synthetic-research\data\rendered\ptbxl\AFIB\07145.png,AFIB,AFIB,1.0,1
C:\Users\taimo\OneDrive\Documents 1\work\ecg-synthetic-research\data\rendered\ptbxl\AFIB\07159.png,AFIB,AFIB,0.692,1
C:\Users\taimo\OneDrive\Documents 1\work\ecg-synthetic-research\data\rendered\ptbxl\AFIB\07221.png,AFIB,AFIB,0.983,1
C:\Users\taimo\OneDrive\Documents 1\work\ecg-synthetic-research\data\rendered\ptbxl\AFIB\07261.png,AFIB,AFIB,0.9966,1
C:\Users\taimo\OneDrive\Documents 1\work\ecg-synthetic-research\data\rendered\ptbxl\AFIB\07271.png,AFIB,AFIB,0.9844,1
C:\Users\taimo\OneDrive\Documents 1\work\ecg-synthetic-research\data\rendered\ptbxl\AFIB\07295.png,AFIB,AFIB,0.9946,1
C:\Users\taimo\OneDrive\Documents 1\work\ecg-synthetic-research\data\rendered\ptbxl\AFIB\07313.png,AFIB,AFIB,0.9434,1
C:\Users\taimo\OneDrive\Documents 1\work\ecg-synthetic-research\data\rendered\ptbxl\AFIB\07358.png,AFIB,AFIB,0.989,1
C:\Users\taimo\OneDrive\Documents 1\work\ecg-synthetic-research\data\rendered\ptbxl\AFIB\07393.png,AFIB,AFIB,0.9233,1
C:\Users\taimo\OneDrive\Documents 1\work\ecg-synthetic-research\data\rendered\ptbxl\AFIB\07418.png,AFIB,AFIB,0.9023,1
C:\Users\taimo\OneDrive\Documents 1\work\ecg-synthetic-research\data\rendered\ptbxl\AFIB\07474.png,AFIB,AFIB,0.6304,1
C:\Users\taimo\OneDrive\Documents 1\work\ecg-synthetic-research\data\rendered\ptbxl\AFIB\07492.png,AFIB,AFIB,0.9736,1
C:\Users\taimo\OneDrive\Documents 1\work\ecg-synthetic-research\data\rendered\ptbxl\AFIB\07512.png,AFIB,AFIB,0.9194,1
C:\Users\taimo\OneDrive\Documents 1\work\ecg-synthetic-research\data\rendered\ptbxl\AFIB\07515.png,AFIB,AFIB,0.9956,1
C:\Users\taimo\OneDrive\Documents 1\work\ecg-synthetic-research\data\rendered\ptbxl\AFIB\07525.png,AFIB,AFIB,0.999,1
C:\Users\taimo\OneDrive\Documents 1\work\ecg-synthetic-research\data\rendered\ptbxl\AFIB\07567.png,AFIB,AFIB,0.8745,1
C:\Users\taimo\OneDrive\Documents 1\work\ecg-synthetic-research\data\rendered\ptbxl\AFIB\07646.png,AFIB,AFIB,0.978,1
C:\Users\taimo\OneDrive\Documents 1\work\ecg-synthetic-research\data\rendered\ptbxl\AFIB\07654.png,AFIB,AFIB,0.875,1
C:\Users\taimo\OneDrive\Documents 1\work\ecg-synthetic-research\data\rendered\ptbxl\AFIB\07690.png,AFIB,AFIB,0.999,1
C:\Users\taimo\OneDrive\Documents 1\work\ecg-synthetic-research\data\rendered\ptbxl\AFIB\07774.png,AFIB,AFIB,0.5107,1
C:\Users\taimo\OneDrive\Documents 1\work\ecg-synthetic-research\data\rendered\ptbxl\AFIB\08204.png,AFIB,NORM,0.6387,0
C:\Users\taimo\OneDrive\Documents 1\work\ecg-synthetic-research\data\rendered\ptbxl\AFIB\08271.png,AFIB,AFIB,0.944,1
C:\Users\taimo\OneDrive\Documents 1\work\ecg-synthetic-research\data\rendered\ptbxl\AFIB\08276.png,AFIB,AFIB,0.9697,1
C:\Users\taimo\OneDrive\Documents 1\work\ecg-synthetic-research\data\rendered\ptbxl\AFIB\08374.png,AFIB,AFIB,0.996,1
C:\Users\taimo\OneDrive\Documents 1\work\ecg-synthetic-research\data\rendered\ptbxl\AFIB\08405.png,AFIB,AFIB,1.0,1
C:\Users\taimo\OneDrive\Documents 1\work\ecg-synthetic-research\data\rendered\ptbxl\AFIB\08604.png,AFIB,AFIB,0.9863,1
C:\Users\taimo\OneDrive\Documents 1\work\ecg-synthetic-research\data\rendered\ptbxl\AFIB\08682.png,AFIB,AFIB,0.9966,1
C:\Users\taimo\OneDrive\Documents 1\work\ecg-synthetic-research\data\rendered\ptbxl\AFIB\09012.png,AFIB,AFIB,0.9854,1
C:\Users\taimo\OneDrive\Documents 1\work\ecg-synthetic-research\data\rendered\ptbxl\AFIB\09095.png,AFIB,AFIB,0.994,1
C:\Users\taimo\OneDrive\Documents 1\work\ecg-synthetic-research\data\rendered\ptbxl\AFIB\09289.png,AFIB,AFIB,0.9893,1
C:\Users\taimo\OneDrive\Documents 1\work\ecg-synthetic-research\data\rendered\ptbxl\AFIB\09331.png,AFIB,AFIB,0.981,1
C:\Users\taimo\OneDrive\Documents 1\work\ecg-synthetic-research\data\rendered\ptbxl\AFIB\09337.png,AFIB,AFIB,0.6753,1
C:\Users\taimo\OneDrive\Documents 1\work\ecg-synthetic-research\data\rendered\ptbxl\AFIB\09471.png,AFIB,AFIB,0.993,1
C:\Users\taimo\OneDrive\Documents 1\work\ecg-synthetic-research\data\rendered\ptbxl\AFIB\09527.png,AFIB,AFIB,0.999,1
C:\Users\taimo\OneDrive\Documents 1\work\ecg-synthetic-research\data\rendered\ptbxl\AFIB\09592.png,AFIB,AFIB,0.9224,1
C:\Users\taimo\OneDrive\Documents 1\work\ecg-synthetic-research\data\rendered\ptbxl\AFIB\09708.png,AFIB,AFIB,0.988,1
C:\Users\taimo\OneDrive\Documents 1\work\ecg-synthetic-research\data\rendered\ptbxl\AFIB\09986.png,AFIB,AFIB,0.95,1
C:\Users\taimo\OneDrive\Documents 1\work\ecg-synthetic-research\data\rendered\ptbxl\AFIB\10322.png,AFIB,AFIB,0.967,1
C:\Users\taimo\OneDrive\Documents 1\work\ecg-synthetic-research\data\rendered\ptbxl\AFIB\10353.png,AFIB,AFIB,0.891,1
C:\Users\taimo\OneDrive\Documents 1\work\ecg-synthetic-research\data\rendered\ptbxl\AFIB\10387.png,AFIB,AFIB,0.9546,1
C:\Users\taimo\OneDrive\Documents 1\work\ecg-synthetic-research\data\rendered\ptbxl\AFIB\11278.png,AFIB,AFIB,0.8276,1
C:\Users\taimo\OneDrive\Documents 1\work\ecg-synthetic-research\data\rendered\ptbxl\AFIB\11390.png,AFIB,AFIB,0.999,1
C:\Users\taimo\OneDrive\Documents 1\work\ecg-synthetic-research\data\rendered\ptbxl\AFIB\11513.png,AFIB,AFIB,0.999,1
C:\Users\taimo\OneDrive\Documents 1\work\ecg-synthetic-research\data\rendered\ptbxl\AFIB\11546.png,AFIB,AFIB,1.0,1
C:\Users\taimo\OneDrive\Documents 1\work\ecg-synthetic-research\data\rendered\ptbxl\AFIB\11568.png,AFIB,AFIB,0.9893,1
C:\Users\taimo\OneDrive\Documents 1\work\ecg-synthetic-research\data\rendered\ptbxl\AFIB\11591.png,AFIB,AFIB,0.9985,1
C:\Users\taimo\OneDrive\Documents 1\work\ecg-synthetic-research\data\rendered\ptbxl\AFIB\11639.png,AFIB,AFIB,0.999,1
C:\Users\taimo\OneDrive\Documents 1\work\ecg-synthetic-research\data\rendered\ptbxl\AFIB\11724.png,AFIB,AFIB,0.9756,1
C:\Users\taimo\OneDrive\Documents 1\work\ecg-synthetic-research\data\rendered\ptbxl\AFIB\12085.png,AFIB,AFIB,0.6846,1
C:\Users\taimo\OneDrive\Documents 1\work\ecg-synthetic-research\data\rendered\ptbxl\AFIB\12149.png,AFIB,AFIB,0.997,1
C:\Users\taimo\OneDrive\Documents 1\work\ecg-synthetic-research\data\rendered\ptbxl\AFIB\12234.png,AFIB,AFIB,0.8726,1
C:\Users\taimo\OneDrive\Documents 1\work\ecg-synthetic-research\data\rendered\ptbxl\AFIB\12244.png,AFIB,TACHY,0.543,0
C:\Users\taimo\OneDrive\Documents 1\work\ecg-synthetic-research\data\rendered\ptbxl\AFIB\12443.png,AFIB,AFIB,0.993,1
C:\Users\taimo\OneDrive\Documents 1\work\ecg-synthetic-research\data\rendered\ptbxl\AFIB\12456.png,AFIB,AFIB,0.9995,1
C:\Users\taimo\OneDrive\Documents 1\work\ecg-synthetic-research\data\rendered\ptbxl\AFIB\12632.png,AFIB,AFIB,0.999,1
C:\Users\taimo\OneDrive\Documents 1\work\ecg-synthetic-research\data\rendered\ptbxl\AFIB\12792.png,AFIB,MI,0.5728,0
C:\Users\taimo\OneDrive\Documents 1\work\ecg-synthetic-research\data\rendered\ptbxl\AFIB\12809.png,AFIB,AFIB,0.7905,1
C:\Users\taimo\OneDrive\Documents 1\work\ecg-synthetic-research\data\rendered\ptbxl\AFIB\12847.png,AFIB,AFIB,0.991,1
C:\Users\taimo\OneDrive\Documents 1\work\ecg-synthetic-research\data\rendered\ptbxl\AFIB\12907.png,AFIB,AFIB,0.997,1
C:\Users\taimo\OneDrive\Documents 1\work\ecg-synthetic-research\data\rendered\ptbxl\AFIB\12986.png,AFIB,TACHY,0.58,0
C:\Users\taimo\OneDrive\Documents 1\work\ecg-synthetic-research\data\rendered\ptbxl\AFIB\13057.png,AFIB,AFIB,0.9507,1
C:\Users\taimo\OneDrive\Documents 1\work\ecg-synthetic-research\data\rendered\ptbxl\AFIB\13069.png,AFIB,MI,0.7407,0
C:\Users\taimo\OneDrive\Documents 1\work\ecg-synthetic-research\data\rendered\ptbxl\AFIB\13112.png,AFIB,TACHY,0.656,0
C:\Users\taimo\OneDrive\Documents 1\work\ecg-synthetic-research\data\rendered\ptbxl\AFIB\13154.png,AFIB,AFIB,0.9443,1
C:\Users\taimo\OneDrive\Documents 1\work\ecg-synthetic-research\data\rendered\ptbxl\AFIB\13199.png,AFIB,AFIB,0.9985,1
C:\Users\taimo\OneDrive\Documents 1\work\ecg-synthetic-research\data\rendered\ptbxl\AFIB\13200.png,AFIB,AFIB,0.958,1
C:\Users\taimo\OneDrive\Documents 1\work\ecg-synthetic-research\data\rendered\ptbxl\AFIB\13216.png,AFIB,AFIB,0.9775,1
C:\Users\taimo\OneDrive\Documents 1\work\ecg-synthetic-research\data\rendered\ptbxl\AFIB\13280.png,AFIB,AFIB,0.9746,1
C:\Users\taimo\OneDrive\Documents 1\work\ecg-synthetic-research\data\rendered\ptbxl\AFIB\13333.png,AFIB,AFIB,0.8027,1
C:\Users\taimo\OneDrive\Documents 1\work\ecg-synthetic-research\data\rendered\ptbxl\AFIB\13389.png,AFIB,AFIB,0.9956,1
C:\Users\taimo\OneDrive\Documents 1\work\ecg-synthetic-research\data\rendered\ptbxl\AFIB\13458.png,AFIB,AFIB,0.912,1
C:\Users\taimo\OneDrive\Documents 1\work\ecg-synthetic-research\data\rendered\ptbxl\AFIB\13603.png,AFIB,AFIB,0.9995,1
C:\Users\taimo\OneDrive\Documents 1\work\ecg-synthetic-research\data\rendered\ptbxl\AFIB\13724.png,AFIB,AFIB,0.9907,1
C:\Users\taimo\OneDrive\Documents 1\work\ecg-synthetic-research\data\rendered\ptbxl\AFIB\13742.png,AFIB,AFIB,0.9995,1
C:\Users\taimo\OneDrive\Documents 1\work\ecg-synthetic-research\data\rendered\ptbxl\AFIB\13832.png,AFIB,AFIB,0.967,1
C:\Users\taimo\OneDrive\Documents 1\work\ecg-synthetic-research\data\rendered\ptbxl\AFIB\14102.png,AFIB,AFIB,0.9824,1
C:\Users\taimo\OneDrive\Documents 1\work\ecg-synthetic-research\data\rendered\ptbxl\AFIB\14130.png,AFIB,AFIB,0.98,1
C:\Users\taimo\OneDrive\Documents 1\work\ecg-synthetic-research\data\rendered\ptbxl\AFIB\14201.png,AFIB,AFIB,0.956,1
C:\Users\taimo\OneDrive\Documents 1\work\ecg-synthetic-research\data\rendered\ptbxl\AFIB\14238.png,AFIB,AFIB,0.9834,1
C:\Users\taimo\OneDrive\Documents 1\work\ecg-synthetic-research\data\rendered\ptbxl\AFIB\14265.png,AFIB,AFIB,0.9976,1
C:\Users\taimo\OneDrive\Documents 1\work\ecg-synthetic-research\data\rendered\ptbxl\AFIB\14284.png,AFIB,AFIB,0.9966,1
C:\Users\taimo\OneDrive\Documents 1\work\ecg-synthetic-research\data\rendered\ptbxl\AFIB\14405.png,AFIB,AFIB,0.9956,1
C:\Users\taimo\OneDrive\Documents 1\work\ecg-synthetic-research\data\rendered\ptbxl\AFIB\14610.png,AFIB,AFIB,0.998,1
C:\Users\taimo\OneDrive\Documents 1\work\ecg-synthetic-research\data\rendered\ptbxl\AFIB\14628.png,AFIB,AFIB,0.9863,1
C:\Users\taimo\OneDrive\Documents 1\work\ecg-synthetic-research\data\rendered\ptbxl\AFIB\14671.png,AFIB,AFIB,0.997,1
C:\Users\taimo\OneDrive\Documents 1\work\ecg-synthetic-research\data\rendered\ptbxl\AFIB\14852.png,AFIB,AFIB,0.9966,1
C:\Users\taimo\OneDrive\Documents 1\work\ecg-synthetic-research\data\rendered\ptbxl\AFIB\14959.png,AFIB,AFIB,0.9985,1
C:\Users\taimo\OneDrive\Documents 1\work\ecg-synthetic-research\data\rendered\ptbxl\AFIB\15081.png,AFIB,AFIB,0.996,1
C:\Users\taimo\OneDrive\Documents 1\work\ecg-synthetic-research\data\rendered\ptbxl\AFIB\15195.png,AFIB,AFIB,0.991,1
C:\Users\taimo\OneDrive\Documents 1\work\ecg-synthetic-research\data\rendered\ptbxl\AFIB\15301.png,AFIB,AFIB,0.9995,1
C:\Users\taimo\OneDrive\Documents 1\work\ecg-synthetic-research\data\rendered\ptbxl\AFIB\15305.png,AFIB,AFIB,0.9893,1
C:\Users\taimo\OneDrive\Documents 1\work\ecg-synthetic-research\data\rendered\ptbxl\AFIB\15308.png,AFIB,AFIB,0.9595,1
C:\Users\taimo\OneDrive\Documents 1\work\ecg-synthetic-research\data\rendered\ptbxl\AFIB\15398.png,AFIB,AFIB,0.9976,1
C:\Users\taimo\OneDrive\Documents 1\work\ecg-synthetic-research\data\rendered\ptbxl\AFIB\15471.png,AFIB,AFIB,0.9253,1
C:\Users\taimo\OneDrive\Documents 1\work\ecg-synthetic-research\data\rendered\ptbxl\AFIB\15529.png,AFIB,AFIB,0.999,1
C:\Users\taimo\OneDrive\Documents 1\work\ecg-synthetic-research\data\rendered\ptbxl\AFIB\15568.png,AFIB,AFIB,0.9966,1
C:\Users\taimo\OneDrive\Documents 1\work\ecg-synthetic-research\data\rendered\ptbxl\AFIB\15570.png,AFIB,AFIB,0.809,1
C:\Users\taimo\OneDrive\Documents 1\work\ecg-synthetic-research\data\rendered\ptbxl\AFIB\15571.png,AFIB,AFIB,0.9927,1
C:\Users\taimo\OneDrive\Documents 1\work\ecg-synthetic-research\data\rendered\ptbxl\AFIB\15583.png,AFIB,AFIB,0.9775,1
C:\Users\taimo\OneDrive\Documents 1\work\ecg-synthetic-research\data\rendered\ptbxl\AFIB\15640.png,AFIB,AFIB,0.9976,1
C:\Users\taimo\OneDrive\Documents 1\work\ecg-synthetic-research\data\rendered\ptbxl\AFIB\15756.png,AFIB,AFIB,0.996,1
C:\Users\taimo\OneDrive\Documents 1\work\ecg-synthetic-research\data\rendered\ptbxl\AFIB\15834.png,AFIB,NORM,0.783,0
C:\Users\taimo\OneDrive\Documents 1\work\ecg-synthetic-research\data\rendered\ptbxl\AFIB\15851.png,AFIB,AFIB,0.9697,1
C:\Users\taimo\OneDrive\Documents 1\work\ecg-synthetic-research\data\rendered\ptbxl\AFIB\15958.png,AFIB,AFIB,0.8315,1
C:\Users\taimo\OneDrive\Documents 1\work\ecg-synthetic-research\data\rendered\ptbxl\AFIB\16132.png,AFIB,AFIB,0.937,1
C:\Users\taimo\OneDrive\Documents 1\work\ecg-synthetic-research\data\rendered\ptbxl\AFIB\16153.png,AFIB,AFIB,0.999,1
C:\Users\taimo\OneDrive\Documents 1\work\ecg-synthetic-research\data\rendered\ptbxl\AFIB\16384.png,AFIB,AFIB,0.968,1
C:\Users\taimo\OneDrive\Documents 1\work\ecg-synthetic-research\data\rendered\ptbxl\AFIB\16475.png,AFIB,AFIB,0.996,1
C:\Users\taimo\OneDrive\Documents 1\work\ecg-synthetic-research\data\rendered\ptbxl\AFIB\16548.png,AFIB,AFIB,0.9995,1
C:\Users\taimo\OneDrive\Documents 1\work\ecg-synthetic-research\data\rendered\ptbxl\AFIB\16731.png,AFIB,AFIB,0.913,1
C:\Users\taimo\OneDrive\Documents 1\work\ecg-synthetic-research\data\rendered\ptbxl\AFIB\16739.png,AFIB,AFIB,0.6943,1
C:\Users\taimo\OneDrive\Documents 1\work\ecg-synthetic-research\data\rendered\ptbxl\AFIB\16766.png,AFIB,AFIB,0.979,1
C:\Users\taimo\OneDrive\Documents 1\work\ecg-synthetic-research\data\rendered\ptbxl\AFIB\16851.png,AFIB,AFIB,0.987,1
C:\Users\taimo\OneDrive\Documents 1\work\ecg-synthetic-research\data\rendered\ptbxl\AFIB\16876.png,AFIB,AFIB,0.9995,1
C:\Users\taimo\OneDrive\Documents 1\work\ecg-synthetic-research\data\rendered\ptbxl\AFIB\16926.png,AFIB,AFIB,0.903,1
C:\Users\taimo\OneDrive\Documents 1\work\ecg-synthetic-research\data\rendered\ptbxl\AFIB\16964.png,AFIB,AFIB,0.802,1
C:\Users\taimo\OneDrive\Documents 1\work\ecg-synthetic-research\data\rendered\ptbxl\AFIB\17448.png,AFIB,AFIB,0.9897,1
C:\Users\taimo\OneDrive\Documents 1\work\ecg-synthetic-research\data\rendered\ptbxl\AFIB\17531.png,AFIB,AFIB,0.995,1
C:\Users\taimo\OneDrive\Documents 1\work\ecg-synthetic-research\data\rendered\ptbxl\AFIB\17539.png,AFIB,AFIB,0.6606,1
C:\Users\taimo\OneDrive\Documents 1\work\ecg-synthetic-research\data\rendered\ptbxl\AFIB\17637.png,AFIB,AFIB,0.99,1
C:\Users\taimo\OneDrive\Documents 1\work\ecg-synthetic-research\data\rendered\ptbxl\AFIB\17763.png,AFIB,AFIB,0.987,1
C:\Users\taimo\OneDrive\Documents 1\work\ecg-synthetic-research\data\rendered\ptbxl\AFIB\18442.png,AFIB,AFIB,0.936,1
C:\Users\taimo\OneDrive\Documents 1\work\ecg-synthetic-research\data\rendered\ptbxl\AFIB\18462.png,AFIB,AFIB,0.9653,1
C:\Users\taimo\OneDrive\Documents 1\work\ecg-synthetic-research\data\rendered\ptbxl\AFIB\18511.png,AFIB,AFIB,0.9937,1
C:\Users\taimo\OneDrive\Documents 1\work\ecg-synthetic-research\data\rendered\ptbxl\AFIB\18671.png,AFIB,AFIB,0.999,1
C:\Users\taimo\OneDrive\Documents 1\work\ecg-synthetic-research\data\rendered\ptbxl\AFIB\18690.png,AFIB,AFIB,0.985,1
C:\Users\taimo\OneDrive\Documents 1\work\ecg-synthetic-research\data\rendered\ptbxl\AFIB\18928.png,AFIB,AFIB,0.998,1
C:\Users\taimo\OneDrive\Documents 1\work\ecg-synthetic-research\data\rendered\ptbxl\AFIB\18943.png,AFIB,AFIB,0.953,1
C:\Users\taimo\OneDrive\Documents 1\work\ecg-synthetic-research\data\rendered\ptbxl\AFIB\18987.png,AFIB,AFIB,0.9917,1
C:\Users\taimo\OneDrive\Documents 1\work\ecg-synthetic-research\data\rendered\ptbxl\AFIB\19104.png,AFIB,AFIB,0.892,1
C:\Users\taimo\OneDrive\Documents 1\work\ecg-synthetic-research\data\rendered\ptbxl\AFIB\19171.png,AFIB,AFIB,0.9976,1
C:\Users\taimo\OneDrive\Documents 1\work\ecg-synthetic-research\data\rendered\ptbxl\AFIB\19216.png,AFIB,AFIB,0.7017,1
C:\Users\taimo\OneDrive\Documents 1\work\ecg-synthetic-research\data\rendered\ptbxl\AFIB\19390.png,AFIB,AFIB,0.996,1
C:\Users\taimo\OneDrive\Documents 1\work\ecg-synthetic-research\data\rendered\ptbxl\AFIB\19581.png,AFIB,AFIB,0.9785,1
C:\Users\taimo\OneDrive\Documents 1\work\ecg-synthetic-research\data\rendered\ptbxl\AFIB\19591.png,AFIB,NORM,0.3655,0
C:\Users\taimo\OneDrive\Documents 1\work\ecg-synthetic-research\data\rendered\ptbxl\AFIB\19667.png,AFIB,AFIB,0.9995,1
C:\Users\taimo\OneDrive\Documents 1\work\ecg-synthetic-research\data\rendered\ptbxl\AFIB\19774.png,AFIB,AFIB,0.9326,1
C:\Users\taimo\OneDrive\Documents 1\work\ecg-synthetic-research\data\rendered\ptbxl\AFIB\19874.png,AFIB,MI,0.673,0
C:\Users\taimo\OneDrive\Documents 1\work\ecg-synthetic-research\data\rendered\ptbxl\AFIB\19885.png,AFIB,AFIB,0.95,1
C:\Users\taimo\OneDrive\Documents 1\work\ecg-synthetic-research\data\rendered\ptbxl\AFIB\19909.png,AFIB,AFIB,0.9995,1
C:\Users\taimo\OneDrive\Documents 1\work\ecg-synthetic-research\data\rendered\ptbxl\AFIB\20001.png,AFIB,AFIB,0.993,1
C:\Users\taimo\OneDrive\Documents 1\work\ecg-synthetic-research\data\rendered\ptbxl\AFIB\20019.png,AFIB,AFIB,0.9775,1
C:\Users\taimo\OneDrive\Documents 1\work\ecg-synthetic-research\data\rendered\ptbxl\AFIB\20183.png,AFIB,AFIB,0.876,1
C:\Users\taimo\OneDrive\Documents 1\work\ecg-synthetic-research\data\rendered\ptbxl\AFIB\20212.png,AFIB,AFIB,0.9937,1
C:\Users\taimo\OneDrive\Documents 1\work\ecg-synthetic-research\data\rendered\ptbxl\AFIB\20217.png,AFIB,AFIB,0.9536,1
C:\Users\taimo\OneDrive\Documents 1\work\ecg-synthetic-research\data\rendered\ptbxl\AFIB\20234.png,AFIB,AFIB,0.997,1
C:\Users\taimo\OneDrive\Documents 1\work\ecg-synthetic-research\data\rendered\ptbxl\AFIB\20277.png,AFIB,MI,0.9277,0
C:\Users\taimo\OneDrive\Documents 1\work\ecg-synthetic-research\data\rendered\ptbxl\AFIB\20353.png,AFIB,AFIB,0.9775,1
C:\Users\taimo\OneDrive\Documents 1\work\ecg-synthetic-research\data\rendered\ptbxl\AFIB\20386.png,AFIB,AFIB,0.998,1
C:\Users\taimo\OneDrive\Documents 1\work\ecg-synthetic-research\data\rendered\ptbxl\AFIB\20392.png,AFIB,TACHY,0.9287,0
C:\Users\taimo\OneDrive\Documents 1\work\ecg-synthetic-research\data\rendered\ptbxl\AFIB\20440.png,AFIB,AFIB,0.981,1
C:\Users\taimo\OneDrive\Documents 1\work\ecg-synthetic-research\data\rendered\ptbxl\AFIB\20488.png,AFIB,AFIB,0.9956,1
C:\Users\taimo\OneDrive\Documents 1\work\ecg-synthetic-research\data\rendered\ptbxl\AFIB\20531.png,AFIB,AFIB,0.8745,1
C:\Users\taimo\OneDrive\Documents 1\work\ecg-synthetic-research\data\rendered\ptbxl\AFIB\20597.png,AFIB,AFIB,0.9707,1
C:\Users\taimo\OneDrive\Documents 1\work\ecg-synthetic-research\data\rendered\ptbxl\AFIB\20656.png,AFIB,TACHY,0.9834,0
C:\Users\taimo\OneDrive\Documents 1\work\ecg-synthetic-research\data\rendered\ptbxl\AFIB\20674.png,AFIB,NORM,0.5654,0
C:\Users\taimo\OneDrive\Documents 1\work\ecg-synthetic-research\data\rendered\ptbxl\AFIB\20682.png,AFIB,AFIB,0.9805,1
C:\Users\taimo\OneDrive\Documents 1\work\ecg-synthetic-research\data\rendered\ptbxl\AFIB\20832.png,AFIB,AFIB,0.9556,1
C:\Users\taimo\OneDrive\Documents 1\work\ecg-synthetic-research\data\rendered\ptbxl\AFIB\20874.png,AFIB,AFIB,0.999,1
C:\Users\taimo\OneDrive\Documents 1\work\ecg-synthetic-research\data\rendered\ptbxl\AFIB\20877.png,AFIB,AFIB,0.9995,1
C:\Users\taimo\OneDrive\Documents 1\work\ecg-synthetic-research\data\rendered\ptbxl\AFIB\20935.png,AFIB,AFIB,0.993,1
C:\Users\taimo\OneDrive\Documents 1\work\ecg-synthetic-research\data\rendered\ptbxl\AFIB\20953.png,AFIB,AFIB,0.999,1
C:\Users\taimo\OneDrive\Documents 1\work\ecg-synthetic-research\data\rendered\ptbxl\AFIB\20966.png,AFIB,AFIB,0.9883,1
C:\Users\taimo\OneDrive\Documents 1\work\ecg-synthetic-research\data\rendered\ptbxl\AFIB\21048.png,AFIB,AFIB,0.9985,1
C:\Users\taimo\OneDrive\Documents 1\work\ecg-synthetic-research\data\rendered\ptbxl\AFIB\21084.png,AFIB,AFIB,0.9033,1
C:\Users\taimo\OneDrive\Documents 1\work\ecg-synthetic-research\data\rendered\ptbxl\AFIB\21085.png,AFIB,AFIB,0.9844,1
C:\Users\taimo\OneDrive\Documents 1\work\ecg-synthetic-research\data\rendered\ptbxl\AFIB\21093.png,AFIB,AFIB,0.968,1
C:\Users\taimo\OneDrive\Documents 1\work\ecg-synthetic-research\data\rendered\ptbxl\AFIB\21137.png,AFIB,AFIB,0.978,1
C:\Users\taimo\OneDrive\Documents 1\work\ecg-synthetic-research\data\rendered\ptbxl\AFIB\21162.png,AFIB,AFIB,0.998,1
C:\Users\taimo\OneDrive\Documents 1\work\ecg-synthetic-research\data\rendered\ptbxl\AFIB\21260.png,AFIB,AFIB,0.9927,1
C:\Users\taimo\OneDrive\Documents 1\work\ecg-synthetic-research\data\rendered\ptbxl\AFIB\21336.png,AFIB,AFIB,0.658,1
C:\Users\taimo\OneDrive\Documents 1\work\ecg-synthetic-research\data\rendered\ptbxl\AFIB\21427.png,AFIB,AFIB,0.9995,1
C:\Users\taimo\OneDrive\Documents 1\work\ecg-synthetic-research\data\rendered\ptbxl\AFIB\21601.png,AFIB,AFIB,0.9966,1
C:\Users\taimo\OneDrive\Documents 1\work\ecg-synthetic-research\data\rendered\ptbxl\AFIB\21621.png,AFIB,AFIB,0.994,1
C:\Users\taimo\OneDrive\Documents 1\work\ecg-synthetic-research\data\rendered\ptbxl\AFIB\21655.png,AFIB,AFIB,0.9907,1
C:\Users\taimo\OneDrive\Documents 1\work\ecg-synthetic-research\data\rendered\ptbxl\AFIB\21804.png,AFIB,AFIB,0.8276,1
C:\Users\taimo\OneDrive\Documents 1\work\ecg-synthetic-research\data\rendered\ptbxl\TACHY\00279.png,TACHY,AFIB,0.5083,0
C:\Users\taimo\OneDrive\Documents 1\work\ecg-synthetic-research\data\rendered\ptbxl\TACHY\00746.png,TACHY,TACHY,0.8584,1
C:\Users\taimo\OneDrive\Documents 1\work\ecg-synthetic-research\data\rendered\ptbxl\TACHY\00978.png,TACHY,TACHY,0.9326,1
C:\Users\taimo\OneDrive\Documents 1\work\ecg-synthetic-research\data\rendered\ptbxl\TACHY\01232.png,TACHY,MI,0.4531,0
C:\Users\taimo\OneDrive\Documents 1\work\ecg-synthetic-research\data\rendered\ptbxl\TACHY\01299.png,TACHY,AFIB,0.663,0
C:\Users\taimo\OneDrive\Documents 1\work\ecg-synthetic-research\data\rendered\ptbxl\TACHY\01520.png,TACHY,TACHY,0.984,1
C:\Users\taimo\OneDrive\Documents 1\work\ecg-synthetic-research\data\rendered\ptbxl\TACHY\01611.png,TACHY,TACHY,0.7153,1
C:\Users\taimo\OneDrive\Documents 1\work\ecg-synthetic-research\data\rendered\ptbxl\TACHY\01689.png,TACHY,MI,0.7773,0
C:\Users\taimo\OneDrive\Documents 1\work\ecg-synthetic-research\data\rendered\ptbxl\TACHY\01847.png,TACHY,TACHY,0.962,1
C:\Users\taimo\OneDrive\Documents 1\work\ecg-synthetic-research\data\rendered\ptbxl\TACHY\01984.png,TACHY,TACHY,0.931,1
C:\Users\taimo\OneDrive\Documents 1\work\ecg-synthetic-research\data\rendered\ptbxl\TACHY\02039.png,TACHY,TACHY,0.928,1
C:\Users\taimo\OneDrive\Documents 1\work\ecg-synthetic-research\data\rendered\ptbxl\TACHY\02092.png,TACHY,TACHY,0.955,1
C:\Users\taimo\OneDrive\Documents 1\work\ecg-synthetic-research\data\rendered\ptbxl\TACHY\03337.png,TACHY,TACHY,0.974,1
C:\Users\taimo\OneDrive\Documents 1\work\ecg-synthetic-research\data\rendered\ptbxl\TACHY\03436.png,TACHY,TACHY,0.7544,1
C:\Users\taimo\OneDrive\Documents 1\work\ecg-synthetic-research\data\rendered\ptbxl\TACHY\03759.png,TACHY,AFIB,0.446,0
C:\Users\taimo\OneDrive\Documents 1\work\ecg-synthetic-research\data\rendered\ptbxl\TACHY\03803.png,TACHY,TACHY,0.736,1
C:\Users\taimo\OneDrive\Documents 1\work\ecg-synthetic-research\data\rendered\ptbxl\TACHY\04026.png,TACHY,TACHY,0.9014,1
C:\Users\taimo\OneDrive\Documents 1\work\ecg-synthetic-research\data\rendered\ptbxl\TACHY\04350.png,TACHY,TACHY,0.905,1
C:\Users\taimo\OneDrive\Documents 1\work\ecg-synthetic-research\data\rendered\ptbxl\TACHY\04637.png,TACHY,MI,0.461,0
C:\Users\taimo\OneDrive\Documents 1\work\ecg-synthetic-research\data\rendered\ptbxl\TACHY\04863.png,TACHY,TACHY,0.9653,1
C:\Users\taimo\OneDrive\Documents 1\work\ecg-synthetic-research\data\rendered\ptbxl\TACHY\04932.png,TACHY,TACHY,0.9766,1
C:\Users\taimo\OneDrive\Documents 1\work\ecg-synthetic-research\data\rendered\ptbxl\TACHY\05123.png,TACHY,TACHY,0.923,1
C:\Users\taimo\OneDrive\Documents 1\work\ecg-synthetic-research\data\rendered\ptbxl\TACHY\05323.png,TACHY,TACHY,0.9233,1
C:\Users\taimo\OneDrive\Documents 1\work\ecg-synthetic-research\data\rendered\ptbxl\TACHY\05361.png,TACHY,MI,0.5166,0
C:\Users\taimo\OneDrive\Documents 1\work\ecg-synthetic-research\data\rendered\ptbxl\TACHY\05569.png,TACHY,TACHY,0.9346,1
C:\Users\taimo\OneDrive\Documents 1\work\ecg-synthetic-research\data\rendered\ptbxl\TACHY\05571.png,TACHY,TACHY,0.849,1
C:\Users\taimo\OneDrive\Documents 1\work\ecg-synthetic-research\data\rendered\ptbxl\TACHY\05625.png,TACHY,TACHY,0.806,1
C:\Users\taimo\OneDrive\Documents 1\work\ecg-synthetic-research\data\rendered\ptbxl\TACHY\05748.png,TACHY,TACHY,0.715,1
C:\Users\taimo\OneDrive\Documents 1\work\ecg-synthetic-research\data\rendered\ptbxl\TACHY\05786.png,TACHY,TACHY,0.895,1
C:\Users\taimo\OneDrive\Documents 1\work\ecg-synthetic-research\data\rendered\ptbxl\TACHY\05949.png,TACHY,TACHY,0.899,1
C:\Users\taimo\OneDrive\Documents 1\work\ecg-synthetic-research\data\rendered\ptbxl\TACHY\06177.png,TACHY,TACHY,0.9385,1
C:\Users\taimo\OneDrive\Documents 1\work\ecg-synthetic-research\data\rendered\ptbxl\TACHY\06238.png,TACHY,TACHY,0.7124,1
C:\Users\taimo\OneDrive\Documents 1\work\ecg-synthetic-research\data\rendered\ptbxl\TACHY\06389.png,TACHY,TACHY,0.8394,1
C:\Users\taimo\OneDrive\Documents 1\work\ecg-synthetic-research\data\rendered\ptbxl\TACHY\06950.png,TACHY,MI,0.85,0
C:\Users\taimo\OneDrive\Documents 1\work\ecg-synthetic-research\data\rendered\ptbxl\TACHY\06995.png,TACHY,TACHY,0.8813,1
C:\Users\taimo\OneDrive\Documents 1\work\ecg-synthetic-research\data\rendered\ptbxl\TACHY\07075.png,TACHY,TACHY,0.7207,1
C:\Users\taimo\OneDrive\Documents 1\work\ecg-synthetic-research\data\rendered\ptbxl\TACHY\07426.png,TACHY,TACHY,0.9214,1
C:\Users\taimo\OneDrive\Documents 1\work\ecg-synthetic-research\data\rendered\ptbxl\TACHY\07889.png,TACHY,AFIB,0.561,0
C:\Users\taimo\OneDrive\Documents 1\work\ecg-synthetic-research\data\rendered\ptbxl\TACHY\08954.png,TACHY,TACHY,0.9585,1
C:\Users\taimo\OneDrive\Documents 1\work\ecg-synthetic-research\data\rendered\ptbxl\TACHY\09116.png,TACHY,TACHY,0.9785,1
C:\Users\taimo\OneDrive\Documents 1\work\ecg-synthetic-research\data\rendered\ptbxl\TACHY\09428.png,TACHY,TACHY,0.968,1
C:\Users\taimo\OneDrive\Documents 1\work\ecg-synthetic-research\data\rendered\ptbxl\TACHY\09714.png,TACHY,TACHY,0.887,1
C:\Users\taimo\OneDrive\Documents 1\work\ecg-synthetic-research\data\rendered\ptbxl\TACHY\09738.png,TACHY,TACHY,0.9937,1
C:\Users\taimo\OneDrive\Documents 1\work\ecg-synthetic-research\data\rendered\ptbxl\TACHY\09866.png,TACHY,TACHY,0.9478,1
C:\Users\taimo\OneDrive\Documents 1\work\ecg-synthetic-research\data\rendered\ptbxl\TACHY\10105.png,TACHY,TACHY,0.9404,1
C:\Users\taimo\OneDrive\Documents 1\work\ecg-synthetic-research\data\rendered\ptbxl\TACHY\10355.png,TACHY,MI,0.7725,0
C:\Users\taimo\OneDrive\Documents 1\work\ecg-synthetic-research\data\rendered\ptbxl\TACHY\10360.png,TACHY,TACHY,0.72,1
C:\Users\taimo\OneDrive\Documents 1\work\ecg-synthetic-research\data\rendered\ptbxl\TACHY\10390.png,TACHY,TACHY,0.8813,1
C:\Users\taimo\OneDrive\Documents 1\work\ecg-synthetic-research\data\rendered\ptbxl\TACHY\10506.png,TACHY,AFIB,0.8887,0
C:\Users\taimo\OneDrive\Documents 1\work\ecg-synthetic-research\data\rendered\ptbxl\TACHY\11431.png,TACHY,TACHY,0.8926,1
C:\Users\taimo\OneDrive\Documents 1\work\ecg-synthetic-research\data\rendered\ptbxl\TACHY\11579.png,TACHY,TACHY,0.9556,1
C:\Users\taimo\OneDrive\Documents 1\work\ecg-synthetic-research\data\rendered\ptbxl\TACHY\12016.png,TACHY,TACHY,0.93,1
C:\Users\taimo\OneDrive\Documents 1\work\ecg-synthetic-research\data\rendered\ptbxl\TACHY\12068.png,TACHY,TACHY,0.564,1
C:\Users\taimo\OneDrive\Documents 1\work\ecg-synthetic-research\data\rendered\ptbxl\TACHY\12225.png,TACHY,TACHY,0.9043,1
C:\Users\taimo\OneDrive\Documents 1\work\ecg-synthetic-research\data\rendered\ptbxl\TACHY\12537.png,TACHY,TACHY,0.679,1
C:\Users\taimo\OneDrive\Documents 1\work\ecg-synthetic-research\data\rendered\ptbxl\TACHY\12540.png,TACHY,TACHY,0.7646,1
C:\Users\taimo\OneDrive\Documents 1\work\ecg-synthetic-research\data\rendered\ptbxl\TACHY\12726.png,TACHY,NORM,0.6646,0
C:\Users\taimo\OneDrive\Documents 1\work\ecg-synthetic-research\data\rendered\ptbxl\TACHY\12904.png,TACHY,TACHY,0.987,1
C:\Users\taimo\OneDrive\Documents 1\work\ecg-synthetic-research\data\rendered\ptbxl\TACHY\13143.png,TACHY,TACHY,0.8623,1
C:\Users\taimo\OneDrive\Documents 1\work\ecg-synthetic-research\data\rendered\ptbxl\TACHY\13164.png,TACHY,TACHY,0.9272,1
C:\Users\taimo\OneDrive\Documents 1\work\ecg-synthetic-research\data\rendered\ptbxl\TACHY\13277.png,TACHY,TACHY,0.9697,1
C:\Users\taimo\OneDrive\Documents 1\work\ecg-synthetic-research\data\rendered\ptbxl\TACHY\13618.png,TACHY,TACHY,0.681,1
C:\Users\taimo\OneDrive\Documents 1\work\ecg-synthetic-research\data\rendered\ptbxl\TACHY\13619.png,TACHY,TACHY,0.9385,1
C:\Users\taimo\OneDrive\Documents 1\work\ecg-synthetic-research\data\rendered\ptbxl\TACHY\13620.png,TACHY,TACHY,0.7905,1
C:\Users\taimo\OneDrive\Documents 1\work\ecg-synthetic-research\data\rendered\ptbxl\TACHY\13897.png,TACHY,TACHY,0.854,1
C:\Users\taimo\OneDrive\Documents 1\work\ecg-synthetic-research\data\rendered\ptbxl\TACHY\14183.png,TACHY,TACHY,0.9683,1
C:\Users\taimo\OneDrive\Documents 1\work\ecg-synthetic-research\data\rendered\ptbxl\TACHY\14349.png,TACHY,AFIB,0.8667,0
C:\Users\taimo\OneDrive\Documents 1\work\ecg-synthetic-research\data\rendered\ptbxl\TACHY\14350.png,TACHY,TACHY,0.9756,1
C:\Users\taimo\OneDrive\Documents 1\work\ecg-synthetic-research\data\rendered\ptbxl\TACHY\14472.png,TACHY,TACHY,0.957,1
C:\Users\taimo\OneDrive\Documents 1\work\ecg-synthetic-research\data\rendered\ptbxl\TACHY\14751.png,TACHY,TACHY,0.9673,1
C:\Users\taimo\OneDrive\Documents 1\work\ecg-synthetic-research\data\rendered\ptbxl\TACHY\14825.png,TACHY,TACHY,0.817,1
C:\Users\taimo\OneDrive\Documents 1\work\ecg-synthetic-research\data\rendered\ptbxl\TACHY\15024.png,TACHY,TACHY,0.93,1
C:\Users\taimo\OneDrive\Documents 1\work\ecg-synthetic-research\data\rendered\ptbxl\TACHY\15108.png,TACHY,AFIB,0.9204,0
C:\Users\taimo\OneDrive\Documents 1\work\ecg-synthetic-research\data\rendered\ptbxl\TACHY\15357.png,TACHY,TACHY,0.5234,1
C:\Users\taimo\OneDrive\Documents 1\work\ecg-synthetic-research\data\rendered\ptbxl\TACHY\15364.png,TACHY,TACHY,0.8516,1
C:\Users\taimo\OneDrive\Documents 1\work\ecg-synthetic-research\data\rendered\ptbxl\TACHY\15535.png,TACHY,TACHY,0.6704,1
C:\Users\taimo\OneDrive\Documents 1\work\ecg-synthetic-research\data\rendered\ptbxl\TACHY\16162.png,TACHY,TACHY,0.7485,1
C:\Users\taimo\OneDrive\Documents 1\work\ecg-synthetic-research\data\rendered\ptbxl\TACHY\16970.png,TACHY,AFIB,0.9854,0
C:\Users\taimo\OneDrive\Documents 1\work\ecg-synthetic-research\data\rendered\ptbxl\TACHY\17295.png,TACHY,TACHY,0.9717,1
C:\Users\taimo\OneDrive\Documents 1\work\ecg-synthetic-research\data\rendered\ptbxl\TACHY\17418.png,TACHY,TACHY,0.7627,1
C:\Users\taimo\OneDrive\Documents 1\work\ecg-synthetic-research\data\rendered\ptbxl\TACHY\18037.png,TACHY,TACHY,0.9287,1
C:\Users\taimo\OneDrive\Documents 1\work\ecg-synthetic-research\data\rendered\ptbxl\TACHY\18141.png,TACHY,TACHY,0.8555,1
C:\Users\taimo\OneDrive\Documents 1\work\ecg-synthetic-research\data\rendered\ptbxl\TACHY\18178.png,TACHY,TACHY,0.889,1
C:\Users\taimo\OneDrive\Documents 1\work\ecg-synthetic-research\data\rendered\ptbxl\TACHY\18403.png,TACHY,TACHY,0.9536,1
C:\Users\taimo\OneDrive\Documents 1\work\ecg-synthetic-research\data\rendered\ptbxl\TACHY\18500.png,TACHY,TACHY,0.9233,1
C:\Users\taimo\OneDrive\Documents 1\work\ecg-synthetic-research\data\rendered\ptbxl\TACHY\18604.png,TACHY,TACHY,0.9795,1
C:\Users\taimo\OneDrive\Documents 1\work\ecg-synthetic-research\data\rendered\ptbxl\TACHY\18914.png,TACHY,TACHY,0.988,1
C:\Users\taimo\OneDrive\Documents 1\work\ecg-synthetic-research\data\rendered\ptbxl\TACHY\19013.png,TACHY,TACHY,0.9746,1
C:\Users\taimo\OneDrive\Documents 1\work\ecg-synthetic-research\data\rendered\ptbxl\TACHY\19128.png,TACHY,TACHY,0.948,1
C:\Users\taimo\OneDrive\Documents 1\work\ecg-synthetic-research\data\rendered\ptbxl\TACHY\19258.png,TACHY,TACHY,0.972,1
C:\Users\taimo\OneDrive\Documents 1\work\ecg-synthetic-research\data\rendered\ptbxl\TACHY\19275.png,TACHY,TACHY,0.8643,1
C:\Users\taimo\OneDrive\Documents 1\work\ecg-synthetic-research\data\rendered\ptbxl\TACHY\20315.png,TACHY,TACHY,0.918,1
C:\Users\taimo\OneDrive\Documents 1\work\ecg-synthetic-research\data\rendered\ptbxl\TACHY\20544.png,TACHY,TACHY,0.9204,1
C:\Users\taimo\OneDrive\Documents 1\work\ecg-synthetic-research\data\rendered\ptbxl\TACHY\20678.png,TACHY,TACHY,0.964,1
C:\Users\taimo\OneDrive\Documents 1\work\ecg-synthetic-research\data\rendered\ptbxl\TACHY\20824.png,TACHY,TACHY,0.963,1
C:\Users\taimo\OneDrive\Documents 1\work\ecg-synthetic-research\data\rendered\ptbxl\TACHY\20960.png,TACHY,TACHY,0.903,1
C:\Users\taimo\OneDrive\Documents 1\work\ecg-synthetic-research\data\rendered\ptbxl\TACHY\21213.png,TACHY,TACHY,0.9697,1
C:\Users\taimo\OneDrive\Documents 1\work\ecg-synthetic-research\data\rendered\ptbxl\TACHY\21353.png,TACHY,TACHY,0.8984,1
C:\Users\taimo\OneDrive\Documents 1\work\ecg-synthetic-research\data\rendered\ptbxl\TACHY\21778.png,TACHY,TACHY,0.8936,1
C:\Users\taimo\OneDrive\Documents 1\work\ecg-synthetic-research\data\rendered\imagen_clean\NORM\nano_NORM_NORM_01_002.png,NORM,MI,0.659,0
C:\Users\taimo\OneDrive\Documents 1\work\ecg-synthetic-research\data\rendered\imagen_clean\NORM\nano_NORM_NORM_01_006.png,NORM,NORM,0.9355,1
C:\Users\taimo\OneDrive\Documents 1\work\ecg-synthetic-research\data\rendered\imagen_clean\NORM\nano_NORM_NORM_01_010.png,NORM,NORM,0.9966,1
C:\Users\taimo\OneDrive\Documents 1\work\ecg-synthetic-research\data\rendered\imagen_clean\NORM\nano_NORM_NORM_01_014.png,NORM,NORM,0.958,1
C:\Users\taimo\OneDrive\Documents 1\work\ecg-synthetic-research\data\rendered\imagen_clean\NORM\nano_NORM_NORM_01_018.png,NORM,NORM,0.9946,1
C:\Users\taimo\OneDrive\Documents 1\work\ecg-synthetic-research\data\rendered\imagen_clean\NORM\nano_NORM_NORM_02_002.png,NORM,AFIB,0.806,0
C:\Users\taimo\OneDrive\Documents 1\work\ecg-synthetic-research\data\rendered\imagen_clean\NORM\nano_NORM_NORM_02_006.png,NORM,NORM,0.967,1
C:\Users\taimo\OneDrive\Documents 1\work\ecg-synthetic-research\data\rendered\imagen_clean\NORM\nano_NORM_NORM_02_010.png,NORM,NORM,0.9453,1
C:\Users\taimo\OneDrive\Documents 1\work\ecg-synthetic-research\data\rendered\imagen_clean\NORM\nano_NORM_NORM_02_014.png,NORM,NORM,0.6387,1
C:\Users\taimo\OneDrive\Documents 1\work\ecg-synthetic-research\data\rendered\imagen_clean\NORM\nano_NORM_NORM_02_018.png,NORM,NORM,0.9297,1
C:\Users\taimo\OneDrive\Documents 1\work\ecg-synthetic-research\data\rendered\imagen_clean\NORM\nano_NORM_NORM_03_002.png,NORM,NORM,0.999,1
C:\Users\taimo\OneDrive\Documents 1\work\ecg-synthetic-research\data\rendered\imagen_clean\NORM\nano_NORM_NORM_03_006.png,NORM,NORM,0.995,1
C:\Users\taimo\OneDrive\Documents 1\work\ecg-synthetic-research\data\rendered\imagen_clean\NORM\nano_NORM_NORM_03_010.png,NORM,NORM,0.992,1
C:\Users\taimo\OneDrive\Documents 1\work\ecg-synthetic-research\data\rendered\imagen_clean\NORM\nano_NORM_NORM_03_014.png,NORM,NORM,0.9253,1
C:\Users\taimo\OneDrive\Documents 1\work\ecg-synthetic-research\data\rendered\imagen_clean\NORM\nano_NORM_NORM_03_018.png,NORM,NORM,0.977,1
C:\Users\taimo\OneDrive\Documents 1\work\ecg-synthetic-research\data\rendered\imagen_clean\NORM\nano_NORM_NORM_04_002.png,NORM,NORM,0.8384,1
C:\Users\taimo\OneDrive\Documents 1\work\ecg-synthetic-research\data\rendered\imagen_clean\NORM\nano_NORM_NORM_04_006.png,NORM,NORM,0.69,1
C:\Users\taimo\OneDrive\Documents 1\work\ecg-synthetic-research\data\rendered\imagen_clean\NORM\nano_NORM_NORM_04_010.png,NORM,NORM,0.9907,1
C:\Users\taimo\OneDrive\Documents 1\work\ecg-synthetic-research\data\rendered\imagen_clean\NORM\nano_NORM_NORM_04_014.png,NORM,NORM,0.977,1
C:\Users\taimo\OneDrive\Documents 1\work\ecg-synthetic-research\data\rendered\imagen_clean\NORM\nano_NORM_NORM_04_018.png,NORM,AFIB,0.6045,0
C:\Users\taimo\OneDrive\Documents 1\work\ecg-synthetic-research\data\rendered\imagen_clean\NORM\nano_NORM_NORM_05_002.png,NORM,NORM,0.995,1
C:\Users\taimo\OneDrive\Documents 1\work\ecg-synthetic-research\data\rendered\imagen_clean\NORM\nano_NORM_NORM_05_006.png,NORM,NORM,0.985,1
C:\Users\taimo\OneDrive\Documents 1\work\ecg-synthetic-research\data\rendered\imagen_clean\NORM\nano_NORM_NORM_05_010.png,NORM,NORM,0.953,1
C:\Users\taimo\OneDrive\Documents 1\work\ecg-synthetic-research\data\rendered\imagen_clean\NORM\nano_NORM_NORM_05_014.png,NORM,NORM,0.984,1
C:\Users\taimo\OneDrive\Documents 1\work\ecg-synthetic-research\data\rendered\imagen_clean\NORM\nano_NORM_NORM_05_018.png,NORM,NORM,0.97,1
C:\Users\taimo\OneDrive\Documents 1\work\ecg-synthetic-research\data\rendered\imagen_clean\NORM\nano_NORM_NORM_06_002.png,NORM,NORM,0.997,1
C:\Users\taimo\OneDrive\Documents 1\work\ecg-synthetic-research\data\rendered\imagen_clean\NORM\nano_NORM_NORM_06_006.png,NORM,NORM,0.8877,1
C:\Users\taimo\OneDrive\Documents 1\work\ecg-synthetic-research\data\rendered\imagen_clean\NORM\nano_NORM_NORM_06_010.png,NORM,NORM,0.981,1
C:\Users\taimo\OneDrive\Documents 1\work\ecg-synthetic-research\data\rendered\imagen_clean\NORM\nano_NORM_NORM_06_014.png,NORM,NORM,0.9277,1
C:\Users\taimo\OneDrive\Documents 1\work\ecg-synthetic-research\data\rendered\imagen_clean\NORM\nano_NORM_NORM_06_018.png,NORM,NORM,0.8247,1
C:\Users\taimo\OneDrive\Documents 1\work\ecg-synthetic-research\data\rendered\imagen_clean\NORM\nano_NORM_NORM_07_002.png,NORM,NORM,0.8975,1
C:\Users\taimo\OneDrive\Documents 1\work\ecg-synthetic-research\data\rendered\imagen_clean\NORM\nano_NORM_NORM_07_006.png,NORM,NORM,0.846,1
C:\Users\taimo\OneDrive\Documents 1\work\ecg-synthetic-research\data\rendered\imagen_clean\NORM\nano_NORM_NORM_07_010.png,NORM,NORM,0.981,1
C:\Users\taimo\OneDrive\Documents 1\work\ecg-synthetic-research\data\rendered\imagen_clean\NORM\nano_NORM_NORM_07_014.png,NORM,NORM,0.9883,1
C:\Users\taimo\OneDrive\Documents 1\work\ecg-synthetic-research\data\rendered\imagen_clean\NORM\nano_NORM_NORM_07_018.png,NORM,NORM,0.811,1
C:\Users\taimo\OneDrive\Documents 1\work\ecg-synthetic-research\data\rendered\imagen_clean\NORM\nano_NORM_NORM_08_002.png,NORM,NORM,0.982,1
C:\Users\taimo\OneDrive\Documents 1\work\ecg-synthetic-research\data\rendered\imagen_clean\NORM\nano_NORM_NORM_08_006.png,NORM,NORM,0.962,1
C:\Users\taimo\OneDrive\Documents 1\work\ecg-synthetic-research\data\rendered\imagen_clean\NORM\nano_NORM_NORM_08_010.png,NORM,NORM,0.998,1
C:\Users\taimo\OneDrive\Documents 1\work\ecg-synthetic-research\data\rendered\imagen_clean\NORM\nano_NORM_NORM_08_014.png,NORM,TACHY,0.971,0
C:\Users\taimo\OneDrive\Documents 1\work\ecg-synthetic-research\data\rendered\imagen_clean\NORM\nano_NORM_NORM_08_018.png,NORM,NORM,0.996,1
C:\Users\taimo\OneDrive\Documents 1\work\ecg-synthetic-research\data\rendered\imagen_clean\MI\nano_MI_MI_01_002.png,MI,MI,0.85,1
C:\Users\taimo\OneDrive\Documents 1\work\ecg-synthetic-research\data\rendered\imagen_clean\MI\nano_MI_MI_01_006.png,MI,TACHY,0.4995,0
C:\Users\taimo\OneDrive\Documents 1\work\ecg-synthetic-research\data\rendered\imagen_clean\MI\nano_MI_MI_01_010.png,MI,NORM,0.9663,0
C:\Users\taimo\OneDrive\Documents 1\work\ecg-synthetic-research\data\rendered\imagen_clean\MI\nano_MI_MI_01_014.png,MI,MI,0.996,1
C:\Users\taimo\OneDrive\Documents 1\work\ecg-synthetic-research\data\rendered\imagen_clean\MI\nano_MI_MI_01_018.png,MI,MI,0.511,1
C:\Users\taimo\OneDrive\Documents 1\work\ecg-synthetic-research\data\rendered\imagen_clean\MI\nano_MI_MI_02_002.png,MI,MI,0.9854,1
C:\Users\taimo\OneDrive\Documents 1\work\ecg-synthetic-research\data\rendered\imagen_clean\MI\nano_MI_MI_02_006.png,MI,MI,0.991,1
C:\Users\taimo\OneDrive\Documents 1\work\ecg-synthetic-research\data\rendered\imagen_clean\MI\nano_MI_MI_02_010.png,MI,MI,0.9395,1
C:\Users\taimo\OneDrive\Documents 1\work\ecg-synthetic-research\data\rendered\imagen_clean\MI\nano_MI_MI_02_014.png,MI,MI,0.9155,1
C:\Users\taimo\OneDrive\Documents 1\work\ecg-synthetic-research\data\rendered\imagen_clean\MI\nano_MI_MI_02_018.png,MI,MI,0.9243,1
C:\Users\taimo\OneDrive\Documents 1\work\ecg-synthetic-research\data\rendered\imagen_clean\MI\nano_MI_MI_03_002.png,MI,MI,0.984,1
C:\Users\taimo\OneDrive\Documents 1\work\ecg-synthetic-research\data\rendered\imagen_clean\MI\nano_MI_MI_03_006.png,MI,NORM,0.5327,0
C:\Users\taimo\OneDrive\Documents 1\work\ecg-synthetic-research\data\rendered\imagen_clean\MI\nano_MI_MI_03_010.png,MI,MI,0.888,1
C:\Users\taimo\OneDrive\Documents 1\work\ecg-synthetic-research\data\rendered\imagen_clean\MI\nano_MI_MI_03_014.png,MI,MI,0.9907,1
C:\Users\taimo\OneDrive\Documents 1\work\ecg-synthetic-research\data\rendered\imagen_clean\MI\nano_MI_MI_03_018.png,MI,MI,0.995,1
C:\Users\taimo\OneDrive\Documents 1\work\ecg-synthetic-research\data\rendered\imagen_clean\MI\nano_MI_MI_04_002.png,MI,MI,0.8633,1
C:\Users\taimo\OneDrive\Documents 1\work\ecg-synthetic-research\data\rendered\imagen_clean\MI\nano_MI_MI_04_006.png,MI,MI,0.9985,1
C:\Users\taimo\OneDrive\Documents 1\work\ecg-synthetic-research\data\rendered\imagen_clean\MI\nano_MI_MI_04_010.png,MI,MI,0.9883,1
C:\Users\taimo\OneDrive\Documents 1\work\ecg-synthetic-research\data\rendered\imagen_clean\MI\nano_MI_MI_04_014.png,MI,MI,0.983,1
C:\Users\taimo\OneDrive\Documents 1\work\ecg-synthetic-research\data\rendered\imagen_clean\MI\nano_MI_MI_04_018.png,MI,MI,0.963,1
C:\Users\taimo\OneDrive\Documents 1\work\ecg-synthetic-research\data\rendered\imagen_clean\MI\nano_MI_MI_05_002.png,MI,NORM,0.779,0
C:\Users\taimo\OneDrive\Documents 1\work\ecg-synthetic-research\data\rendered\imagen_clean\MI\nano_MI_MI_05_006.png,MI,MI,0.9966,1
C:\Users\taimo\OneDrive\Documents 1\work\ecg-synthetic-research\data\rendered\imagen_clean\MI\nano_MI_MI_05_010.png,MI,MI,0.9995,1
C:\Users\taimo\OneDrive\Documents 1\work\ecg-synthetic-research\data\rendered\imagen_clean\MI\nano_MI_MI_05_014.png,MI,MI,0.9873,1
C:\Users\taimo\OneDrive\Documents 1\work\ecg-synthetic-research\data\rendered\imagen_clean\MI\nano_MI_MI_05_018.png,MI,AFIB,0.4407,0
C:\Users\taimo\OneDrive\Documents 1\work\ecg-synthetic-research\data\rendered\imagen_clean\MI\nano_MI_MI_06_002.png,MI,MI,0.9717,1
C:\Users\taimo\OneDrive\Documents 1\work\ecg-synthetic-research\data\rendered\imagen_clean\MI\nano_MI_MI_06_006.png,MI,MI,0.998,1
C:\Users\taimo\OneDrive\Documents 1\work\ecg-synthetic-research\data\rendered\imagen_clean\MI\nano_MI_MI_06_010.png,MI,MI,0.9985,1
C:\Users\taimo\OneDrive\Documents 1\work\ecg-synthetic-research\data\rendered\imagen_clean\MI\nano_MI_MI_06_014.png,MI,NORM,0.527,0
C:\Users\taimo\OneDrive\Documents 1\work\ecg-synthetic-research\data\rendered\imagen_clean\MI\nano_MI_MI_06_018.png,MI,MI,0.9917,1
C:\Users\taimo\OneDrive\Documents 1\work\ecg-synthetic-research\data\rendered\imagen_clean\MI\nano_MI_MI_07_002.png,MI,NORM,0.8794,0
C:\Users\taimo\OneDrive\Documents 1\work\ecg-synthetic-research\data\rendered\imagen_clean\MI\nano_MI_MI_07_006.png,MI,MI,0.511,1
C:\Users\taimo\OneDrive\Documents 1\work\ecg-synthetic-research\data\rendered\imagen_clean\MI\nano_MI_MI_07_010.png,MI,NORM,0.935,0
C:\Users\taimo\OneDrive\Documents 1\work\ecg-synthetic-research\data\rendered\imagen_clean\MI\nano_MI_MI_07_014.png,MI,NORM,0.9014,0
C:\Users\taimo\OneDrive\Documents 1\work\ecg-synthetic-research\data\rendered\imagen_clean\MI\nano_MI_MI_07_018.png,MI,TACHY,0.5127,0
C:\Users\taimo\OneDrive\Documents 1\work\ecg-synthetic-research\data\rendered\imagen_clean\MI\nano_MI_MI_08_002.png,MI,MI,0.6787,1
C:\Users\taimo\OneDrive\Documents 1\work\ecg-synthetic-research\data\rendered\imagen_clean\MI\nano_MI_MI_08_006.png,MI,MI,0.9985,1
C:\Users\taimo\OneDrive\Documents 1\work\ecg-synthetic-research\data\rendered\imagen_clean\MI\nano_MI_MI_08_010.png,MI,NORM,0.7783,0
C:\Users\taimo\OneDrive\Documents 1\work\ecg-synthetic-research\data\rendered\imagen_clean\MI\nano_MI_MI_08_014.png,MI,MI,0.986,1
C:\Users\taimo\OneDrive\Documents 1\work\ecg-synthetic-research\data\rendered\imagen_clean\MI\nano_MI_MI_08_018.png,MI,NORM,0.641,0
C:\Users\taimo\OneDrive\Documents 1\work\ecg-synthetic-research\data\rendered\imagen_clean\AFIB\nano_AFIB_AFIB_01_002.png,AFIB,AFIB,0.9976,1
C:\Users\taimo\OneDrive\Documents 1\work\ecg-synthetic-research\data\rendered\imagen_clean\AFIB\nano_AFIB_AFIB_01_006.png,AFIB,AFIB,1.0,1
C:\Users\taimo\OneDrive\Documents 1\work\ecg-synthetic-research\data\rendered\imagen_clean\AFIB\nano_AFIB_AFIB_01_010.png,AFIB,AFIB,0.8115,1
C:\Users\taimo\OneDrive\Documents 1\work\ecg-synthetic-research\data\rendered\imagen_clean\AFIB\nano_AFIB_AFIB_01_014.png,AFIB,AFIB,1.0,1
C:\Users\taimo\OneDrive\Documents 1\work\ecg-synthetic-research\data\rendered\imagen_clean\AFIB\nano_AFIB_AFIB_01_018.png,AFIB,AFIB,1.0,1
C:\Users\taimo\OneDrive\Documents 1\work\ecg-synthetic-research\data\rendered\imagen_clean\AFIB\nano_AFIB_AFIB_02_002.png,AFIB,AFIB,0.9985,1
C:\Users\taimo\OneDrive\Documents 1\work\ecg-synthetic-research\data\rendered\imagen_clean\AFIB\nano_AFIB_AFIB_02_006.png,AFIB,TACHY,0.7715,0
C:\Users\taimo\OneDrive\Documents 1\work\ecg-synthetic-research\data\rendered\imagen_clean\AFIB\nano_AFIB_AFIB_02_010.png,AFIB,AFIB,0.998,1
C:\Users\taimo\OneDrive\Documents 1\work\ecg-synthetic-research\data\rendered\imagen_clean\AFIB\nano_AFIB_AFIB_02_014.png,AFIB,TACHY,0.9683,0
C:\Users\taimo\OneDrive\Documents 1\work\ecg-synthetic-research\data\rendered\imagen_clean\AFIB\nano_AFIB_AFIB_02_018.png,AFIB,AFIB,0.8643,1
C:\Users\taimo\OneDrive\Documents 1\work\ecg-synthetic-research\data\rendered\imagen_clean\AFIB\nano_AFIB_AFIB_03_002.png,AFIB,AFIB,0.9785,1
C:\Users\taimo\OneDrive\Documents 1\work\ecg-synthetic-research\data\rendered\imagen_clean\AFIB\nano_AFIB_AFIB_03_006.png,AFIB,AFIB,0.938,1
C:\Users\taimo\OneDrive\Documents 1\work\ecg-synthetic-research\data\rendered\imagen_clean\AFIB\nano_AFIB_AFIB_03_010.png,AFIB,AFIB,0.995,1
C:\Users\taimo\OneDrive\Documents 1\work\ecg-synthetic-research\data\rendered\imagen_clean\AFIB\nano_AFIB_AFIB_03_014.png,AFIB,AFIB,0.995,1
C:\Users\taimo\OneDrive\Documents 1\work\ecg-synthetic-research\data\rendered\imagen_clean\AFIB\nano_AFIB_AFIB_03_018.png,AFIB,TACHY,0.516,0
C:\Users\taimo\OneDrive\Documents 1\work\ecg-synthetic-research\data\rendered\imagen_clean\AFIB\nano_AFIB_AFIB_04_002.png,AFIB,AFIB,0.994,1
C:\Users\taimo\OneDrive\Documents 1\work\ecg-synthetic-research\data\rendered\imagen_clean\AFIB\nano_AFIB_AFIB_04_006.png,AFIB,AFIB,0.9165,1
C:\Users\taimo\OneDrive\Documents 1\work\ecg-synthetic-research\data\rendered\imagen_clean\AFIB\nano_AFIB_AFIB_04_010.png,AFIB,AFIB,0.6396,1
C:\Users\taimo\OneDrive\Documents 1\work\ecg-synthetic-research\data\rendered\imagen_clean\AFIB\nano_AFIB_AFIB_04_014.png,AFIB,AFIB,0.991,1
C:\Users\taimo\OneDrive\Documents 1\work\ecg-synthetic-research\data\rendered\imagen_clean\AFIB\nano_AFIB_AFIB_04_018.png,AFIB,AFIB,0.5093,1
C:\Users\taimo\OneDrive\Documents 1\work\ecg-synthetic-research\data\rendered\imagen_clean\AFIB\nano_AFIB_AFIB_05_002.png,AFIB,AFIB,0.9585,1
C:\Users\taimo\OneDrive\Documents 1\work\ecg-synthetic-research\data\rendered\imagen_clean\AFIB\nano_AFIB_AFIB_05_006.png,AFIB,TACHY,0.97,0
C:\Users\taimo\OneDrive\Documents 1\work\ecg-synthetic-research\data\rendered\imagen_clean\AFIB\nano_AFIB_AFIB_05_010.png,AFIB,AFIB,0.9995,1
C:\Users\taimo\OneDrive\Documents 1\work\ecg-synthetic-research\data\rendered\imagen_clean\AFIB\nano_AFIB_AFIB_05_014.png,AFIB,AFIB,1.0,1
C:\Users\taimo\OneDrive\Documents 1\work\ecg-synthetic-research\data\rendered\imagen_clean\AFIB\nano_AFIB_AFIB_05_018.png,AFIB,NORM,0.6616,0
C:\Users\taimo\OneDrive\Documents 1\work\ecg-synthetic-research\data\rendered\imagen_clean\AFIB\nano_AFIB_AFIB_06_002.png,AFIB,AFIB,0.9873,1
C:\Users\taimo\OneDrive\Documents 1\work\ecg-synthetic-research\data\rendered\imagen_clean\AFIB\nano_AFIB_AFIB_06_006.png,AFIB,AFIB,0.99,1
C:\Users\taimo\OneDrive\Documents 1\work\ecg-synthetic-research\data\rendered\imagen_clean\AFIB\nano_AFIB_AFIB_06_010.png,AFIB,AFIB,0.9727,1
C:\Users\taimo\OneDrive\Documents 1\work\ecg-synthetic-research\data\rendered\imagen_clean\AFIB\nano_AFIB_AFIB_06_014.png,AFIB,TACHY,0.8413,0
C:\Users\taimo\OneDrive\Documents 1\work\ecg-synthetic-research\data\rendered\imagen_clean\AFIB\nano_AFIB_AFIB_06_018.png,AFIB,NORM,0.559,0
C:\Users\taimo\OneDrive\Documents 1\work\ecg-synthetic-research\data\rendered\imagen_clean\AFIB\nano_AFIB_AFIB_07_002.png,AFIB,AFIB,0.9565,1
C:\Users\taimo\OneDrive\Documents 1\work\ecg-synthetic-research\data\rendered\imagen_clean\AFIB\nano_AFIB_AFIB_07_006.png,AFIB,AFIB,0.9976,1
C:\Users\taimo\OneDrive\Documents 1\work\ecg-synthetic-research\data\rendered\imagen_clean\AFIB\nano_AFIB_AFIB_07_010.png,AFIB,AFIB,0.976,1
C:\Users\taimo\OneDrive\Documents 1\work\ecg-synthetic-research\data\rendered\imagen_clean\AFIB\nano_AFIB_AFIB_07_014.png,AFIB,TACHY,0.4663,0
C:\Users\taimo\OneDrive\Documents 1\work\ecg-synthetic-research\data\rendered\imagen_clean\AFIB\nano_AFIB_AFIB_07_018.png,AFIB,TACHY,0.991,0
C:\Users\taimo\OneDrive\Documents 1\work\ecg-synthetic-research\data\rendered\imagen_clean\AFIB\nano_AFIB_AFIB_08_002.png,AFIB,AFIB,0.9907,1
C:\Users\taimo\OneDrive\Documents 1\work\ecg-synthetic-research\data\rendered\imagen_clean\AFIB\nano_AFIB_AFIB_08_006.png,AFIB,AFIB,0.8535,1
C:\Users\taimo\OneDrive\Documents 1\work\ecg-synthetic-research\data\rendered\imagen_clean\AFIB\nano_AFIB_AFIB_08_010.png,AFIB,NORM,0.9297,0
C:\Users\taimo\OneDrive\Documents 1\work\ecg-synthetic-research\data\rendered\imagen_clean\AFIB\nano_AFIB_AFIB_08_014.png,AFIB,AFIB,0.8896,1
C:\Users\taimo\OneDrive\Documents 1\work\ecg-synthetic-research\data\rendered\imagen_clean\AFIB\nano_AFIB_AFIB_08_018.png,AFIB,AFIB,0.9956,1
C:\Users\taimo\OneDrive\Documents 1\work\ecg-synthetic-research\data\rendered\imagen_clean\TACHY\nano_TACHY_TACHY_01_002.png,TACHY,TACHY,0.994,1
C:\Users\taimo\OneDrive\Documents 1\work\ecg-synthetic-research\data\rendered\imagen_clean\TACHY\nano_TACHY_TACHY_01_006.png,TACHY,TACHY,0.9956,1
C:\Users\taimo\OneDrive\Documents 1\work\ecg-synthetic-research\data\rendered\imagen_clean\TACHY\nano_TACHY_TACHY_01_010.png,TACHY,AFIB,0.5093,0
C:\Users\taimo\OneDrive\Documents 1\work\ecg-synthetic-research\data\rendered\imagen_clean\TACHY\nano_TACHY_TACHY_01_014.png,TACHY,TACHY,0.9565,1
C:\Users\taimo\OneDrive\Documents 1\work\ecg-synthetic-research\data\rendered\imagen_clean\TACHY\nano_TACHY_TACHY_01_018.png,TACHY,TACHY,0.9746,1
C:\Users\taimo\OneDrive\Documents 1\work\ecg-synthetic-research\data\rendered\imagen_clean\TACHY\nano_TACHY_TACHY_02_002.png,TACHY,TACHY,0.995,1
C:\Users\taimo\OneDrive\Documents 1\work\ecg-synthetic-research\data\rendered\imagen_clean\TACHY\nano_TACHY_TACHY_02_008.png,TACHY,TACHY,0.999,1
C:\Users\taimo\OneDrive\Documents 1\work\ecg-synthetic-research\data\rendered\imagen_clean\TACHY\nano_TACHY_TACHY_02_012.png,TACHY,TACHY,0.992,1
C:\Users\taimo\OneDrive\Documents 1\work\ecg-synthetic-research\data\rendered\imagen_clean\TACHY\nano_TACHY_TACHY_02_016.png,TACHY,TACHY,0.996,1
C:\Users\taimo\OneDrive\Documents 1\work\ecg-synthetic-research\data\rendered\imagen_clean\TACHY\nano_TACHY_TACHY_03_000.png,TACHY,TACHY,0.9995,1
C:\Users\taimo\OneDrive\Documents 1\work\ecg-synthetic-research\data\rendered\imagen_clean\TACHY\nano_TACHY_TACHY_03_004.png,TACHY,TACHY,0.991,1
C:\Users\taimo\OneDrive\Documents 1\work\ecg-synthetic-research\data\rendered\imagen_clean\TACHY\nano_TACHY_TACHY_03_008.png,TACHY,TACHY,0.986,1
C:\Users\taimo\OneDrive\Documents 1\work\ecg-synthetic-research\data\rendered\imagen_clean\TACHY\nano_TACHY_TACHY_03_012.png,TACHY,TACHY,0.9995,1
C:\Users\taimo\OneDrive\Documents 1\work\ecg-synthetic-research\data\rendered\imagen_clean\TACHY\nano_TACHY_TACHY_03_016.png,TACHY,TACHY,1.0,1
C:\Users\taimo\OneDrive\Documents 1\work\ecg-synthetic-research\data\rendered\imagen_clean\TACHY\nano_TACHY_TACHY_04_000.png,TACHY,TACHY,0.971,1
C:\Users\taimo\OneDrive\Documents 1\work\ecg-synthetic-research\data\rendered\imagen_clean\TACHY\nano_TACHY_TACHY_04_004.png,TACHY,TACHY,0.8687,1
C:\Users\taimo\OneDrive\Documents 1\work\ecg-synthetic-research\data\rendered\imagen_clean\TACHY\nano_TACHY_TACHY_04_008.png,TACHY,TACHY,0.9756,1
C:\Users\taimo\OneDrive\Documents 1\work\ecg-synthetic-research\data\rendered\imagen_clean\TACHY\nano_TACHY_TACHY_04_012.png,TACHY,TACHY,0.995,1
C:\Users\taimo\OneDrive\Documents 1\work\ecg-synthetic-research\data\rendered\imagen_clean\TACHY\nano_TACHY_TACHY_04_016.png,TACHY,TACHY,0.9697,1
C:\Users\taimo\OneDrive\Documents 1\work\ecg-synthetic-research\data\rendered\imagen_clean\TACHY\nano_TACHY_TACHY_05_000.png,TACHY,TACHY,0.997,1
C:\Users\taimo\OneDrive\Documents 1\work\ecg-synthetic-research\data\rendered\imagen_clean\TACHY\nano_TACHY_TACHY_05_004.png,TACHY,TACHY,0.9985,1
C:\Users\taimo\OneDrive\Documents 1\work\ecg-synthetic-research\data\rendered\imagen_clean\TACHY\nano_TACHY_TACHY_05_008.png,TACHY,TACHY,0.981,1
C:\Users\taimo\OneDrive\Documents 1\work\ecg-synthetic-research\data\rendered\imagen_clean\TACHY\nano_TACHY_TACHY_05_012.png,TACHY,TACHY,0.9595,1
C:\Users\taimo\OneDrive\Documents 1\work\ecg-synthetic-research\data\rendered\imagen_clean\TACHY\nano_TACHY_TACHY_05_016.png,TACHY,TACHY,0.9937,1
C:\Users\taimo\OneDrive\Documents 1\work\ecg-synthetic-research\data\rendered\imagen_clean\TACHY\nano_TACHY_TACHY_06_000.png,TACHY,TACHY,0.9062,1
C:\Users\taimo\OneDrive\Documents 1\work\ecg-synthetic-research\data\rendered\imagen_clean\TACHY\nano_TACHY_TACHY_06_004.png,TACHY,TACHY,0.9946,1
C:\Users\taimo\OneDrive\Documents 1\work\ecg-synthetic-research\data\rendered\imagen_clean\TACHY\nano_TACHY_TACHY_06_008.png,TACHY,TACHY,0.6274,1
C:\Users\taimo\OneDrive\Documents 1\work\ecg-synthetic-research\data\rendered\imagen_clean\TACHY\nano_TACHY_TACHY_06_012.png,TACHY,TACHY,0.9976,1
C:\Users\taimo\OneDrive\Documents 1\work\ecg-synthetic-research\data\rendered\imagen_clean\TACHY\nano_TACHY_TACHY_06_016.png,TACHY,TACHY,0.9995,1
C:\Users\taimo\OneDrive\Documents 1\work\ecg-synthetic-research\data\rendered\imagen_clean\TACHY\nano_TACHY_TACHY_07_000.png,TACHY,TACHY,0.995,1
C:\Users\taimo\OneDrive\Documents 1\work\ecg-synthetic-research\data\rendered\imagen_clean\TACHY\nano_TACHY_TACHY_07_004.png,TACHY,TACHY,0.599,1
C:\Users\taimo\OneDrive\Documents 1\work\ecg-synthetic-research\data\rendered\imagen_clean\TACHY\nano_TACHY_TACHY_07_008.png,TACHY,TACHY,0.9854,1
C:\Users\taimo\OneDrive\Documents 1\work\ecg-synthetic-research\data\rendered\imagen_clean\TACHY\nano_TACHY_TACHY_07_012.png,TACHY,TACHY,0.9927,1
C:\Users\taimo\OneDrive\Documents 1\work\ecg-synthetic-research\data\rendered\imagen_clean\TACHY\nano_TACHY_TACHY_07_016.png,TACHY,TACHY,0.6123,1
C:\Users\taimo\OneDrive\Documents 1\work\ecg-synthetic-research\data\rendered\imagen_clean\TACHY\nano_TACHY_TACHY_08_000.png,TACHY,TACHY,0.997,1
C:\Users\taimo\OneDrive\Documents 1\work\ecg-synthetic-research\data\rendered\imagen_clean\TACHY\nano_TACHY_TACHY_08_004.png,TACHY,TACHY,0.983,1
C:\Users\taimo\OneDrive\Documents 1\work\ecg-synthetic-research\data\rendered\imagen_clean\TACHY\nano_TACHY_TACHY_08_008.png,TACHY,TACHY,0.996,1
C:\Users\taimo\OneDrive\Documents 1\work\ecg-synthetic-research\data\rendered\imagen_clean\TACHY\nano_TACHY_TACHY_08_012.png,TACHY,TACHY,0.9976,1
C:\Users\taimo\OneDrive\Documents 1\work\ecg-synthetic-research\data\rendered\imagen_clean\TACHY\nano_TACHY_TACHY_08_016.png,TACHY,TACHY,0.9126,1
C:\Users\taimo\OneDrive\Documents 1\work\ecg-synthetic-research\data\rendered\neurokit2\NORM\SYN_NSR_00556.png,NORM,NORM,0.9883,1
C:\Users\taimo\OneDrive\Documents 1\work\ecg-synthetic-research\data\rendered\neurokit2\NORM\SYN_NSR_02990.png,NORM,NORM,0.99,1
C:\Users\taimo\OneDrive\Documents 1\work\ecg-synthetic-research\data\rendered\neurokit2\NORM\SYN_NSR_00197.png,NORM,NORM,0.9893,1
C:\Users\taimo\OneDrive\Documents 1\work\ecg-synthetic-research\data\rendered\neurokit2\NORM\SYN_NSR_01147.png,NORM,NORM,0.721,1
C:\Users\taimo\OneDrive\Documents 1\work\ecg-synthetic-research\data\rendered\neurokit2\NORM\SYN_NSR_01186.png,NORM,NORM,0.993,1
C:\Users\taimo\OneDrive\Documents 1\work\ecg-synthetic-research\data\rendered\neurokit2\NORM\SYN_NSR_01418.png,NORM,NORM,0.969,1
C:\Users\taimo\OneDrive\Documents 1\work\ecg-synthetic-research\data\rendered\neurokit2\NORM\SYN_NSR_02541.png,NORM,NORM,0.971,1
C:\Users\taimo\OneDrive\Documents 1\work\ecg-synthetic-research\data\rendered\neurokit2\NORM\SYN_NSR_02132.png,NORM,NORM,0.9824,1
C:\Users\taimo\OneDrive\Documents 1\work\ecg-synthetic-research\data\rendered\neurokit2\NORM\SYN_NSR_03919.png,NORM,NORM,0.9917,1
C:\Users\taimo\OneDrive\Documents 1\work\ecg-synthetic-research\data\rendered\neurokit2\NORM\SYN_NSR_00870.png,NORM,NORM,0.723,1
C:\Users\taimo\OneDrive\Documents 1\work\ecg-synthetic-research\data\rendered\neurokit2\NORM\SYN_NSR_02213.png,NORM,NORM,0.978,1
C:\Users\taimo\OneDrive\Documents 1\work\ecg-synthetic-research\data\rendered\neurokit2\NORM\SYN_NSR_03144.png,NORM,NORM,0.989,1
C:\Users\taimo\OneDrive\Documents 1\work\ecg-synthetic-research\data\rendered\neurokit2\NORM\SYN_NSR_00110.png,NORM,NORM,0.983,1
C:\Users\taimo\OneDrive\Documents 1\work\ecg-synthetic-research\data\rendered\neurokit2\NORM\SYN_NSR_00315.png,NORM,NORM,0.9917,1
C:\Users\taimo\OneDrive\Documents 1\work\ecg-synthetic-research\data\rendered\neurokit2\NORM\SYN_NSR_02231.png,NORM,NORM,0.9863,1
C:\Users\taimo\OneDrive\Documents 1\work\ecg-synthetic-research\data\rendered\neurokit2\NORM\SYN_NSR_03250.png,NORM,NORM,0.981,1
C:\Users\taimo\OneDrive\Documents 1\work\ecg-synthetic-research\data\rendered\neurokit2\NORM\SYN_NSR_02293.png,NORM,NORM,0.998,1
C:\Users\taimo\OneDrive\Documents 1\work\ecg-synthetic-research\data\rendered\neurokit2\NORM\SYN_NSR_01989.png,NORM,NORM,0.9873,1
C:\Users\taimo\OneDrive\Documents 1\work\ecg-synthetic-research\data\rendered\neurokit2\NORM\SYN_NSR_03319.png,NORM,NORM,0.957,1
C:\Users\taimo\OneDrive\Documents 1\work\ecg-synthetic-research\data\rendered\neurokit2\NORM\SYN_NSR_03552.png,NORM,NORM,0.9766,1
C:\Users\taimo\OneDrive\Documents 1\work\ecg-synthetic-research\data\rendered\neurokit2\NORM\SYN_NSR_02859.png,NORM,NORM,0.9717,1
C:\Users\taimo\OneDrive\Documents 1\work\ecg-synthetic-research\data\rendered\neurokit2\NORM\SYN_NSR_03415.png,NORM,NORM,0.981,1
C:\Users\taimo\OneDrive\Documents 1\work\ecg-synthetic-research\data\rendered\neurokit2\NORM\SYN_NSR_02330.png,NORM,NORM,0.9897,1
C:\Users\taimo\OneDrive\Documents 1\work\ecg-synthetic-research\data\rendered\neurokit2\NORM\SYN_NSR_03322.png,NORM,NORM,0.978,1
C:\Users\taimo\OneDrive\Documents 1\work\ecg-synthetic-research\data\rendered\neurokit2\NORM\SYN_NSR_01321.png,NORM,NORM,0.979,1
C:\Users\taimo\OneDrive\Documents 1\work\ecg-synthetic-research\data\rendered\neurokit2\NORM\SYN_NSR_00464.png,NORM,NORM,0.98,1
C:\Users\taimo\OneDrive\Documents 1\work\ecg-synthetic-research\data\rendered\neurokit2\NORM\SYN_NSR_02863.png,NORM,NORM,0.9883,1
C:\Users\taimo\OneDrive\Documents 1\work\ecg-synthetic-research\data\rendered\neurokit2\NORM\SYN_NSR_03023.png,NORM,NORM,0.967,1
C:\Users\taimo\OneDrive\Documents 1\work\ecg-synthetic-research\data\rendered\neurokit2\NORM\SYN_NSR_03750.png,NORM,NORM,0.9966,1
C:\Users\taimo\OneDrive\Documents 1\work\ecg-synthetic-research\data\rendered\neurokit2\NORM\SYN_NSR_00722.png,NORM,NORM,0.8574,1
C:\Users\taimo\OneDrive\Documents 1\work\ecg-synthetic-research\data\rendered\neurokit2\NORM\SYN_NSR_01747.png,NORM,NORM,0.989,1
C:\Users\taimo\OneDrive\Documents 1\work\ecg-synthetic-research\data\rendered\neurokit2\NORM\SYN_NSR_03537.png,NORM,NORM,0.868,1
C:\Users\taimo\OneDrive\Documents 1\work\ecg-synthetic-research\data\rendered\neurokit2\NORM\SYN_NSR_00719.png,NORM,NORM,0.966,1
C:\Users\taimo\OneDrive\Documents 1\work\ecg-synthetic-research\data\rendered\neurokit2\NORM\SYN_NSR_02021.png,NORM,NORM,0.9766,1
C:\Users\taimo\OneDrive\Documents 1\work\ecg-synthetic-research\data\rendered\neurokit2\NORM\SYN_NSR_03054.png,NORM,NORM,0.9927,1
C:\Users\taimo\OneDrive\Documents 1\work\ecg-synthetic-research\data\rendered\neurokit2\NORM\SYN_NSR_02352.png,NORM,NORM,0.996,1
C:\Users\taimo\OneDrive\Documents 1\work\ecg-synthetic-research\data\rendered\neurokit2\NORM\SYN_NSR_00403.png,NORM,NORM,0.9844,1
C:\Users\taimo\OneDrive\Documents 1\work\ecg-synthetic-research\data\rendered\neurokit2\NORM\SYN_NSR_02115.png,NORM,NORM,0.979,1
C:\Users\taimo\OneDrive\Documents 1\work\ecg-synthetic-research\data\rendered\neurokit2\NORM\SYN_NSR_00271.png,NORM,NORM,0.962,1
C:\Users\taimo\OneDrive\Documents 1\work\ecg-synthetic-research\data\rendered\neurokit2\NORM\SYN_NSR_01045.png,NORM,NORM,0.9785,1
C:\Users\taimo\OneDrive\Documents 1\work\ecg-synthetic-research\data\rendered\neurokit2\NORM\SYN_NSR_03471.png,NORM,NORM,0.995,1
C:\Users\taimo\OneDrive\Documents 1\work\ecg-synthetic-research\data\rendered\neurokit2\NORM\SYN_NSR_00018.png,NORM,NORM,0.993,1
C:\Users\taimo\OneDrive\Documents 1\work\ecg-synthetic-research\data\rendered\neurokit2\NORM\SYN_NSR_00230.png,NORM,NORM,0.977,1
C:\Users\taimo\OneDrive\Documents 1\work\ecg-synthetic-research\data\rendered\neurokit2\NORM\SYN_NSR_03545.png,NORM,NORM,0.977,1
C:\Users\taimo\OneDrive\Documents 1\work\ecg-synthetic-research\data\rendered\neurokit2\NORM\SYN_NSR_02554.png,NORM,NORM,0.9746,1
C:\Users\taimo\OneDrive\Documents 1\work\ecg-synthetic-research\data\rendered\neurokit2\NORM\SYN_NSR_02453.png,NORM,NORM,0.9824,1
C:\Users\taimo\OneDrive\Documents 1\work\ecg-synthetic-research\data\rendered\neurokit2\NORM\SYN_NSR_03323.png,NORM,NORM,0.981,1
C:\Users\taimo\OneDrive\Documents 1\work\ecg-synthetic-research\data\rendered\neurokit2\NORM\SYN_NSR_00658.png,NORM,NORM,0.9834,1
C:\Users\taimo\OneDrive\Documents 1\work\ecg-synthetic-research\data\rendered\neurokit2\NORM\SYN_NSR_03895.png,NORM,NORM,0.9863,1
C:\Users\taimo\OneDrive\Documents 1\work\ecg-synthetic-research\data\rendered\neurokit2\NORM\SYN_NSR_03721.png,NORM,NORM,0.9697,1
C:\Users\taimo\OneDrive\Documents 1\work\ecg-synthetic-research\data\rendered\neurokit2\NORM\SYN_NSR_02405.png,NORM,NORM,0.9917,1
C:\Users\taimo\OneDrive\Documents 1\work\ecg-synthetic-research\data\rendered\neurokit2\NORM\SYN_NSR_02887.png,NORM,NORM,0.981,1
C:\Users\taimo\OneDrive\Documents 1\work\ecg-synthetic-research\data\rendered\neurokit2\NORM\SYN_NSR_03624.png,NORM,NORM,0.979,1
C:\Users\taimo\OneDrive\Documents 1\work\ecg-synthetic-research\data\rendered\neurokit2\NORM\SYN_NSR_02666.png,NORM,NORM,0.977,1
C:\Users\taimo\OneDrive\Documents 1\work\ecg-synthetic-research\data\rendered\neurokit2\NORM\SYN_NSR_02903.png,NORM,NORM,0.969,1
C:\Users\taimo\OneDrive\Documents 1\work\ecg-synthetic-research\data\rendered\neurokit2\NORM\SYN_NSR_00872.png,NORM,NORM,0.8843,1
C:\Users\taimo\OneDrive\Documents 1\work\ecg-synthetic-research\data\rendered\neurokit2\NORM\SYN_NSR_01937.png,NORM,NORM,0.994,1
C:\Users\taimo\OneDrive\Documents 1\work\ecg-synthetic-research\data\rendered\neurokit2\NORM\SYN_NSR_02211.png,NORM,NORM,0.981,1
C:\Users\taimo\OneDrive\Documents 1\work\ecg-synthetic-research\data\rendered\neurokit2\NORM\SYN_NSR_01927.png,NORM,NORM,0.987,1
C:\Users\taimo\OneDrive\Documents 1\work\ecg-synthetic-research\data\rendered\neurokit2\NORM\SYN_NSR_01212.png,NORM,NORM,0.975,1
C:\Users\taimo\OneDrive\Documents 1\work\ecg-synthetic-research\data\rendered\neurokit2\NORM\SYN_NSR_01236.png,NORM,NORM,0.9756,1
C:\Users\taimo\OneDrive\Documents 1\work\ecg-synthetic-research\data\rendered\neurokit2\NORM\SYN_NSR_03641.png,NORM,NORM,0.9736,1
C:\Users\taimo\OneDrive\Documents 1\work\ecg-synthetic-research\data\rendered\neurokit2\NORM\SYN_NSR_02562.png,NORM,NORM,0.9883,1
C:\Users\taimo\OneDrive\Documents 1\work\ecg-synthetic-research\data\rendered\neurokit2\NORM\SYN_NSR_01518.png,NORM,NORM,0.99,1
C:\Users\taimo\OneDrive\Documents 1\work\ecg-synthetic-research\data\rendered\neurokit2\NORM\SYN_NSR_02847.png,NORM,NORM,0.981,1
C:\Users\taimo\OneDrive\Documents 1\work\ecg-synthetic-research\data\rendered\neurokit2\NORM\SYN_NSR_00677.png,NORM,NORM,0.982,1
C:\Users\taimo\OneDrive\Documents 1\work\ecg-synthetic-research\data\rendered\neurokit2\NORM\SYN_NSR_01512.png,NORM,NORM,0.99,1
C:\Users\taimo\OneDrive\Documents 1\work\ecg-synthetic-research\data\rendered\neurokit2\NORM\SYN_NSR_03764.png,NORM,NORM,0.9937,1
C:\Users\taimo\OneDrive\Documents 1\work\ecg-synthetic-research\data\rendered\neurokit2\NORM\SYN_NSR_01874.png,NORM,NORM,0.9946,1
C:\Users\taimo\OneDrive\Documents 1\work\ecg-synthetic-research\data\rendered\neurokit2\NORM\SYN_NSR_01018.png,NORM,NORM,0.967,1
C:\Users\taimo\OneDrive\Documents 1\work\ecg-synthetic-research\data\rendered\neurokit2\NORM\SYN_NSR_02404.png,NORM,NORM,0.8477,1
C:\Users\taimo\OneDrive\Documents 1\work\ecg-synthetic-research\data\rendered\neurokit2\NORM\SYN_NSR_01721.png,NORM,NORM,0.9736,1
C:\Users\taimo\OneDrive\Documents 1\work\ecg-synthetic-research\data\rendered\neurokit2\NORM\SYN_NSR_00439.png,NORM,NORM,0.9814,1
C:\Users\taimo\OneDrive\Documents 1\work\ecg-synthetic-research\data\rendered\neurokit2\NORM\SYN_NSR_00466.png,NORM,NORM,0.98,1
C:\Users\taimo\OneDrive\Documents 1\work\ecg-synthetic-research\data\rendered\neurokit2\NORM\SYN_NSR_00158.png,NORM,NORM,0.988,1
C:\Users\taimo\OneDrive\Documents 1\work\ecg-synthetic-research\data\rendered\neurokit2\NORM\SYN_NSR_01345.png,NORM,NORM,0.9785,1
C:\Users\taimo\OneDrive\Documents 1\work\ecg-synthetic-research\data\rendered\neurokit2\NORM\SYN_NSR_01584.png,NORM,NORM,0.9883,1
C:\Users\taimo\OneDrive\Documents 1\work\ecg-synthetic-research\data\rendered\neurokit2\NORM\SYN_NSR_00938.png,NORM,NORM,0.9844,1
C:\Users\taimo\OneDrive\Documents 1\work\ecg-synthetic-research\data\rendered\neurokit2\NORM\SYN_NSR_00326.png,NORM,NORM,0.9854,1
C:\Users\taimo\OneDrive\Documents 1\work\ecg-synthetic-research\data\rendered\neurokit2\NORM\SYN_NSR_00830.png,NORM,NORM,0.9546,1
C:\Users\taimo\OneDrive\Documents 1\work\ecg-synthetic-research\data\rendered\neurokit2\NORM\SYN_NSR_03238.png,NORM,NORM,0.967,1
C:\Users\taimo\OneDrive\Documents 1\work\ecg-synthetic-research\data\rendered\neurokit2\NORM\SYN_NSR_01554.png,NORM,NORM,0.996,1
C:\Users\taimo\OneDrive\Documents 1\work\ecg-synthetic-research\data\rendered\neurokit2\NORM\SYN_NSR_02528.png,NORM,NORM,0.98,1
C:\Users\taimo\OneDrive\Documents 1\work\ecg-synthetic-research\data\rendered\neurokit2\NORM\SYN_NSR_00569.png,NORM,NORM,0.9697,1
C:\Users\taimo\OneDrive\Documents 1\work\ecg-synthetic-research\data\rendered\neurokit2\NORM\SYN_NSR_00367.png,NORM,NORM,0.961,1
C:\Users\taimo\OneDrive\Documents 1\work\ecg-synthetic-research\data\rendered\neurokit2\NORM\SYN_NSR_02271.png,NORM,NORM,0.9893,1
C:\Users\taimo\OneDrive\Documents 1\work\ecg-synthetic-research\data\rendered\neurokit2\NORM\SYN_NSR_02141.png,NORM,NORM,0.99,1
C:\Users\taimo\OneDrive\Documents 1\work\ecg-synthetic-research\data\rendered\neurokit2\NORM\SYN_NSR_02305.png,NORM,NORM,0.8003,1
C:\Users\taimo\OneDrive\Documents 1\work\ecg-synthetic-research\data\rendered\neurokit2\NORM\SYN_NSR_01614.png,NORM,NORM,0.9746,1
C:\Users\taimo\OneDrive\Documents 1\work\ecg-synthetic-research\data\rendered\neurokit2\NORM\SYN_NSR_00681.png,NORM,NORM,0.9746,1
C:\Users\taimo\OneDrive\Documents 1\work\ecg-synthetic-research\data\rendered\neurokit2\NORM\SYN_NSR_03350.png,NORM,NORM,0.989,1
C:\Users\taimo\OneDrive\Documents 1\work\ecg-synthetic-research\data\rendered\neurokit2\NORM\SYN_NSR_02785.png,NORM,NORM,0.9688,1
C:\Users\taimo\OneDrive\Documents 1\work\ecg-synthetic-research\data\rendered\neurokit2\NORM\SYN_NSR_01310.png,NORM,NORM,0.975,1
C:\Users\taimo\OneDrive\Documents 1\work\ecg-synthetic-research\data\rendered\neurokit2\NORM\SYN_NSR_02709.png,NORM,NORM,0.987,1
C:\Users\taimo\OneDrive\Documents 1\work\ecg-synthetic-research\data\rendered\neurokit2\NORM\SYN_NSR_00839.png,NORM,NORM,0.9707,1
C:\Users\taimo\OneDrive\Documents 1\work\ecg-synthetic-research\data\rendered\neurokit2\NORM\SYN_NSR_03585.png,NORM,NORM,0.9907,1
C:\Users\taimo\OneDrive\Documents 1\work\ecg-synthetic-research\data\rendered\neurokit2\NORM\SYN_NSR_00189.png,NORM,NORM,0.977,1
C:\Users\taimo\OneDrive\Documents 1\work\ecg-synthetic-research\data\rendered\neurokit2\NORM\SYN_NSR_00986.png,NORM,NORM,0.9775,1
C:\Users\taimo\OneDrive\Documents 1\work\ecg-synthetic-research\data\rendered\neurokit2\NORM\SYN_NSR_02895.png,NORM,NORM,0.9727,1
C:\Users\taimo\OneDrive\Documents 1\work\ecg-synthetic-research\data\rendered\neurokit2\NORM\SYN_NSR_03124.png,NORM,NORM,0.977,1
C:\Users\taimo\OneDrive\Documents 1\work\ecg-synthetic-research\data\rendered\neurokit2\NORM\SYN_NSR_02958.png,NORM,NORM,0.979,1
C:\Users\taimo\OneDrive\Documents 1\work\ecg-synthetic-research\data\rendered\neurokit2\NORM\SYN_NSR_01019.png,NORM,NORM,0.8364,1
C:\Users\taimo\OneDrive\Documents 1\work\ecg-synthetic-research\data\rendered\neurokit2\NORM\SYN_NSR_02568.png,NORM,NORM,0.976,1
C:\Users\taimo\OneDrive\Documents 1\work\ecg-synthetic-research\data\rendered\neurokit2\NORM\SYN_NSR_01114.png,NORM,NORM,0.9546,1
C:\Users\taimo\OneDrive\Documents 1\work\ecg-synthetic-research\data\rendered\neurokit2\NORM\SYN_NSR_01139.png,NORM,NORM,0.9653,1
C:\Users\taimo\OneDrive\Documents 1\work\ecg-synthetic-research\data\rendered\neurokit2\NORM\SYN_NSR_02349.png,NORM,NORM,0.9673,1
C:\Users\taimo\OneDrive\Documents 1\work\ecg-synthetic-research\data\rendered\neurokit2\NORM\SYN_NSR_01581.png,NORM,NORM,0.7856,1
C:\Users\taimo\OneDrive\Documents 1\work\ecg-synthetic-research\data\rendered\neurokit2\NORM\SYN_NSR_01264.png,NORM,NORM,0.992,1
C:\Users\taimo\OneDrive\Documents 1\work\ecg-synthetic-research\data\rendered\neurokit2\NORM\SYN_NSR_02467.png,NORM,NORM,0.995,1
C:\Users\taimo\OneDrive\Documents 1\work\ecg-synthetic-research\data\rendered\neurokit2\NORM\SYN_NSR_03598.png,NORM,NORM,0.9683,1
C:\Users\taimo\OneDrive\Documents 1\work\ecg-synthetic-research\data\rendered\neurokit2\NORM\SYN_NSR_00184.png,NORM,NORM,0.8184,1
C:\Users\taimo\OneDrive\Documents 1\work\ecg-synthetic-research\data\rendered\neurokit2\NORM\SYN_NSR_01271.png,NORM,NORM,0.985,1
C:\Users\taimo\OneDrive\Documents 1\work\ecg-synthetic-research\data\rendered\neurokit2\NORM\SYN_NSR_03212.png,NORM,NORM,0.985,1
C:\Users\taimo\OneDrive\Documents 1\work\ecg-synthetic-research\data\rendered\neurokit2\NORM\SYN_NSR_02169.png,NORM,NORM,0.9883,1
C:\Users\taimo\OneDrive\Documents 1\work\ecg-synthetic-research\data\rendered\neurokit2\NORM\SYN_NSR_01992.png,NORM,NORM,0.97,1
C:\Users\taimo\OneDrive\Documents 1\work\ecg-synthetic-research\data\rendered\neurokit2\NORM\SYN_NSR_03457.png,NORM,NORM,0.9966,1
C:\Users\taimo\OneDrive\Documents 1\work\ecg-synthetic-research\data\rendered\neurokit2\NORM\SYN_NSR_03667.png,NORM,NORM,0.996,1
C:\Users\taimo\OneDrive\Documents 1\work\ecg-synthetic-research\data\rendered\neurokit2\NORM\SYN_NSR_03025.png,NORM,NORM,0.993,1
C:\Users\taimo\OneDrive\Documents 1\work\ecg-synthetic-research\data\rendered\neurokit2\NORM\SYN_NSR_00252.png,NORM,NORM,0.998,1
C:\Users\taimo\OneDrive\Documents 1\work\ecg-synthetic-research\data\rendered\neurokit2\NORM\SYN_NSR_01599.png,NORM,NORM,0.9326,1
C:\Users\taimo\OneDrive\Documents 1\work\ecg-synthetic-research\data\rendered\neurokit2\NORM\SYN_NSR_03871.png,NORM,NORM,0.993,1
C:\Users\taimo\OneDrive\Documents 1\work\ecg-synthetic-research\data\rendered\neurokit2\NORM\SYN_NSR_03284.png,NORM,NORM,0.971,1
C:\Users\taimo\OneDrive\Documents 1\work\ecg-synthetic-research\data\rendered\neurokit2\NORM\SYN_NSR_00300.png,NORM,NORM,0.975,1
C:\Users\taimo\OneDrive\Documents 1\work\ecg-synthetic-research\data\rendered\neurokit2\NORM\SYN_NSR_03318.png,NORM,NORM,0.971,1
C:\Users\taimo\OneDrive\Documents 1\work\ecg-synthetic-research\data\rendered\neurokit2\NORM\SYN_NSR_00416.png,NORM,NORM,0.994,1
C:\Users\taimo\OneDrive\Documents 1\work\ecg-synthetic-research\data\rendered\neurokit2\NORM\SYN_NSR_01043.png,NORM,NORM,0.9863,1
C:\Users\taimo\OneDrive\Documents 1\work\ecg-synthetic-research\data\rendered\neurokit2\NORM\SYN_NSR_01533.png,NORM,NORM,0.995,1
C:\Users\taimo\OneDrive\Documents 1\work\ecg-synthetic-research\data\rendered\neurokit2\NORM\SYN_NSR_01074.png,NORM,NORM,0.987,1
C:\Users\taimo\OneDrive\Documents 1\work\ecg-synthetic-research\data\rendered\neurokit2\NORM\SYN_NSR_00762.png,NORM,NORM,0.9766,1
C:\Users\taimo\OneDrive\Documents 1\work\ecg-synthetic-research\data\rendered\neurokit2\NORM\SYN_NSR_02054.png,NORM,NORM,0.9834,1
C:\Users\taimo\OneDrive\Documents 1\work\ecg-synthetic-research\data\rendered\neurokit2\NORM\SYN_NSR_02430.png,NORM,NORM,0.953,1
C:\Users\taimo\OneDrive\Documents 1\work\ecg-synthetic-research\data\rendered\neurokit2\NORM\SYN_NSR_02320.png,NORM,NORM,0.9937,1
C:\Users\taimo\OneDrive\Documents 1\work\ecg-synthetic-research\data\rendered\neurokit2\NORM\SYN_NSR_02665.png,NORM,NORM,0.992,1
C:\Users\taimo\OneDrive\Documents 1\work\ecg-synthetic-research\data\rendered\neurokit2\NORM\SYN_NSR_02257.png,NORM,NORM,0.9976,1
C:\Users\taimo\OneDrive\Documents 1\work\ecg-synthetic-research\data\rendered\neurokit2\NORM\SYN_NSR_03954.png,NORM,NORM,0.9585,1
C:\Users\taimo\OneDrive\Documents 1\work\ecg-synthetic-research\data\rendered\neurokit2\NORM\SYN_NSR_01692.png,NORM,NORM,0.962,1
C:\Users\taimo\OneDrive\Documents 1\work\ecg-synthetic-research\data\rendered\neurokit2\NORM\SYN_NSR_00204.png,NORM,NORM,0.9775,1
C:\Users\taimo\OneDrive\Documents 1\work\ecg-synthetic-research\data\rendered\neurokit2\NORM\SYN_NSR_00894.png,NORM,NORM,0.991,1
C:\Users\taimo\OneDrive\Documents 1\work\ecg-synthetic-research\data\rendered\neurokit2\NORM\SYN_NSR_01685.png,NORM,NORM,0.9746,1
C:\Users\taimo\OneDrive\Documents 1\work\ecg-synthetic-research\data\rendered\neurokit2\NORM\SYN_NSR_01339.png,NORM,NORM,0.963,1
C:\Users\taimo\OneDrive\Documents 1\work\ecg-synthetic-research\data\rendered\neurokit2\NORM\SYN_NSR_00007.png,NORM,NORM,0.9927,1
C:\Users\taimo\OneDrive\Documents 1\work\ecg-synthetic-research\data\rendered\neurokit2\NORM\SYN_NSR_03694.png,NORM,NORM,0.9985,1
C:\Users\taimo\OneDrive\Documents 1\work\ecg-synthetic-research\data\rendered\neurokit2\NORM\SYN_NSR_02478.png,NORM,NORM,0.9927,1
C:\Users\taimo\OneDrive\Documents 1\work\ecg-synthetic-research\data\rendered\neurokit2\NORM\SYN_NSR_03883.png,NORM,NORM,0.9546,1
C:\Users\taimo\OneDrive\Documents 1\work\ecg-synthetic-research\data\rendered\neurokit2\NORM\SYN_NSR_01106.png,NORM,NORM,0.9653,1
C:\Users\taimo\OneDrive\Documents 1\work\ecg-synthetic-research\data\rendered\neurokit2\NORM\SYN_NSR_02623.png,NORM,NORM,0.9805,1
C:\Users\taimo\OneDrive\Documents 1\work\ecg-synthetic-research\data\rendered\neurokit2\NORM\SYN_NSR_00882.png,NORM,NORM,0.969,1
C:\Users\taimo\OneDrive\Documents 1\work\ecg-synthetic-research\data\rendered\neurokit2\NORM\SYN_NSR_03595.png,NORM,NORM,0.9395,1
C:\Users\taimo\OneDrive\Documents 1\work\ecg-synthetic-research\data\rendered\neurokit2\NORM\SYN_NSR_00574.png,NORM,NORM,0.994,1
C:\Users\taimo\OneDrive\Documents 1\work\ecg-synthetic-research\data\rendered\neurokit2\NORM\SYN_NSR_01259.png,NORM,NORM,0.983,1
C:\Users\taimo\OneDrive\Documents 1\work\ecg-synthetic-research\data\rendered\neurokit2\NORM\SYN_NSR_00258.png,NORM,NORM,0.986,1
C:\Users\taimo\OneDrive\Documents 1\work\ecg-synthetic-research\data\rendered\neurokit2\NORM\SYN_NSR_01546.png,NORM,NORM,0.982,1
C:\Users\taimo\OneDrive\Documents 1\work\ecg-synthetic-research\data\rendered\neurokit2\NORM\SYN_NSR_00655.png,NORM,NORM,0.9663,1
C:\Users\taimo\OneDrive\Documents 1\work\ecg-synthetic-research\data\rendered\neurokit2\NORM\SYN_NSR_03183.png,NORM,NORM,0.9907,1
C:\Users\taimo\OneDrive\Documents 1\work\ecg-synthetic-research\data\rendered\neurokit2\NORM\SYN_NSR_02531.png,NORM,NORM,0.9863,1
C:\Users\taimo\OneDrive\Documents 1\work\ecg-synthetic-research\data\rendered\neurokit2\NORM\SYN_NSR_02416.png,NORM,NORM,0.997,1
C:\Users\taimo\OneDrive\Documents 1\work\ecg-synthetic-research\data\rendered\neurokit2\NORM\SYN_NSR_01172.png,NORM,NORM,0.985,1
C:\Users\taimo\OneDrive\Documents 1\work\ecg-synthetic-research\data\rendered\neurokit2\NORM\SYN_NSR_03227.png,NORM,NORM,0.9897,1
C:\Users\taimo\OneDrive\Documents 1\work\ecg-synthetic-research\data\rendered\neurokit2\NORM\SYN_NSR_02358.png,NORM,NORM,0.9946,1
C:\Users\taimo\OneDrive\Documents 1\work\ecg-synthetic-research\data\rendered\neurokit2\NORM\SYN_NSR_00732.png,NORM,NORM,0.99,1
C:\Users\taimo\OneDrive\Documents 1\work\ecg-synthetic-research\data\rendered\neurokit2\NORM\SYN_NSR_01728.png,NORM,NORM,0.9727,1
C:\Users\taimo\OneDrive\Documents 1\work\ecg-synthetic-research\data\rendered\neurokit2\NORM\SYN_NSR_01158.png,NORM,NORM,0.985,1
C:\Users\taimo\OneDrive\Documents 1\work\ecg-synthetic-research\data\rendered\neurokit2\NORM\SYN_NSR_02726.png,NORM,NORM,0.9863,1
C:\Users\taimo\OneDrive\Documents 1\work\ecg-synthetic-research\data\rendered\neurokit2\NORM\SYN_NSR_00745.png,NORM,NORM,0.985,1
C:\Users\taimo\OneDrive\Documents 1\work\ecg-synthetic-research\data\rendered\neurokit2\NORM\SYN_NSR_03632.png,NORM,NORM,0.9844,1
C:\Users\taimo\OneDrive\Documents 1\work\ecg-synthetic-research\data\rendered\neurokit2\NORM\SYN_NSR_02084.png,NORM,NORM,0.9893,1
C:\Users\taimo\OneDrive\Documents 1\work\ecg-synthetic-research\data\rendered\neurokit2\NORM\SYN_NSR_02284.png,NORM,NORM,0.98,1
C:\Users\taimo\OneDrive\Documents 1\work\ecg-synthetic-research\data\rendered\neurokit2\NORM\SYN_NSR_02212.png,NORM,NORM,0.9824,1
C:\Users\taimo\OneDrive\Documents 1\work\ecg-synthetic-research\data\rendered\neurokit2\NORM\SYN_NSR_03610.png,NORM,NORM,0.955,1
C:\Users\taimo\OneDrive\Documents 1\work\ecg-synthetic-research\data\rendered\neurokit2\NORM\SYN_NSR_02091.png,NORM,NORM,0.982,1
C:\Users\taimo\OneDrive\Documents 1\work\ecg-synthetic-research\data\rendered\neurokit2\NORM\SYN_NSR_02464.png,NORM,NORM,0.9697,1
C:\Users\taimo\OneDrive\Documents 1\work\ecg-synthetic-research\data\rendered\neurokit2\NORM\SYN_NSR_01234.png,NORM,NORM,0.982,1
C:\Users\taimo\OneDrive\Documents 1\work\ecg-synthetic-research\data\rendered\neurokit2\NORM\SYN_NSR_01966.png,NORM,NORM,0.9746,1
C:\Users\taimo\OneDrive\Documents 1\work\ecg-synthetic-research\data\rendered\neurokit2\NORM\SYN_NSR_01028.png,NORM,NORM,0.9375,1
C:\Users\taimo\OneDrive\Documents 1\work\ecg-synthetic-research\data\rendered\neurokit2\NORM\SYN_NSR_02336.png,NORM,NORM,0.9976,1
C:\Users\taimo\OneDrive\Documents 1\work\ecg-synthetic-research\data\rendered\neurokit2\NORM\SYN_NSR_01188.png,NORM,NORM,0.9707,1
C:\Users\taimo\OneDrive\Documents 1\work\ecg-synthetic-research\data\rendered\neurokit2\NORM\SYN_NSR_02728.png,NORM,NORM,0.9863,1
C:\Users\taimo\OneDrive\Documents 1\work\ecg-synthetic-research\data\rendered\neurokit2\NORM\SYN_NSR_00179.png,NORM,NORM,0.991,1
C:\Users\taimo\OneDrive\Documents 1\work\ecg-synthetic-research\data\rendered\neurokit2\NORM\SYN_NSR_01878.png,NORM,NORM,0.984,1
C:\Users\taimo\OneDrive\Documents 1\work\ecg-synthetic-research\data\rendered\neurokit2\NORM\SYN_NSR_01558.png,NORM,NORM,0.995,1
C:\Users\taimo\OneDrive\Documents 1\work\ecg-synthetic-research\data\rendered\neurokit2\NORM\SYN_NSR_00174.png,NORM,NORM,0.9927,1
C:\Users\taimo\OneDrive\Documents 1\work\ecg-synthetic-research\data\rendered\neurokit2\NORM\SYN_NSR_01362.png,NORM,NORM,0.9375,1
C:\Users\taimo\OneDrive\Documents 1\work\ecg-synthetic-research\data\rendered\neurokit2\NORM\SYN_NSR_01105.png,NORM,NORM,0.9517,1
C:\Users\taimo\OneDrive\Documents 1\work\ecg-synthetic-research\data\rendered\neurokit2\NORM\SYN_NSR_02604.png,NORM,NORM,0.997,1
C:\Users\taimo\OneDrive\Documents 1\work\ecg-synthetic-research\data\rendered\neurokit2\NORM\SYN_NSR_02338.png,NORM,NORM,0.9575,1
C:\Users\taimo\OneDrive\Documents 1\work\ecg-synthetic-research\data\rendered\neurokit2\NORM\SYN_NSR_00325.png,NORM,NORM,0.9717,1
C:\Users\taimo\OneDrive\Documents 1\work\ecg-synthetic-research\data\rendered\neurokit2\NORM\SYN_NSR_02631.png,NORM,NORM,0.9907,1
C:\Users\taimo\OneDrive\Documents 1\work\ecg-synthetic-research\data\rendered\neurokit2\NORM\SYN_NSR_02971.png,NORM,NORM,0.98,1
C:\Users\taimo\OneDrive\Documents 1\work\ecg-synthetic-research\data\rendered\neurokit2\NORM\SYN_NSR_01898.png,NORM,NORM,0.9893,1
C:\Users\taimo\OneDrive\Documents 1\work\ecg-synthetic-research\data\rendered\neurokit2\NORM\SYN_NSR_01095.png,NORM,NORM,0.9683,1
C:\Users\taimo\OneDrive\Documents 1\work\ecg-synthetic-research\data\rendered\neurokit2\NORM\SYN_NSR_02567.png,NORM,NORM,0.965,1
C:\Users\taimo\OneDrive\Documents 1\work\ecg-synthetic-research\data\rendered\neurokit2\NORM\SYN_NSR_00222.png,NORM,NORM,0.995,1
C:\Users\taimo\OneDrive\Documents 1\work\ecg-synthetic-research\data\rendered\neurokit2\NORM\SYN_NSR_03174.png,NORM,NORM,0.984,1
C:\Users\taimo\OneDrive\Documents 1\work\ecg-synthetic-research\data\rendered\neurokit2\NORM\SYN_NSR_02829.png,NORM,NORM,0.983,1
C:\Users\taimo\OneDrive\Documents 1\work\ecg-synthetic-research\data\rendered\neurokit2\NORM\SYN_NSR_03807.png,NORM,NORM,0.992,1
C:\Users\taimo\OneDrive\Documents 1\work\ecg-synthetic-research\data\rendered\neurokit2\NORM\SYN_NSR_03190.png,NORM,NORM,0.981,1
C:\Users\taimo\OneDrive\Documents 1\work\ecg-synthetic-research\data\rendered\neurokit2\NORM\SYN_NSR_03570.png,NORM,NORM,0.988,1
C:\Users\taimo\OneDrive\Documents 1\work\ecg-synthetic-research\data\rendered\neurokit2\NORM\SYN_NSR_01737.png,NORM,NORM,0.9844,1
C:\Users\taimo\OneDrive\Documents 1\work\ecg-synthetic-research\data\rendered\neurokit2\NORM\SYN_NSR_00275.png,NORM,NORM,0.996,1
C:\Users\taimo\OneDrive\Documents 1\work\ecg-synthetic-research\data\rendered\neurokit2\NORM\SYN_NSR_00866.png,NORM,NORM,0.968,1
C:\Users\taimo\OneDrive\Documents 1\work\ecg-synthetic-research\data\rendered\neurokit2\NORM\SYN_NSR_03995.png,NORM,NORM,0.9893,1
C:\Users\taimo\OneDrive\Documents 1\work\ecg-synthetic-research\data\rendered\neurokit2\NORM\SYN_NSR_00507.png,NORM,NORM,0.9795,1
C:\Users\taimo\OneDrive\Documents 1\work\ecg-synthetic-research\data\rendered\neurokit2\NORM\SYN_NSR_02513.png,NORM,NORM,0.9927,1
C:\Users\taimo\OneDrive\Documents 1\work\ecg-synthetic-research\data\rendered\neurokit2\NORM\SYN_NSR_00550.png,NORM,NORM,0.987,1
C:\Users\taimo\OneDrive\Documents 1\work\ecg-synthetic-research\data\rendered\neurokit2\NORM\SYN_NSR_00443.png,NORM,NORM,0.975,1
C:\Users\taimo\OneDrive\Documents 1\work\ecg-synthetic-research\data\rendered\neurokit2\NORM\SYN_NSR_00898.png,NORM,NORM,0.916,1
C:\Users\taimo\OneDrive\Documents 1\work\ecg-synthetic-research\data\rendered\neurokit2\NORM\SYN_NSR_03817.png,NORM,NORM,0.9683,1
C:\Users\taimo\OneDrive\Documents 1\work\ecg-synthetic-research\data\rendered\neurokit2\NORM\SYN_NSR_01667.png,NORM,NORM,0.9507,1
C:\Users\taimo\OneDrive\Documents 1\work\ecg-synthetic-research\data\rendered\neurokit2\NORM\SYN_NSR_03342.png,NORM,NORM,0.9985,1
C:\Users\taimo\OneDrive\Documents 1\work\ecg-synthetic-research\data\rendered\neurokit2\NORM\SYN_NSR_02291.png,NORM,NORM,0.983,1
C:\Users\taimo\OneDrive\Documents 1\work\ecg-synthetic-research\data\rendered\neurokit2\NORM\SYN_NSR_01875.png,NORM,NORM,0.993,1
C:\Users\taimo\OneDrive\Documents 1\work\ecg-synthetic-research\data\rendered\neurokit2\NORM\SYN_NSR_03419.png,NORM,NORM,0.964,1
C:\Users\taimo\OneDrive\Documents 1\work\ecg-synthetic-research\data\rendered\neurokit2\NORM\SYN_NSR_03729.png,NORM,NORM,0.988,1
C:\Users\taimo\OneDrive\Documents 1\work\ecg-synthetic-research\data\rendered\neurokit2\NORM\SYN_NSR_01012.png,NORM,NORM,0.989,1
C:\Users\taimo\OneDrive\Documents 1\work\ecg-synthetic-research\data\rendered\neurokit2\NORM\SYN_NSR_03977.png,NORM,NORM,0.976,1
C:\Users\taimo\OneDrive\Documents 1\work\ecg-synthetic-research\data\rendered\neurokit2\NORM\SYN_NSR_03516.png,NORM,NORM,0.9673,1
C:\Users\taimo\OneDrive\Documents 1\work\ecg-synthetic-research\data\rendered\neurokit2\NORM\SYN_NSR_01559.png,NORM,NORM,0.9854,1
C:\Users\taimo\OneDrive\Documents 1\work\ecg-synthetic-research\data\rendered\neurokit2\NORM\SYN_NSR_01136.png,NORM,NORM,0.9785,1
C:\Users\taimo\OneDrive\Documents 1\work\ecg-synthetic-research\data\rendered\neurokit2\NORM\SYN_NSR_02530.png,NORM,NORM,0.972,1
C:\Users\taimo\OneDrive\Documents 1\work\ecg-synthetic-research\data\rendered\neurokit2\NORM\SYN_NSR_00417.png,NORM,NORM,0.891,1
C:\Users\taimo\OneDrive\Documents 1\work\ecg-synthetic-research\data\rendered\neurokit2\NORM\SYN_NSR_01972.png,NORM,NORM,0.979,1
C:\Users\taimo\OneDrive\Documents 1\work\ecg-synthetic-research\data\rendered\neurokit2\NORM\SYN_NSR_02926.png,NORM,NORM,0.991,1
C:\Users\taimo\OneDrive\Documents 1\work\ecg-synthetic-research\data\rendered\neurokit2\NORM\SYN_NSR_03756.png,NORM,NORM,0.9844,1
C:\Users\taimo\OneDrive\Documents 1\work\ecg-synthetic-research\data\rendered\neurokit2\NORM\SYN_NSR_00450.png,NORM,NORM,0.9873,1
C:\Users\taimo\OneDrive\Documents 1\work\ecg-synthetic-research\data\rendered\neurokit2\NORM\SYN_NSR_01753.png,NORM,NORM,0.9795,1
C:\Users\taimo\OneDrive\Documents 1\work\ecg-synthetic-research\data\rendered\neurokit2\NORM\SYN_NSR_00372.png,NORM,NORM,0.9824,1
C:\Users\taimo\OneDrive\Documents 1\work\ecg-synthetic-research\data\rendered\neurokit2\NORM\SYN_NSR_00701.png,NORM,NORM,0.98,1
C:\Users\taimo\OneDrive\Documents 1\work\ecg-synthetic-research\data\rendered\neurokit2\NORM\SYN_NSR_00666.png,NORM,NORM,0.993,1
C:\Users\taimo\OneDrive\Documents 1\work\ecg-synthetic-research\data\rendered\neurokit2\NORM\SYN_NSR_02421.png,NORM,NORM,0.99,1
C:\Users\taimo\OneDrive\Documents 1\work\ecg-synthetic-research\data\rendered\neurokit2\NORM\SYN_NSR_03592.png,NORM,NORM,0.992,1
C:\Users\taimo\OneDrive\Documents 1\work\ecg-synthetic-research\data\rendered\neurokit2\NORM\SYN_NSR_00506.png,NORM,NORM,0.9683,1
C:\Users\taimo\OneDrive\Documents 1\work\ecg-synthetic-research\data\rendered\neurokit2\NORM\SYN_NSR_03444.png,NORM,NORM,0.9795,1
C:\Users\taimo\OneDrive\Documents 1\work\ecg-synthetic-research\data\rendered\neurokit2\NORM\SYN_NSR_00109.png,NORM,NORM,0.994,1
C:\Users\taimo\OneDrive\Documents 1\work\ecg-synthetic-research\data\rendered\neurokit2\NORM\SYN_NSR_02949.png,NORM,NORM,0.9688,1
C:\Users\taimo\OneDrive\Documents 1\work\ecg-synthetic-research\data\rendered\neurokit2\NORM\SYN_NSR_03958.png,NORM,NORM,0.991,1
C:\Users\taimo\OneDrive\Documents 1\work\ecg-synthetic-research\data\rendered\neurokit2\NORM\SYN_NSR_02935.png,NORM,NORM,0.9917,1
C:\Users\taimo\OneDrive\Documents 1\work\ecg-synthetic-research\data\rendered\neurokit2\NORM\SYN_NSR_01863.png,NORM,NORM,0.8857,1
C:\Users\taimo\OneDrive\Documents 1\work\ecg-synthetic-research\data\rendered\neurokit2\NORM\SYN_NSR_02632.png,NORM,NORM,0.9126,1
C:\Users\taimo\OneDrive\Documents 1\work\ecg-synthetic-research\data\rendered\neurokit2\NORM\SYN_NSR_00486.png,NORM,NORM,0.8545,1
C:\Users\taimo\OneDrive\Documents 1\work\ecg-synthetic-research\data\rendered\neurokit2\NORM\SYN_NSR_02993.png,NORM,NORM,0.9683,1
C:\Users\taimo\OneDrive\Documents 1\work\ecg-synthetic-research\data\rendered\neurokit2\NORM\SYN_NSR_00848.png,NORM,NORM,0.7705,1
C:\Users\taimo\OneDrive\Documents 1\work\ecg-synthetic-research\data\rendered\neurokit2\NORM\SYN_NSR_03102.png,NORM,NORM,0.9805,1
C:\Users\taimo\OneDrive\Documents 1\work\ecg-synthetic-research\data\rendered\neurokit2\NORM\SYN_NSR_00210.png,NORM,NORM,0.981,1
C:\Users\taimo\OneDrive\Documents 1\work\ecg-synthetic-research\data\rendered\neurokit2\NORM\SYN_NSR_00911.png,NORM,NORM,0.9937,1
C:\Users\taimo\OneDrive\Documents 1\work\ecg-synthetic-research\data\rendered\neurokit2\NORM\SYN_NSR_02164.png,NORM,NORM,0.977,1
C:\Users\taimo\OneDrive\Documents 1\work\ecg-synthetic-research\data\rendered\neurokit2\NORM\SYN_NSR_00297.png,NORM,NORM,0.983,1
C:\Users\taimo\OneDrive\Documents 1\work\ecg-synthetic-research\data\rendered\neurokit2\NORM\SYN_NSR_00008.png,NORM,NORM,0.967,1
C:\Users\taimo\OneDrive\Documents 1\work\ecg-synthetic-research\data\rendered\neurokit2\NORM\SYN_NSR_02149.png,NORM,NORM,0.999,1
C:\Users\taimo\OneDrive\Documents 1\work\ecg-synthetic-research\data\rendered\neurokit2\NORM\SYN_NSR_03359.png,NORM,NORM,0.9814,1
C:\Users\taimo\OneDrive\Documents 1\work\ecg-synthetic-research\data\rendered\neurokit2\NORM\SYN_NSR_00791.png,NORM,NORM,0.975,1
C:\Users\taimo\OneDrive\Documents 1\work\ecg-synthetic-research\data\rendered\neurokit2\NORM\SYN_NSR_03013.png,NORM,NORM,0.841,1
C:\Users\taimo\OneDrive\Documents 1\work\ecg-synthetic-research\data\rendered\neurokit2\NORM\SYN_NSR_01815.png,NORM,NORM,0.592,1
C:\Users\taimo\OneDrive\Documents 1\work\ecg-synthetic-research\data\rendered\neurokit2\NORM\SYN_NSR_03627.png,NORM,NORM,0.969,1
C:\Users\taimo\OneDrive\Documents 1\work\ecg-synthetic-research\data\rendered\neurokit2\NORM\SYN_NSR_00026.png,NORM,NORM,0.9927,1
C:\Users\taimo\OneDrive\Documents 1\work\ecg-synthetic-research\data\rendered\neurokit2\NORM\SYN_NSR_01843.png,NORM,NORM,0.975,1
C:\Users\taimo\OneDrive\Documents 1\work\ecg-synthetic-research\data\rendered\neurokit2\NORM\SYN_NSR_03668.png,NORM,NORM,0.9805,1
C:\Users\taimo\OneDrive\Documents 1\work\ecg-synthetic-research\data\rendered\neurokit2\NORM\SYN_NSR_01616.png,NORM,NORM,0.998,1
C:\Users\taimo\OneDrive\Documents 1\work\ecg-synthetic-research\data\rendered\neurokit2\NORM\SYN_NSR_00884.png,NORM,NORM,0.957,1
C:\Users\taimo\OneDrive\Documents 1\work\ecg-synthetic-research\data\rendered\neurokit2\NORM\SYN_NSR_02753.png,NORM,NORM,0.9624,1
C:\Users\taimo\OneDrive\Documents 1\work\ecg-synthetic-research\data\rendered\neurokit2\NORM\SYN_NSR_03608.png,NORM,NORM,0.9917,1
C:\Users\taimo\OneDrive\Documents 1\work\ecg-synthetic-research\data\rendered\neurokit2\NORM\SYN_NSR_01886.png,NORM,NORM,0.9785,1
C:\Users\taimo\OneDrive\Documents 1\work\ecg-synthetic-research\data\rendered\neurokit2\NORM\SYN_NSR_01048.png,NORM,NORM,0.9746,1
C:\Users\taimo\OneDrive\Documents 1\work\ecg-synthetic-research\data\rendered\neurokit2\NORM\SYN_NSR_03487.png,NORM,NORM,0.977,1
C:\Users\taimo\OneDrive\Documents 1\work\ecg-synthetic-research\data\rendered\neurokit2\NORM\SYN_NSR_00177.png,NORM,NORM,0.9873,1
C:\Users\taimo\OneDrive\Documents 1\work\ecg-synthetic-research\data\rendered\neurokit2\NORM\SYN_NSR_02020.png,NORM,NORM,0.8545,1
C:\Users\taimo\OneDrive\Documents 1\work\ecg-synthetic-research\data\rendered\neurokit2\NORM\SYN_NSR_02659.png,NORM,NORM,0.9893,1
C:\Users\taimo\OneDrive\Documents 1\work\ecg-synthetic-research\data\rendered\neurokit2\NORM\SYN_NSR_03943.png,NORM,NORM,0.9893,1
C:\Users\taimo\OneDrive\Documents 1\work\ecg-synthetic-research\data\rendered\neurokit2\NORM\SYN_NSR_01740.png,NORM,NORM,0.96,1
C:\Users\taimo\OneDrive\Documents 1\work\ecg-synthetic-research\data\rendered\neurokit2\NORM\SYN_NSR_00371.png,NORM,NORM,0.9917,1
C:\Users\taimo\OneDrive\Documents 1\work\ecg-synthetic-research\data\rendered\neurokit2\NORM\SYN_NSR_03412.png,NORM,NORM,0.9756,1
C:\Users\taimo\OneDrive\Documents 1\work\ecg-synthetic-research\data\rendered\neurokit2\NORM\SYN_NSR_00492.png,NORM,NORM,0.996,1
C:\Users\taimo\OneDrive\Documents 1\work\ecg-synthetic-research\data\rendered\neurokit2\NORM\SYN_NSR_03925.png,NORM,NORM,0.977,1
C:\Users\taimo\OneDrive\Documents 1\work\ecg-synthetic-research\data\rendered\neurokit2\NORM\SYN_NSR_02440.png,NORM,NORM,0.993,1
C:\Users\taimo\OneDrive\Documents 1\work\ecg-synthetic-research\data\rendered\neurokit2\NORM\SYN_NSR_03949.png,NORM,NORM,0.995,1
C:\Users\taimo\OneDrive\Documents 1\work\ecg-synthetic-research\data\rendered\neurokit2\NORM\SYN_NSR_00163.png,NORM,NORM,0.979,1
C:\Users\taimo\OneDrive\Documents 1\work\ecg-synthetic-research\data\rendered\neurokit2\NORM\SYN_NSR_02662.png,NORM,NORM,0.966,1
C:\Users\taimo\OneDrive\Documents 1\work\ecg-synthetic-research\data\rendered\neurokit2\NORM\SYN_NSR_02294.png,NORM,NORM,0.977,1
C:\Users\taimo\OneDrive\Documents 1\work\ecg-synthetic-research\data\rendered\neurokit2\NORM\SYN_NSR_00612.png,NORM,NORM,0.9897,1
C:\Users\taimo\OneDrive\Documents 1\work\ecg-synthetic-research\data\rendered\neurokit2\NORM\SYN_NSR_01870.png,NORM,NORM,0.9766,1
C:\Users\taimo\OneDrive\Documents 1\work\ecg-synthetic-research\data\rendered\neurokit2\NORM\SYN_NSR_02016.png,NORM,NORM,0.9863,1
C:\Users\taimo\OneDrive\Documents 1\work\ecg-synthetic-research\data\rendered\neurokit2\NORM\SYN_NSR_00049.png,NORM,NORM,0.996,1
C:\Users\taimo\OneDrive\Documents 1\work\ecg-synthetic-research\data\rendered\neurokit2\NORM\SYN_NSR_00757.png,NORM,NORM,0.98,1
C:\Users\taimo\OneDrive\Documents 1\work\ecg-synthetic-research\data\rendered\neurokit2\NORM\SYN_NSR_03643.png,NORM,NORM,0.989,1
C:\Users\taimo\OneDrive\Documents 1\work\ecg-synthetic-research\data\rendered\neurokit2\NORM\SYN_NSR_01948.png,NORM,NORM,0.982,1
C:\Users\taimo\OneDrive\Documents 1\work\ecg-synthetic-research\data\rendered\neurokit2\NORM\SYN_NSR_02288.png,NORM,NORM,0.993,1
C:\Users\taimo\OneDrive\Documents 1\work\ecg-synthetic-research\data\rendered\neurokit2\NORM\SYN_NSR_03730.png,NORM,NORM,0.9688,1
C:\Users\taimo\OneDrive\Documents 1\work\ecg-synthetic-research\data\rendered\neurokit2\NORM\SYN_NSR_01715.png,NORM,NORM,0.9907,1
C:\Users\taimo\OneDrive\Documents 1\work\ecg-synthetic-research\data\rendered\neurokit2\NORM\SYN_NSR_03087.png,NORM,NORM,0.9927,1
C:\Users\taimo\OneDrive\Documents 1\work\ecg-synthetic-research\data\rendered\neurokit2\NORM\SYN_NSR_01552.png,NORM,NORM,0.9707,1
C:\Users\taimo\OneDrive\Documents 1\work\ecg-synthetic-research\data\rendered\neurokit2\NORM\SYN_NSR_02808.png,NORM,NORM,0.9775,1
C:\Users\taimo\OneDrive\Documents 1\work\ecg-synthetic-research\data\rendered\neurokit2\NORM\SYN_NSR_03211.png,NORM,NORM,0.9883,1
C:\Users\taimo\OneDrive\Documents 1\work\ecg-synthetic-research\data\rendered\neurokit2\NORM\SYN_NSR_01133.png,NORM,NORM,0.9766,1
C:\Users\taimo\OneDrive\Documents 1\work\ecg-synthetic-research\data\rendered\neurokit2\NORM\SYN_NSR_03980.png,NORM,NORM,0.9985,1
C:\Users\taimo\OneDrive\Documents 1\work\ecg-synthetic-research\data\rendered\neurokit2\NORM\SYN_NSR_03898.png,NORM,NORM,0.981,1
C:\Users\taimo\OneDrive\Documents 1\work\ecg-synthetic-research\data\rendered\neurokit2\NORM\SYN_NSR_03230.png,NORM,NORM,0.981,1
C:\Users\taimo\OneDrive\Documents 1\work\ecg-synthetic-research\data\rendered\neurokit2\NORM\SYN_NSR_02045.png,NORM,NORM,0.971,1
C:\Users\taimo\OneDrive\Documents 1\work\ecg-synthetic-research\data\rendered\neurokit2\NORM\SYN_NSR_03529.png,NORM,NORM,0.9834,1
C:\Users\taimo\OneDrive\Documents 1\work\ecg-synthetic-research\data\rendered\neurokit2\NORM\SYN_NSR_00188.png,NORM,NORM,0.9883,1
C:\Users\taimo\OneDrive\Documents 1\work\ecg-synthetic-research\data\rendered\neurokit2\NORM\SYN_NSR_03095.png,NORM,NORM,0.983,1
C:\Users\taimo\OneDrive\Documents 1\work\ecg-synthetic-research\data\rendered\neurokit2\NORM\SYN_NSR_00227.png,NORM,NORM,0.991,1
C:\Users\taimo\OneDrive\Documents 1\work\ecg-synthetic-research\data\rendered\neurokit2\NORM\SYN_NSR_03216.png,NORM,NORM,0.9907,1
C:\Users\taimo\OneDrive\Documents 1\work\ecg-synthetic-research\data\rendered\neurokit2\NORM\SYN_NSR_02375.png,NORM,NORM,0.9775,1
C:\Users\taimo\OneDrive\Documents 1\work\ecg-synthetic-research\data\rendered\neurokit2\NORM\SYN_NSR_01038.png,NORM,NORM,0.977,1
C:\Users\taimo\OneDrive\Documents 1\work\ecg-synthetic-research\data\rendered\neurokit2\NORM\SYN_NSR_00314.png,NORM,NORM,0.9766,1
C:\Users\taimo\OneDrive\Documents 1\work\ecg-synthetic-research\data\rendered\neurokit2\NORM\SYN_NSR_00932.png,NORM,NORM,0.989,1
C:\Users\taimo\OneDrive\Documents 1\work\ecg-synthetic-research\data\rendered\neurokit2\NORM\SYN_NSR_02705.png,NORM,NORM,0.9844,1
C:\Users\taimo\OneDrive\Documents 1\work\ecg-synthetic-research\data\rendered\neurokit2\NORM\SYN_NSR_03945.png,NORM,NORM,0.9556,1
C:\Users\taimo\OneDrive\Documents 1\work\ecg-synthetic-research\data\rendered\neurokit2\NORM\SYN_NSR_03733.png,NORM,NORM,0.977,1
C:\Users\taimo\OneDrive\Documents 1\work\ecg-synthetic-research\data\rendered\neurokit2\NORM\SYN_NSR_03704.png,NORM,NORM,0.9844,1
C:\Users\taimo\OneDrive\Documents 1\work\ecg-synthetic-research\data\rendered\neurokit2\NORM\SYN_NSR_01152.png,NORM,NORM,0.989,1
C:\Users\taimo\OneDrive\Documents 1\work\ecg-synthetic-research\data\rendered\neurokit2\NORM\SYN_NSR_00023.png,NORM,NORM,0.992,1
C:\Users\taimo\OneDrive\Documents 1\work\ecg-synthetic-research\data\rendered\neurokit2\NORM\SYN_NSR_00696.png,NORM,NORM,0.987,1
C:\Users\taimo\OneDrive\Documents 1\work\ecg-synthetic-research\data\rendered\neurokit2\NORM\SYN_NSR_01068.png,NORM,NORM,0.9834,1
C:\Users\taimo\OneDrive\Documents 1\work\ecg-synthetic-research\data\rendered\neurokit2\NORM\SYN_NSR_01314.png,NORM,NORM,0.941,1
C:\Users\taimo\OneDrive\Documents 1\work\ecg-synthetic-research\data\rendered\neurokit2\NORM\SYN_NSR_00860.png,NORM,NORM,0.6606,1
C:\Users\taimo\OneDrive\Documents 1\work\ecg-synthetic-research\data\rendered\neurokit2\NORM\SYN_NSR_01420.png,NORM,NORM,0.9937,1
C:\Users\taimo\OneDrive\Documents 1\work\ecg-synthetic-research\data\rendered\neurokit2\NORM\SYN_NSR_03372.png,NORM,NORM,0.998,1
C:\Users\taimo\OneDrive\Documents 1\work\ecg-synthetic-research\data\rendered\neurokit2\NORM\SYN_NSR_01413.png,NORM,NORM,0.984,1
C:\Users\taimo\OneDrive\Documents 1\work\ecg-synthetic-research\data\rendered\neurokit2\NORM\SYN_NSR_02252.png,NORM,NORM,0.981,1
C:\Users\taimo\OneDrive\Documents 1\work\ecg-synthetic-research\data\rendered\neurokit2\NORM\SYN_NSR_02247.png,NORM,NORM,0.973,1
C:\Users\taimo\OneDrive\Documents 1\work\ecg-synthetic-research\data\rendered\neurokit2\NORM\SYN_NSR_00686.png,NORM,NORM,0.982,1
C:\Users\taimo\OneDrive\Documents 1\work\ecg-synthetic-research\data\rendered\neurokit2\NORM\SYN_NSR_02190.png,NORM,NORM,0.987,1
C:\Users\taimo\OneDrive\Documents 1\work\ecg-synthetic-research\data\rendered\neurokit2\NORM\SYN_NSR_01393.png,NORM,NORM,0.98,1
C:\Users\taimo\OneDrive\Documents 1\work\ecg-synthetic-research\data\rendered\neurokit2\NORM\SYN_NSR_00522.png,NORM,NORM,0.987,1
C:\Users\taimo\OneDrive\Documents 1\work\ecg-synthetic-research\data\rendered\neurokit2\NORM\SYN_NSR_00351.png,NORM,NORM,0.985,1
C:\Users\taimo\OneDrive\Documents 1\work\ecg-synthetic-research\data\rendered\neurokit2\NORM\SYN_NSR_01962.png,NORM,NORM,0.942,1
C:\Users\taimo\OneDrive\Documents 1\work\ecg-synthetic-research\data\rendered\neurokit2\NORM\SYN_NSR_03701.png,NORM,NORM,0.958,1
C:\Users\taimo\OneDrive\Documents 1\work\ecg-synthetic-research\data\rendered\neurokit2\NORM\SYN_NSR_02329.png,NORM,NORM,0.972,1
C:\Users\taimo\OneDrive\Documents 1\work\ecg-synthetic-research\data\rendered\neurokit2\NORM\SYN_NSR_00946.png,NORM,NORM,0.993,1
C:\Users\taimo\OneDrive\Documents 1\work\ecg-synthetic-research\data\rendered\neurokit2\NORM\SYN_NSR_01658.png,NORM,NORM,0.9893,1
C:\Users\taimo\OneDrive\Documents 1\work\ecg-synthetic-research\data\rendered\neurokit2\NORM\SYN_NSR_00368.png,NORM,NORM,0.9927,1
C:\Users\taimo\OneDrive\Documents 1\work\ecg-synthetic-research\data\rendered\neurokit2\NORM\SYN_NSR_03126.png,NORM,NORM,0.9824,1
C:\Users\taimo\OneDrive\Documents 1\work\ecg-synthetic-research\data\rendered\neurokit2\NORM\SYN_NSR_03579.png,NORM,NORM,0.991,1
C:\Users\taimo\OneDrive\Documents 1\work\ecg-synthetic-research\data\rendered\neurokit2\NORM\SYN_NSR_01513.png,NORM,NORM,0.8696,1
C:\Users\taimo\OneDrive\Documents 1\work\ecg-synthetic-research\data\rendered\neurokit2\NORM\SYN_NSR_01367.png,NORM,NORM,0.9775,1
C:\Users\taimo\OneDrive\Documents 1\work\ecg-synthetic-research\data\rendered\neurokit2\NORM\SYN_NSR_03440.png,NORM,NORM,0.9976,1
C:\Users\taimo\OneDrive\Documents 1\work\ecg-synthetic-research\data\rendered\neurokit2\NORM\SYN_NSR_03678.png,NORM,NORM,0.9814,1
C:\Users\taimo\OneDrive\Documents 1\work\ecg-synthetic-research\data\rendered\neurokit2\NORM\SYN_NSR_00087.png,NORM,NORM,0.9956,1
C:\Users\taimo\OneDrive\Documents 1\work\ecg-synthetic-research\data\rendered\neurokit2\NORM\SYN_NSR_02365.png,NORM,NORM,0.989,1
C:\Users\taimo\OneDrive\Documents 1\work\ecg-synthetic-research\data\rendered\neurokit2\NORM\SYN_NSR_00079.png,NORM,NORM,0.9824,1
C:\Users\taimo\OneDrive\Documents 1\work\ecg-synthetic-research\data\rendered\neurokit2\NORM\SYN_NSR_01617.png,NORM,NORM,0.9844,1
C:\Users\taimo\OneDrive\Documents 1\work\ecg-synthetic-research\data\rendered\neurokit2\NORM\SYN_NSR_01984.png,NORM,NORM,0.9707,1
C:\Users\taimo\OneDrive\Documents 1\work\ecg-synthetic-research\data\rendered\neurokit2\NORM\SYN_NSR_02005.png,NORM,NORM,0.9814,1
C:\Users\taimo\OneDrive\Documents 1\work\ecg-synthetic-research\data\rendered\neurokit2\NORM\SYN_NSR_02427.png,NORM,NORM,0.973,1
C:\Users\taimo\OneDrive\Documents 1\work\ecg-synthetic-research\data\rendered\neurokit2\NORM\SYN_NSR_01144.png,NORM,NORM,0.983,1
C:\Users\taimo\OneDrive\Documents 1\work\ecg-synthetic-research\data\rendered\neurokit2\NORM\SYN_NSR_02952.png,NORM,NORM,0.9795,1
C:\Users\taimo\OneDrive\Documents 1\work\ecg-synthetic-research\data\rendered\neurokit2\NORM\SYN_NSR_02475.png,NORM,NORM,0.9688,1
C:\Users\taimo\OneDrive\Documents 1\work\ecg-synthetic-research\data\rendered\neurokit2\NORM\SYN_NSR_03046.png,NORM,NORM,0.991,1
C:\Users\taimo\OneDrive\Documents 1\work\ecg-synthetic-research\data\rendered\neurokit2\NORM\SYN_NSR_03829.png,NORM,NORM,0.9883,1
C:\Users\taimo\OneDrive\Documents 1\work\ecg-synthetic-research\data\rendered\neurokit2\NORM\SYN_NSR_01814.png,NORM,NORM,0.991,1
C:\Users\taimo\OneDrive\Documents 1\work\ecg-synthetic-research\data\rendered\neurokit2\NORM\SYN_NSR_01500.png,NORM,NORM,0.9937,1
C:\Users\taimo\OneDrive\Documents 1\work\ecg-synthetic-research\data\rendered\neurokit2\NORM\SYN_NSR_01237.png,NORM,NORM,0.989,1
C:\Users\taimo\OneDrive\Documents 1\work\ecg-synthetic-research\data\rendered\neurokit2\NORM\SYN_NSR_01037.png,NORM,NORM,0.9805,1
C:\Users\taimo\OneDrive\Documents 1\work\ecg-synthetic-research\data\rendered\neurokit2\NORM\SYN_NSR_02816.png,NORM,NORM,0.9897,1
C:\Users\taimo\OneDrive\Documents 1\work\ecg-synthetic-research\data\rendered\neurokit2\NORM\SYN_NSR_02668.png,NORM,NORM,0.989,1
C:\Users\taimo\OneDrive\Documents 1\work\ecg-synthetic-research\data\rendered\neurokit2\NORM\SYN_NSR_02997.png,NORM,NORM,0.995,1
C:\Users\taimo\OneDrive\Documents 1\work\ecg-synthetic-research\data\rendered\neurokit2\NORM\SYN_NSR_00519.png,NORM,NORM,0.9893,1
C:\Users\taimo\OneDrive\Documents 1\work\ecg-synthetic-research\data\rendered\neurokit2\NORM\SYN_NSR_02744.png,NORM,NORM,0.977,1
C:\Users\taimo\OneDrive\Documents 1\work\ecg-synthetic-research\data\rendered\neurokit2\NORM\SYN_NSR_03755.png,NORM,NORM,0.977,1
C:\Users\taimo\OneDrive\Documents 1\work\ecg-synthetic-research\data\rendered\neurokit2\NORM\SYN_NSR_01383.png,NORM,NORM,0.968,1
C:\Users\taimo\OneDrive\Documents 1\work\ecg-synthetic-research\data\rendered\neurokit2\NORM\SYN_NSR_03690.png,NORM,NORM,0.9873,1
C:\Users\taimo\OneDrive\Documents 1\work\ecg-synthetic-research\data\rendered\neurokit2\NORM\SYN_NSR_02921.png,NORM,NORM,0.992,1
C:\Users\taimo\OneDrive\Documents 1\work\ecg-synthetic-research\data\rendered\neurokit2\NORM\SYN_NSR_01353.png,NORM,NORM,0.9727,1
C:\Users\taimo\OneDrive\Documents 1\work\ecg-synthetic-research\data\rendered\neurokit2\NORM\SYN_NSR_00983.png,NORM,NORM,0.9766,1
C:\Users\taimo\OneDrive\Documents 1\work\ecg-synthetic-research\data\rendered\neurokit2\NORM\SYN_NSR_02821.png,NORM,NORM,0.9863,1
C:\Users\taimo\OneDrive\Documents 1\work\ecg-synthetic-research\data\rendered\neurokit2\NORM\SYN_NSR_03340.png,NORM,NORM,0.9727,1
C:\Users\taimo\OneDrive\Documents 1\work\ecg-synthetic-research\data\rendered\neurokit2\NORM\SYN_NSR_00663.png,NORM,NORM,0.9526,1
C:\Users\taimo\OneDrive\Documents 1\work\ecg-synthetic-research\data\rendered\neurokit2\NORM\SYN_NSR_01790.png,NORM,NORM,0.9785,1
C:\Users\taimo\OneDrive\Documents 1\work\ecg-synthetic-research\data\rendered\neurokit2\NORM\SYN_NSR_03576.png,NORM,NORM,0.958,1
C:\Users\taimo\OneDrive\Documents 1\work\ecg-synthetic-research\data\rendered\neurokit2\NORM\SYN_NSR_03547.png,NORM,NORM,0.983,1
C:\Users\taimo\OneDrive\Documents 1\work\ecg-synthetic-research\data\rendered\neurokit2\NORM\SYN_NSR_02671.png,NORM,NORM,0.991,1
C:\Users\taimo\OneDrive\Documents 1\work\ecg-synthetic-research\data\rendered\neurokit2\NORM\SYN_NSR_02150.png,NORM,NORM,0.9824,1
C:\Users\taimo\OneDrive\Documents 1\work\ecg-synthetic-research\data\rendered\neurokit2\NORM\SYN_NSR_02822.png,NORM,NORM,0.9927,1
C:\Users\taimo\OneDrive\Documents 1\work\ecg-synthetic-research\data\rendered\neurokit2\NORM\SYN_NSR_01612.png,NORM,NORM,0.987,1
C:\Users\taimo\OneDrive\Documents 1\work\ecg-synthetic-research\data\rendered\neurokit2\NORM\SYN_NSR_01134.png,NORM,NORM,0.993,1
C:\Users\taimo\OneDrive\Documents 1\work\ecg-synthetic-research\data\rendered\neurokit2\MI\SYN_MI_00556.png,MI,MI,0.9937,1
C:\Users\taimo\OneDrive\Documents 1\work\ecg-synthetic-research\data\rendered\neurokit2\MI\SYN_MI_02990.png,MI,MI,0.929,1
C:\Users\taimo\OneDrive\Documents 1\work\ecg-synthetic-research\data\rendered\neurokit2\MI\SYN_MI_00197.png,MI,MI,0.974,1
C:\Users\taimo\OneDrive\Documents 1\work\ecg-synthetic-research\data\rendered\neurokit2\MI\SYN_MI_01147.png,MI,MI,0.987,1
C:\Users\taimo\OneDrive\Documents 1\work\ecg-synthetic-research\data\rendered\neurokit2\MI\SYN_MI_01186.png,MI,MI,0.99,1
C:\Users\taimo\OneDrive\Documents 1\work\ecg-synthetic-research\data\rendered\neurokit2\MI\SYN_MI_01418.png,MI,MI,0.9795,1
C:\Users\taimo\OneDrive\Documents 1\work\ecg-synthetic-research\data\rendered\neurokit2\MI\SYN_MI_02541.png,MI,MI,0.9766,1
C:\Users\taimo\OneDrive\Documents 1\work\ecg-synthetic-research\data\rendered\neurokit2\MI\SYN_MI_02132.png,MI,MI,0.9893,1
C:\Users\taimo\OneDrive\Documents 1\work\ecg-synthetic-research\data\rendered\neurokit2\MI\SYN_MI_03919.png,MI,MI,0.9893,1
C:\Users\taimo\OneDrive\Documents 1\work\ecg-synthetic-research\data\rendered\neurokit2\MI\SYN_MI_00870.png,MI,MI,0.98,1
C:\Users\taimo\OneDrive\Documents 1\work\ecg-synthetic-research\data\rendered\neurokit2\MI\SYN_MI_02213.png,MI,MI,0.9907,1
C:\Users\taimo\OneDrive\Documents 1\work\ecg-synthetic-research\data\rendered\neurokit2\MI\SYN_MI_03144.png,MI,MI,0.996,1
C:\Users\taimo\OneDrive\Documents 1\work\ecg-synthetic-research\data\rendered\neurokit2\MI\SYN_MI_00110.png,MI,MI,0.989,1
C:\Users\taimo\OneDrive\Documents 1\work\ecg-synthetic-research\data\rendered\neurokit2\MI\SYN_MI_00315.png,MI,MI,0.9663,1
C:\Users\taimo\OneDrive\Documents 1\work\ecg-synthetic-research\data\rendered\neurokit2\MI\SYN_MI_02231.png,MI,MI,0.903,1
C:\Users\taimo\OneDrive\Documents 1\work\ecg-synthetic-research\data\rendered\neurokit2\MI\SYN_MI_03250.png,MI,MI,0.991,1
C:\Users\taimo\OneDrive\Documents 1\work\ecg-synthetic-research\data\rendered\neurokit2\MI\SYN_MI_02293.png,MI,MI,0.995,1
C:\Users\taimo\OneDrive\Documents 1\work\ecg-synthetic-research\data\rendered\neurokit2\MI\SYN_MI_01989.png,MI,MI,0.9893,1
C:\Users\taimo\OneDrive\Documents 1\work\ecg-synthetic-research\data\rendered\neurokit2\MI\SYN_MI_03319.png,MI,MI,0.9976,1
C:\Users\taimo\OneDrive\Documents 1\work\ecg-synthetic-research\data\rendered\neurokit2\MI\SYN_MI_03552.png,MI,MI,0.9204,1
C:\Users\taimo\OneDrive\Documents 1\work\ecg-synthetic-research\data\rendered\neurokit2\MI\SYN_MI_02859.png,MI,MI,0.866,1
C:\Users\taimo\OneDrive\Documents 1\work\ecg-synthetic-research\data\rendered\neurokit2\MI\SYN_MI_03415.png,MI,MI,0.9985,1
C:\Users\taimo\OneDrive\Documents 1\work\ecg-synthetic-research\data\rendered\neurokit2\MI\SYN_MI_02330.png,MI,MI,0.9907,1
C:\Users\taimo\OneDrive\Documents 1\work\ecg-synthetic-research\data\rendered\neurokit2\MI\SYN_MI_03322.png,MI,MI,0.9893,1
C:\Users\taimo\OneDrive\Documents 1\work\ecg-synthetic-research\data\rendered\neurokit2\MI\SYN_MI_01321.png,MI,MI,0.9946,1
C:\Users\taimo\OneDrive\Documents 1\work\ecg-synthetic-research\data\rendered\neurokit2\MI\SYN_MI_00464.png,MI,MI,0.9614,1
C:\Users\taimo\OneDrive\Documents 1\work\ecg-synthetic-research\data\rendered\neurokit2\MI\SYN_MI_02863.png,MI,MI,0.9917,1
C:\Users\taimo\OneDrive\Documents 1\work\ecg-synthetic-research\data\rendered\neurokit2\MI\SYN_MI_03023.png,MI,MI,0.9746,1
C:\Users\taimo\OneDrive\Documents 1\work\ecg-synthetic-research\data\rendered\neurokit2\MI\SYN_MI_03750.png,MI,MI,0.9873,1
C:\Users\taimo\OneDrive\Documents 1\work\ecg-synthetic-research\data\rendered\neurokit2\MI\SYN_MI_00722.png,MI,MI,0.9907,1
C:\Users\taimo\OneDrive\Documents 1\work\ecg-synthetic-research\data\rendered\neurokit2\MI\SYN_MI_01747.png,MI,MI,0.9277,1
C:\Users\taimo\OneDrive\Documents 1\work\ecg-synthetic-research\data\rendered\neurokit2\MI\SYN_MI_03537.png,MI,MI,0.9863,1
C:\Users\taimo\OneDrive\Documents 1\work\ecg-synthetic-research\data\rendered\neurokit2\MI\SYN_MI_00719.png,MI,MI,0.986,1
C:\Users\taimo\OneDrive\Documents 1\work\ecg-synthetic-research\data\rendered\neurokit2\MI\SYN_MI_02021.png,MI,MI,0.9595,1
C:\Users\taimo\OneDrive\Documents 1\work\ecg-synthetic-research\data\rendered\neurokit2\MI\SYN_MI_03054.png,MI,MI,0.989,1
C:\Users\taimo\OneDrive\Documents 1\work\ecg-synthetic-research\data\rendered\neurokit2\MI\SYN_MI_02352.png,MI,MI,0.992,1
C:\Users\taimo\OneDrive\Documents 1\work\ecg-synthetic-research\data\rendered\neurokit2\MI\SYN_MI_00403.png,MI,MI,0.9893,1
C:\Users\taimo\OneDrive\Documents 1\work\ecg-synthetic-research\data\rendered\neurokit2\MI\SYN_MI_02115.png,MI,MI,0.9863,1
C:\Users\taimo\OneDrive\Documents 1\work\ecg-synthetic-research\data\rendered\neurokit2\MI\SYN_MI_00271.png,MI,MI,0.995,1
C:\Users\taimo\OneDrive\Documents 1\work\ecg-synthetic-research\data\rendered\neurokit2\MI\SYN_MI_01045.png,MI,MI,0.971,1
C:\Users\taimo\OneDrive\Documents 1\work\ecg-synthetic-research\data\rendered\neurokit2\MI\SYN_MI_03471.png,MI,MI,0.989,1
C:\Users\taimo\OneDrive\Documents 1\work\ecg-synthetic-research\data\rendered\neurokit2\MI\SYN_MI_00018.png,MI,MI,0.9907,1
C:\Users\taimo\OneDrive\Documents 1\work\ecg-synthetic-research\data\rendered\neurokit2\MI\SYN_MI_00230.png,MI,MI,0.9644,1
C:\Users\taimo\OneDrive\Documents 1\work\ecg-synthetic-research\data\rendered\neurokit2\MI\SYN_MI_03545.png,MI,MI,0.9917,1
C:\Users\taimo\OneDrive\Documents 1\work\ecg-synthetic-research\data\rendered\neurokit2\MI\SYN_MI_02554.png,MI,MI,0.93,1
C:\Users\taimo\OneDrive\Documents 1\work\ecg-synthetic-research\data\rendered\neurokit2\MI\SYN_MI_02453.png,MI,MI,0.9893,1
C:\Users\taimo\OneDrive\Documents 1\work\ecg-synthetic-research\data\rendered\neurokit2\MI\SYN_MI_03323.png,MI,MI,0.9214,1
C:\Users\taimo\OneDrive\Documents 1\work\ecg-synthetic-research\data\rendered\neurokit2\MI\SYN_MI_00658.png,MI,MI,0.986,1
C:\Users\taimo\OneDrive\Documents 1\work\ecg-synthetic-research\data\rendered\neurokit2\MI\SYN_MI_03895.png,MI,MI,0.9917,1
C:\Users\taimo\OneDrive\Documents 1\work\ecg-synthetic-research\data\rendered\neurokit2\MI\SYN_MI_03721.png,MI,MI,0.9917,1
C:\Users\taimo\OneDrive\Documents 1\work\ecg-synthetic-research\data\rendered\neurokit2\MI\SYN_MI_02405.png,MI,MI,0.9956,1
C:\Users\taimo\OneDrive\Documents 1\work\ecg-synthetic-research\data\rendered\neurokit2\MI\SYN_MI_02887.png,MI,MI,0.985,1
C:\Users\taimo\OneDrive\Documents 1\work\ecg-synthetic-research\data\rendered\neurokit2\MI\SYN_MI_03624.png,MI,MI,0.9907,1
C:\Users\taimo\OneDrive\Documents 1\work\ecg-synthetic-research\data\rendered\neurokit2\MI\SYN_MI_02666.png,MI,MI,0.9585,1
C:\Users\taimo\OneDrive\Documents 1\work\ecg-synthetic-research\data\rendered\neurokit2\MI\SYN_MI_02903.png,MI,MI,0.991,1
C:\Users\taimo\OneDrive\Documents 1\work\ecg-synthetic-research\data\rendered\neurokit2\MI\SYN_MI_00872.png,MI,MI,0.9854,1
C:\Users\taimo\OneDrive\Documents 1\work\ecg-synthetic-research\data\rendered\neurokit2\MI\SYN_MI_01937.png,MI,MI,0.9897,1
C:\Users\taimo\OneDrive\Documents 1\work\ecg-synthetic-research\data\rendered\neurokit2\MI\SYN_MI_02211.png,MI,MI,0.986,1
C:\Users\taimo\OneDrive\Documents 1\work\ecg-synthetic-research\data\rendered\neurokit2\MI\SYN_MI_01927.png,MI,MI,0.991,1
C:\Users\taimo\OneDrive\Documents 1\work\ecg-synthetic-research\data\rendered\neurokit2\MI\SYN_MI_01212.png,MI,MI,0.9927,1
C:\Users\taimo\OneDrive\Documents 1\work\ecg-synthetic-research\data\rendered\neurokit2\MI\SYN_MI_01236.png,MI,MI,0.9937,1
C:\Users\taimo\OneDrive\Documents 1\work\ecg-synthetic-research\data\rendered\neurokit2\MI\SYN_MI_03641.png,MI,MI,0.9727,1
C:\Users\taimo\OneDrive\Documents 1\work\ecg-synthetic-research\data\rendered\neurokit2\MI\SYN_MI_02562.png,MI,MI,0.989,1
C:\Users\taimo\OneDrive\Documents 1\work\ecg-synthetic-research\data\rendered\neurokit2\MI\SYN_MI_01518.png,MI,MI,0.9487,1
C:\Users\taimo\OneDrive\Documents 1\work\ecg-synthetic-research\data\rendered\neurokit2\MI\SYN_MI_02847.png,MI,MI,0.9883,1
C:\Users\taimo\OneDrive\Documents 1\work\ecg-synthetic-research\data\rendered\neurokit2\MI\SYN_MI_00677.png,MI,MI,0.997,1
C:\Users\taimo\OneDrive\Documents 1\work\ecg-synthetic-research\data\rendered\neurokit2\MI\SYN_MI_01512.png,MI,MI,0.9937,1
C:\Users\taimo\OneDrive\Documents 1\work\ecg-synthetic-research\data\rendered\neurokit2\MI\SYN_MI_03764.png,MI,MI,0.992,1
C:\Users\taimo\OneDrive\Documents 1\work\ecg-synthetic-research\data\rendered\neurokit2\MI\SYN_MI_01874.png,MI,MI,0.951,1
C:\Users\taimo\OneDrive\Documents 1\work\ecg-synthetic-research\data\rendered\neurokit2\MI\SYN_MI_01018.png,MI,MI,0.998,1
C:\Users\taimo\OneDrive\Documents 1\work\ecg-synthetic-research\data\rendered\neurokit2\MI\SYN_MI_02404.png,MI,MI,0.9917,1
C:\Users\taimo\OneDrive\Documents 1\work\ecg-synthetic-research\data\rendered\neurokit2\MI\SYN_MI_01721.png,MI,MI,0.9946,1
C:\Users\taimo\OneDrive\Documents 1\work\ecg-synthetic-research\data\rendered\neurokit2\MI\SYN_MI_00439.png,MI,MI,0.974,1
C:\Users\taimo\OneDrive\Documents 1\work\ecg-synthetic-research\data\rendered\neurokit2\MI\SYN_MI_00466.png,MI,MI,0.9736,1
C:\Users\taimo\OneDrive\Documents 1\work\ecg-synthetic-research\data\rendered\neurokit2\MI\SYN_MI_00158.png,MI,MI,0.988,1
C:\Users\taimo\OneDrive\Documents 1\work\ecg-synthetic-research\data\rendered\neurokit2\MI\SYN_MI_01345.png,MI,MI,0.965,1
C:\Users\taimo\OneDrive\Documents 1\work\ecg-synthetic-research\data\rendered\neurokit2\MI\SYN_MI_01584.png,MI,MI,0.9824,1
C:\Users\taimo\OneDrive\Documents 1\work\ecg-synthetic-research\data\rendered\neurokit2\MI\SYN_MI_00938.png,MI,MI,0.969,1
C:\Users\taimo\OneDrive\Documents 1\work\ecg-synthetic-research\data\rendered\neurokit2\MI\SYN_MI_00326.png,MI,MI,0.9697,1
C:\Users\taimo\OneDrive\Documents 1\work\ecg-synthetic-research\data\rendered\neurokit2\MI\SYN_MI_00830.png,MI,MI,0.9854,1
C:\Users\taimo\OneDrive\Documents 1\work\ecg-synthetic-research\data\rendered\neurokit2\MI\SYN_MI_03238.png,MI,MI,0.9976,1
C:\Users\taimo\OneDrive\Documents 1\work\ecg-synthetic-research\data\rendered\neurokit2\MI\SYN_MI_01554.png,MI,MI,0.993,1
C:\Users\taimo\OneDrive\Documents 1\work\ecg-synthetic-research\data\rendered\neurokit2\MI\SYN_MI_02528.png,MI,MI,0.99,1
C:\Users\taimo\OneDrive\Documents 1\work\ecg-synthetic-research\data\rendered\neurokit2\MI\SYN_MI_00569.png,MI,MI,0.996,1
C:\Users\taimo\OneDrive\Documents 1\work\ecg-synthetic-research\data\rendered\neurokit2\MI\SYN_MI_00367.png,MI,MI,0.989,1
C:\Users\taimo\OneDrive\Documents 1\work\ecg-synthetic-research\data\rendered\neurokit2\MI\SYN_MI_02271.png,MI,MI,0.9966,1
C:\Users\taimo\OneDrive\Documents 1\work\ecg-synthetic-research\data\rendered\neurokit2\MI\SYN_MI_02141.png,MI,MI,0.996,1
C:\Users\taimo\OneDrive\Documents 1\work\ecg-synthetic-research\data\rendered\neurokit2\MI\SYN_MI_02305.png,MI,MI,0.9956,1
C:\Users\taimo\OneDrive\Documents 1\work\ecg-synthetic-research\data\rendered\neurokit2\MI\SYN_MI_01614.png,MI,MI,0.997,1
C:\Users\taimo\OneDrive\Documents 1\work\ecg-synthetic-research\data\rendered\neurokit2\MI\SYN_MI_00681.png,MI,MI,0.9883,1
C:\Users\taimo\OneDrive\Documents 1\work\ecg-synthetic-research\data\rendered\neurokit2\MI\SYN_MI_03350.png,MI,MI,0.989,1
C:\Users\taimo\OneDrive\Documents 1\work\ecg-synthetic-research\data\rendered\neurokit2\MI\SYN_MI_02785.png,MI,MI,0.9956,1
C:\Users\taimo\OneDrive\Documents 1\work\ecg-synthetic-research\data\rendered\neurokit2\MI\SYN_MI_01310.png,MI,MI,0.994,1
C:\Users\taimo\OneDrive\Documents 1\work\ecg-synthetic-research\data\rendered\neurokit2\MI\SYN_MI_02709.png,MI,MI,0.993,1
C:\Users\taimo\OneDrive\Documents 1\work\ecg-synthetic-research\data\rendered\neurokit2\MI\SYN_MI_00839.png,MI,MI,0.9204,1
C:\Users\taimo\OneDrive\Documents 1\work\ecg-synthetic-research\data\rendered\neurokit2\MI\SYN_MI_03585.png,MI,MI,0.993,1
C:\Users\taimo\OneDrive\Documents 1\work\ecg-synthetic-research\data\rendered\neurokit2\MI\SYN_MI_00189.png,MI,MI,0.9873,1
C:\Users\taimo\OneDrive\Documents 1\work\ecg-synthetic-research\data\rendered\neurokit2\MI\SYN_MI_00986.png,MI,MI,0.982,1
C:\Users\taimo\OneDrive\Documents 1\work\ecg-synthetic-research\data\rendered\neurokit2\MI\SYN_MI_02895.png,MI,MI,0.99,1
C:\Users\taimo\OneDrive\Documents 1\work\ecg-synthetic-research\data\rendered\neurokit2\MI\SYN_MI_03124.png,MI,MI,0.9883,1
C:\Users\taimo\OneDrive\Documents 1\work\ecg-synthetic-research\data\rendered\neurokit2\MI\SYN_MI_02958.png,MI,MI,0.994,1
C:\Users\taimo\OneDrive\Documents 1\work\ecg-synthetic-research\data\rendered\neurokit2\MI\SYN_MI_01019.png,MI,MI,0.872,1
C:\Users\taimo\OneDrive\Documents 1\work\ecg-synthetic-research\data\rendered\neurokit2\MI\SYN_MI_02568.png,MI,MI,0.994,1
C:\Users\taimo\OneDrive\Documents 1\work\ecg-synthetic-research\data\rendered\neurokit2\MI\SYN_MI_01114.png,MI,MI,0.979,1
C:\Users\taimo\OneDrive\Documents 1\work\ecg-synthetic-research\data\rendered\neurokit2\MI\SYN_MI_01139.png,MI,MI,0.99,1
C:\Users\taimo\OneDrive\Documents 1\work\ecg-synthetic-research\data\rendered\neurokit2\MI\SYN_MI_02349.png,MI,MI,0.941,1
C:\Users\taimo\OneDrive\Documents 1\work\ecg-synthetic-research\data\rendered\neurokit2\MI\SYN_MI_01581.png,MI,MI,0.993,1
C:\Users\taimo\OneDrive\Documents 1\work\ecg-synthetic-research\data\rendered\neurokit2\MI\SYN_MI_01264.png,MI,MI,0.9966,1
C:\Users\taimo\OneDrive\Documents 1\work\ecg-synthetic-research\data\rendered\neurokit2\MI\SYN_MI_02467.png,MI,MI,0.9844,1
C:\Users\taimo\OneDrive\Documents 1\work\ecg-synthetic-research\data\rendered\neurokit2\MI\SYN_MI_03598.png,MI,MI,0.9487,1
C:\Users\taimo\OneDrive\Documents 1\work\ecg-synthetic-research\data\rendered\neurokit2\MI\SYN_MI_00184.png,MI,MI,0.9805,1
C:\Users\taimo\OneDrive\Documents 1\work\ecg-synthetic-research\data\rendered\neurokit2\MI\SYN_MI_01271.png,MI,MI,0.9893,1
C:\Users\taimo\OneDrive\Documents 1\work\ecg-synthetic-research\data\rendered\neurokit2\MI\SYN_MI_03212.png,MI,MI,0.995,1
C:\Users\taimo\OneDrive\Documents 1\work\ecg-synthetic-research\data\rendered\neurokit2\MI\SYN_MI_02169.png,MI,MI,0.991,1
C:\Users\taimo\OneDrive\Documents 1\work\ecg-synthetic-research\data\rendered\neurokit2\MI\SYN_MI_01992.png,MI,MI,0.9736,1
C:\Users\taimo\OneDrive\Documents 1\work\ecg-synthetic-research\data\rendered\neurokit2\MI\SYN_MI_03457.png,MI,MI,0.9854,1
C:\Users\taimo\OneDrive\Documents 1\work\ecg-synthetic-research\data\rendered\neurokit2\MI\SYN_MI_03667.png,MI,MI,0.9917,1
C:\Users\taimo\OneDrive\Documents 1\work\ecg-synthetic-research\data\rendered\neurokit2\MI\SYN_MI_03025.png,MI,MI,0.9937,1
C:\Users\taimo\OneDrive\Documents 1\work\ecg-synthetic-research\data\rendered\neurokit2\MI\SYN_MI_00252.png,MI,MI,0.979,1
C:\Users\taimo\OneDrive\Documents 1\work\ecg-synthetic-research\data\rendered\neurokit2\MI\SYN_MI_01599.png,MI,MI,0.9863,1
C:\Users\taimo\OneDrive\Documents 1\work\ecg-synthetic-research\data\rendered\neurokit2\MI\SYN_MI_03871.png,MI,MI,0.993,1
C:\Users\taimo\OneDrive\Documents 1\work\ecg-synthetic-research\data\rendered\neurokit2\MI\SYN_MI_03284.png,MI,MI,0.9556,1
C:\Users\taimo\OneDrive\Documents 1\work\ecg-synthetic-research\data\rendered\neurokit2\MI\SYN_MI_00300.png,MI,MI,0.984,1
C:\Users\taimo\OneDrive\Documents 1\work\ecg-synthetic-research\data\rendered\neurokit2\MI\SYN_MI_03318.png,MI,MI,0.9956,1
C:\Users\taimo\OneDrive\Documents 1\work\ecg-synthetic-research\data\rendered\neurokit2\MI\SYN_MI_00416.png,MI,MI,0.986,1
C:\Users\taimo\OneDrive\Documents 1\work\ecg-synthetic-research\data\rendered\neurokit2\MI\SYN_MI_01043.png,MI,MI,0.9863,1
C:\Users\taimo\OneDrive\Documents 1\work\ecg-synthetic-research\data\rendered\neurokit2\MI\SYN_MI_01533.png,MI,MI,0.9907,1
C:\Users\taimo\OneDrive\Documents 1\work\ecg-synthetic-research\data\rendered\neurokit2\MI\SYN_MI_01074.png,MI,MI,0.9854,1
C:\Users\taimo\OneDrive\Documents 1\work\ecg-synthetic-research\data\rendered\neurokit2\MI\SYN_MI_00762.png,MI,MI,0.989,1
C:\Users\taimo\OneDrive\Documents 1\work\ecg-synthetic-research\data\rendered\neurokit2\MI\SYN_MI_02054.png,MI,MI,0.99,1
C:\Users\taimo\OneDrive\Documents 1\work\ecg-synthetic-research\data\rendered\neurokit2\MI\SYN_MI_02430.png,MI,MI,0.9414,1
C:\Users\taimo\OneDrive\Documents 1\work\ecg-synthetic-research\data\rendered\neurokit2\MI\SYN_MI_02320.png,MI,MI,0.9854,1
C:\Users\taimo\OneDrive\Documents 1\work\ecg-synthetic-research\data\rendered\neurokit2\MI\SYN_MI_02665.png,MI,MI,0.985,1
C:\Users\taimo\OneDrive\Documents 1\work\ecg-synthetic-research\data\rendered\neurokit2\MI\SYN_MI_02257.png,MI,MI,0.993,1
C:\Users\taimo\OneDrive\Documents 1\work\ecg-synthetic-research\data\rendered\neurokit2\MI\SYN_MI_03954.png,MI,MI,0.97,1
C:\Users\taimo\OneDrive\Documents 1\work\ecg-synthetic-research\data\rendered\neurokit2\MI\SYN_MI_01692.png,MI,MI,0.9873,1
C:\Users\taimo\OneDrive\Documents 1\work\ecg-synthetic-research\data\rendered\neurokit2\MI\SYN_MI_00204.png,MI,MI,0.9946,1
C:\Users\taimo\OneDrive\Documents 1\work\ecg-synthetic-research\data\rendered\neurokit2\MI\SYN_MI_00894.png,MI,MI,0.9727,1
C:\Users\taimo\OneDrive\Documents 1\work\ecg-synthetic-research\data\rendered\neurokit2\MI\SYN_MI_01685.png,MI,MI,0.978,1
C:\Users\taimo\OneDrive\Documents 1\work\ecg-synthetic-research\data\rendered\neurokit2\MI\SYN_MI_01339.png,MI,MI,0.996,1
C:\Users\taimo\OneDrive\Documents 1\work\ecg-synthetic-research\data\rendered\neurokit2\MI\SYN_MI_00007.png,MI,MI,0.997,1
C:\Users\taimo\OneDrive\Documents 1\work\ecg-synthetic-research\data\rendered\neurokit2\MI\SYN_MI_03694.png,MI,MI,0.991,1
C:\Users\taimo\OneDrive\Documents 1\work\ecg-synthetic-research\data\rendered\neurokit2\MI\SYN_MI_02478.png,MI,MI,0.9585,1
C:\Users\taimo\OneDrive\Documents 1\work\ecg-synthetic-research\data\rendered\neurokit2\MI\SYN_MI_03883.png,MI,MI,0.992,1
C:\Users\taimo\OneDrive\Documents 1\work\ecg-synthetic-research\data\rendered\neurokit2\MI\SYN_MI_01106.png,MI,MI,0.991,1
C:\Users\taimo\OneDrive\Documents 1\work\ecg-synthetic-research\data\rendered\neurokit2\MI\SYN_MI_02623.png,MI,MI,0.9927,1
C:\Users\taimo\OneDrive\Documents 1\work\ecg-synthetic-research\data\rendered\neurokit2\MI\SYN_MI_00882.png,MI,MI,0.9795,1
C:\Users\taimo\OneDrive\Documents 1\work\ecg-synthetic-research\data\rendered\neurokit2\MI\SYN_MI_03595.png,MI,MI,0.971,1
C:\Users\taimo\OneDrive\Documents 1\work\ecg-synthetic-research\data\rendered\neurokit2\MI\SYN_MI_00574.png,MI,MI,0.996,1
C:\Users\taimo\OneDrive\Documents 1\work\ecg-synthetic-research\data\rendered\neurokit2\MI\SYN_MI_01259.png,MI,MI,0.9604,1
C:\Users\taimo\OneDrive\Documents 1\work\ecg-synthetic-research\data\rendered\neurokit2\MI\SYN_MI_00258.png,MI,MI,0.9717,1
C:\Users\taimo\OneDrive\Documents 1\work\ecg-synthetic-research\data\rendered\neurokit2\MI\SYN_MI_01546.png,MI,MI,0.9854,1
C:\Users\taimo\OneDrive\Documents 1\work\ecg-synthetic-research\data\rendered\neurokit2\MI\SYN_MI_00655.png,MI,MI,0.992,1
C:\Users\taimo\OneDrive\Documents 1\work\ecg-synthetic-research\data\rendered\neurokit2\MI\SYN_MI_03183.png,MI,MI,0.9873,1
C:\Users\taimo\OneDrive\Documents 1\work\ecg-synthetic-research\data\rendered\neurokit2\MI\SYN_MI_02531.png,MI,MI,0.967,1
C:\Users\taimo\OneDrive\Documents 1\work\ecg-synthetic-research\data\rendered\neurokit2\MI\SYN_MI_02416.png,MI,MI,0.915,1
C:\Users\taimo\OneDrive\Documents 1\work\ecg-synthetic-research\data\rendered\neurokit2\MI\SYN_MI_01172.png,MI,MI,0.9795,1
C:\Users\taimo\OneDrive\Documents 1\work\ecg-synthetic-research\data\rendered\neurokit2\MI\SYN_MI_03227.png,MI,MI,0.9844,1
C:\Users\taimo\OneDrive\Documents 1\work\ecg-synthetic-research\data\rendered\neurokit2\MI\SYN_MI_02358.png,MI,MI,0.97,1
C:\Users\taimo\OneDrive\Documents 1\work\ecg-synthetic-research\data\rendered\neurokit2\MI\SYN_MI_00732.png,MI,MI,0.9473,1
C:\Users\taimo\OneDrive\Documents 1\work\ecg-synthetic-research\data\rendered\neurokit2\MI\SYN_MI_01728.png,MI,MI,0.9917,1
C:\Users\taimo\OneDrive\Documents 1\work\ecg-synthetic-research\data\rendered\neurokit2\MI\SYN_MI_01158.png,MI,MI,0.987,1
C:\Users\taimo\OneDrive\Documents 1\work\ecg-synthetic-research\data\rendered\neurokit2\MI\SYN_MI_02726.png,MI,MI,0.986,1
C:\Users\taimo\OneDrive\Documents 1\work\ecg-synthetic-research\data\rendered\neurokit2\MI\SYN_MI_00745.png,MI,MI,0.9873,1
C:\Users\taimo\OneDrive\Documents 1\work\ecg-synthetic-research\data\rendered\neurokit2\MI\SYN_MI_03632.png,MI,MI,0.9907,1
C:\Users\taimo\OneDrive\Documents 1\work\ecg-synthetic-research\data\rendered\neurokit2\MI\SYN_MI_02084.png,MI,MI,0.9883,1
C:\Users\taimo\OneDrive\Documents 1\work\ecg-synthetic-research\data\rendered\neurokit2\MI\SYN_MI_02284.png,MI,MI,0.992,1
C:\Users\taimo\OneDrive\Documents 1\work\ecg-synthetic-research\data\rendered\neurokit2\MI\SYN_MI_02212.png,MI,MI,0.9907,1
C:\Users\taimo\OneDrive\Documents 1\work\ecg-synthetic-research\data\rendered\neurokit2\MI\SYN_MI_03610.png,MI,MI,0.982,1
C:\Users\taimo\OneDrive\Documents 1\work\ecg-synthetic-research\data\rendered\neurokit2\MI\SYN_MI_02091.png,MI,MI,0.9414,1
C:\Users\taimo\OneDrive\Documents 1\work\ecg-synthetic-research\data\rendered\neurokit2\MI\SYN_MI_02464.png,MI,MI,0.9663,1
C:\Users\taimo\OneDrive\Documents 1\work\ecg-synthetic-research\data\rendered\neurokit2\MI\SYN_MI_01234.png,MI,MI,0.984,1
C:\Users\taimo\OneDrive\Documents 1\work\ecg-synthetic-research\data\rendered\neurokit2\MI\SYN_MI_01966.png,MI,MI,0.9634,1
C:\Users\taimo\OneDrive\Documents 1\work\ecg-synthetic-research\data\rendered\neurokit2\MI\SYN_MI_01028.png,MI,MI,0.9746,1
C:\Users\taimo\OneDrive\Documents 1\work\ecg-synthetic-research\data\rendered\neurokit2\MI\SYN_MI_02336.png,MI,MI,0.987,1
C:\Users\taimo\OneDrive\Documents 1\work\ecg-synthetic-research\data\rendered\neurokit2\MI\SYN_MI_01188.png,MI,MI,0.95,1
C:\Users\taimo\OneDrive\Documents 1\work\ecg-synthetic-research\data\rendered\neurokit2\MI\SYN_MI_02728.png,MI,MI,0.985,1
C:\Users\taimo\OneDrive\Documents 1\work\ecg-synthetic-research\data\rendered\neurokit2\MI\SYN_MI_00179.png,MI,MI,0.982,1
C:\Users\taimo\OneDrive\Documents 1\work\ecg-synthetic-research\data\rendered\neurokit2\MI\SYN_MI_01878.png,MI,MI,0.9863,1
C:\Users\taimo\OneDrive\Documents 1\work\ecg-synthetic-research\data\rendered\neurokit2\MI\SYN_MI_01558.png,MI,MI,0.955,1
C:\Users\taimo\OneDrive\Documents 1\work\ecg-synthetic-research\data\rendered\neurokit2\MI\SYN_MI_00174.png,MI,MI,0.995,1
C:\Users\taimo\OneDrive\Documents 1\work\ecg-synthetic-research\data\rendered\neurokit2\MI\SYN_MI_01362.png,MI,MI,0.6626,1
C:\Users\taimo\OneDrive\Documents 1\work\ecg-synthetic-research\data\rendered\neurokit2\MI\SYN_MI_01105.png,MI,MI,0.993,1
C:\Users\taimo\OneDrive\Documents 1\work\ecg-synthetic-research\data\rendered\neurokit2\MI\SYN_MI_02604.png,MI,MI,0.995,1
C:\Users\taimo\OneDrive\Documents 1\work\ecg-synthetic-research\data\rendered\neurokit2\MI\SYN_MI_02338.png,MI,MI,0.993,1
C:\Users\taimo\OneDrive\Documents 1\work\ecg-synthetic-research\data\rendered\neurokit2\MI\SYN_MI_00325.png,MI,MI,0.919,1
C:\Users\taimo\OneDrive\Documents 1\work\ecg-synthetic-research\data\rendered\neurokit2\MI\SYN_MI_02631.png,MI,MI,0.9844,1
C:\Users\taimo\OneDrive\Documents 1\work\ecg-synthetic-research\data\rendered\neurokit2\MI\SYN_MI_02971.png,MI,MI,0.993,1
C:\Users\taimo\OneDrive\Documents 1\work\ecg-synthetic-research\data\rendered\neurokit2\MI\SYN_MI_01898.png,MI,MI,0.9956,1
C:\Users\taimo\OneDrive\Documents 1\work\ecg-synthetic-research\data\rendered\neurokit2\MI\SYN_MI_01095.png,MI,MI,0.9756,1
C:\Users\taimo\OneDrive\Documents 1\work\ecg-synthetic-research\data\rendered\neurokit2\MI\SYN_MI_02567.png,MI,MI,0.9956,1
C:\Users\taimo\OneDrive\Documents 1\work\ecg-synthetic-research\data\rendered\neurokit2\MI\SYN_MI_00222.png,MI,MI,0.9897,1
C:\Users\taimo\OneDrive\Documents 1\work\ecg-synthetic-research\data\rendered\neurokit2\MI\SYN_MI_03174.png,MI,MI,0.9614,1
C:\Users\taimo\OneDrive\Documents 1\work\ecg-synthetic-research\data\rendered\neurokit2\MI\SYN_MI_02829.png,MI,MI,0.975,1
C:\Users\taimo\OneDrive\Documents 1\work\ecg-synthetic-research\data\rendered\neurokit2\MI\SYN_MI_03807.png,MI,MI,0.9556,1
C:\Users\taimo\OneDrive\Documents 1\work\ecg-synthetic-research\data\rendered\neurokit2\MI\SYN_MI_03190.png,MI,MI,0.9917,1
C:\Users\taimo\OneDrive\Documents 1\work\ecg-synthetic-research\data\rendered\neurokit2\MI\SYN_MI_03570.png,MI,MI,0.922,1
C:\Users\taimo\OneDrive\Documents 1\work\ecg-synthetic-research\data\rendered\neurokit2\MI\SYN_MI_01737.png,MI,MI,0.9243,1
C:\Users\taimo\OneDrive\Documents 1\work\ecg-synthetic-research\data\rendered\neurokit2\MI\SYN_MI_00275.png,MI,MI,0.992,1
C:\Users\taimo\OneDrive\Documents 1\work\ecg-synthetic-research\data\rendered\neurokit2\MI\SYN_MI_00866.png,MI,MI,0.9897,1
C:\Users\taimo\OneDrive\Documents 1\work\ecg-synthetic-research\data\rendered\neurokit2\MI\SYN_MI_03995.png,MI,MI,0.959,1
C:\Users\taimo\OneDrive\Documents 1\work\ecg-synthetic-research\data\rendered\neurokit2\MI\SYN_MI_00507.png,MI,MI,0.9155,1
C:\Users\taimo\OneDrive\Documents 1\work\ecg-synthetic-research\data\rendered\neurokit2\MI\SYN_MI_02513.png,MI,MI,0.996,1
C:\Users\taimo\OneDrive\Documents 1\work\ecg-synthetic-research\data\rendered\neurokit2\MI\SYN_MI_00550.png,MI,MI,0.9937,1
C:\Users\taimo\OneDrive\Documents 1\work\ecg-synthetic-research\data\rendered\neurokit2\MI\SYN_MI_00443.png,MI,MI,0.9946,1
C:\Users\taimo\OneDrive\Documents 1\work\ecg-synthetic-research\data\rendered\neurokit2\MI\SYN_MI_00898.png,MI,MI,0.989,1
C:\Users\taimo\OneDrive\Documents 1\work\ecg-synthetic-research\data\rendered\neurokit2\MI\SYN_MI_03817.png,MI,MI,0.9854,1
C:\Users\taimo\OneDrive\Documents 1\work\ecg-synthetic-research\data\rendered\neurokit2\MI\SYN_MI_01667.png,MI,MI,0.993,1
C:\Users\taimo\OneDrive\Documents 1\work\ecg-synthetic-research\data\rendered\neurokit2\MI\SYN_MI_03342.png,MI,MI,0.9927,1
C:\Users\taimo\OneDrive\Documents 1\work\ecg-synthetic-research\data\rendered\neurokit2\MI\SYN_MI_02291.png,MI,MI,0.981,1
C:\Users\taimo\OneDrive\Documents 1\work\ecg-synthetic-research\data\rendered\neurokit2\MI\SYN_MI_01875.png,MI,MI,0.9937,1
C:\Users\taimo\OneDrive\Documents 1\work\ecg-synthetic-research\data\rendered\neurokit2\MI\SYN_MI_03419.png,MI,MI,0.973,1
C:\Users\taimo\OneDrive\Documents 1\work\ecg-synthetic-research\data\rendered\neurokit2\MI\SYN_MI_03729.png,MI,MI,0.979,1
C:\Users\taimo\OneDrive\Documents 1\work\ecg-synthetic-research\data\rendered\neurokit2\MI\SYN_MI_01012.png,MI,MI,0.9883,1
C:\Users\taimo\OneDrive\Documents 1\work\ecg-synthetic-research\data\rendered\neurokit2\MI\SYN_MI_03977.png,MI,MI,0.982,1
C:\Users\taimo\OneDrive\Documents 1\work\ecg-synthetic-research\data\rendered\neurokit2\MI\SYN_MI_03516.png,MI,MI,0.979,1
C:\Users\taimo\OneDrive\Documents 1\work\ecg-synthetic-research\data\rendered\neurokit2\MI\SYN_MI_01559.png,MI,MI,0.974,1
C:\Users\taimo\OneDrive\Documents 1\work\ecg-synthetic-research\data\rendered\neurokit2\MI\SYN_MI_01136.png,MI,MI,0.987,1
C:\Users\taimo\OneDrive\Documents 1\work\ecg-synthetic-research\data\rendered\neurokit2\MI\SYN_MI_02530.png,MI,MI,0.925,1
C:\Users\taimo\OneDrive\Documents 1\work\ecg-synthetic-research\data\rendered\neurokit2\MI\SYN_MI_00417.png,MI,MI,0.991,1
C:\Users\taimo\OneDrive\Documents 1\work\ecg-synthetic-research\data\rendered\neurokit2\MI\SYN_MI_01972.png,MI,MI,0.9883,1
C:\Users\taimo\OneDrive\Documents 1\work\ecg-synthetic-research\data\rendered\neurokit2\MI\SYN_MI_02926.png,MI,MI,0.9966,1
C:\Users\taimo\OneDrive\Documents 1\work\ecg-synthetic-research\data\rendered\neurokit2\MI\SYN_MI_03756.png,MI,MI,0.9863,1
C:\Users\taimo\OneDrive\Documents 1\work\ecg-synthetic-research\data\rendered\neurokit2\MI\SYN_MI_00450.png,MI,MI,0.9907,1
C:\Users\taimo\OneDrive\Documents 1\work\ecg-synthetic-research\data\rendered\neurokit2\MI\SYN_MI_01753.png,MI,MI,0.963,1
C:\Users\taimo\OneDrive\Documents 1\work\ecg-synthetic-research\data\rendered\neurokit2\MI\SYN_MI_00372.png,MI,MI,0.988,1
C:\Users\taimo\OneDrive\Documents 1\work\ecg-synthetic-research\data\rendered\neurokit2\MI\SYN_MI_00701.png,MI,MI,0.968,1
C:\Users\taimo\OneDrive\Documents 1\work\ecg-synthetic-research\data\rendered\neurokit2\MI\SYN_MI_00666.png,MI,MI,0.9346,1
C:\Users\taimo\OneDrive\Documents 1\work\ecg-synthetic-research\data\rendered\neurokit2\MI\SYN_MI_02421.png,MI,MI,0.993,1
C:\Users\taimo\OneDrive\Documents 1\work\ecg-synthetic-research\data\rendered\neurokit2\MI\SYN_MI_03592.png,MI,MI,0.994,1
C:\Users\taimo\OneDrive\Documents 1\work\ecg-synthetic-research\data\rendered\neurokit2\MI\SYN_MI_00506.png,MI,MI,0.9937,1
C:\Users\taimo\OneDrive\Documents 1\work\ecg-synthetic-research\data\rendered\neurokit2\MI\SYN_MI_03444.png,MI,MI,0.997,1
C:\Users\taimo\OneDrive\Documents 1\work\ecg-synthetic-research\data\rendered\neurokit2\MI\SYN_MI_00109.png,MI,MI,0.994,1
C:\Users\taimo\OneDrive\Documents 1\work\ecg-synthetic-research\data\rendered\neurokit2\MI\SYN_MI_02949.png,MI,MI,0.998,1
C:\Users\taimo\OneDrive\Documents 1\work\ecg-synthetic-research\data\rendered\neurokit2\MI\SYN_MI_03958.png,MI,MI,0.985,1
C:\Users\taimo\OneDrive\Documents 1\work\ecg-synthetic-research\data\rendered\neurokit2\MI\SYN_MI_02935.png,MI,MI,0.982,1
C:\Users\taimo\OneDrive\Documents 1\work\ecg-synthetic-research\data\rendered\neurokit2\MI\SYN_MI_01863.png,MI,MI,0.9946,1
C:\Users\taimo\OneDrive\Documents 1\work\ecg-synthetic-research\data\rendered\neurokit2\MI\SYN_MI_02632.png,MI,MI,0.979,1
C:\Users\taimo\OneDrive\Documents 1\work\ecg-synthetic-research\data\rendered\neurokit2\MI\SYN_MI_00486.png,MI,MI,0.992,1
C:\Users\taimo\OneDrive\Documents 1\work\ecg-synthetic-research\data\rendered\neurokit2\MI\SYN_MI_02993.png,MI,MI,0.991,1
C:\Users\taimo\OneDrive\Documents 1\work\ecg-synthetic-research\data\rendered\neurokit2\MI\SYN_MI_00848.png,MI,MI,0.9834,1
C:\Users\taimo\OneDrive\Documents 1\work\ecg-synthetic-research\data\rendered\neurokit2\MI\SYN_MI_03102.png,MI,MI,0.955,1
C:\Users\taimo\OneDrive\Documents 1\work\ecg-synthetic-research\data\rendered\neurokit2\MI\SYN_MI_00210.png,MI,MI,0.994,1
C:\Users\taimo\OneDrive\Documents 1\work\ecg-synthetic-research\data\rendered\neurokit2\MI\SYN_MI_00911.png,MI,MI,0.988,1
C:\Users\taimo\OneDrive\Documents 1\work\ecg-synthetic-research\data\rendered\neurokit2\MI\SYN_MI_02164.png,MI,MI,0.9624,1
C:\Users\taimo\OneDrive\Documents 1\work\ecg-synthetic-research\data\rendered\neurokit2\MI\SYN_MI_00297.png,MI,MI,0.9834,1
C:\Users\taimo\OneDrive\Documents 1\work\ecg-synthetic-research\data\rendered\neurokit2\MI\SYN_MI_00008.png,MI,MI,0.988,1
C:\Users\taimo\OneDrive\Documents 1\work\ecg-synthetic-research\data\rendered\neurokit2\MI\SYN_MI_02149.png,MI,MI,0.9795,1
C:\Users\taimo\OneDrive\Documents 1\work\ecg-synthetic-research\data\rendered\neurokit2\MI\SYN_MI_03359.png,MI,MI,0.9937,1
C:\Users\taimo\OneDrive\Documents 1\work\ecg-synthetic-research\data\rendered\neurokit2\MI\SYN_MI_00791.png,MI,MI,0.9644,1
C:\Users\taimo\OneDrive\Documents 1\work\ecg-synthetic-research\data\rendered\neurokit2\MI\SYN_MI_03013.png,MI,MI,0.9946,1
C:\Users\taimo\OneDrive\Documents 1\work\ecg-synthetic-research\data\rendered\neurokit2\MI\SYN_MI_01815.png,MI,MI,0.997,1
C:\Users\taimo\OneDrive\Documents 1\work\ecg-synthetic-research\data\rendered\neurokit2\MI\SYN_MI_03627.png,MI,MI,0.9917,1
C:\Users\taimo\OneDrive\Documents 1\work\ecg-synthetic-research\data\rendered\neurokit2\MI\SYN_MI_00026.png,MI,MI,0.985,1
C:\Users\taimo\OneDrive\Documents 1\work\ecg-synthetic-research\data\rendered\neurokit2\MI\SYN_MI_01843.png,MI,MI,0.9917,1
C:\Users\taimo\OneDrive\Documents 1\work\ecg-synthetic-research\data\rendered\neurokit2\MI\SYN_MI_03668.png,MI,MI,0.9478,1
C:\Users\taimo\OneDrive\Documents 1\work\ecg-synthetic-research\data\rendered\neurokit2\MI\SYN_MI_01616.png,MI,MI,0.9927,1
C:\Users\taimo\OneDrive\Documents 1\work\ecg-synthetic-research\data\rendered\neurokit2\MI\SYN_MI_00884.png,MI,MI,0.7236,1
C:\Users\taimo\OneDrive\Documents 1\work\ecg-synthetic-research\data\rendered\neurokit2\MI\SYN_MI_02753.png,MI,MI,0.9585,1
C:\Users\taimo\OneDrive\Documents 1\work\ecg-synthetic-research\data\rendered\neurokit2\MI\SYN_MI_03608.png,MI,MI,0.966,1
C:\Users\taimo\OneDrive\Documents 1\work\ecg-synthetic-research\data\rendered\neurokit2\MI\SYN_MI_01886.png,MI,MI,0.9087,1
C:\Users\taimo\OneDrive\Documents 1\work\ecg-synthetic-research\data\rendered\neurokit2\MI\SYN_MI_01048.png,MI,MI,0.984,1
C:\Users\taimo\OneDrive\Documents 1\work\ecg-synthetic-research\data\rendered\neurokit2\MI\SYN_MI_03487.png,MI,MI,0.983,1
C:\Users\taimo\OneDrive\Documents 1\work\ecg-synthetic-research\data\rendered\neurokit2\MI\SYN_MI_00177.png,MI,MI,0.9883,1
C:\Users\taimo\OneDrive\Documents 1\work\ecg-synthetic-research\data\rendered\neurokit2\MI\SYN_MI_02020.png,MI,MI,0.9863,1
C:\Users\taimo\OneDrive\Documents 1\work\ecg-synthetic-research\data\rendered\neurokit2\MI\SYN_MI_02659.png,MI,MI,0.983,1
C:\Users\taimo\OneDrive\Documents 1\work\ecg-synthetic-research\data\rendered\neurokit2\MI\SYN_MI_03943.png,MI,MI,0.987,1
C:\Users\taimo\OneDrive\Documents 1\work\ecg-synthetic-research\data\rendered\neurokit2\MI\SYN_MI_01740.png,MI,MI,0.9907,1
C:\Users\taimo\OneDrive\Documents 1\work\ecg-synthetic-research\data\rendered\neurokit2\MI\SYN_MI_00371.png,MI,MI,0.99,1
C:\Users\taimo\OneDrive\Documents 1\work\ecg-synthetic-research\data\rendered\neurokit2\MI\SYN_MI_03412.png,MI,MI,0.9907,1
C:\Users\taimo\OneDrive\Documents 1\work\ecg-synthetic-research\data\rendered\neurokit2\MI\SYN_MI_00492.png,MI,MI,0.9863,1
C:\Users\taimo\OneDrive\Documents 1\work\ecg-synthetic-research\data\rendered\neurokit2\MI\SYN_MI_03925.png,MI,MI,0.989,1
C:\Users\taimo\OneDrive\Documents 1\work\ecg-synthetic-research\data\rendered\neurokit2\MI\SYN_MI_02440.png,MI,MI,0.9946,1
C:\Users\taimo\OneDrive\Documents 1\work\ecg-synthetic-research\data\rendered\neurokit2\MI\SYN_MI_03949.png,MI,MI,0.997,1
C:\Users\taimo\OneDrive\Documents 1\work\ecg-synthetic-research\data\rendered\neurokit2\MI\SYN_MI_00163.png,MI,MI,0.984,1
C:\Users\taimo\OneDrive\Documents 1\work\ecg-synthetic-research\data\rendered\neurokit2\MI\SYN_MI_02662.png,MI,MI,0.934,1
C:\Users\taimo\OneDrive\Documents 1\work\ecg-synthetic-research\data\rendered\neurokit2\MI\SYN_MI_02294.png,MI,MI,0.9517,1
C:\Users\taimo\OneDrive\Documents 1\work\ecg-synthetic-research\data\rendered\neurokit2\MI\SYN_MI_00612.png,MI,MI,0.989,1
C:\Users\taimo\OneDrive\Documents 1\work\ecg-synthetic-research\data\rendered\neurokit2\MI\SYN_MI_01870.png,MI,MI,0.9727,1
C:\Users\taimo\OneDrive\Documents 1\work\ecg-synthetic-research\data\rendered\neurokit2\MI\SYN_MI_02016.png,MI,MI,0.9614,1
C:\Users\taimo\OneDrive\Documents 1\work\ecg-synthetic-research\data\rendered\neurokit2\MI\SYN_MI_00049.png,MI,MI,0.9814,1
C:\Users\taimo\OneDrive\Documents 1\work\ecg-synthetic-research\data\rendered\neurokit2\MI\SYN_MI_00757.png,MI,MI,0.89,1
C:\Users\taimo\OneDrive\Documents 1\work\ecg-synthetic-research\data\rendered\neurokit2\MI\SYN_MI_03643.png,MI,MI,0.9824,1
C:\Users\taimo\OneDrive\Documents 1\work\ecg-synthetic-research\data\rendered\neurokit2\MI\SYN_MI_01948.png,MI,MI,0.981,1
C:\Users\taimo\OneDrive\Documents 1\work\ecg-synthetic-research\data\rendered\neurokit2\MI\SYN_MI_02288.png,MI,MI,0.9346,1
C:\Users\taimo\OneDrive\Documents 1\work\ecg-synthetic-research\data\rendered\neurokit2\MI\SYN_MI_03730.png,MI,MI,0.984,1
C:\Users\taimo\OneDrive\Documents 1\work\ecg-synthetic-research\data\rendered\neurokit2\MI\SYN_MI_01715.png,MI,MI,0.9927,1
C:\Users\taimo\OneDrive\Documents 1\work\ecg-synthetic-research\data\rendered\neurokit2\MI\SYN_MI_03087.png,MI,MI,0.967,1
C:\Users\taimo\OneDrive\Documents 1\work\ecg-synthetic-research\data\rendered\neurokit2\MI\SYN_MI_01552.png,MI,MI,0.903,1
C:\Users\taimo\OneDrive\Documents 1\work\ecg-synthetic-research\data\rendered\neurokit2\MI\SYN_MI_02808.png,MI,MI,0.993,1
C:\Users\taimo\OneDrive\Documents 1\work\ecg-synthetic-research\data\rendered\neurokit2\MI\SYN_MI_03211.png,MI,MI,0.9863,1
C:\Users\taimo\OneDrive\Documents 1\work\ecg-synthetic-research\data\rendered\neurokit2\MI\SYN_MI_01133.png,MI,MI,0.985,1
C:\Users\taimo\OneDrive\Documents 1\work\ecg-synthetic-research\data\rendered\neurokit2\MI\SYN_MI_03980.png,MI,MI,0.9883,1
C:\Users\taimo\OneDrive\Documents 1\work\ecg-synthetic-research\data\rendered\neurokit2\MI\SYN_MI_03898.png,MI,MI,0.9775,1
C:\Users\taimo\OneDrive\Documents 1\work\ecg-synthetic-research\data\rendered\neurokit2\MI\SYN_MI_03230.png,MI,MI,0.995,1
C:\Users\taimo\OneDrive\Documents 1\work\ecg-synthetic-research\data\rendered\neurokit2\MI\SYN_MI_02045.png,MI,MI,0.9683,1
C:\Users\taimo\OneDrive\Documents 1\work\ecg-synthetic-research\data\rendered\neurokit2\MI\SYN_MI_03529.png,MI,MI,0.9634,1
C:\Users\taimo\OneDrive\Documents 1\work\ecg-synthetic-research\data\rendered\neurokit2\MI\SYN_MI_00188.png,MI,MI,0.9116,1
C:\Users\taimo\OneDrive\Documents 1\work\ecg-synthetic-research\data\rendered\neurokit2\MI\SYN_MI_03095.png,MI,MI,0.9937,1
C:\Users\taimo\OneDrive\Documents 1\work\ecg-synthetic-research\data\rendered\neurokit2\MI\SYN_MI_00227.png,MI,MI,0.986,1
C:\Users\taimo\OneDrive\Documents 1\work\ecg-synthetic-research\data\rendered\neurokit2\MI\SYN_MI_03216.png,MI,MI,0.9766,1
C:\Users\taimo\OneDrive\Documents 1\work\ecg-synthetic-research\data\rendered\neurokit2\MI\SYN_MI_02375.png,MI,MI,0.9883,1
C:\Users\taimo\OneDrive\Documents 1\work\ecg-synthetic-research\data\rendered\neurokit2\MI\SYN_MI_01038.png,MI,MI,0.979,1
C:\Users\taimo\OneDrive\Documents 1\work\ecg-synthetic-research\data\rendered\neurokit2\MI\SYN_MI_00314.png,MI,MI,0.994,1
C:\Users\taimo\OneDrive\Documents 1\work\ecg-synthetic-research\data\rendered\neurokit2\MI\SYN_MI_00932.png,MI,MI,0.9863,1
C:\Users\taimo\OneDrive\Documents 1\work\ecg-synthetic-research\data\rendered\neurokit2\MI\SYN_MI_02705.png,MI,MI,0.985,1
C:\Users\taimo\OneDrive\Documents 1\work\ecg-synthetic-research\data\rendered\neurokit2\MI\SYN_MI_03945.png,MI,MI,0.9893,1
C:\Users\taimo\OneDrive\Documents 1\work\ecg-synthetic-research\data\rendered\neurokit2\MI\SYN_MI_03733.png,MI,MI,0.992,1
C:\Users\taimo\OneDrive\Documents 1\work\ecg-synthetic-research\data\rendered\neurokit2\MI\SYN_MI_03704.png,MI,MI,0.9937,1
C:\Users\taimo\OneDrive\Documents 1\work\ecg-synthetic-research\data\rendered\neurokit2\MI\SYN_MI_01152.png,MI,MI,0.9688,1
C:\Users\taimo\OneDrive\Documents 1\work\ecg-synthetic-research\data\rendered\neurokit2\MI\SYN_MI_00023.png,MI,MI,0.952,1
C:\Users\taimo\OneDrive\Documents 1\work\ecg-synthetic-research\data\rendered\neurokit2\MI\SYN_MI_00696.png,MI,MI,0.9897,1
C:\Users\taimo\OneDrive\Documents 1\work\ecg-synthetic-research\data\rendered\neurokit2\MI\SYN_MI_01068.png,MI,MI,0.9897,1
C:\Users\taimo\OneDrive\Documents 1\work\ecg-synthetic-research\data\rendered\neurokit2\MI\SYN_MI_01314.png,MI,MI,0.9907,1
C:\Users\taimo\OneDrive\Documents 1\work\ecg-synthetic-research\data\rendered\neurokit2\MI\SYN_MI_00860.png,MI,MI,0.981,1
C:\Users\taimo\OneDrive\Documents 1\work\ecg-synthetic-research\data\rendered\neurokit2\MI\SYN_MI_01420.png,MI,MI,0.988,1
C:\Users\taimo\OneDrive\Documents 1\work\ecg-synthetic-research\data\rendered\neurokit2\MI\SYN_MI_03372.png,MI,MI,0.979,1
C:\Users\taimo\OneDrive\Documents 1\work\ecg-synthetic-research\data\rendered\neurokit2\MI\SYN_MI_01413.png,MI,MI,0.9824,1
C:\Users\taimo\OneDrive\Documents 1\work\ecg-synthetic-research\data\rendered\neurokit2\MI\SYN_MI_02252.png,MI,MI,0.984,1
C:\Users\taimo\OneDrive\Documents 1\work\ecg-synthetic-research\data\rendered\neurokit2\MI\SYN_MI_02247.png,MI,MI,0.9927,1
C:\Users\taimo\OneDrive\Documents 1\work\ecg-synthetic-research\data\rendered\neurokit2\MI\SYN_MI_00686.png,MI,MI,0.987,1
C:\Users\taimo\OneDrive\Documents 1\work\ecg-synthetic-research\data\rendered\neurokit2\MI\SYN_MI_02190.png,MI,MI,0.9907,1
C:\Users\taimo\OneDrive\Documents 1\work\ecg-synthetic-research\data\rendered\neurokit2\MI\SYN_MI_01393.png,MI,MI,0.9756,1
C:\Users\taimo\OneDrive\Documents 1\work\ecg-synthetic-research\data\rendered\neurokit2\MI\SYN_MI_00522.png,MI,MI,0.9917,1
C:\Users\taimo\OneDrive\Documents 1\work\ecg-synthetic-research\data\rendered\neurokit2\MI\SYN_MI_00351.png,MI,MI,0.993,1
C:\Users\taimo\OneDrive\Documents 1\work\ecg-synthetic-research\data\rendered\neurokit2\MI\SYN_MI_01962.png,MI,MI,0.977,1
C:\Users\taimo\OneDrive\Documents 1\work\ecg-synthetic-research\data\rendered\neurokit2\MI\SYN_MI_03701.png,MI,MI,0.9717,1
C:\Users\taimo\OneDrive\Documents 1\work\ecg-synthetic-research\data\rendered\neurokit2\MI\SYN_MI_02329.png,MI,MI,0.9883,1
C:\Users\taimo\OneDrive\Documents 1\work\ecg-synthetic-research\data\rendered\neurokit2\MI\SYN_MI_00946.png,MI,MI,0.967,1
C:\Users\taimo\OneDrive\Documents 1\work\ecg-synthetic-research\data\rendered\neurokit2\MI\SYN_MI_01658.png,MI,MI,0.8433,1
C:\Users\taimo\OneDrive\Documents 1\work\ecg-synthetic-research\data\rendered\neurokit2\MI\SYN_MI_00368.png,MI,MI,0.9956,1
C:\Users\taimo\OneDrive\Documents 1\work\ecg-synthetic-research\data\rendered\neurokit2\MI\SYN_MI_03126.png,MI,MI,0.986,1
C:\Users\taimo\OneDrive\Documents 1\work\ecg-synthetic-research\data\rendered\neurokit2\MI\SYN_MI_03579.png,MI,MI,0.9917,1
C:\Users\taimo\OneDrive\Documents 1\work\ecg-synthetic-research\data\rendered\neurokit2\MI\SYN_MI_01513.png,MI,MI,0.99,1
C:\Users\taimo\OneDrive\Documents 1\work\ecg-synthetic-research\data\rendered\neurokit2\MI\SYN_MI_01367.png,MI,MI,0.9907,1
C:\Users\taimo\OneDrive\Documents 1\work\ecg-synthetic-research\data\rendered\neurokit2\MI\SYN_MI_03440.png,MI,MI,0.974,1
C:\Users\taimo\OneDrive\Documents 1\work\ecg-synthetic-research\data\rendered\neurokit2\MI\SYN_MI_03678.png,MI,MI,0.949,1
C:\Users\taimo\OneDrive\Documents 1\work\ecg-synthetic-research\data\rendered\neurokit2\MI\SYN_MI_00087.png,MI,MI,0.9844,1
C:\Users\taimo\OneDrive\Documents 1\work\ecg-synthetic-research\data\rendered\neurokit2\MI\SYN_MI_02365.png,MI,MI,0.98,1
C:\Users\taimo\OneDrive\Documents 1\work\ecg-synthetic-research\data\rendered\neurokit2\MI\SYN_MI_00079.png,MI,MI,0.9907,1
C:\Users\taimo\OneDrive\Documents 1\work\ecg-synthetic-research\data\rendered\neurokit2\MI\SYN_MI_01617.png,MI,MI,0.988,1
C:\Users\taimo\OneDrive\Documents 1\work\ecg-synthetic-research\data\rendered\neurokit2\MI\SYN_MI_01984.png,MI,MI,0.971,1
C:\Users\taimo\OneDrive\Documents 1\work\ecg-synthetic-research\data\rendered\neurokit2\MI\SYN_MI_02005.png,MI,MI,0.988,1
C:\Users\taimo\OneDrive\Documents 1\work\ecg-synthetic-research\data\rendered\neurokit2\MI\SYN_MI_02427.png,MI,MI,0.994,1
C:\Users\taimo\OneDrive\Documents 1\work\ecg-synthetic-research\data\rendered\neurokit2\MI\SYN_MI_01144.png,MI,MI,0.9785,1
C:\Users\taimo\OneDrive\Documents 1\work\ecg-synthetic-research\data\rendered\neurokit2\MI\SYN_MI_02952.png,MI,MI,0.9917,1
C:\Users\taimo\OneDrive\Documents 1\work\ecg-synthetic-research\data\rendered\neurokit2\MI\SYN_MI_02475.png,MI,MI,0.9956,1
C:\Users\taimo\OneDrive\Documents 1\work\ecg-synthetic-research\data\rendered\neurokit2\MI\SYN_MI_03046.png,MI,MI,0.985,1
C:\Users\taimo\OneDrive\Documents 1\work\ecg-synthetic-research\data\rendered\neurokit2\MI\SYN_MI_03829.png,MI,MI,0.9956,1
C:\Users\taimo\OneDrive\Documents 1\work\ecg-synthetic-research\data\rendered\neurokit2\MI\SYN_MI_01814.png,MI,MI,0.9917,1
C:\Users\taimo\OneDrive\Documents 1\work\ecg-synthetic-research\data\rendered\neurokit2\MI\SYN_MI_01500.png,MI,MI,0.991,1
C:\Users\taimo\OneDrive\Documents 1\work\ecg-synthetic-research\data\rendered\neurokit2\MI\SYN_MI_01237.png,MI,MI,0.989,1
C:\Users\taimo\OneDrive\Documents 1\work\ecg-synthetic-research\data\rendered\neurokit2\MI\SYN_MI_01037.png,MI,MI,0.989,1
C:\Users\taimo\OneDrive\Documents 1\work\ecg-synthetic-research\data\rendered\neurokit2\MI\SYN_MI_02816.png,MI,MI,0.966,1
C:\Users\taimo\OneDrive\Documents 1\work\ecg-synthetic-research\data\rendered\neurokit2\MI\SYN_MI_02668.png,MI,MI,0.997,1
C:\Users\taimo\OneDrive\Documents 1\work\ecg-synthetic-research\data\rendered\neurokit2\MI\SYN_MI_02997.png,MI,MI,0.9883,1
C:\Users\taimo\OneDrive\Documents 1\work\ecg-synthetic-research\data\rendered\neurokit2\MI\SYN_MI_00519.png,MI,MI,0.989,1
C:\Users\taimo\OneDrive\Documents 1\work\ecg-synthetic-research\data\rendered\neurokit2\MI\SYN_MI_02744.png,MI,MI,0.966,1
C:\Users\taimo\OneDrive\Documents 1\work\ecg-synthetic-research\data\rendered\neurokit2\MI\SYN_MI_03755.png,MI,MI,0.8706,1
C:\Users\taimo\OneDrive\Documents 1\work\ecg-synthetic-research\data\rendered\neurokit2\MI\SYN_MI_01383.png,MI,MI,0.9956,1
C:\Users\taimo\OneDrive\Documents 1\work\ecg-synthetic-research\data\rendered\neurokit2\MI\SYN_MI_03690.png,MI,MI,0.9893,1
C:\Users\taimo\OneDrive\Documents 1\work\ecg-synthetic-research\data\rendered\neurokit2\MI\SYN_MI_02921.png,MI,MI,0.987,1
C:\Users\taimo\OneDrive\Documents 1\work\ecg-synthetic-research\data\rendered\neurokit2\MI\SYN_MI_01353.png,MI,MI,0.926,1
C:\Users\taimo\OneDrive\Documents 1\work\ecg-synthetic-research\data\rendered\neurokit2\MI\SYN_MI_00983.png,MI,MI,0.9727,1
C:\Users\taimo\OneDrive\Documents 1\work\ecg-synthetic-research\data\rendered\neurokit2\MI\SYN_MI_02821.png,MI,MI,0.9834,1
C:\Users\taimo\OneDrive\Documents 1\work\ecg-synthetic-research\data\rendered\neurokit2\MI\SYN_MI_03340.png,MI,MI,0.982,1
C:\Users\taimo\OneDrive\Documents 1\work\ecg-synthetic-research\data\rendered\neurokit2\MI\SYN_MI_00663.png,MI,MI,0.9956,1
C:\Users\taimo\OneDrive\Documents 1\work\ecg-synthetic-research\data\rendered\neurokit2\MI\SYN_MI_01790.png,MI,MI,0.99,1
C:\Users\taimo\OneDrive\Documents 1\work\ecg-synthetic-research\data\rendered\neurokit2\MI\SYN_MI_03576.png,MI,MI,0.9575,1
C:\Users\taimo\OneDrive\Documents 1\work\ecg-synthetic-research\data\rendered\neurokit2\MI\SYN_MI_03547.png,MI,MI,0.9844,1
C:\Users\taimo\OneDrive\Documents 1\work\ecg-synthetic-research\data\rendered\neurokit2\MI\SYN_MI_02671.png,MI,MI,0.985,1
C:\Users\taimo\OneDrive\Documents 1\work\ecg-synthetic-research\data\rendered\neurokit2\MI\SYN_MI_02150.png,MI,MI,0.9834,1
C:\Users\taimo\OneDrive\Documents 1\work\ecg-synthetic-research\data\rendered\neurokit2\MI\SYN_MI_02822.png,MI,MI,0.9746,1
C:\Users\taimo\OneDrive\Documents 1\work\ecg-synthetic-research\data\rendered\neurokit2\MI\SYN_MI_01612.png,MI,MI,0.9844,1
C:\Users\taimo\OneDrive\Documents 1\work\ecg-synthetic-research\data\rendered\neurokit2\MI\SYN_MI_01134.png,MI,MI,0.983,1
C:\Users\taimo\OneDrive\Documents 1\work\ecg-synthetic-research\data\rendered\neurokit2\AFIB\SYN_AFIB_00556.png,AFIB,AFIB,0.9883,1
C:\Users\taimo\OneDrive\Documents 1\work\ecg-synthetic-research\data\rendered\neurokit2\AFIB\SYN_AFIB_02990.png,AFIB,AFIB,0.9995,1
C:\Users\taimo\OneDrive\Documents 1\work\ecg-synthetic-research\data\rendered\neurokit2\AFIB\SYN_AFIB_00197.png,AFIB,AFIB,0.998,1
C:\Users\taimo\OneDrive\Documents 1\work\ecg-synthetic-research\data\rendered\neurokit2\AFIB\SYN_AFIB_01147.png,AFIB,AFIB,0.9985,1
C:\Users\taimo\OneDrive\Documents 1\work\ecg-synthetic-research\data\rendered\neurokit2\AFIB\SYN_AFIB_01186.png,AFIB,AFIB,0.992,1
C:\Users\taimo\OneDrive\Documents 1\work\ecg-synthetic-research\data\rendered\neurokit2\AFIB\SYN_AFIB_01418.png,AFIB,AFIB,0.992,1
C:\Users\taimo\OneDrive\Documents 1\work\ecg-synthetic-research\data\rendered\neurokit2\AFIB\SYN_AFIB_02541.png,AFIB,AFIB,0.9937,1
C:\Users\taimo\OneDrive\Documents 1\work\ecg-synthetic-research\data\rendered\neurokit2\AFIB\SYN_AFIB_02132.png,AFIB,AFIB,0.99,1
C:\Users\taimo\OneDrive\Documents 1\work\ecg-synthetic-research\data\rendered\neurokit2\AFIB\SYN_AFIB_03919.png,AFIB,AFIB,0.984,1
C:\Users\taimo\OneDrive\Documents 1\work\ecg-synthetic-research\data\rendered\neurokit2\AFIB\SYN_AFIB_00870.png,AFIB,AFIB,0.9927,1
C:\Users\taimo\OneDrive\Documents 1\work\ecg-synthetic-research\data\rendered\neurokit2\AFIB\SYN_AFIB_02213.png,AFIB,AFIB,0.998,1
C:\Users\taimo\OneDrive\Documents 1\work\ecg-synthetic-research\data\rendered\neurokit2\AFIB\SYN_AFIB_03144.png,AFIB,AFIB,0.963,1
C:\Users\taimo\OneDrive\Documents 1\work\ecg-synthetic-research\data\rendered\neurokit2\AFIB\SYN_AFIB_00110.png,AFIB,AFIB,0.9976,1
C:\Users\taimo\OneDrive\Documents 1\work\ecg-synthetic-research\data\rendered\neurokit2\AFIB\SYN_AFIB_00315.png,AFIB,AFIB,0.9995,1
C:\Users\taimo\OneDrive\Documents 1\work\ecg-synthetic-research\data\rendered\neurokit2\AFIB\SYN_AFIB_02231.png,AFIB,AFIB,0.999,1
C:\Users\taimo\OneDrive\Documents 1\work\ecg-synthetic-research\data\rendered\neurokit2\AFIB\SYN_AFIB_03250.png,AFIB,AFIB,0.992,1
C:\Users\taimo\OneDrive\Documents 1\work\ecg-synthetic-research\data\rendered\neurokit2\AFIB\SYN_AFIB_02293.png,AFIB,AFIB,0.9995,1
C:\Users\taimo\OneDrive\Documents 1\work\ecg-synthetic-research\data\rendered\neurokit2\AFIB\SYN_AFIB_01989.png,AFIB,AFIB,0.9995,1
C:\Users\taimo\OneDrive\Documents 1\work\ecg-synthetic-research\data\rendered\neurokit2\AFIB\SYN_AFIB_03319.png,AFIB,AFIB,0.999,1
C:\Users\taimo\OneDrive\Documents 1\work\ecg-synthetic-research\data\rendered\neurokit2\AFIB\SYN_AFIB_03552.png,AFIB,AFIB,0.995,1
C:\Users\taimo\OneDrive\Documents 1\work\ecg-synthetic-research\data\rendered\neurokit2\AFIB\SYN_AFIB_02859.png,AFIB,AFIB,0.999,1
C:\Users\taimo\OneDrive\Documents 1\work\ecg-synthetic-research\data\rendered\neurokit2\AFIB\SYN_AFIB_03415.png,AFIB,AFIB,0.988,1
C:\Users\taimo\OneDrive\Documents 1\work\ecg-synthetic-research\data\rendered\neurokit2\AFIB\SYN_AFIB_02330.png,AFIB,AFIB,0.9917,1
C:\Users\taimo\OneDrive\Documents 1\work\ecg-synthetic-research\data\rendered\neurokit2\AFIB\SYN_AFIB_03322.png,AFIB,AFIB,0.9917,1
C:\Users\taimo\OneDrive\Documents 1\work\ecg-synthetic-research\data\rendered\neurokit2\AFIB\SYN_AFIB_01321.png,AFIB,AFIB,0.994,1
C:\Users\taimo\OneDrive\Documents 1\work\ecg-synthetic-research\data\rendered\neurokit2\AFIB\SYN_AFIB_00464.png,AFIB,AFIB,0.996,1
C:\Users\taimo\OneDrive\Documents 1\work\ecg-synthetic-research\data\rendered\neurokit2\AFIB\SYN_AFIB_02863.png,AFIB,AFIB,0.9956,1
C:\Users\taimo\OneDrive\Documents 1\work\ecg-synthetic-research\data\rendered\neurokit2\AFIB\SYN_AFIB_03023.png,AFIB,AFIB,0.9966,1
C:\Users\taimo\OneDrive\Documents 1\work\ecg-synthetic-research\data\rendered\neurokit2\AFIB\SYN_AFIB_03750.png,AFIB,AFIB,0.9995,1
C:\Users\taimo\OneDrive\Documents 1\work\ecg-synthetic-research\data\rendered\neurokit2\AFIB\SYN_AFIB_00722.png,AFIB,AFIB,0.994,1
C:\Users\taimo\OneDrive\Documents 1\work\ecg-synthetic-research\data\rendered\neurokit2\AFIB\SYN_AFIB_01747.png,AFIB,AFIB,0.9844,1
C:\Users\taimo\OneDrive\Documents 1\work\ecg-synthetic-research\data\rendered\neurokit2\AFIB\SYN_AFIB_03537.png,AFIB,AFIB,0.999,1
C:\Users\taimo\OneDrive\Documents 1\work\ecg-synthetic-research\data\rendered\neurokit2\AFIB\SYN_AFIB_00719.png,AFIB,AFIB,0.9985,1
C:\Users\taimo\OneDrive\Documents 1\work\ecg-synthetic-research\data\rendered\neurokit2\AFIB\SYN_AFIB_02021.png,AFIB,AFIB,0.9985,1
C:\Users\taimo\OneDrive\Documents 1\work\ecg-synthetic-research\data\rendered\neurokit2\AFIB\SYN_AFIB_03054.png,AFIB,AFIB,1.0,1
C:\Users\taimo\OneDrive\Documents 1\work\ecg-synthetic-research\data\rendered\neurokit2\AFIB\SYN_AFIB_02352.png,AFIB,AFIB,0.998,1
C:\Users\taimo\OneDrive\Documents 1\work\ecg-synthetic-research\data\rendered\neurokit2\AFIB\SYN_AFIB_00403.png,AFIB,AFIB,0.997,1
C:\Users\taimo\OneDrive\Documents 1\work\ecg-synthetic-research\data\rendered\neurokit2\AFIB\SYN_AFIB_02115.png,AFIB,AFIB,0.999,1
C:\Users\taimo\OneDrive\Documents 1\work\ecg-synthetic-research\data\rendered\neurokit2\AFIB\SYN_AFIB_00271.png,AFIB,AFIB,0.998,1
C:\Users\taimo\OneDrive\Documents 1\work\ecg-synthetic-research\data\rendered\neurokit2\AFIB\SYN_AFIB_01045.png,AFIB,AFIB,0.995,1
C:\Users\taimo\OneDrive\Documents 1\work\ecg-synthetic-research\data\rendered\neurokit2\AFIB\SYN_AFIB_03471.png,AFIB,AFIB,0.999,1
C:\Users\taimo\OneDrive\Documents 1\work\ecg-synthetic-research\data\rendered\neurokit2\AFIB\SYN_AFIB_00018.png,AFIB,AFIB,0.9956,1
C:\Users\taimo\OneDrive\Documents 1\work\ecg-synthetic-research\data\rendered\neurokit2\AFIB\SYN_AFIB_00230.png,AFIB,AFIB,0.993,1
C:\Users\taimo\OneDrive\Documents 1\work\ecg-synthetic-research\data\rendered\neurokit2\AFIB\SYN_AFIB_03545.png,AFIB,AFIB,0.978,1
C:\Users\taimo\OneDrive\Documents 1\work\ecg-synthetic-research\data\rendered\neurokit2\AFIB\SYN_AFIB_02554.png,AFIB,AFIB,0.996,1
C:\Users\taimo\OneDrive\Documents 1\work\ecg-synthetic-research\data\rendered\neurokit2\AFIB\SYN_AFIB_02453.png,AFIB,AFIB,0.9976,1
C:\Users\taimo\OneDrive\Documents 1\work\ecg-synthetic-research\data\rendered\neurokit2\AFIB\SYN_AFIB_03323.png,AFIB,AFIB,0.998,1
C:\Users\taimo\OneDrive\Documents 1\work\ecg-synthetic-research\data\rendered\neurokit2\AFIB\SYN_AFIB_00658.png,AFIB,AFIB,0.9863,1
C:\Users\taimo\OneDrive\Documents 1\work\ecg-synthetic-research\data\rendered\neurokit2\AFIB\SYN_AFIB_03895.png,AFIB,AFIB,0.983,1
C:\Users\taimo\OneDrive\Documents 1\work\ecg-synthetic-research\data\rendered\neurokit2\AFIB\SYN_AFIB_03721.png,AFIB,AFIB,0.981,1
C:\Users\taimo\OneDrive\Documents 1\work\ecg-synthetic-research\data\rendered\neurokit2\AFIB\SYN_AFIB_02405.png,AFIB,AFIB,0.996,1
C:\Users\taimo\OneDrive\Documents 1\work\ecg-synthetic-research\data\rendered\neurokit2\AFIB\SYN_AFIB_02887.png,AFIB,AFIB,0.991,1
C:\Users\taimo\OneDrive\Documents 1\work\ecg-synthetic-research\data\rendered\neurokit2\AFIB\SYN_AFIB_03624.png,AFIB,AFIB,0.9985,1
C:\Users\taimo\OneDrive\Documents 1\work\ecg-synthetic-research\data\rendered\neurokit2\AFIB\SYN_AFIB_02666.png,AFIB,AFIB,0.998,1
C:\Users\taimo\OneDrive\Documents 1\work\ecg-synthetic-research\data\rendered\neurokit2\AFIB\SYN_AFIB_02903.png,AFIB,AFIB,0.999,1
C:\Users\taimo\OneDrive\Documents 1\work\ecg-synthetic-research\data\rendered\neurokit2\AFIB\SYN_AFIB_00872.png,AFIB,AFIB,0.997,1
C:\Users\taimo\OneDrive\Documents 1\work\ecg-synthetic-research\data\rendered\neurokit2\AFIB\SYN_AFIB_01937.png,AFIB,AFIB,0.9927,1
C:\Users\taimo\OneDrive\Documents 1\work\ecg-synthetic-research\data\rendered\neurokit2\AFIB\SYN_AFIB_02211.png,AFIB,AFIB,0.998,1
C:\Users\taimo\OneDrive\Documents 1\work\ecg-synthetic-research\data\rendered\neurokit2\AFIB\SYN_AFIB_01927.png,AFIB,AFIB,0.999,1
C:\Users\taimo\OneDrive\Documents 1\work\ecg-synthetic-research\data\rendered\neurokit2\AFIB\SYN_AFIB_01212.png,AFIB,AFIB,0.9937,1
C:\Users\taimo\OneDrive\Documents 1\work\ecg-synthetic-research\data\rendered\neurokit2\AFIB\SYN_AFIB_01236.png,AFIB,AFIB,0.985,1
C:\Users\taimo\OneDrive\Documents 1\work\ecg-synthetic-research\data\rendered\neurokit2\AFIB\SYN_AFIB_03641.png,AFIB,AFIB,0.9946,1
C:\Users\taimo\OneDrive\Documents 1\work\ecg-synthetic-research\data\rendered\neurokit2\AFIB\SYN_AFIB_02562.png,AFIB,AFIB,0.9995,1
C:\Users\taimo\OneDrive\Documents 1\work\ecg-synthetic-research\data\rendered\neurokit2\AFIB\SYN_AFIB_01518.png,AFIB,AFIB,0.9995,1
C:\Users\taimo\OneDrive\Documents 1\work\ecg-synthetic-research\data\rendered\neurokit2\AFIB\SYN_AFIB_02847.png,AFIB,AFIB,0.995,1
C:\Users\taimo\OneDrive\Documents 1\work\ecg-synthetic-research\data\rendered\neurokit2\AFIB\SYN_AFIB_00677.png,AFIB,AFIB,0.9995,1
C:\Users\taimo\OneDrive\Documents 1\work\ecg-synthetic-research\data\rendered\neurokit2\AFIB\SYN_AFIB_01512.png,AFIB,AFIB,0.9863,1
C:\Users\taimo\OneDrive\Documents 1\work\ecg-synthetic-research\data\rendered\neurokit2\AFIB\SYN_AFIB_03764.png,AFIB,AFIB,0.997,1
C:\Users\taimo\OneDrive\Documents 1\work\ecg-synthetic-research\data\rendered\neurokit2\AFIB\SYN_AFIB_01874.png,AFIB,AFIB,0.9976,1
C:\Users\taimo\OneDrive\Documents 1\work\ecg-synthetic-research\data\rendered\neurokit2\AFIB\SYN_AFIB_01018.png,AFIB,AFIB,0.9976,1
C:\Users\taimo\OneDrive\Documents 1\work\ecg-synthetic-research\data\rendered\neurokit2\AFIB\SYN_AFIB_02404.png,AFIB,AFIB,0.9927,1
C:\Users\taimo\OneDrive\Documents 1\work\ecg-synthetic-research\data\rendered\neurokit2\AFIB\SYN_AFIB_01721.png,AFIB,AFIB,0.989,1
C:\Users\taimo\OneDrive\Documents 1\work\ecg-synthetic-research\data\rendered\neurokit2\AFIB\SYN_AFIB_00439.png,AFIB,AFIB,0.998,1
C:\Users\taimo\OneDrive\Documents 1\work\ecg-synthetic-research\data\rendered\neurokit2\AFIB\SYN_AFIB_00466.png,AFIB,AFIB,0.9985,1
C:\Users\taimo\OneDrive\Documents 1\work\ecg-synthetic-research\data\rendered\neurokit2\AFIB\SYN_AFIB_00158.png,AFIB,AFIB,0.992,1
C:\Users\taimo\OneDrive\Documents 1\work\ecg-synthetic-research\data\rendered\neurokit2\AFIB\SYN_AFIB_01345.png,AFIB,AFIB,0.999,1
C:\Users\taimo\OneDrive\Documents 1\work\ecg-synthetic-research\data\rendered\neurokit2\AFIB\SYN_AFIB_01584.png,AFIB,AFIB,0.9985,1
C:\Users\taimo\OneDrive\Documents 1\work\ecg-synthetic-research\data\rendered\neurokit2\AFIB\SYN_AFIB_00938.png,AFIB,AFIB,0.9985,1
C:\Users\taimo\OneDrive\Documents 1\work\ecg-synthetic-research\data\rendered\neurokit2\AFIB\SYN_AFIB_00326.png,AFIB,AFIB,0.999,1
C:\Users\taimo\OneDrive\Documents 1\work\ecg-synthetic-research\data\rendered\neurokit2\AFIB\SYN_AFIB_00830.png,AFIB,AFIB,0.9937,1
C:\Users\taimo\OneDrive\Documents 1\work\ecg-synthetic-research\data\rendered\neurokit2\AFIB\SYN_AFIB_03238.png,AFIB,AFIB,0.998,1
C:\Users\taimo\OneDrive\Documents 1\work\ecg-synthetic-research\data\rendered\neurokit2\AFIB\SYN_AFIB_01554.png,AFIB,AFIB,0.97,1
C:\Users\taimo\OneDrive\Documents 1\work\ecg-synthetic-research\data\rendered\neurokit2\AFIB\SYN_AFIB_02528.png,AFIB,AFIB,0.997,1
C:\Users\taimo\OneDrive\Documents 1\work\ecg-synthetic-research\data\rendered\neurokit2\AFIB\SYN_AFIB_00569.png,AFIB,AFIB,0.999,1
C:\Users\taimo\OneDrive\Documents 1\work\ecg-synthetic-research\data\rendered\neurokit2\AFIB\SYN_AFIB_00367.png,AFIB,AFIB,0.995,1
C:\Users\taimo\OneDrive\Documents 1\work\ecg-synthetic-research\data\rendered\neurokit2\AFIB\SYN_AFIB_02271.png,AFIB,AFIB,0.991,1
C:\Users\taimo\OneDrive\Documents 1\work\ecg-synthetic-research\data\rendered\neurokit2\AFIB\SYN_AFIB_02141.png,AFIB,AFIB,0.9995,1
C:\Users\taimo\OneDrive\Documents 1\work\ecg-synthetic-research\data\rendered\neurokit2\AFIB\SYN_AFIB_02305.png,AFIB,AFIB,0.996,1
C:\Users\taimo\OneDrive\Documents 1\work\ecg-synthetic-research\data\rendered\neurokit2\AFIB\SYN_AFIB_01614.png,AFIB,AFIB,0.9995,1
C:\Users\taimo\OneDrive\Documents 1\work\ecg-synthetic-research\data\rendered\neurokit2\AFIB\SYN_AFIB_00681.png,AFIB,AFIB,0.9976,1
C:\Users\taimo\OneDrive\Documents 1\work\ecg-synthetic-research\data\rendered\neurokit2\AFIB\SYN_AFIB_03350.png,AFIB,AFIB,0.998,1
C:\Users\taimo\OneDrive\Documents 1\work\ecg-synthetic-research\data\rendered\neurokit2\AFIB\SYN_AFIB_02785.png,AFIB,AFIB,0.9873,1
C:\Users\taimo\OneDrive\Documents 1\work\ecg-synthetic-research\data\rendered\neurokit2\AFIB\SYN_AFIB_01310.png,AFIB,AFIB,0.994,1
C:\Users\taimo\OneDrive\Documents 1\work\ecg-synthetic-research\data\rendered\neurokit2\AFIB\SYN_AFIB_02709.png,AFIB,AFIB,0.998,1
C:\Users\taimo\OneDrive\Documents 1\work\ecg-synthetic-research\data\rendered\neurokit2\AFIB\SYN_AFIB_00839.png,AFIB,AFIB,0.993,1
C:\Users\taimo\OneDrive\Documents 1\work\ecg-synthetic-research\data\rendered\neurokit2\AFIB\SYN_AFIB_03585.png,AFIB,AFIB,0.9854,1
C:\Users\taimo\OneDrive\Documents 1\work\ecg-synthetic-research\data\rendered\neurokit2\AFIB\SYN_AFIB_00189.png,AFIB,AFIB,0.9956,1
C:\Users\taimo\OneDrive\Documents 1\work\ecg-synthetic-research\data\rendered\neurokit2\AFIB\SYN_AFIB_00986.png,AFIB,AFIB,0.9927,1
C:\Users\taimo\OneDrive\Documents 1\work\ecg-synthetic-research\data\rendered\neurokit2\AFIB\SYN_AFIB_02895.png,AFIB,AFIB,0.9937,1
C:\Users\taimo\OneDrive\Documents 1\work\ecg-synthetic-research\data\rendered\neurokit2\AFIB\SYN_AFIB_03124.png,AFIB,AFIB,0.9966,1
C:\Users\taimo\OneDrive\Documents 1\work\ecg-synthetic-research\data\rendered\neurokit2\AFIB\SYN_AFIB_02958.png,AFIB,AFIB,0.9966,1
C:\Users\taimo\OneDrive\Documents 1\work\ecg-synthetic-research\data\rendered\neurokit2\AFIB\SYN_AFIB_01019.png,AFIB,AFIB,0.9985,1
C:\Users\taimo\OneDrive\Documents 1\work\ecg-synthetic-research\data\rendered\neurokit2\AFIB\SYN_AFIB_02568.png,AFIB,AFIB,0.9883,1
C:\Users\taimo\OneDrive\Documents 1\work\ecg-synthetic-research\data\rendered\neurokit2\AFIB\SYN_AFIB_01114.png,AFIB,AFIB,0.994,1
C:\Users\taimo\OneDrive\Documents 1\work\ecg-synthetic-research\data\rendered\neurokit2\AFIB\SYN_AFIB_01139.png,AFIB,AFIB,0.999,1
C:\Users\taimo\OneDrive\Documents 1\work\ecg-synthetic-research\data\rendered\neurokit2\AFIB\SYN_AFIB_02349.png,AFIB,AFIB,0.9653,1
C:\Users\taimo\OneDrive\Documents 1\work\ecg-synthetic-research\data\rendered\neurokit2\AFIB\SYN_AFIB_01581.png,AFIB,AFIB,0.9976,1
C:\Users\taimo\OneDrive\Documents 1\work\ecg-synthetic-research\data\rendered\neurokit2\AFIB\SYN_AFIB_01264.png,AFIB,AFIB,0.9873,1
C:\Users\taimo\OneDrive\Documents 1\work\ecg-synthetic-research\data\rendered\neurokit2\AFIB\SYN_AFIB_02467.png,AFIB,AFIB,0.998,1
C:\Users\taimo\OneDrive\Documents 1\work\ecg-synthetic-research\data\rendered\neurokit2\AFIB\SYN_AFIB_03598.png,AFIB,AFIB,0.998,1
C:\Users\taimo\OneDrive\Documents 1\work\ecg-synthetic-research\data\rendered\neurokit2\AFIB\SYN_AFIB_00184.png,AFIB,AFIB,0.9897,1
C:\Users\taimo\OneDrive\Documents 1\work\ecg-synthetic-research\data\rendered\neurokit2\AFIB\SYN_AFIB_01271.png,AFIB,AFIB,0.9927,1
C:\Users\taimo\OneDrive\Documents 1\work\ecg-synthetic-research\data\rendered\neurokit2\AFIB\SYN_AFIB_03212.png,AFIB,AFIB,0.9985,1
C:\Users\taimo\OneDrive\Documents 1\work\ecg-synthetic-research\data\rendered\neurokit2\AFIB\SYN_AFIB_02169.png,AFIB,AFIB,0.9844,1
C:\Users\taimo\OneDrive\Documents 1\work\ecg-synthetic-research\data\rendered\neurokit2\AFIB\SYN_AFIB_01992.png,AFIB,AFIB,0.9995,1
C:\Users\taimo\OneDrive\Documents 1\work\ecg-synthetic-research\data\rendered\neurokit2\AFIB\SYN_AFIB_03457.png,AFIB,AFIB,0.999,1
C:\Users\taimo\OneDrive\Documents 1\work\ecg-synthetic-research\data\rendered\neurokit2\AFIB\SYN_AFIB_03667.png,AFIB,AFIB,0.995,1
C:\Users\taimo\OneDrive\Documents 1\work\ecg-synthetic-research\data\rendered\neurokit2\AFIB\SYN_AFIB_03025.png,AFIB,AFIB,0.99,1
C:\Users\taimo\OneDrive\Documents 1\work\ecg-synthetic-research\data\rendered\neurokit2\AFIB\SYN_AFIB_00252.png,AFIB,AFIB,0.997,1
C:\Users\taimo\OneDrive\Documents 1\work\ecg-synthetic-research\data\rendered\neurokit2\AFIB\SYN_AFIB_01599.png,AFIB,AFIB,0.998,1
C:\Users\taimo\OneDrive\Documents 1\work\ecg-synthetic-research\data\rendered\neurokit2\AFIB\SYN_AFIB_03871.png,AFIB,AFIB,0.9727,1
C:\Users\taimo\OneDrive\Documents 1\work\ecg-synthetic-research\data\rendered\neurokit2\AFIB\SYN_AFIB_03284.png,AFIB,AFIB,0.9927,1
C:\Users\taimo\OneDrive\Documents 1\work\ecg-synthetic-research\data\rendered\neurokit2\AFIB\SYN_AFIB_00300.png,AFIB,AFIB,0.9995,1
C:\Users\taimo\OneDrive\Documents 1\work\ecg-synthetic-research\data\rendered\neurokit2\AFIB\SYN_AFIB_03318.png,AFIB,AFIB,0.9985,1
C:\Users\taimo\OneDrive\Documents 1\work\ecg-synthetic-research\data\rendered\neurokit2\AFIB\SYN_AFIB_00416.png,AFIB,AFIB,0.999,1
C:\Users\taimo\OneDrive\Documents 1\work\ecg-synthetic-research\data\rendered\neurokit2\AFIB\SYN_AFIB_01043.png,AFIB,AFIB,0.9897,1
C:\Users\taimo\OneDrive\Documents 1\work\ecg-synthetic-research\data\rendered\neurokit2\AFIB\SYN_AFIB_01533.png,AFIB,AFIB,0.999,1
C:\Users\taimo\OneDrive\Documents 1\work\ecg-synthetic-research\data\rendered\neurokit2\AFIB\SYN_AFIB_01074.png,AFIB,AFIB,0.997,1
C:\Users\taimo\OneDrive\Documents 1\work\ecg-synthetic-research\data\rendered\neurokit2\AFIB\SYN_AFIB_00762.png,AFIB,AFIB,0.9756,1
C:\Users\taimo\OneDrive\Documents 1\work\ecg-synthetic-research\data\rendered\neurokit2\AFIB\SYN_AFIB_02054.png,AFIB,AFIB,0.9746,1
C:\Users\taimo\OneDrive\Documents 1\work\ecg-synthetic-research\data\rendered\neurokit2\AFIB\SYN_AFIB_02430.png,AFIB,AFIB,0.9966,1
C:\Users\taimo\OneDrive\Documents 1\work\ecg-synthetic-research\data\rendered\neurokit2\AFIB\SYN_AFIB_02320.png,AFIB,AFIB,0.9917,1
C:\Users\taimo\OneDrive\Documents 1\work\ecg-synthetic-research\data\rendered\neurokit2\AFIB\SYN_AFIB_02665.png,AFIB,AFIB,0.997,1
C:\Users\taimo\OneDrive\Documents 1\work\ecg-synthetic-research\data\rendered\neurokit2\AFIB\SYN_AFIB_02257.png,AFIB,AFIB,0.981,1
C:\Users\taimo\OneDrive\Documents 1\work\ecg-synthetic-research\data\rendered\neurokit2\AFIB\SYN_AFIB_03954.png,AFIB,AFIB,0.999,1
C:\Users\taimo\OneDrive\Documents 1\work\ecg-synthetic-research\data\rendered\neurokit2\AFIB\SYN_AFIB_01692.png,AFIB,AFIB,0.9966,1
C:\Users\taimo\OneDrive\Documents 1\work\ecg-synthetic-research\data\rendered\neurokit2\AFIB\SYN_AFIB_00204.png,AFIB,AFIB,0.995,1
C:\Users\taimo\OneDrive\Documents 1\work\ecg-synthetic-research\data\rendered\neurokit2\AFIB\SYN_AFIB_00894.png,AFIB,AFIB,0.999,1
C:\Users\taimo\OneDrive\Documents 1\work\ecg-synthetic-research\data\rendered\neurokit2\AFIB\SYN_AFIB_01685.png,AFIB,AFIB,0.9907,1
C:\Users\taimo\OneDrive\Documents 1\work\ecg-synthetic-research\data\rendered\neurokit2\AFIB\SYN_AFIB_01339.png,AFIB,AFIB,0.983,1
C:\Users\taimo\OneDrive\Documents 1\work\ecg-synthetic-research\data\rendered\neurokit2\AFIB\SYN_AFIB_00007.png,AFIB,AFIB,0.99,1
C:\Users\taimo\OneDrive\Documents 1\work\ecg-synthetic-research\data\rendered\neurokit2\AFIB\SYN_AFIB_03694.png,AFIB,AFIB,0.9976,1
C:\Users\taimo\OneDrive\Documents 1\work\ecg-synthetic-research\data\rendered\neurokit2\AFIB\SYN_AFIB_02478.png,AFIB,AFIB,0.983,1
C:\Users\taimo\OneDrive\Documents 1\work\ecg-synthetic-research\data\rendered\neurokit2\AFIB\SYN_AFIB_03883.png,AFIB,AFIB,0.9995,1
C:\Users\taimo\OneDrive\Documents 1\work\ecg-synthetic-research\data\rendered\neurokit2\AFIB\SYN_AFIB_01106.png,AFIB,AFIB,0.999,1
C:\Users\taimo\OneDrive\Documents 1\work\ecg-synthetic-research\data\rendered\neurokit2\AFIB\SYN_AFIB_02623.png,AFIB,AFIB,0.9966,1
C:\Users\taimo\OneDrive\Documents 1\work\ecg-synthetic-research\data\rendered\neurokit2\AFIB\SYN_AFIB_00882.png,AFIB,AFIB,0.994,1
C:\Users\taimo\OneDrive\Documents 1\work\ecg-synthetic-research\data\rendered\neurokit2\AFIB\SYN_AFIB_03595.png,AFIB,AFIB,0.998,1
C:\Users\taimo\OneDrive\Documents 1\work\ecg-synthetic-research\data\rendered\neurokit2\AFIB\SYN_AFIB_00574.png,AFIB,AFIB,0.982,1
C:\Users\taimo\OneDrive\Documents 1\work\ecg-synthetic-research\data\rendered\neurokit2\AFIB\SYN_AFIB_01259.png,AFIB,AFIB,0.9956,1
C:\Users\taimo\OneDrive\Documents 1\work\ecg-synthetic-research\data\rendered\neurokit2\AFIB\SYN_AFIB_00258.png,AFIB,AFIB,0.9995,1
C:\Users\taimo\OneDrive\Documents 1\work\ecg-synthetic-research\data\rendered\neurokit2\AFIB\SYN_AFIB_01546.png,AFIB,AFIB,0.9966,1
C:\Users\taimo\OneDrive\Documents 1\work\ecg-synthetic-research\data\rendered\neurokit2\AFIB\SYN_AFIB_00655.png,AFIB,AFIB,0.997,1
C:\Users\taimo\OneDrive\Documents 1\work\ecg-synthetic-research\data\rendered\neurokit2\AFIB\SYN_AFIB_03183.png,AFIB,AFIB,0.999,1
C:\Users\taimo\OneDrive\Documents 1\work\ecg-synthetic-research\data\rendered\neurokit2\AFIB\SYN_AFIB_02531.png,AFIB,AFIB,0.9956,1
C:\Users\taimo\OneDrive\Documents 1\work\ecg-synthetic-research\data\rendered\neurokit2\AFIB\SYN_AFIB_02416.png,AFIB,AFIB,0.999,1
C:\Users\taimo\OneDrive\Documents 1\work\ecg-synthetic-research\data\rendered\neurokit2\AFIB\SYN_AFIB_01172.png,AFIB,AFIB,0.9883,1
C:\Users\taimo\OneDrive\Documents 1\work\ecg-synthetic-research\data\rendered\neurokit2\AFIB\SYN_AFIB_03227.png,AFIB,AFIB,0.996,1
C:\Users\taimo\OneDrive\Documents 1\work\ecg-synthetic-research\data\rendered\neurokit2\AFIB\SYN_AFIB_02358.png,AFIB,AFIB,0.996,1
C:\Users\taimo\OneDrive\Documents 1\work\ecg-synthetic-research\data\rendered\neurokit2\AFIB\SYN_AFIB_00732.png,AFIB,AFIB,1.0,1
C:\Users\taimo\OneDrive\Documents 1\work\ecg-synthetic-research\data\rendered\neurokit2\AFIB\SYN_AFIB_01728.png,AFIB,AFIB,0.978,1
C:\Users\taimo\OneDrive\Documents 1\work\ecg-synthetic-research\data\rendered\neurokit2\AFIB\SYN_AFIB_01158.png,AFIB,AFIB,0.954,1
C:\Users\taimo\OneDrive\Documents 1\work\ecg-synthetic-research\data\rendered\neurokit2\AFIB\SYN_AFIB_02726.png,AFIB,AFIB,0.9966,1
C:\Users\taimo\OneDrive\Documents 1\work\ecg-synthetic-research\data\rendered\neurokit2\AFIB\SYN_AFIB_00745.png,AFIB,AFIB,0.9995,1
C:\Users\taimo\OneDrive\Documents 1\work\ecg-synthetic-research\data\rendered\neurokit2\AFIB\SYN_AFIB_03632.png,AFIB,AFIB,0.996,1
C:\Users\taimo\OneDrive\Documents 1\work\ecg-synthetic-research\data\rendered\neurokit2\AFIB\SYN_AFIB_02084.png,AFIB,AFIB,0.998,1
C:\Users\taimo\OneDrive\Documents 1\work\ecg-synthetic-research\data\rendered\neurokit2\AFIB\SYN_AFIB_02284.png,AFIB,AFIB,0.993,1
C:\Users\taimo\OneDrive\Documents 1\work\ecg-synthetic-research\data\rendered\neurokit2\AFIB\SYN_AFIB_02212.png,AFIB,AFIB,0.9985,1
C:\Users\taimo\OneDrive\Documents 1\work\ecg-synthetic-research\data\rendered\neurokit2\AFIB\SYN_AFIB_03610.png,AFIB,AFIB,0.9976,1
C:\Users\taimo\OneDrive\Documents 1\work\ecg-synthetic-research\data\rendered\neurokit2\AFIB\SYN_AFIB_02091.png,AFIB,AFIB,0.988,1
C:\Users\taimo\OneDrive\Documents 1\work\ecg-synthetic-research\data\rendered\neurokit2\AFIB\SYN_AFIB_02464.png,AFIB,AFIB,0.9985,1
C:\Users\taimo\OneDrive\Documents 1\work\ecg-synthetic-research\data\rendered\neurokit2\AFIB\SYN_AFIB_01234.png,AFIB,AFIB,0.998,1
C:\Users\taimo\OneDrive\Documents 1\work\ecg-synthetic-research\data\rendered\neurokit2\AFIB\SYN_AFIB_01966.png,AFIB,AFIB,0.999,1
C:\Users\taimo\OneDrive\Documents 1\work\ecg-synthetic-research\data\rendered\neurokit2\AFIB\SYN_AFIB_01028.png,AFIB,AFIB,0.9995,1
C:\Users\taimo\OneDrive\Documents 1\work\ecg-synthetic-research\data\rendered\neurokit2\AFIB\SYN_AFIB_02336.png,AFIB,AFIB,0.991,1
C:\Users\taimo\OneDrive\Documents 1\work\ecg-synthetic-research\data\rendered\neurokit2\AFIB\SYN_AFIB_01188.png,AFIB,AFIB,0.997,1
C:\Users\taimo\OneDrive\Documents 1\work\ecg-synthetic-research\data\rendered\neurokit2\AFIB\SYN_AFIB_02728.png,AFIB,AFIB,0.99,1
C:\Users\taimo\OneDrive\Documents 1\work\ecg-synthetic-research\data\rendered\neurokit2\AFIB\SYN_AFIB_00179.png,AFIB,AFIB,0.989,1
C:\Users\taimo\OneDrive\Documents 1\work\ecg-synthetic-research\data\rendered\neurokit2\AFIB\SYN_AFIB_01878.png,AFIB,AFIB,0.986,1
C:\Users\taimo\OneDrive\Documents 1\work\ecg-synthetic-research\data\rendered\neurokit2\AFIB\SYN_AFIB_01558.png,AFIB,AFIB,0.9844,1
C:\Users\taimo\OneDrive\Documents 1\work\ecg-synthetic-research\data\rendered\neurokit2\AFIB\SYN_AFIB_00174.png,AFIB,AFIB,0.9883,1
C:\Users\taimo\OneDrive\Documents 1\work\ecg-synthetic-research\data\rendered\neurokit2\AFIB\SYN_AFIB_01362.png,AFIB,AFIB,0.999,1
C:\Users\taimo\OneDrive\Documents 1\work\ecg-synthetic-research\data\rendered\neurokit2\AFIB\SYN_AFIB_01105.png,AFIB,AFIB,0.9976,1
C:\Users\taimo\OneDrive\Documents 1\work\ecg-synthetic-research\data\rendered\neurokit2\AFIB\SYN_AFIB_02604.png,AFIB,AFIB,0.9683,1
C:\Users\taimo\OneDrive\Documents 1\work\ecg-synthetic-research\data\rendered\neurokit2\AFIB\SYN_AFIB_02338.png,AFIB,AFIB,0.999,1
C:\Users\taimo\OneDrive\Documents 1\work\ecg-synthetic-research\data\rendered\neurokit2\AFIB\SYN_AFIB_00325.png,AFIB,AFIB,0.9985,1
C:\Users\taimo\OneDrive\Documents 1\work\ecg-synthetic-research\data\rendered\neurokit2\AFIB\SYN_AFIB_02631.png,AFIB,AFIB,0.9893,1
C:\Users\taimo\OneDrive\Documents 1\work\ecg-synthetic-research\data\rendered\neurokit2\AFIB\SYN_AFIB_02971.png,AFIB,AFIB,0.99,1
C:\Users\taimo\OneDrive\Documents 1\work\ecg-synthetic-research\data\rendered\neurokit2\AFIB\SYN_AFIB_01898.png,AFIB,AFIB,0.9956,1
C:\Users\taimo\OneDrive\Documents 1\work\ecg-synthetic-research\data\rendered\neurokit2\AFIB\SYN_AFIB_01095.png,AFIB,AFIB,0.969,1
C:\Users\taimo\OneDrive\Documents 1\work\ecg-synthetic-research\data\rendered\neurokit2\AFIB\SYN_AFIB_02567.png,AFIB,AFIB,0.9937,1
C:\Users\taimo\OneDrive\Documents 1\work\ecg-synthetic-research\data\rendered\neurokit2\AFIB\SYN_AFIB_00222.png,AFIB,AFIB,0.992,1
C:\Users\taimo\OneDrive\Documents 1\work\ecg-synthetic-research\data\rendered\neurokit2\AFIB\SYN_AFIB_03174.png,AFIB,AFIB,0.998,1
C:\Users\taimo\OneDrive\Documents 1\work\ecg-synthetic-research\data\rendered\neurokit2\AFIB\SYN_AFIB_02829.png,AFIB,AFIB,0.9985,1
C:\Users\taimo\OneDrive\Documents 1\work\ecg-synthetic-research\data\rendered\neurokit2\AFIB\SYN_AFIB_03807.png,AFIB,AFIB,0.9985,1
C:\Users\taimo\OneDrive\Documents 1\work\ecg-synthetic-research\data\rendered\neurokit2\AFIB\SYN_AFIB_03190.png,AFIB,AFIB,0.9946,1
C:\Users\taimo\OneDrive\Documents 1\work\ecg-synthetic-research\data\rendered\neurokit2\AFIB\SYN_AFIB_03570.png,AFIB,AFIB,0.9995,1
C:\Users\taimo\OneDrive\Documents 1\work\ecg-synthetic-research\data\rendered\neurokit2\AFIB\SYN_AFIB_01737.png,AFIB,AFIB,0.9966,1
C:\Users\taimo\OneDrive\Documents 1\work\ecg-synthetic-research\data\rendered\neurokit2\AFIB\SYN_AFIB_00275.png,AFIB,AFIB,0.994,1
C:\Users\taimo\OneDrive\Documents 1\work\ecg-synthetic-research\data\rendered\neurokit2\AFIB\SYN_AFIB_00866.png,AFIB,AFIB,0.9985,1
C:\Users\taimo\OneDrive\Documents 1\work\ecg-synthetic-research\data\rendered\neurokit2\AFIB\SYN_AFIB_03995.png,AFIB,AFIB,0.997,1
C:\Users\taimo\OneDrive\Documents 1\work\ecg-synthetic-research\data\rendered\neurokit2\AFIB\SYN_AFIB_00507.png,AFIB,AFIB,1.0,1
C:\Users\taimo\OneDrive\Documents 1\work\ecg-synthetic-research\data\rendered\neurokit2\AFIB\SYN_AFIB_02513.png,AFIB,AFIB,0.998,1
C:\Users\taimo\OneDrive\Documents 1\work\ecg-synthetic-research\data\rendered\neurokit2\AFIB\SYN_AFIB_00550.png,AFIB,AFIB,0.999,1
C:\Users\taimo\OneDrive\Documents 1\work\ecg-synthetic-research\data\rendered\neurokit2\AFIB\SYN_AFIB_00443.png,AFIB,AFIB,0.988,1
C:\Users\taimo\OneDrive\Documents 1\work\ecg-synthetic-research\data\rendered\neurokit2\AFIB\SYN_AFIB_00898.png,AFIB,AFIB,0.999,1
C:\Users\taimo\OneDrive\Documents 1\work\ecg-synthetic-research\data\rendered\neurokit2\AFIB\SYN_AFIB_03817.png,AFIB,AFIB,0.9917,1
C:\Users\taimo\OneDrive\Documents 1\work\ecg-synthetic-research\data\rendered\neurokit2\AFIB\SYN_AFIB_01667.png,AFIB,AFIB,0.997,1
C:\Users\taimo\OneDrive\Documents 1\work\ecg-synthetic-research\data\rendered\neurokit2\AFIB\SYN_AFIB_03342.png,AFIB,AFIB,0.9995,1
C:\Users\taimo\OneDrive\Documents 1\work\ecg-synthetic-research\data\rendered\neurokit2\AFIB\SYN_AFIB_02291.png,AFIB,AFIB,0.9995,1
C:\Users\taimo\OneDrive\Documents 1\work\ecg-synthetic-research\data\rendered\neurokit2\AFIB\SYN_AFIB_01875.png,AFIB,AFIB,0.997,1
C:\Users\taimo\OneDrive\Documents 1\work\ecg-synthetic-research\data\rendered\neurokit2\AFIB\SYN_AFIB_03419.png,AFIB,AFIB,0.999,1
C:\Users\taimo\OneDrive\Documents 1\work\ecg-synthetic-research\data\rendered\neurokit2\AFIB\SYN_AFIB_03729.png,AFIB,AFIB,0.989,1
C:\Users\taimo\OneDrive\Documents 1\work\ecg-synthetic-research\data\rendered\neurokit2\AFIB\SYN_AFIB_01012.png,AFIB,AFIB,0.9863,1
C:\Users\taimo\OneDrive\Documents 1\work\ecg-synthetic-research\data\rendered\neurokit2\AFIB\SYN_AFIB_03977.png,AFIB,AFIB,0.994,1
C:\Users\taimo\OneDrive\Documents 1\work\ecg-synthetic-research\data\rendered\neurokit2\AFIB\SYN_AFIB_03516.png,AFIB,AFIB,0.973,1
C:\Users\taimo\OneDrive\Documents 1\work\ecg-synthetic-research\data\rendered\neurokit2\AFIB\SYN_AFIB_01559.png,AFIB,AFIB,0.9927,1
C:\Users\taimo\OneDrive\Documents 1\work\ecg-synthetic-research\data\rendered\neurokit2\AFIB\SYN_AFIB_01136.png,AFIB,AFIB,0.995,1
C:\Users\taimo\OneDrive\Documents 1\work\ecg-synthetic-research\data\rendered\neurokit2\AFIB\SYN_AFIB_02530.png,AFIB,AFIB,0.98,1
C:\Users\taimo\OneDrive\Documents 1\work\ecg-synthetic-research\data\rendered\neurokit2\AFIB\SYN_AFIB_00417.png,AFIB,AFIB,0.9985,1
C:\Users\taimo\OneDrive\Documents 1\work\ecg-synthetic-research\data\rendered\neurokit2\AFIB\SYN_AFIB_01972.png,AFIB,AFIB,0.9995,1
C:\Users\taimo\OneDrive\Documents 1\work\ecg-synthetic-research\data\rendered\neurokit2\AFIB\SYN_AFIB_02926.png,AFIB,AFIB,0.99,1
C:\Users\taimo\OneDrive\Documents 1\work\ecg-synthetic-research\data\rendered\neurokit2\AFIB\SYN_AFIB_03756.png,AFIB,AFIB,0.9995,1
C:\Users\taimo\OneDrive\Documents 1\work\ecg-synthetic-research\data\rendered\neurokit2\AFIB\SYN_AFIB_00450.png,AFIB,AFIB,0.9946,1
C:\Users\taimo\OneDrive\Documents 1\work\ecg-synthetic-research\data\rendered\neurokit2\AFIB\SYN_AFIB_01753.png,AFIB,AFIB,0.998,1
C:\Users\taimo\OneDrive\Documents 1\work\ecg-synthetic-research\data\rendered\neurokit2\AFIB\SYN_AFIB_00372.png,AFIB,AFIB,0.9985,1
C:\Users\taimo\OneDrive\Documents 1\work\ecg-synthetic-research\data\rendered\neurokit2\AFIB\SYN_AFIB_00701.png,AFIB,AFIB,0.999,1
C:\Users\taimo\OneDrive\Documents 1\work\ecg-synthetic-research\data\rendered\neurokit2\AFIB\SYN_AFIB_00666.png,AFIB,AFIB,0.9985,1
C:\Users\taimo\OneDrive\Documents 1\work\ecg-synthetic-research\data\rendered\neurokit2\AFIB\SYN_AFIB_02421.png,AFIB,AFIB,0.9976,1
C:\Users\taimo\OneDrive\Documents 1\work\ecg-synthetic-research\data\rendered\neurokit2\AFIB\SYN_AFIB_03592.png,AFIB,AFIB,0.993,1
C:\Users\taimo\OneDrive\Documents 1\work\ecg-synthetic-research\data\rendered\neurokit2\AFIB\SYN_AFIB_00506.png,AFIB,AFIB,0.9995,1
C:\Users\taimo\OneDrive\Documents 1\work\ecg-synthetic-research\data\rendered\neurokit2\AFIB\SYN_AFIB_03444.png,AFIB,AFIB,0.998,1
C:\Users\taimo\OneDrive\Documents 1\work\ecg-synthetic-research\data\rendered\neurokit2\AFIB\SYN_AFIB_00109.png,AFIB,AFIB,0.997,1
C:\Users\taimo\OneDrive\Documents 1\work\ecg-synthetic-research\data\rendered\neurokit2\AFIB\SYN_AFIB_02949.png,AFIB,AFIB,0.978,1
C:\Users\taimo\OneDrive\Documents 1\work\ecg-synthetic-research\data\rendered\neurokit2\AFIB\SYN_AFIB_03958.png,AFIB,AFIB,0.998,1
C:\Users\taimo\OneDrive\Documents 1\work\ecg-synthetic-research\data\rendered\neurokit2\AFIB\SYN_AFIB_02935.png,AFIB,AFIB,0.9976,1
C:\Users\taimo\OneDrive\Documents 1\work\ecg-synthetic-research\data\rendered\neurokit2\AFIB\SYN_AFIB_01863.png,AFIB,AFIB,0.999,1
C:\Users\taimo\OneDrive\Documents 1\work\ecg-synthetic-research\data\rendered\neurokit2\AFIB\SYN_AFIB_02632.png,AFIB,AFIB,0.9985,1
C:\Users\taimo\OneDrive\Documents 1\work\ecg-synthetic-research\data\rendered\neurokit2\AFIB\SYN_AFIB_00486.png,AFIB,AFIB,0.998,1
C:\Users\taimo\OneDrive\Documents 1\work\ecg-synthetic-research\data\rendered\neurokit2\AFIB\SYN_AFIB_02993.png,AFIB,AFIB,0.998,1
C:\Users\taimo\OneDrive\Documents 1\work\ecg-synthetic-research\data\rendered\neurokit2\AFIB\SYN_AFIB_00848.png,AFIB,AFIB,0.9995,1
C:\Users\taimo\OneDrive\Documents 1\work\ecg-synthetic-research\data\rendered\neurokit2\AFIB\SYN_AFIB_03102.png,AFIB,AFIB,0.9985,1
C:\Users\taimo\OneDrive\Documents 1\work\ecg-synthetic-research\data\rendered\neurokit2\AFIB\SYN_AFIB_00210.png,AFIB,AFIB,0.989,1
C:\Users\taimo\OneDrive\Documents 1\work\ecg-synthetic-research\data\rendered\neurokit2\AFIB\SYN_AFIB_00911.png,AFIB,AFIB,0.9624,1
C:\Users\taimo\OneDrive\Documents 1\work\ecg-synthetic-research\data\rendered\neurokit2\AFIB\SYN_AFIB_02164.png,AFIB,AFIB,0.994,1
C:\Users\taimo\OneDrive\Documents 1\work\ecg-synthetic-research\data\rendered\neurokit2\AFIB\SYN_AFIB_00297.png,AFIB,AFIB,0.9995,1
C:\Users\taimo\OneDrive\Documents 1\work\ecg-synthetic-research\data\rendered\neurokit2\AFIB\SYN_AFIB_00008.png,AFIB,AFIB,0.9937,1
C:\Users\taimo\OneDrive\Documents 1\work\ecg-synthetic-research\data\rendered\neurokit2\AFIB\SYN_AFIB_02149.png,AFIB,AFIB,0.9995,1
C:\Users\taimo\OneDrive\Documents 1\work\ecg-synthetic-research\data\rendered\neurokit2\AFIB\SYN_AFIB_03359.png,AFIB,AFIB,0.997,1
C:\Users\taimo\OneDrive\Documents 1\work\ecg-synthetic-research\data\rendered\neurokit2\AFIB\SYN_AFIB_00791.png,AFIB,AFIB,0.9927,1
C:\Users\taimo\OneDrive\Documents 1\work\ecg-synthetic-research\data\rendered\neurokit2\AFIB\SYN_AFIB_03013.png,AFIB,AFIB,0.9995,1
C:\Users\taimo\OneDrive\Documents 1\work\ecg-synthetic-research\data\rendered\neurokit2\AFIB\SYN_AFIB_01815.png,AFIB,AFIB,0.967,1
C:\Users\taimo\OneDrive\Documents 1\work\ecg-synthetic-research\data\rendered\neurokit2\AFIB\SYN_AFIB_03627.png,AFIB,AFIB,0.9995,1
C:\Users\taimo\OneDrive\Documents 1\work\ecg-synthetic-research\data\rendered\neurokit2\AFIB\SYN_AFIB_00026.png,AFIB,AFIB,0.9937,1
C:\Users\taimo\OneDrive\Documents 1\work\ecg-synthetic-research\data\rendered\neurokit2\AFIB\SYN_AFIB_01843.png,AFIB,AFIB,0.9756,1
C:\Users\taimo\OneDrive\Documents 1\work\ecg-synthetic-research\data\rendered\neurokit2\AFIB\SYN_AFIB_03668.png,AFIB,AFIB,0.9985,1
C:\Users\taimo\OneDrive\Documents 1\work\ecg-synthetic-research\data\rendered\neurokit2\AFIB\SYN_AFIB_01616.png,AFIB,AFIB,0.999,1
C:\Users\taimo\OneDrive\Documents 1\work\ecg-synthetic-research\data\rendered\neurokit2\AFIB\SYN_AFIB_00884.png,AFIB,AFIB,0.997,1
C:\Users\taimo\OneDrive\Documents 1\work\ecg-synthetic-research\data\rendered\neurokit2\AFIB\SYN_AFIB_02753.png,AFIB,AFIB,1.0,1
C:\Users\taimo\OneDrive\Documents 1\work\ecg-synthetic-research\data\rendered\neurokit2\AFIB\SYN_AFIB_03608.png,AFIB,AFIB,0.9966,1
C:\Users\taimo\OneDrive\Documents 1\work\ecg-synthetic-research\data\rendered\neurokit2\AFIB\SYN_AFIB_01886.png,AFIB,AFIB,0.9927,1
C:\Users\taimo\OneDrive\Documents 1\work\ecg-synthetic-research\data\rendered\neurokit2\AFIB\SYN_AFIB_01048.png,AFIB,AFIB,0.9976,1
C:\Users\taimo\OneDrive\Documents 1\work\ecg-synthetic-research\data\rendered\neurokit2\AFIB\SYN_AFIB_03487.png,AFIB,AFIB,0.9995,1
C:\Users\taimo\OneDrive\Documents 1\work\ecg-synthetic-research\data\rendered\neurokit2\AFIB\SYN_AFIB_00177.png,AFIB,AFIB,0.985,1
C:\Users\taimo\OneDrive\Documents 1\work\ecg-synthetic-research\data\rendered\neurokit2\AFIB\SYN_AFIB_02020.png,AFIB,AFIB,0.999,1
C:\Users\taimo\OneDrive\Documents 1\work\ecg-synthetic-research\data\rendered\neurokit2\AFIB\SYN_AFIB_02659.png,AFIB,AFIB,0.992,1
C:\Users\taimo\OneDrive\Documents 1\work\ecg-synthetic-research\data\rendered\neurokit2\AFIB\SYN_AFIB_03943.png,AFIB,AFIB,0.9995,1
C:\Users\taimo\OneDrive\Documents 1\work\ecg-synthetic-research\data\rendered\neurokit2\AFIB\SYN_AFIB_01740.png,AFIB,AFIB,0.99,1
C:\Users\taimo\OneDrive\Documents 1\work\ecg-synthetic-research\data\rendered\neurokit2\AFIB\SYN_AFIB_00371.png,AFIB,AFIB,0.996,1
C:\Users\taimo\OneDrive\Documents 1\work\ecg-synthetic-research\data\rendered\neurokit2\AFIB\SYN_AFIB_03412.png,AFIB,AFIB,0.9985,1
C:\Users\taimo\OneDrive\Documents 1\work\ecg-synthetic-research\data\rendered\neurokit2\AFIB\SYN_AFIB_00492.png,AFIB,AFIB,0.998,1
C:\Users\taimo\OneDrive\Documents 1\work\ecg-synthetic-research\data\rendered\neurokit2\AFIB\SYN_AFIB_03925.png,AFIB,AFIB,1.0,1
C:\Users\taimo\OneDrive\Documents 1\work\ecg-synthetic-research\data\rendered\neurokit2\AFIB\SYN_AFIB_02440.png,AFIB,AFIB,0.9966,1
C:\Users\taimo\OneDrive\Documents 1\work\ecg-synthetic-research\data\rendered\neurokit2\AFIB\SYN_AFIB_03949.png,AFIB,AFIB,0.9976,1
C:\Users\taimo\OneDrive\Documents 1\work\ecg-synthetic-research\data\rendered\neurokit2\AFIB\SYN_AFIB_00163.png,AFIB,AFIB,0.987,1
C:\Users\taimo\OneDrive\Documents 1\work\ecg-synthetic-research\data\rendered\neurokit2\AFIB\SYN_AFIB_02662.png,AFIB,AFIB,0.9995,1
C:\Users\taimo\OneDrive\Documents 1\work\ecg-synthetic-research\data\rendered\neurokit2\AFIB\SYN_AFIB_02294.png,AFIB,AFIB,0.9795,1
C:\Users\taimo\OneDrive\Documents 1\work\ecg-synthetic-research\data\rendered\neurokit2\AFIB\SYN_AFIB_00612.png,AFIB,AFIB,0.9995,1
C:\Users\taimo\OneDrive\Documents 1\work\ecg-synthetic-research\data\rendered\neurokit2\AFIB\SYN_AFIB_01870.png,AFIB,AFIB,0.9814,1
C:\Users\taimo\OneDrive\Documents 1\work\ecg-synthetic-research\data\rendered\neurokit2\AFIB\SYN_AFIB_02016.png,AFIB,AFIB,0.977,1
C:\Users\taimo\OneDrive\Documents 1\work\ecg-synthetic-research\data\rendered\neurokit2\AFIB\SYN_AFIB_00049.png,AFIB,AFIB,0.968,1
C:\Users\taimo\OneDrive\Documents 1\work\ecg-synthetic-research\data\rendered\neurokit2\AFIB\SYN_AFIB_00757.png,AFIB,AFIB,0.994,1
C:\Users\taimo\OneDrive\Documents 1\work\ecg-synthetic-research\data\rendered\neurokit2\AFIB\SYN_AFIB_03643.png,AFIB,AFIB,0.9946,1
C:\Users\taimo\OneDrive\Documents 1\work\ecg-synthetic-research\data\rendered\neurokit2\AFIB\SYN_AFIB_01948.png,AFIB,AFIB,0.998,1
C:\Users\taimo\OneDrive\Documents 1\work\ecg-synthetic-research\data\rendered\neurokit2\AFIB\SYN_AFIB_02288.png,AFIB,AFIB,0.995,1
C:\Users\taimo\OneDrive\Documents 1\work\ecg-synthetic-research\data\rendered\neurokit2\AFIB\SYN_AFIB_03730.png,AFIB,AFIB,0.9785,1
C:\Users\taimo\OneDrive\Documents 1\work\ecg-synthetic-research\data\rendered\neurokit2\AFIB\SYN_AFIB_01715.png,AFIB,AFIB,0.997,1
C:\Users\taimo\OneDrive\Documents 1\work\ecg-synthetic-research\data\rendered\neurokit2\AFIB\SYN_AFIB_03087.png,AFIB,AFIB,0.9346,1
C:\Users\taimo\OneDrive\Documents 1\work\ecg-synthetic-research\data\rendered\neurokit2\AFIB\SYN_AFIB_01552.png,AFIB,AFIB,0.995,1
C:\Users\taimo\OneDrive\Documents 1\work\ecg-synthetic-research\data\rendered\neurokit2\AFIB\SYN_AFIB_02808.png,AFIB,AFIB,0.9863,1
C:\Users\taimo\OneDrive\Documents 1\work\ecg-synthetic-research\data\rendered\neurokit2\AFIB\SYN_AFIB_03211.png,AFIB,AFIB,0.995,1
C:\Users\taimo\OneDrive\Documents 1\work\ecg-synthetic-research\data\rendered\neurokit2\AFIB\SYN_AFIB_01133.png,AFIB,AFIB,0.996,1
C:\Users\taimo\OneDrive\Documents 1\work\ecg-synthetic-research\data\rendered\neurokit2\AFIB\SYN_AFIB_03980.png,AFIB,AFIB,0.964,1
C:\Users\taimo\OneDrive\Documents 1\work\ecg-synthetic-research\data\rendered\neurokit2\AFIB\SYN_AFIB_03898.png,AFIB,AFIB,0.9976,1
C:\Users\taimo\OneDrive\Documents 1\work\ecg-synthetic-research\data\rendered\neurokit2\AFIB\SYN_AFIB_03230.png,AFIB,AFIB,0.99,1
C:\Users\taimo\OneDrive\Documents 1\work\ecg-synthetic-research\data\rendered\neurokit2\AFIB\SYN_AFIB_02045.png,AFIB,AFIB,0.992,1
C:\Users\taimo\OneDrive\Documents 1\work\ecg-synthetic-research\data\rendered\neurokit2\AFIB\SYN_AFIB_03529.png,AFIB,AFIB,0.9937,1
C:\Users\taimo\OneDrive\Documents 1\work\ecg-synthetic-research\data\rendered\neurokit2\AFIB\SYN_AFIB_00188.png,AFIB,AFIB,0.9985,1
C:\Users\taimo\OneDrive\Documents 1\work\ecg-synthetic-research\data\rendered\neurokit2\AFIB\SYN_AFIB_03095.png,AFIB,AFIB,0.986,1
C:\Users\taimo\OneDrive\Documents 1\work\ecg-synthetic-research\data\rendered\neurokit2\AFIB\SYN_AFIB_00227.png,AFIB,AFIB,0.984,1
C:\Users\taimo\OneDrive\Documents 1\work\ecg-synthetic-research\data\rendered\neurokit2\AFIB\SYN_AFIB_03216.png,AFIB,AFIB,0.995,1
C:\Users\taimo\OneDrive\Documents 1\work\ecg-synthetic-research\data\rendered\neurokit2\AFIB\SYN_AFIB_02375.png,AFIB,AFIB,0.998,1
C:\Users\taimo\OneDrive\Documents 1\work\ecg-synthetic-research\data\rendered\neurokit2\AFIB\SYN_AFIB_01038.png,AFIB,AFIB,0.9717,1
C:\Users\taimo\OneDrive\Documents 1\work\ecg-synthetic-research\data\rendered\neurokit2\AFIB\SYN_AFIB_00314.png,AFIB,AFIB,0.994,1
C:\Users\taimo\OneDrive\Documents 1\work\ecg-synthetic-research\data\rendered\neurokit2\AFIB\SYN_AFIB_00932.png,AFIB,AFIB,0.9976,1
C:\Users\taimo\OneDrive\Documents 1\work\ecg-synthetic-research\data\rendered\neurokit2\AFIB\SYN_AFIB_02705.png,AFIB,AFIB,0.996,1
C:\Users\taimo\OneDrive\Documents 1\work\ecg-synthetic-research\data\rendered\neurokit2\AFIB\SYN_AFIB_03945.png,AFIB,AFIB,0.9946,1
C:\Users\taimo\OneDrive\Documents 1\work\ecg-synthetic-research\data\rendered\neurokit2\AFIB\SYN_AFIB_03733.png,AFIB,AFIB,0.9995,1
C:\Users\taimo\OneDrive\Documents 1\work\ecg-synthetic-research\data\rendered\neurokit2\AFIB\SYN_AFIB_03704.png,AFIB,AFIB,0.988,1
C:\Users\taimo\OneDrive\Documents 1\work\ecg-synthetic-research\data\rendered\neurokit2\AFIB\SYN_AFIB_01152.png,AFIB,AFIB,1.0,1
C:\Users\taimo\OneDrive\Documents 1\work\ecg-synthetic-research\data\rendered\neurokit2\AFIB\SYN_AFIB_00023.png,AFIB,AFIB,0.9976,1
C:\Users\taimo\OneDrive\Documents 1\work\ecg-synthetic-research\data\rendered\neurokit2\AFIB\SYN_AFIB_00696.png,AFIB,AFIB,0.9985,1
C:\Users\taimo\OneDrive\Documents 1\work\ecg-synthetic-research\data\rendered\neurokit2\AFIB\SYN_AFIB_01068.png,AFIB,AFIB,0.9824,1
C:\Users\taimo\OneDrive\Documents 1\work\ecg-synthetic-research\data\rendered\neurokit2\AFIB\SYN_AFIB_01314.png,AFIB,AFIB,0.999,1
C:\Users\taimo\OneDrive\Documents 1\work\ecg-synthetic-research\data\rendered\neurokit2\AFIB\SYN_AFIB_00860.png,AFIB,AFIB,0.9995,1
C:\Users\taimo\OneDrive\Documents 1\work\ecg-synthetic-research\data\rendered\neurokit2\AFIB\SYN_AFIB_01420.png,AFIB,AFIB,1.0,1
C:\Users\taimo\OneDrive\Documents 1\work\ecg-synthetic-research\data\rendered\neurokit2\AFIB\SYN_AFIB_03372.png,AFIB,AFIB,0.9985,1
C:\Users\taimo\OneDrive\Documents 1\work\ecg-synthetic-research\data\rendered\neurokit2\AFIB\SYN_AFIB_01413.png,AFIB,AFIB,0.996,1
C:\Users\taimo\OneDrive\Documents 1\work\ecg-synthetic-research\data\rendered\neurokit2\AFIB\SYN_AFIB_02252.png,AFIB,AFIB,0.9863,1
C:\Users\taimo\OneDrive\Documents 1\work\ecg-synthetic-research\data\rendered\neurokit2\AFIB\SYN_AFIB_02247.png,AFIB,AFIB,0.9976,1
C:\Users\taimo\OneDrive\Documents 1\work\ecg-synthetic-research\data\rendered\neurokit2\AFIB\SYN_AFIB_00686.png,AFIB,AFIB,0.998,1
C:\Users\taimo\OneDrive\Documents 1\work\ecg-synthetic-research\data\rendered\neurokit2\AFIB\SYN_AFIB_02190.png,AFIB,AFIB,0.997,1
C:\Users\taimo\OneDrive\Documents 1\work\ecg-synthetic-research\data\rendered\neurokit2\AFIB\SYN_AFIB_01393.png,AFIB,AFIB,0.9834,1
C:\Users\taimo\OneDrive\Documents 1\work\ecg-synthetic-research\data\rendered\neurokit2\AFIB\SYN_AFIB_00522.png,AFIB,AFIB,0.999,1
C:\Users\taimo\OneDrive\Documents 1\work\ecg-synthetic-research\data\rendered\neurokit2\AFIB\SYN_AFIB_00351.png,AFIB,AFIB,0.998,1
C:\Users\taimo\OneDrive\Documents 1\work\ecg-synthetic-research\data\rendered\neurokit2\AFIB\SYN_AFIB_01962.png,AFIB,AFIB,0.9985,1
C:\Users\taimo\OneDrive\Documents 1\work\ecg-synthetic-research\data\rendered\neurokit2\AFIB\SYN_AFIB_03701.png,AFIB,AFIB,0.997,1
C:\Users\taimo\OneDrive\Documents 1\work\ecg-synthetic-research\data\rendered\neurokit2\AFIB\SYN_AFIB_02329.png,AFIB,AFIB,0.9956,1
C:\Users\taimo\OneDrive\Documents 1\work\ecg-synthetic-research\data\rendered\neurokit2\AFIB\SYN_AFIB_00946.png,AFIB,AFIB,0.993,1
C:\Users\taimo\OneDrive\Documents 1\work\ecg-synthetic-research\data\rendered\neurokit2\AFIB\SYN_AFIB_01658.png,AFIB,AFIB,0.9995,1
C:\Users\taimo\OneDrive\Documents 1\work\ecg-synthetic-research\data\rendered\neurokit2\AFIB\SYN_AFIB_00368.png,AFIB,AFIB,0.999,1
C:\Users\taimo\OneDrive\Documents 1\work\ecg-synthetic-research\data\rendered\neurokit2\AFIB\SYN_AFIB_03126.png,AFIB,AFIB,0.98,1
C:\Users\taimo\OneDrive\Documents 1\work\ecg-synthetic-research\data\rendered\neurokit2\AFIB\SYN_AFIB_03579.png,AFIB,AFIB,0.9985,1
C:\Users\taimo\OneDrive\Documents 1\work\ecg-synthetic-research\data\rendered\neurokit2\AFIB\SYN_AFIB_01513.png,AFIB,AFIB,0.992,1
C:\Users\taimo\OneDrive\Documents 1\work\ecg-synthetic-research\data\rendered\neurokit2\AFIB\SYN_AFIB_01367.png,AFIB,AFIB,0.9897,1
C:\Users\taimo\OneDrive\Documents 1\work\ecg-synthetic-research\data\rendered\neurokit2\AFIB\SYN_AFIB_03440.png,AFIB,AFIB,0.9966,1
C:\Users\taimo\OneDrive\Documents 1\work\ecg-synthetic-research\data\rendered\neurokit2\AFIB\SYN_AFIB_03678.png,AFIB,AFIB,0.989,1
C:\Users\taimo\OneDrive\Documents 1\work\ecg-synthetic-research\data\rendered\neurokit2\AFIB\SYN_AFIB_00087.png,AFIB,AFIB,0.9927,1
C:\Users\taimo\OneDrive\Documents 1\work\ecg-synthetic-research\data\rendered\neurokit2\AFIB\SYN_AFIB_02365.png,AFIB,AFIB,0.997,1
C:\Users\taimo\OneDrive\Documents 1\work\ecg-synthetic-research\data\rendered\neurokit2\AFIB\SYN_AFIB_00079.png,AFIB,AFIB,0.9604,1
C:\Users\taimo\OneDrive\Documents 1\work\ecg-synthetic-research\data\rendered\neurokit2\AFIB\SYN_AFIB_01617.png,AFIB,AFIB,1.0,1
C:\Users\taimo\OneDrive\Documents 1\work\ecg-synthetic-research\data\rendered\neurokit2\AFIB\SYN_AFIB_01984.png,AFIB,AFIB,0.9995,1
C:\Users\taimo\OneDrive\Documents 1\work\ecg-synthetic-research\data\rendered\neurokit2\AFIB\SYN_AFIB_02005.png,AFIB,AFIB,0.9985,1
C:\Users\taimo\OneDrive\Documents 1\work\ecg-synthetic-research\data\rendered\neurokit2\AFIB\SYN_AFIB_02427.png,AFIB,AFIB,0.9995,1
C:\Users\taimo\OneDrive\Documents 1\work\ecg-synthetic-research\data\rendered\neurokit2\AFIB\SYN_AFIB_01144.png,AFIB,AFIB,0.9883,1
C:\Users\taimo\OneDrive\Documents 1\work\ecg-synthetic-research\data\rendered\neurokit2\AFIB\SYN_AFIB_02952.png,AFIB,AFIB,0.998,1
C:\Users\taimo\OneDrive\Documents 1\work\ecg-synthetic-research\data\rendered\neurokit2\AFIB\SYN_AFIB_02475.png,AFIB,AFIB,0.999,1
C:\Users\taimo\OneDrive\Documents 1\work\ecg-synthetic-research\data\rendered\neurokit2\AFIB\SYN_AFIB_03046.png,AFIB,AFIB,0.9956,1
C:\Users\taimo\OneDrive\Documents 1\work\ecg-synthetic-research\data\rendered\neurokit2\AFIB\SYN_AFIB_03829.png,AFIB,AFIB,0.995,1
C:\Users\taimo\OneDrive\Documents 1\work\ecg-synthetic-research\data\rendered\neurokit2\AFIB\SYN_AFIB_01814.png,AFIB,AFIB,0.997,1
C:\Users\taimo\OneDrive\Documents 1\work\ecg-synthetic-research\data\rendered\neurokit2\AFIB\SYN_AFIB_01500.png,AFIB,AFIB,0.998,1
C:\Users\taimo\OneDrive\Documents 1\work\ecg-synthetic-research\data\rendered\neurokit2\AFIB\SYN_AFIB_01237.png,AFIB,AFIB,0.9937,1
C:\Users\taimo\OneDrive\Documents 1\work\ecg-synthetic-research\data\rendered\neurokit2\AFIB\SYN_AFIB_01037.png,AFIB,AFIB,0.9966,1
C:\Users\taimo\OneDrive\Documents 1\work\ecg-synthetic-research\data\rendered\neurokit2\AFIB\SYN_AFIB_02816.png,AFIB,AFIB,0.99,1
C:\Users\taimo\OneDrive\Documents 1\work\ecg-synthetic-research\data\rendered\neurokit2\AFIB\SYN_AFIB_02668.png,AFIB,AFIB,0.993,1
C:\Users\taimo\OneDrive\Documents 1\work\ecg-synthetic-research\data\rendered\neurokit2\AFIB\SYN_AFIB_02997.png,AFIB,AFIB,0.9966,1
C:\Users\taimo\OneDrive\Documents 1\work\ecg-synthetic-research\data\rendered\neurokit2\AFIB\SYN_AFIB_00519.png,AFIB,AFIB,0.9966,1
C:\Users\taimo\OneDrive\Documents 1\work\ecg-synthetic-research\data\rendered\neurokit2\AFIB\SYN_AFIB_02744.png,AFIB,AFIB,0.998,1
C:\Users\taimo\OneDrive\Documents 1\work\ecg-synthetic-research\data\rendered\neurokit2\AFIB\SYN_AFIB_03755.png,AFIB,AFIB,0.9995,1
C:\Users\taimo\OneDrive\Documents 1\work\ecg-synthetic-research\data\rendered\neurokit2\AFIB\SYN_AFIB_01383.png,AFIB,AFIB,0.981,1
C:\Users\taimo\OneDrive\Documents 1\work\ecg-synthetic-research\data\rendered\neurokit2\AFIB\SYN_AFIB_03690.png,AFIB,AFIB,0.9995,1
C:\Users\taimo\OneDrive\Documents 1\work\ecg-synthetic-research\data\rendered\neurokit2\AFIB\SYN_AFIB_02921.png,AFIB,AFIB,0.9985,1
C:\Users\taimo\OneDrive\Documents 1\work\ecg-synthetic-research\data\rendered\neurokit2\AFIB\SYN_AFIB_01353.png,AFIB,AFIB,0.9985,1
C:\Users\taimo\OneDrive\Documents 1\work\ecg-synthetic-research\data\rendered\neurokit2\AFIB\SYN_AFIB_00983.png,AFIB,AFIB,0.9966,1
C:\Users\taimo\OneDrive\Documents 1\work\ecg-synthetic-research\data\rendered\neurokit2\AFIB\SYN_AFIB_02821.png,AFIB,AFIB,0.9956,1
C:\Users\taimo\OneDrive\Documents 1\work\ecg-synthetic-research\data\rendered\neurokit2\AFIB\SYN_AFIB_03340.png,AFIB,AFIB,0.999,1
C:\Users\taimo\OneDrive\Documents 1\work\ecg-synthetic-research\data\rendered\neurokit2\AFIB\SYN_AFIB_00663.png,AFIB,AFIB,0.992,1
C:\Users\taimo\OneDrive\Documents 1\work\ecg-synthetic-research\data\rendered\neurokit2\AFIB\SYN_AFIB_01790.png,AFIB,AFIB,1.0,1
C:\Users\taimo\OneDrive\Documents 1\work\ecg-synthetic-research\data\rendered\neurokit2\AFIB\SYN_AFIB_03576.png,AFIB,AFIB,0.9795,1
C:\Users\taimo\OneDrive\Documents 1\work\ecg-synthetic-research\data\rendered\neurokit2\AFIB\SYN_AFIB_03547.png,AFIB,AFIB,0.998,1
C:\Users\taimo\OneDrive\Documents 1\work\ecg-synthetic-research\data\rendered\neurokit2\AFIB\SYN_AFIB_02671.png,AFIB,AFIB,0.998,1
C:\Users\taimo\OneDrive\Documents 1\work\ecg-synthetic-research\data\rendered\neurokit2\AFIB\SYN_AFIB_02150.png,AFIB,AFIB,1.0,1
C:\Users\taimo\OneDrive\Documents 1\work\ecg-synthetic-research\data\rendered\neurokit2\AFIB\SYN_AFIB_02822.png,AFIB,AFIB,0.9863,1
C:\Users\taimo\OneDrive\Documents 1\work\ecg-synthetic-research\data\rendered\neurokit2\AFIB\SYN_AFIB_01612.png,AFIB,AFIB,0.9995,1
C:\Users\taimo\OneDrive\Documents 1\work\ecg-synthetic-research\data\rendered\neurokit2\AFIB\SYN_AFIB_01134.png,AFIB,AFIB,0.989,1
C:\Users\taimo\OneDrive\Documents 1\work\ecg-synthetic-research\data\rendered\neurokit2\TACHY\SYN_TACHY_00556.png,TACHY,TACHY,0.986,1
C:\Users\taimo\OneDrive\Documents 1\work\ecg-synthetic-research\data\rendered\neurokit2\TACHY\SYN_TACHY_02990.png,TACHY,TACHY,0.998,1
C:\Users\taimo\OneDrive\Documents 1\work\ecg-synthetic-research\data\rendered\neurokit2\TACHY\SYN_TACHY_00197.png,TACHY,TACHY,0.998,1
C:\Users\taimo\OneDrive\Documents 1\work\ecg-synthetic-research\data\rendered\neurokit2\TACHY\SYN_TACHY_01147.png,TACHY,TACHY,0.9966,1
C:\Users\taimo\OneDrive\Documents 1\work\ecg-synthetic-research\data\rendered\neurokit2\TACHY\SYN_TACHY_01186.png,TACHY,TACHY,0.9985,1
C:\Users\taimo\OneDrive\Documents 1\work\ecg-synthetic-research\data\rendered\neurokit2\TACHY\SYN_TACHY_01418.png,TACHY,TACHY,0.999,1
C:\Users\taimo\OneDrive\Documents 1\work\ecg-synthetic-research\data\rendered\neurokit2\TACHY\SYN_TACHY_02541.png,TACHY,TACHY,0.9976,1
C:\Users\taimo\OneDrive\Documents 1\work\ecg-synthetic-research\data\rendered\neurokit2\TACHY\SYN_TACHY_02132.png,TACHY,TACHY,0.9966,1
C:\Users\taimo\OneDrive\Documents 1\work\ecg-synthetic-research\data\rendered\neurokit2\TACHY\SYN_TACHY_03919.png,TACHY,TACHY,0.9854,1
C:\Users\taimo\OneDrive\Documents 1\work\ecg-synthetic-research\data\rendered\neurokit2\TACHY\SYN_TACHY_00870.png,TACHY,TACHY,0.998,1
C:\Users\taimo\OneDrive\Documents 1\work\ecg-synthetic-research\data\rendered\neurokit2\TACHY\SYN_TACHY_02213.png,TACHY,TACHY,0.992,1
C:\Users\taimo\OneDrive\Documents 1\work\ecg-synthetic-research\data\rendered\neurokit2\TACHY\SYN_TACHY_03144.png,TACHY,TACHY,0.982,1
C:\Users\taimo\OneDrive\Documents 1\work\ecg-synthetic-research\data\rendered\neurokit2\TACHY\SYN_TACHY_00110.png,TACHY,TACHY,0.999,1
C:\Users\taimo\OneDrive\Documents 1\work\ecg-synthetic-research\data\rendered\neurokit2\TACHY\SYN_TACHY_00315.png,TACHY,TACHY,0.999,1
C:\Users\taimo\OneDrive\Documents 1\work\ecg-synthetic-research\data\rendered\neurokit2\TACHY\SYN_TACHY_02231.png,TACHY,TACHY,0.997,1
C:\Users\taimo\OneDrive\Documents 1\work\ecg-synthetic-research\data\rendered\neurokit2\TACHY\SYN_TACHY_03250.png,TACHY,TACHY,0.997,1
C:\Users\taimo\OneDrive\Documents 1\work\ecg-synthetic-research\data\rendered\neurokit2\TACHY\SYN_TACHY_02293.png,TACHY,TACHY,0.995,1
C:\Users\taimo\OneDrive\Documents 1\work\ecg-synthetic-research\data\rendered\neurokit2\TACHY\SYN_TACHY_01989.png,TACHY,TACHY,0.9907,1
C:\Users\taimo\OneDrive\Documents 1\work\ecg-synthetic-research\data\rendered\neurokit2\TACHY\SYN_TACHY_03319.png,TACHY,TACHY,0.999,1
C:\Users\taimo\OneDrive\Documents 1\work\ecg-synthetic-research\data\rendered\neurokit2\TACHY\SYN_TACHY_03552.png,TACHY,TACHY,0.997,1
C:\Users\taimo\OneDrive\Documents 1\work\ecg-synthetic-research\data\rendered\neurokit2\TACHY\SYN_TACHY_02859.png,TACHY,TACHY,0.9956,1
C:\Users\taimo\OneDrive\Documents 1\work\ecg-synthetic-research\data\rendered\neurokit2\TACHY\SYN_TACHY_03415.png,TACHY,TACHY,0.9985,1
C:\Users\taimo\OneDrive\Documents 1\work\ecg-synthetic-research\data\rendered\neurokit2\TACHY\SYN_TACHY_02330.png,TACHY,TACHY,0.998,1
C:\Users\taimo\OneDrive\Documents 1\work\ecg-synthetic-research\data\rendered\neurokit2\TACHY\SYN_TACHY_03322.png,TACHY,TACHY,0.998,1
C:\Users\taimo\OneDrive\Documents 1\work\ecg-synthetic-research\data\rendered\neurokit2\TACHY\SYN_TACHY_01321.png,TACHY,TACHY,0.999,1
C:\Users\taimo\OneDrive\Documents 1\work\ecg-synthetic-research\data\rendered\neurokit2\TACHY\SYN_TACHY_00464.png,TACHY,TACHY,0.9966,1
C:\Users\taimo\OneDrive\Documents 1\work\ecg-synthetic-research\data\rendered\neurokit2\TACHY\SYN_TACHY_02863.png,TACHY,TACHY,0.995,1
C:\Users\taimo\OneDrive\Documents 1\work\ecg-synthetic-research\data\rendered\neurokit2\TACHY\SYN_TACHY_03023.png,TACHY,TACHY,0.9956,1
C:\Users\taimo\OneDrive\Documents 1\work\ecg-synthetic-research\data\rendered\neurokit2\TACHY\SYN_TACHY_03750.png,TACHY,TACHY,0.9956,1
C:\Users\taimo\OneDrive\Documents 1\work\ecg-synthetic-research\data\rendered\neurokit2\TACHY\SYN_TACHY_00722.png,TACHY,TACHY,0.9985,1
C:\Users\taimo\OneDrive\Documents 1\work\ecg-synthetic-research\data\rendered\neurokit2\TACHY\SYN_TACHY_01747.png,TACHY,TACHY,0.999,1
C:\Users\taimo\OneDrive\Documents 1\work\ecg-synthetic-research\data\rendered\neurokit2\TACHY\SYN_TACHY_03537.png,TACHY,TACHY,0.9854,1
C:\Users\taimo\OneDrive\Documents 1\work\ecg-synthetic-research\data\rendered\neurokit2\TACHY\SYN_TACHY_00719.png,TACHY,TACHY,0.9976,1
C:\Users\taimo\OneDrive\Documents 1\work\ecg-synthetic-research\data\rendered\neurokit2\TACHY\SYN_TACHY_02021.png,TACHY,TACHY,0.9985,1
C:\Users\taimo\OneDrive\Documents 1\work\ecg-synthetic-research\data\rendered\neurokit2\TACHY\SYN_TACHY_03054.png,TACHY,TACHY,0.9985,1
C:\Users\taimo\OneDrive\Documents 1\work\ecg-synthetic-research\data\rendered\neurokit2\TACHY\SYN_TACHY_02352.png,TACHY,TACHY,0.9995,1
C:\Users\taimo\OneDrive\Documents 1\work\ecg-synthetic-research\data\rendered\neurokit2\TACHY\SYN_TACHY_00403.png,TACHY,TACHY,0.9985,1
C:\Users\taimo\OneDrive\Documents 1\work\ecg-synthetic-research\data\rendered\neurokit2\TACHY\SYN_TACHY_02115.png,TACHY,TACHY,0.995,1
C:\Users\taimo\OneDrive\Documents 1\work\ecg-synthetic-research\data\rendered\neurokit2\TACHY\SYN_TACHY_00271.png,TACHY,TACHY,0.993,1
C:\Users\taimo\OneDrive\Documents 1\work\ecg-synthetic-research\data\rendered\neurokit2\TACHY\SYN_TACHY_01045.png,TACHY,TACHY,0.9985,1
C:\Users\taimo\OneDrive\Documents 1\work\ecg-synthetic-research\data\rendered\neurokit2\TACHY\SYN_TACHY_03471.png,TACHY,TACHY,0.9956,1
C:\Users\taimo\OneDrive\Documents 1\work\ecg-synthetic-research\data\rendered\neurokit2\TACHY\SYN_TACHY_00018.png,TACHY,TACHY,0.995,1
C:\Users\taimo\OneDrive\Documents 1\work\ecg-synthetic-research\data\rendered\neurokit2\TACHY\SYN_TACHY_00230.png,TACHY,TACHY,0.9985,1
C:\Users\taimo\OneDrive\Documents 1\work\ecg-synthetic-research\data\rendered\neurokit2\TACHY\SYN_TACHY_03545.png,TACHY,TACHY,0.997,1
C:\Users\taimo\OneDrive\Documents 1\work\ecg-synthetic-research\data\rendered\neurokit2\TACHY\SYN_TACHY_02554.png,TACHY,TACHY,0.9976,1
C:\Users\taimo\OneDrive\Documents 1\work\ecg-synthetic-research\data\rendered\neurokit2\TACHY\SYN_TACHY_02453.png,TACHY,TACHY,0.995,1
C:\Users\taimo\OneDrive\Documents 1\work\ecg-synthetic-research\data\rendered\neurokit2\TACHY\SYN_TACHY_03323.png,TACHY,TACHY,0.9976,1
C:\Users\taimo\OneDrive\Documents 1\work\ecg-synthetic-research\data\rendered\neurokit2\TACHY\SYN_TACHY_00658.png,TACHY,TACHY,0.9995,1
C:\Users\taimo\OneDrive\Documents 1\work\ecg-synthetic-research\data\rendered\neurokit2\TACHY\SYN_TACHY_03895.png,TACHY,TACHY,0.999,1
C:\Users\taimo\OneDrive\Documents 1\work\ecg-synthetic-research\data\rendered\neurokit2\TACHY\SYN_TACHY_03721.png,TACHY,TACHY,0.998,1
C:\Users\taimo\OneDrive\Documents 1\work\ecg-synthetic-research\data\rendered\neurokit2\TACHY\SYN_TACHY_02405.png,TACHY,TACHY,0.9946,1
C:\Users\taimo\OneDrive\Documents 1\work\ecg-synthetic-research\data\rendered\neurokit2\TACHY\SYN_TACHY_02887.png,TACHY,TACHY,0.999,1
C:\Users\taimo\OneDrive\Documents 1\work\ecg-synthetic-research\data\rendered\neurokit2\TACHY\SYN_TACHY_03624.png,TACHY,TACHY,0.998,1
C:\Users\taimo\OneDrive\Documents 1\work\ecg-synthetic-research\data\rendered\neurokit2\TACHY\SYN_TACHY_02666.png,TACHY,TACHY,0.998,1
C:\Users\taimo\OneDrive\Documents 1\work\ecg-synthetic-research\data\rendered\neurokit2\TACHY\SYN_TACHY_02903.png,TACHY,TACHY,0.993,1
C:\Users\taimo\OneDrive\Documents 1\work\ecg-synthetic-research\data\rendered\neurokit2\TACHY\SYN_TACHY_00872.png,TACHY,TACHY,0.9976,1
C:\Users\taimo\OneDrive\Documents 1\work\ecg-synthetic-research\data\rendered\neurokit2\TACHY\SYN_TACHY_01937.png,TACHY,TACHY,0.999,1
C:\Users\taimo\OneDrive\Documents 1\work\ecg-synthetic-research\data\rendered\neurokit2\TACHY\SYN_TACHY_02211.png,TACHY,TACHY,0.994,1
C:\Users\taimo\OneDrive\Documents 1\work\ecg-synthetic-research\data\rendered\neurokit2\TACHY\SYN_TACHY_01927.png,TACHY,TACHY,0.9985,1
C:\Users\taimo\OneDrive\Documents 1\work\ecg-synthetic-research\data\rendered\neurokit2\TACHY\SYN_TACHY_01212.png,TACHY,TACHY,0.999,1
C:\Users\taimo\OneDrive\Documents 1\work\ecg-synthetic-research\data\rendered\neurokit2\TACHY\SYN_TACHY_01236.png,TACHY,TACHY,0.9995,1
C:\Users\taimo\OneDrive\Documents 1\work\ecg-synthetic-research\data\rendered\neurokit2\TACHY\SYN_TACHY_03641.png,TACHY,TACHY,0.9976,1
C:\Users\taimo\OneDrive\Documents 1\work\ecg-synthetic-research\data\rendered\neurokit2\TACHY\SYN_TACHY_02562.png,TACHY,TACHY,0.997,1
C:\Users\taimo\OneDrive\Documents 1\work\ecg-synthetic-research\data\rendered\neurokit2\TACHY\SYN_TACHY_01518.png,TACHY,TACHY,0.998,1
C:\Users\taimo\OneDrive\Documents 1\work\ecg-synthetic-research\data\rendered\neurokit2\TACHY\SYN_TACHY_02847.png,TACHY,TACHY,0.999,1
C:\Users\taimo\OneDrive\Documents 1\work\ecg-synthetic-research\data\rendered\neurokit2\TACHY\SYN_TACHY_00677.png,TACHY,TACHY,0.9927,1
C:\Users\taimo\OneDrive\Documents 1\work\ecg-synthetic-research\data\rendered\neurokit2\TACHY\SYN_TACHY_01512.png,TACHY,TACHY,0.998,1
C:\Users\taimo\OneDrive\Documents 1\work\ecg-synthetic-research\data\rendered\neurokit2\TACHY\SYN_TACHY_03764.png,TACHY,TACHY,0.9976,1
C:\Users\taimo\OneDrive\Documents 1\work\ecg-synthetic-research\data\rendered\neurokit2\TACHY\SYN_TACHY_01874.png,TACHY,TACHY,0.998,1
C:\Users\taimo\OneDrive\Documents 1\work\ecg-synthetic-research\data\rendered\neurokit2\TACHY\SYN_TACHY_01018.png,TACHY,TACHY,0.9966,1
C:\Users\taimo\OneDrive\Documents 1\work\ecg-synthetic-research\data\rendered\neurokit2\TACHY\SYN_TACHY_02404.png,TACHY,TACHY,0.9966,1
C:\Users\taimo\OneDrive\Documents 1\work\ecg-synthetic-research\data\rendered\neurokit2\TACHY\SYN_TACHY_01721.png,TACHY,TACHY,0.998,1
C:\Users\taimo\OneDrive\Documents 1\work\ecg-synthetic-research\data\rendered\neurokit2\TACHY\SYN_TACHY_00439.png,TACHY,TACHY,0.9976,1
C:\Users\taimo\OneDrive\Documents 1\work\ecg-synthetic-research\data\rendered\neurokit2\TACHY\SYN_TACHY_00466.png,TACHY,TACHY,0.995,1
C:\Users\taimo\OneDrive\Documents 1\work\ecg-synthetic-research\data\rendered\neurokit2\TACHY\SYN_TACHY_00158.png,TACHY,TACHY,0.999,1
C:\Users\taimo\OneDrive\Documents 1\work\ecg-synthetic-research\data\rendered\neurokit2\TACHY\SYN_TACHY_01345.png,TACHY,TACHY,0.996,1
C:\Users\taimo\OneDrive\Documents 1\work\ecg-synthetic-research\data\rendered\neurokit2\TACHY\SYN_TACHY_01584.png,TACHY,TACHY,0.98,1
C:\Users\taimo\OneDrive\Documents 1\work\ecg-synthetic-research\data\rendered\neurokit2\TACHY\SYN_TACHY_00938.png,TACHY,TACHY,0.997,1
C:\Users\taimo\OneDrive\Documents 1\work\ecg-synthetic-research\data\rendered\neurokit2\TACHY\SYN_TACHY_00326.png,TACHY,TACHY,0.981,1
C:\Users\taimo\OneDrive\Documents 1\work\ecg-synthetic-research\data\rendered\neurokit2\TACHY\SYN_TACHY_00830.png,TACHY,TACHY,0.998,1
C:\Users\taimo\OneDrive\Documents 1\work\ecg-synthetic-research\data\rendered\neurokit2\TACHY\SYN_TACHY_03238.png,TACHY,TACHY,0.988,1
C:\Users\taimo\OneDrive\Documents 1\work\ecg-synthetic-research\data\rendered\neurokit2\TACHY\SYN_TACHY_01554.png,TACHY,TACHY,0.9976,1
C:\Users\taimo\OneDrive\Documents 1\work\ecg-synthetic-research\data\rendered\neurokit2\TACHY\SYN_TACHY_02528.png,TACHY,TACHY,0.999,1
C:\Users\taimo\OneDrive\Documents 1\work\ecg-synthetic-research\data\rendered\neurokit2\TACHY\SYN_TACHY_00569.png,TACHY,TACHY,0.997,1
C:\Users\taimo\OneDrive\Documents 1\work\ecg-synthetic-research\data\rendered\neurokit2\TACHY\SYN_TACHY_00367.png,TACHY,TACHY,0.9956,1
C:\Users\taimo\OneDrive\Documents 1\work\ecg-synthetic-research\data\rendered\neurokit2\TACHY\SYN_TACHY_02271.png,TACHY,TACHY,0.9995,1
C:\Users\taimo\OneDrive\Documents 1\work\ecg-synthetic-research\data\rendered\neurokit2\TACHY\SYN_TACHY_02141.png,TACHY,TACHY,0.997,1
C:\Users\taimo\OneDrive\Documents 1\work\ecg-synthetic-research\data\rendered\neurokit2\TACHY\SYN_TACHY_02305.png,TACHY,TACHY,0.992,1
C:\Users\taimo\OneDrive\Documents 1\work\ecg-synthetic-research\data\rendered\neurokit2\TACHY\SYN_TACHY_01614.png,TACHY,TACHY,0.9985,1
C:\Users\taimo\OneDrive\Documents 1\work\ecg-synthetic-research\data\rendered\neurokit2\TACHY\SYN_TACHY_00681.png,TACHY,TACHY,0.9956,1
C:\Users\taimo\OneDrive\Documents 1\work\ecg-synthetic-research\data\rendered\neurokit2\TACHY\SYN_TACHY_03350.png,TACHY,TACHY,0.995,1
C:\Users\taimo\OneDrive\Documents 1\work\ecg-synthetic-research\data\rendered\neurokit2\TACHY\SYN_TACHY_02785.png,TACHY,TACHY,0.996,1
C:\Users\taimo\OneDrive\Documents 1\work\ecg-synthetic-research\data\rendered\neurokit2\TACHY\SYN_TACHY_01310.png,TACHY,TACHY,0.999,1
C:\Users\taimo\OneDrive\Documents 1\work\ecg-synthetic-research\data\rendered\neurokit2\TACHY\SYN_TACHY_02709.png,TACHY,TACHY,0.993,1
C:\Users\taimo\OneDrive\Documents 1\work\ecg-synthetic-research\data\rendered\neurokit2\TACHY\SYN_TACHY_00839.png,TACHY,TACHY,0.9976,1
C:\Users\taimo\OneDrive\Documents 1\work\ecg-synthetic-research\data\rendered\neurokit2\TACHY\SYN_TACHY_03585.png,TACHY,TACHY,0.9966,1
C:\Users\taimo\OneDrive\Documents 1\work\ecg-synthetic-research\data\rendered\neurokit2\TACHY\SYN_TACHY_00189.png,TACHY,TACHY,0.9966,1
C:\Users\taimo\OneDrive\Documents 1\work\ecg-synthetic-research\data\rendered\neurokit2\TACHY\SYN_TACHY_00986.png,TACHY,TACHY,0.998,1
C:\Users\taimo\OneDrive\Documents 1\work\ecg-synthetic-research\data\rendered\neurokit2\TACHY\SYN_TACHY_02895.png,TACHY,TACHY,0.998,1
C:\Users\taimo\OneDrive\Documents 1\work\ecg-synthetic-research\data\rendered\neurokit2\TACHY\SYN_TACHY_03124.png,TACHY,TACHY,0.9995,1
C:\Users\taimo\OneDrive\Documents 1\work\ecg-synthetic-research\data\rendered\neurokit2\TACHY\SYN_TACHY_02958.png,TACHY,TACHY,0.997,1
C:\Users\taimo\OneDrive\Documents 1\work\ecg-synthetic-research\data\rendered\neurokit2\TACHY\SYN_TACHY_01019.png,TACHY,TACHY,0.9976,1
C:\Users\taimo\OneDrive\Documents 1\work\ecg-synthetic-research\data\rendered\neurokit2\TACHY\SYN_TACHY_02568.png,TACHY,TACHY,0.996,1
C:\Users\taimo\OneDrive\Documents 1\work\ecg-synthetic-research\data\rendered\neurokit2\TACHY\SYN_TACHY_01114.png,TACHY,TACHY,0.999,1
C:\Users\taimo\OneDrive\Documents 1\work\ecg-synthetic-research\data\rendered\neurokit2\TACHY\SYN_TACHY_01139.png,TACHY,TACHY,0.9976,1
C:\Users\taimo\OneDrive\Documents 1\work\ecg-synthetic-research\data\rendered\neurokit2\TACHY\SYN_TACHY_02349.png,TACHY,TACHY,0.9995,1
C:\Users\taimo\OneDrive\Documents 1\work\ecg-synthetic-research\data\rendered\neurokit2\TACHY\SYN_TACHY_01581.png,TACHY,TACHY,0.9927,1
C:\Users\taimo\OneDrive\Documents 1\work\ecg-synthetic-research\data\rendered\neurokit2\TACHY\SYN_TACHY_01264.png,TACHY,TACHY,0.9976,1
C:\Users\taimo\OneDrive\Documents 1\work\ecg-synthetic-research\data\rendered\neurokit2\TACHY\SYN_TACHY_02467.png,TACHY,TACHY,0.9985,1
C:\Users\taimo\OneDrive\Documents 1\work\ecg-synthetic-research\data\rendered\neurokit2\TACHY\SYN_TACHY_03598.png,TACHY,TACHY,0.999,1
C:\Users\taimo\OneDrive\Documents 1\work\ecg-synthetic-research\data\rendered\neurokit2\TACHY\SYN_TACHY_00184.png,TACHY,TACHY,0.9834,1
C:\Users\taimo\OneDrive\Documents 1\work\ecg-synthetic-research\data\rendered\neurokit2\TACHY\SYN_TACHY_01271.png,TACHY,TACHY,0.998,1
C:\Users\taimo\OneDrive\Documents 1\work\ecg-synthetic-research\data\rendered\neurokit2\TACHY\SYN_TACHY_03212.png,TACHY,TACHY,0.9976,1
C:\Users\taimo\OneDrive\Documents 1\work\ecg-synthetic-research\data\rendered\neurokit2\TACHY\SYN_TACHY_02169.png,TACHY,TACHY,0.9976,1
C:\Users\taimo\OneDrive\Documents 1\work\ecg-synthetic-research\data\rendered\neurokit2\TACHY\SYN_TACHY_01992.png,TACHY,TACHY,0.9956,1
C:\Users\taimo\OneDrive\Documents 1\work\ecg-synthetic-research\data\rendered\neurokit2\TACHY\SYN_TACHY_03457.png,TACHY,TACHY,0.999,1
C:\Users\taimo\OneDrive\Documents 1\work\ecg-synthetic-research\data\rendered\neurokit2\TACHY\SYN_TACHY_03667.png,TACHY,TACHY,0.999,1
C:\Users\taimo\OneDrive\Documents 1\work\ecg-synthetic-research\data\rendered\neurokit2\TACHY\SYN_TACHY_03025.png,TACHY,TACHY,0.9966,1
C:\Users\taimo\OneDrive\Documents 1\work\ecg-synthetic-research\data\rendered\neurokit2\TACHY\SYN_TACHY_00252.png,TACHY,TACHY,0.995,1
C:\Users\taimo\OneDrive\Documents 1\work\ecg-synthetic-research\data\rendered\neurokit2\TACHY\SYN_TACHY_01599.png,TACHY,TACHY,0.998,1
C:\Users\taimo\OneDrive\Documents 1\work\ecg-synthetic-research\data\rendered\neurokit2\TACHY\SYN_TACHY_03871.png,TACHY,TACHY,0.9727,1
C:\Users\taimo\OneDrive\Documents 1\work\ecg-synthetic-research\data\rendered\neurokit2\TACHY\SYN_TACHY_03284.png,TACHY,TACHY,0.998,1
C:\Users\taimo\OneDrive\Documents 1\work\ecg-synthetic-research\data\rendered\neurokit2\TACHY\SYN_TACHY_00300.png,TACHY,TACHY,0.9966,1
C:\Users\taimo\OneDrive\Documents 1\work\ecg-synthetic-research\data\rendered\neurokit2\TACHY\SYN_TACHY_03318.png,TACHY,TACHY,0.997,1
C:\Users\taimo\OneDrive\Documents 1\work\ecg-synthetic-research\data\rendered\neurokit2\TACHY\SYN_TACHY_00416.png,TACHY,TACHY,0.9985,1
C:\Users\taimo\OneDrive\Documents 1\work\ecg-synthetic-research\data\rendered\neurokit2\TACHY\SYN_TACHY_01043.png,TACHY,TACHY,0.9976,1
C:\Users\taimo\OneDrive\Documents 1\work\ecg-synthetic-research\data\rendered\neurokit2\TACHY\SYN_TACHY_01533.png,TACHY,TACHY,0.997,1
C:\Users\taimo\OneDrive\Documents 1\work\ecg-synthetic-research\data\rendered\neurokit2\TACHY\SYN_TACHY_01074.png,TACHY,TACHY,0.997,1
C:\Users\taimo\OneDrive\Documents 1\work\ecg-synthetic-research\data\rendered\neurokit2\TACHY\SYN_TACHY_00762.png,TACHY,TACHY,0.997,1
C:\Users\taimo\OneDrive\Documents 1\work\ecg-synthetic-research\data\rendered\neurokit2\TACHY\SYN_TACHY_02054.png,TACHY,TACHY,0.9985,1
C:\Users\taimo\OneDrive\Documents 1\work\ecg-synthetic-research\data\rendered\neurokit2\TACHY\SYN_TACHY_02430.png,TACHY,TACHY,0.9985,1
C:\Users\taimo\OneDrive\Documents 1\work\ecg-synthetic-research\data\rendered\neurokit2\TACHY\SYN_TACHY_02320.png,TACHY,TACHY,0.9956,1
C:\Users\taimo\OneDrive\Documents 1\work\ecg-synthetic-research\data\rendered\neurokit2\TACHY\SYN_TACHY_02665.png,TACHY,TACHY,0.9985,1
C:\Users\taimo\OneDrive\Documents 1\work\ecg-synthetic-research\data\rendered\neurokit2\TACHY\SYN_TACHY_02257.png,TACHY,TACHY,0.9985,1
C:\Users\taimo\OneDrive\Documents 1\work\ecg-synthetic-research\data\rendered\neurokit2\TACHY\SYN_TACHY_03954.png,TACHY,TACHY,0.999,1
C:\Users\taimo\OneDrive\Documents 1\work\ecg-synthetic-research\data\rendered\neurokit2\TACHY\SYN_TACHY_01692.png,TACHY,TACHY,0.993,1
C:\Users\taimo\OneDrive\Documents 1\work\ecg-synthetic-research\data\rendered\neurokit2\TACHY\SYN_TACHY_00204.png,TACHY,TACHY,0.998,1
C:\Users\taimo\OneDrive\Documents 1\work\ecg-synthetic-research\data\rendered\neurokit2\TACHY\SYN_TACHY_00894.png,TACHY,TACHY,0.9976,1
C:\Users\taimo\OneDrive\Documents 1\work\ecg-synthetic-research\data\rendered\neurokit2\TACHY\SYN_TACHY_01685.png,TACHY,TACHY,0.9966,1
C:\Users\taimo\OneDrive\Documents 1\work\ecg-synthetic-research\data\rendered\neurokit2\TACHY\SYN_TACHY_01339.png,TACHY,TACHY,0.994,1
C:\Users\taimo\OneDrive\Documents 1\work\ecg-synthetic-research\data\rendered\neurokit2\TACHY\SYN_TACHY_00007.png,TACHY,TACHY,0.998,1
C:\Users\taimo\OneDrive\Documents 1\work\ecg-synthetic-research\data\rendered\neurokit2\TACHY\SYN_TACHY_03694.png,TACHY,TACHY,0.9985,1
C:\Users\taimo\OneDrive\Documents 1\work\ecg-synthetic-research\data\rendered\neurokit2\TACHY\SYN_TACHY_02478.png,TACHY,TACHY,0.9897,1
C:\Users\taimo\OneDrive\Documents 1\work\ecg-synthetic-research\data\rendered\neurokit2\TACHY\SYN_TACHY_03883.png,TACHY,TACHY,0.9976,1
C:\Users\taimo\OneDrive\Documents 1\work\ecg-synthetic-research\data\rendered\neurokit2\TACHY\SYN_TACHY_01106.png,TACHY,TACHY,0.998,1
C:\Users\taimo\OneDrive\Documents 1\work\ecg-synthetic-research\data\rendered\neurokit2\TACHY\SYN_TACHY_02623.png,TACHY,TACHY,0.998,1
C:\Users\taimo\OneDrive\Documents 1\work\ecg-synthetic-research\data\rendered\neurokit2\TACHY\SYN_TACHY_00882.png,TACHY,TACHY,0.9985,1
C:\Users\taimo\OneDrive\Documents 1\work\ecg-synthetic-research\data\rendered\neurokit2\TACHY\SYN_TACHY_03595.png,TACHY,TACHY,0.998,1
C:\Users\taimo\OneDrive\Documents 1\work\ecg-synthetic-research\data\rendered\neurokit2\TACHY\SYN_TACHY_00574.png,TACHY,TACHY,0.993,1
C:\Users\taimo\OneDrive\Documents 1\work\ecg-synthetic-research\data\rendered\neurokit2\TACHY\SYN_TACHY_01259.png,TACHY,TACHY,0.998,1
C:\Users\taimo\OneDrive\Documents 1\work\ecg-synthetic-research\data\rendered\neurokit2\TACHY\SYN_TACHY_00258.png,TACHY,TACHY,0.9956,1
C:\Users\taimo\OneDrive\Documents 1\work\ecg-synthetic-research\data\rendered\neurokit2\TACHY\SYN_TACHY_01546.png,TACHY,TACHY,0.9976,1
C:\Users\taimo\OneDrive\Documents 1\work\ecg-synthetic-research\data\rendered\neurokit2\TACHY\SYN_TACHY_00655.png,TACHY,TACHY,0.998,1
C:\Users\taimo\OneDrive\Documents 1\work\ecg-synthetic-research\data\rendered\neurokit2\TACHY\SYN_TACHY_03183.png,TACHY,TACHY,0.999,1
C:\Users\taimo\OneDrive\Documents 1\work\ecg-synthetic-research\data\rendered\neurokit2\TACHY\SYN_TACHY_02531.png,TACHY,TACHY,0.999,1
C:\Users\taimo\OneDrive\Documents 1\work\ecg-synthetic-research\data\rendered\neurokit2\TACHY\SYN_TACHY_02416.png,TACHY,TACHY,0.998,1
C:\Users\taimo\OneDrive\Documents 1\work\ecg-synthetic-research\data\rendered\neurokit2\TACHY\SYN_TACHY_01172.png,TACHY,TACHY,0.9995,1
C:\Users\taimo\OneDrive\Documents 1\work\ecg-synthetic-research\data\rendered\neurokit2\TACHY\SYN_TACHY_03227.png,TACHY,TACHY,0.999,1
C:\Users\taimo\OneDrive\Documents 1\work\ecg-synthetic-research\data\rendered\neurokit2\TACHY\SYN_TACHY_02358.png,TACHY,TACHY,0.999,1
C:\Users\taimo\OneDrive\Documents 1\work\ecg-synthetic-research\data\rendered\neurokit2\TACHY\SYN_TACHY_00732.png,TACHY,TACHY,0.976,1
C:\Users\taimo\OneDrive\Documents 1\work\ecg-synthetic-research\data\rendered\neurokit2\TACHY\SYN_TACHY_01728.png,TACHY,TACHY,0.9966,1
C:\Users\taimo\OneDrive\Documents 1\work\ecg-synthetic-research\data\rendered\neurokit2\TACHY\SYN_TACHY_01158.png,TACHY,TACHY,0.9956,1
C:\Users\taimo\OneDrive\Documents 1\work\ecg-synthetic-research\data\rendered\neurokit2\TACHY\SYN_TACHY_02726.png,TACHY,TACHY,0.9966,1
C:\Users\taimo\OneDrive\Documents 1\work\ecg-synthetic-research\data\rendered\neurokit2\TACHY\SYN_TACHY_00745.png,TACHY,TACHY,0.997,1
C:\Users\taimo\OneDrive\Documents 1\work\ecg-synthetic-research\data\rendered\neurokit2\TACHY\SYN_TACHY_03632.png,TACHY,TACHY,0.999,1
C:\Users\taimo\OneDrive\Documents 1\work\ecg-synthetic-research\data\rendered\neurokit2\TACHY\SYN_TACHY_02084.png,TACHY,TACHY,0.999,1
C:\Users\taimo\OneDrive\Documents 1\work\ecg-synthetic-research\data\rendered\neurokit2\TACHY\SYN_TACHY_02284.png,TACHY,TACHY,0.985,1
C:\Users\taimo\OneDrive\Documents 1\work\ecg-synthetic-research\data\rendered\neurokit2\TACHY\SYN_TACHY_02212.png,TACHY,TACHY,0.957,1
C:\Users\taimo\OneDrive\Documents 1\work\ecg-synthetic-research\data\rendered\neurokit2\TACHY\SYN_TACHY_03610.png,TACHY,TACHY,0.9976,1
C:\Users\taimo\OneDrive\Documents 1\work\ecg-synthetic-research\data\rendered\neurokit2\TACHY\SYN_TACHY_02091.png,TACHY,TACHY,0.9927,1
C:\Users\taimo\OneDrive\Documents 1\work\ecg-synthetic-research\data\rendered\neurokit2\TACHY\SYN_TACHY_02464.png,TACHY,TACHY,0.997,1
C:\Users\taimo\OneDrive\Documents 1\work\ecg-synthetic-research\data\rendered\neurokit2\TACHY\SYN_TACHY_01234.png,TACHY,TACHY,0.9966,1
C:\Users\taimo\OneDrive\Documents 1\work\ecg-synthetic-research\data\rendered\neurokit2\TACHY\SYN_TACHY_01966.png,TACHY,TACHY,0.9976,1
C:\Users\taimo\OneDrive\Documents 1\work\ecg-synthetic-research\data\rendered\neurokit2\TACHY\SYN_TACHY_01028.png,TACHY,TACHY,0.999,1
C:\Users\taimo\OneDrive\Documents 1\work\ecg-synthetic-research\data\rendered\neurokit2\TACHY\SYN_TACHY_02336.png,TACHY,TACHY,0.9966,1
C:\Users\taimo\OneDrive\Documents 1\work\ecg-synthetic-research\data\rendered\neurokit2\TACHY\SYN_TACHY_01188.png,TACHY,TACHY,0.9985,1
C:\Users\taimo\OneDrive\Documents 1\work\ecg-synthetic-research\data\rendered\neurokit2\TACHY\SYN_TACHY_02728.png,TACHY,TACHY,0.999,1
C:\Users\taimo\OneDrive\Documents 1\work\ecg-synthetic-research\data\rendered\neurokit2\TACHY\SYN_TACHY_00179.png,TACHY,TACHY,0.998,1
C:\Users\taimo\OneDrive\Documents 1\work\ecg-synthetic-research\data\rendered\neurokit2\TACHY\SYN_TACHY_01878.png,TACHY,TACHY,0.996,1
C:\Users\taimo\OneDrive\Documents 1\work\ecg-synthetic-research\data\rendered\neurokit2\TACHY\SYN_TACHY_01558.png,TACHY,TACHY,0.9985,1
C:\Users\taimo\OneDrive\Documents 1\work\ecg-synthetic-research\data\rendered\neurokit2\TACHY\SYN_TACHY_00174.png,TACHY,TACHY,0.998,1
C:\Users\taimo\OneDrive\Documents 1\work\ecg-synthetic-research\data\rendered\neurokit2\TACHY\SYN_TACHY_01362.png,TACHY,TACHY,0.998,1
C:\Users\taimo\OneDrive\Documents 1\work\ecg-synthetic-research\data\rendered\neurokit2\TACHY\SYN_TACHY_01105.png,TACHY,TACHY,0.999,1
C:\Users\taimo\OneDrive\Documents 1\work\ecg-synthetic-research\data\rendered\neurokit2\TACHY\SYN_TACHY_02604.png,TACHY,TACHY,0.996,1
C:\Users\taimo\OneDrive\Documents 1\work\ecg-synthetic-research\data\rendered\neurokit2\TACHY\SYN_TACHY_02338.png,TACHY,TACHY,0.999,1
C:\Users\taimo\OneDrive\Documents 1\work\ecg-synthetic-research\data\rendered\neurokit2\TACHY\SYN_TACHY_00325.png,TACHY,TACHY,0.9985,1
C:\Users\taimo\OneDrive\Documents 1\work\ecg-synthetic-research\data\rendered\neurokit2\TACHY\SYN_TACHY_02631.png,TACHY,TACHY,0.9956,1
C:\Users\taimo\OneDrive\Documents 1\work\ecg-synthetic-research\data\rendered\neurokit2\TACHY\SYN_TACHY_02971.png,TACHY,TACHY,0.9985,1
C:\Users\taimo\OneDrive\Documents 1\work\ecg-synthetic-research\data\rendered\neurokit2\TACHY\SYN_TACHY_01898.png,TACHY,TACHY,0.9985,1
C:\Users\taimo\OneDrive\Documents 1\work\ecg-synthetic-research\data\rendered\neurokit2\TACHY\SYN_TACHY_01095.png,TACHY,TACHY,0.999,1
C:\Users\taimo\OneDrive\Documents 1\work\ecg-synthetic-research\data\rendered\neurokit2\TACHY\SYN_TACHY_02567.png,TACHY,TACHY,0.998,1
C:\Users\taimo\OneDrive\Documents 1\work\ecg-synthetic-research\data\rendered\neurokit2\TACHY\SYN_TACHY_00222.png,TACHY,TACHY,0.9883,1
C:\Users\taimo\OneDrive\Documents 1\work\ecg-synthetic-research\data\rendered\neurokit2\TACHY\SYN_TACHY_03174.png,TACHY,TACHY,0.998,1
C:\Users\taimo\OneDrive\Documents 1\work\ecg-synthetic-research\data\rendered\neurokit2\TACHY\SYN_TACHY_02829.png,TACHY,TACHY,0.999,1
C:\Users\taimo\OneDrive\Documents 1\work\ecg-synthetic-research\data\rendered\neurokit2\TACHY\SYN_TACHY_03807.png,TACHY,TACHY,0.9956,1
C:\Users\taimo\OneDrive\Documents 1\work\ecg-synthetic-research\data\rendered\neurokit2\TACHY\SYN_TACHY_03190.png,TACHY,TACHY,0.995,1
C:\Users\taimo\OneDrive\Documents 1\work\ecg-synthetic-research\data\rendered\neurokit2\TACHY\SYN_TACHY_03570.png,TACHY,TACHY,0.9976,1
C:\Users\taimo\OneDrive\Documents 1\work\ecg-synthetic-research\data\rendered\neurokit2\TACHY\SYN_TACHY_01737.png,TACHY,TACHY,0.996,1
C:\Users\taimo\OneDrive\Documents 1\work\ecg-synthetic-research\data\rendered\neurokit2\TACHY\SYN_TACHY_00275.png,TACHY,TACHY,0.996,1
C:\Users\taimo\OneDrive\Documents 1\work\ecg-synthetic-research\data\rendered\neurokit2\TACHY\SYN_TACHY_00866.png,TACHY,TACHY,0.9985,1
C:\Users\taimo\OneDrive\Documents 1\work\ecg-synthetic-research\data\rendered\neurokit2\TACHY\SYN_TACHY_03995.png,TACHY,TACHY,0.98,1
C:\Users\taimo\OneDrive\Documents 1\work\ecg-synthetic-research\data\rendered\neurokit2\TACHY\SYN_TACHY_00507.png,TACHY,TACHY,0.9937,1
C:\Users\taimo\OneDrive\Documents 1\work\ecg-synthetic-research\data\rendered\neurokit2\TACHY\SYN_TACHY_02513.png,TACHY,TACHY,0.9966,1
C:\Users\taimo\OneDrive\Documents 1\work\ecg-synthetic-research\data\rendered\neurokit2\TACHY\SYN_TACHY_00550.png,TACHY,TACHY,0.996,1
C:\Users\taimo\OneDrive\Documents 1\work\ecg-synthetic-research\data\rendered\neurokit2\TACHY\SYN_TACHY_00443.png,TACHY,TACHY,0.997,1
C:\Users\taimo\OneDrive\Documents 1\work\ecg-synthetic-research\data\rendered\neurokit2\TACHY\SYN_TACHY_00898.png,TACHY,TACHY,0.997,1
C:\Users\taimo\OneDrive\Documents 1\work\ecg-synthetic-research\data\rendered\neurokit2\TACHY\SYN_TACHY_03817.png,TACHY,TACHY,0.999,1
C:\Users\taimo\OneDrive\Documents 1\work\ecg-synthetic-research\data\rendered\neurokit2\TACHY\SYN_TACHY_01667.png,TACHY,TACHY,0.998,1
C:\Users\taimo\OneDrive\Documents 1\work\ecg-synthetic-research\data\rendered\neurokit2\TACHY\SYN_TACHY_03342.png,TACHY,TACHY,0.9937,1
C:\Users\taimo\OneDrive\Documents 1\work\ecg-synthetic-research\data\rendered\neurokit2\TACHY\SYN_TACHY_02291.png,TACHY,TACHY,0.995,1
C:\Users\taimo\OneDrive\Documents 1\work\ecg-synthetic-research\data\rendered\neurokit2\TACHY\SYN_TACHY_01875.png,TACHY,TACHY,0.9985,1
C:\Users\taimo\OneDrive\Documents 1\work\ecg-synthetic-research\data\rendered\neurokit2\TACHY\SYN_TACHY_03419.png,TACHY,TACHY,0.992,1
C:\Users\taimo\OneDrive\Documents 1\work\ecg-synthetic-research\data\rendered\neurokit2\TACHY\SYN_TACHY_03729.png,TACHY,TACHY,0.997,1
C:\Users\taimo\OneDrive\Documents 1\work\ecg-synthetic-research\data\rendered\neurokit2\TACHY\SYN_TACHY_01012.png,TACHY,TACHY,0.9995,1
C:\Users\taimo\OneDrive\Documents 1\work\ecg-synthetic-research\data\rendered\neurokit2\TACHY\SYN_TACHY_03977.png,TACHY,TACHY,0.998,1
C:\Users\taimo\OneDrive\Documents 1\work\ecg-synthetic-research\data\rendered\neurokit2\TACHY\SYN_TACHY_03516.png,TACHY,TACHY,0.994,1
C:\Users\taimo\OneDrive\Documents 1\work\ecg-synthetic-research\data\rendered\neurokit2\TACHY\SYN_TACHY_01559.png,TACHY,TACHY,0.9966,1
C:\Users\taimo\OneDrive\Documents 1\work\ecg-synthetic-research\data\rendered\neurokit2\TACHY\SYN_TACHY_01136.png,TACHY,TACHY,0.9966,1
C:\Users\taimo\OneDrive\Documents 1\work\ecg-synthetic-research\data\rendered\neurokit2\TACHY\SYN_TACHY_02530.png,TACHY,TACHY,0.998,1
C:\Users\taimo\OneDrive\Documents 1\work\ecg-synthetic-research\data\rendered\neurokit2\TACHY\SYN_TACHY_00417.png,TACHY,TACHY,0.9985,1
C:\Users\taimo\OneDrive\Documents 1\work\ecg-synthetic-research\data\rendered\neurokit2\TACHY\SYN_TACHY_01972.png,TACHY,TACHY,0.9976,1
C:\Users\taimo\OneDrive\Documents 1\work\ecg-synthetic-research\data\rendered\neurokit2\TACHY\SYN_TACHY_02926.png,TACHY,TACHY,0.998,1
C:\Users\taimo\OneDrive\Documents 1\work\ecg-synthetic-research\data\rendered\neurokit2\TACHY\SYN_TACHY_03756.png,TACHY,TACHY,0.998,1
C:\Users\taimo\OneDrive\Documents 1\work\ecg-synthetic-research\data\rendered\neurokit2\TACHY\SYN_TACHY_00450.png,TACHY,TACHY,0.999,1
C:\Users\taimo\OneDrive\Documents 1\work\ecg-synthetic-research\data\rendered\neurokit2\TACHY\SYN_TACHY_01753.png,TACHY,TACHY,0.9985,1
C:\Users\taimo\OneDrive\Documents 1\work\ecg-synthetic-research\data\rendered\neurokit2\TACHY\SYN_TACHY_00372.png,TACHY,TACHY,0.9985,1
C:\Users\taimo\OneDrive\Documents 1\work\ecg-synthetic-research\data\rendered\neurokit2\TACHY\SYN_TACHY_00701.png,TACHY,TACHY,0.997,1
C:\Users\taimo\OneDrive\Documents 1\work\ecg-synthetic-research\data\rendered\neurokit2\TACHY\SYN_TACHY_00666.png,TACHY,TACHY,0.9976,1
C:\Users\taimo\OneDrive\Documents 1\work\ecg-synthetic-research\data\rendered\neurokit2\TACHY\SYN_TACHY_02421.png,TACHY,TACHY,0.982,1
C:\Users\taimo\OneDrive\Documents 1\work\ecg-synthetic-research\data\rendered\neurokit2\TACHY\SYN_TACHY_03592.png,TACHY,TACHY,0.9985,1
C:\Users\taimo\OneDrive\Documents 1\work\ecg-synthetic-research\data\rendered\neurokit2\TACHY\SYN_TACHY_00506.png,TACHY,TACHY,0.9995,1
C:\Users\taimo\OneDrive\Documents 1\work\ecg-synthetic-research\data\rendered\neurokit2\TACHY\SYN_TACHY_03444.png,TACHY,TACHY,0.994,1
C:\Users\taimo\OneDrive\Documents 1\work\ecg-synthetic-research\data\rendered\neurokit2\TACHY\SYN_TACHY_00109.png,TACHY,TACHY,0.997,1
C:\Users\taimo\OneDrive\Documents 1\work\ecg-synthetic-research\data\rendered\neurokit2\TACHY\SYN_TACHY_02949.png,TACHY,TACHY,0.9976,1
C:\Users\taimo\OneDrive\Documents 1\work\ecg-synthetic-research\data\rendered\neurokit2\TACHY\SYN_TACHY_03958.png,TACHY,TACHY,0.992,1
C:\Users\taimo\OneDrive\Documents 1\work\ecg-synthetic-research\data\rendered\neurokit2\TACHY\SYN_TACHY_02935.png,TACHY,TACHY,0.998,1
C:\Users\taimo\OneDrive\Documents 1\work\ecg-synthetic-research\data\rendered\neurokit2\TACHY\SYN_TACHY_01863.png,TACHY,TACHY,0.998,1
C:\Users\taimo\OneDrive\Documents 1\work\ecg-synthetic-research\data\rendered\neurokit2\TACHY\SYN_TACHY_02632.png,TACHY,TACHY,0.992,1
C:\Users\taimo\OneDrive\Documents 1\work\ecg-synthetic-research\data\rendered\neurokit2\TACHY\SYN_TACHY_00486.png,TACHY,TACHY,0.996,1
C:\Users\taimo\OneDrive\Documents 1\work\ecg-synthetic-research\data\rendered\neurokit2\TACHY\SYN_TACHY_02993.png,TACHY,TACHY,0.994,1
C:\Users\taimo\OneDrive\Documents 1\work\ecg-synthetic-research\data\rendered\neurokit2\TACHY\SYN_TACHY_00848.png,TACHY,TACHY,0.9946,1
C:\Users\taimo\OneDrive\Documents 1\work\ecg-synthetic-research\data\rendered\neurokit2\TACHY\SYN_TACHY_03102.png,TACHY,TACHY,0.999,1
C:\Users\taimo\OneDrive\Documents 1\work\ecg-synthetic-research\data\rendered\neurokit2\TACHY\SYN_TACHY_00210.png,TACHY,TACHY,0.9976,1
C:\Users\taimo\OneDrive\Documents 1\work\ecg-synthetic-research\data\rendered\neurokit2\TACHY\SYN_TACHY_00911.png,TACHY,TACHY,0.998,1
C:\Users\taimo\OneDrive\Documents 1\work\ecg-synthetic-research\data\rendered\neurokit2\TACHY\SYN_TACHY_02164.png,TACHY,TACHY,0.9966,1
C:\Users\taimo\OneDrive\Documents 1\work\ecg-synthetic-research\data\rendered\neurokit2\TACHY\SYN_TACHY_00297.png,TACHY,TACHY,0.995,1
C:\Users\taimo\OneDrive\Documents 1\work\ecg-synthetic-research\data\rendered\neurokit2\TACHY\SYN_TACHY_00008.png,TACHY,TACHY,0.9956,1
C:\Users\taimo\OneDrive\Documents 1\work\ecg-synthetic-research\data\rendered\neurokit2\TACHY\SYN_TACHY_02149.png,TACHY,TACHY,0.996,1
C:\Users\taimo\OneDrive\Documents 1\work\ecg-synthetic-research\data\rendered\neurokit2\TACHY\SYN_TACHY_03359.png,TACHY,TACHY,0.9985,1
C:\Users\taimo\OneDrive\Documents 1\work\ecg-synthetic-research\data\rendered\neurokit2\TACHY\SYN_TACHY_00791.png,TACHY,TACHY,0.9756,1
C:\Users\taimo\OneDrive\Documents 1\work\ecg-synthetic-research\data\rendered\neurokit2\TACHY\SYN_TACHY_03013.png,TACHY,TACHY,0.9976,1
C:\Users\taimo\OneDrive\Documents 1\work\ecg-synthetic-research\data\rendered\neurokit2\TACHY\SYN_TACHY_01815.png,TACHY,TACHY,0.9956,1
C:\Users\taimo\OneDrive\Documents 1\work\ecg-synthetic-research\data\rendered\neurokit2\TACHY\SYN_TACHY_03627.png,TACHY,TACHY,0.984,1
C:\Users\taimo\OneDrive\Documents 1\work\ecg-synthetic-research\data\rendered\neurokit2\TACHY\SYN_TACHY_00026.png,TACHY,TACHY,0.9976,1
C:\Users\taimo\OneDrive\Documents 1\work\ecg-synthetic-research\data\rendered\neurokit2\TACHY\SYN_TACHY_01843.png,TACHY,TACHY,0.999,1
C:\Users\taimo\OneDrive\Documents 1\work\ecg-synthetic-research\data\rendered\neurokit2\TACHY\SYN_TACHY_03668.png,TACHY,TACHY,0.9976,1
C:\Users\taimo\OneDrive\Documents 1\work\ecg-synthetic-research\data\rendered\neurokit2\TACHY\SYN_TACHY_01616.png,TACHY,TACHY,0.9976,1
C:\Users\taimo\OneDrive\Documents 1\work\ecg-synthetic-research\data\rendered\neurokit2\TACHY\SYN_TACHY_00884.png,TACHY,TACHY,0.998,1
C:\Users\taimo\OneDrive\Documents 1\work\ecg-synthetic-research\data\rendered\neurokit2\TACHY\SYN_TACHY_02753.png,TACHY,TACHY,0.9985,1
C:\Users\taimo\OneDrive\Documents 1\work\ecg-synthetic-research\data\rendered\neurokit2\TACHY\SYN_TACHY_03608.png,TACHY,TACHY,0.9966,1
C:\Users\taimo\OneDrive\Documents 1\work\ecg-synthetic-research\data\rendered\neurokit2\TACHY\SYN_TACHY_01886.png,TACHY,TACHY,0.999,1
C:\Users\taimo\OneDrive\Documents 1\work\ecg-synthetic-research\data\rendered\neurokit2\TACHY\SYN_TACHY_01048.png,TACHY,TACHY,0.9946,1
C:\Users\taimo\OneDrive\Documents 1\work\ecg-synthetic-research\data\rendered\neurokit2\TACHY\SYN_TACHY_03487.png,TACHY,TACHY,0.997,1
C:\Users\taimo\OneDrive\Documents 1\work\ecg-synthetic-research\data\rendered\neurokit2\TACHY\SYN_TACHY_00177.png,TACHY,TACHY,0.997,1
C:\Users\taimo\OneDrive\Documents 1\work\ecg-synthetic-research\data\rendered\neurokit2\TACHY\SYN_TACHY_02020.png,TACHY,TACHY,0.9907,1
C:\Users\taimo\OneDrive\Documents 1\work\ecg-synthetic-research\data\rendered\neurokit2\TACHY\SYN_TACHY_02659.png,TACHY,TACHY,0.998,1
C:\Users\taimo\OneDrive\Documents 1\work\ecg-synthetic-research\data\rendered\neurokit2\TACHY\SYN_TACHY_03943.png,TACHY,TACHY,0.9883,1
C:\Users\taimo\OneDrive\Documents 1\work\ecg-synthetic-research\data\rendered\neurokit2\TACHY\SYN_TACHY_01740.png,TACHY,TACHY,0.997,1
C:\Users\taimo\OneDrive\Documents 1\work\ecg-synthetic-research\data\rendered\neurokit2\TACHY\SYN_TACHY_00371.png,TACHY,TACHY,0.9976,1
C:\Users\taimo\OneDrive\Documents 1\work\ecg-synthetic-research\data\rendered\neurokit2\TACHY\SYN_TACHY_03412.png,TACHY,TACHY,0.994,1
C:\Users\taimo\OneDrive\Documents 1\work\ecg-synthetic-research\data\rendered\neurokit2\TACHY\SYN_TACHY_00492.png,TACHY,TACHY,0.9976,1
C:\Users\taimo\OneDrive\Documents 1\work\ecg-synthetic-research\data\rendered\neurokit2\TACHY\SYN_TACHY_03925.png,TACHY,TACHY,0.997,1
C:\Users\taimo\OneDrive\Documents 1\work\ecg-synthetic-research\data\rendered\neurokit2\TACHY\SYN_TACHY_02440.png,TACHY,TACHY,0.971,1
C:\Users\taimo\OneDrive\Documents 1\work\ecg-synthetic-research\data\rendered\neurokit2\TACHY\SYN_TACHY_03949.png,TACHY,TACHY,0.9995,1
C:\Users\taimo\OneDrive\Documents 1\work\ecg-synthetic-research\data\rendered\neurokit2\TACHY\SYN_TACHY_00163.png,TACHY,TACHY,0.999,1
C:\Users\taimo\OneDrive\Documents 1\work\ecg-synthetic-research\data\rendered\neurokit2\TACHY\SYN_TACHY_02662.png,TACHY,TACHY,0.998,1
C:\Users\taimo\OneDrive\Documents 1\work\ecg-synthetic-research\data\rendered\neurokit2\TACHY\SYN_TACHY_02294.png,TACHY,TACHY,0.9976,1
C:\Users\taimo\OneDrive\Documents 1\work\ecg-synthetic-research\data\rendered\neurokit2\TACHY\SYN_TACHY_00612.png,TACHY,TACHY,0.998,1
C:\Users\taimo\OneDrive\Documents 1\work\ecg-synthetic-research\data\rendered\neurokit2\TACHY\SYN_TACHY_01870.png,TACHY,TACHY,0.997,1
C:\Users\taimo\OneDrive\Documents 1\work\ecg-synthetic-research\data\rendered\neurokit2\TACHY\SYN_TACHY_02016.png,TACHY,TACHY,0.996,1
C:\Users\taimo\OneDrive\Documents 1\work\ecg-synthetic-research\data\rendered\neurokit2\TACHY\SYN_TACHY_00049.png,TACHY,TACHY,0.9976,1
C:\Users\taimo\OneDrive\Documents 1\work\ecg-synthetic-research\data\rendered\neurokit2\TACHY\SYN_TACHY_00757.png,TACHY,TACHY,0.998,1
C:\Users\taimo\OneDrive\Documents 1\work\ecg-synthetic-research\data\rendered\neurokit2\TACHY\SYN_TACHY_03643.png,TACHY,TACHY,0.996,1
C:\Users\taimo\OneDrive\Documents 1\work\ecg-synthetic-research\data\rendered\neurokit2\TACHY\SYN_TACHY_01948.png,TACHY,TACHY,0.9985,1
C:\Users\taimo\OneDrive\Documents 1\work\ecg-synthetic-research\data\rendered\neurokit2\TACHY\SYN_TACHY_02288.png,TACHY,TACHY,0.9976,1
C:\Users\taimo\OneDrive\Documents 1\work\ecg-synthetic-research\data\rendered\neurokit2\TACHY\SYN_TACHY_03730.png,TACHY,TACHY,0.9976,1
C:\Users\taimo\OneDrive\Documents 1\work\ecg-synthetic-research\data\rendered\neurokit2\TACHY\SYN_TACHY_01715.png,TACHY,TACHY,0.9985,1
C:\Users\taimo\OneDrive\Documents 1\work\ecg-synthetic-research\data\rendered\neurokit2\TACHY\SYN_TACHY_03087.png,TACHY,TACHY,0.9775,1
C:\Users\taimo\OneDrive\Documents 1\work\ecg-synthetic-research\data\rendered\neurokit2\TACHY\SYN_TACHY_01552.png,TACHY,TACHY,0.999,1
C:\Users\taimo\OneDrive\Documents 1\work\ecg-synthetic-research\data\rendered\neurokit2\TACHY\SYN_TACHY_02808.png,TACHY,TACHY,0.996,1
C:\Users\taimo\OneDrive\Documents 1\work\ecg-synthetic-research\data\rendered\neurokit2\TACHY\SYN_TACHY_03211.png,TACHY,TACHY,0.9976,1
C:\Users\taimo\OneDrive\Documents 1\work\ecg-synthetic-research\data\rendered\neurokit2\TACHY\SYN_TACHY_01133.png,TACHY,TACHY,0.999,1
C:\Users\taimo\OneDrive\Documents 1\work\ecg-synthetic-research\data\rendered\neurokit2\TACHY\SYN_TACHY_03980.png,TACHY,TACHY,0.998,1
C:\Users\taimo\OneDrive\Documents 1\work\ecg-synthetic-research\data\rendered\neurokit2\TACHY\SYN_TACHY_03898.png,TACHY,TACHY,0.998,1
C:\Users\taimo\OneDrive\Documents 1\work\ecg-synthetic-research\data\rendered\neurokit2\TACHY\SYN_TACHY_03230.png,TACHY,TACHY,0.9907,1
C:\Users\taimo\OneDrive\Documents 1\work\ecg-synthetic-research\data\rendered\neurokit2\TACHY\SYN_TACHY_02045.png,TACHY,TACHY,0.9966,1
C:\Users\taimo\OneDrive\Documents 1\work\ecg-synthetic-research\data\rendered\neurokit2\TACHY\SYN_TACHY_03529.png,TACHY,TACHY,0.998,1
C:\Users\taimo\OneDrive\Documents 1\work\ecg-synthetic-research\data\rendered\neurokit2\TACHY\SYN_TACHY_00188.png,TACHY,TACHY,0.9985,1
C:\Users\taimo\OneDrive\Documents 1\work\ecg-synthetic-research\data\rendered\neurokit2\TACHY\SYN_TACHY_03095.png,TACHY,TACHY,0.9985,1
C:\Users\taimo\OneDrive\Documents 1\work\ecg-synthetic-research\data\rendered\neurokit2\TACHY\SYN_TACHY_00227.png,TACHY,TACHY,0.998,1
C:\Users\taimo\OneDrive\Documents 1\work\ecg-synthetic-research\data\rendered\neurokit2\TACHY\SYN_TACHY_03216.png,TACHY,TACHY,0.9995,1
C:\Users\taimo\OneDrive\Documents 1\work\ecg-synthetic-research\data\rendered\neurokit2\TACHY\SYN_TACHY_02375.png,TACHY,TACHY,0.9956,1
C:\Users\taimo\OneDrive\Documents 1\work\ecg-synthetic-research\data\rendered\neurokit2\TACHY\SYN_TACHY_01038.png,TACHY,TACHY,0.997,1
C:\Users\taimo\OneDrive\Documents 1\work\ecg-synthetic-research\data\rendered\neurokit2\TACHY\SYN_TACHY_00314.png,TACHY,TACHY,0.995,1
C:\Users\taimo\OneDrive\Documents 1\work\ecg-synthetic-research\data\rendered\neurokit2\TACHY\SYN_TACHY_00932.png,TACHY,TACHY,0.9995,1
C:\Users\taimo\OneDrive\Documents 1\work\ecg-synthetic-research\data\rendered\neurokit2\TACHY\SYN_TACHY_02705.png,TACHY,TACHY,0.999,1
C:\Users\taimo\OneDrive\Documents 1\work\ecg-synthetic-research\data\rendered\neurokit2\TACHY\SYN_TACHY_03945.png,TACHY,TACHY,0.9966,1
C:\Users\taimo\OneDrive\Documents 1\work\ecg-synthetic-research\data\rendered\neurokit2\TACHY\SYN_TACHY_03733.png,TACHY,TACHY,0.9976,1
C:\Users\taimo\OneDrive\Documents 1\work\ecg-synthetic-research\data\rendered\neurokit2\TACHY\SYN_TACHY_03704.png,TACHY,TACHY,0.9985,1
C:\Users\taimo\OneDrive\Documents 1\work\ecg-synthetic-research\data\rendered\neurokit2\TACHY\SYN_TACHY_01152.png,TACHY,TACHY,0.997,1
C:\Users\taimo\OneDrive\Documents 1\work\ecg-synthetic-research\data\rendered\neurokit2\TACHY\SYN_TACHY_00023.png,TACHY,TACHY,0.9976,1
C:\Users\taimo\OneDrive\Documents 1\work\ecg-synthetic-research\data\rendered\neurokit2\TACHY\SYN_TACHY_00696.png,TACHY,TACHY,0.997,1
C:\Users\taimo\OneDrive\Documents 1\work\ecg-synthetic-research\data\rendered\neurokit2\TACHY\SYN_TACHY_01068.png,TACHY,TACHY,0.9995,1
C:\Users\taimo\OneDrive\Documents 1\work\ecg-synthetic-research\data\rendered\neurokit2\TACHY\SYN_TACHY_01314.png,TACHY,TACHY,0.998,1
C:\Users\taimo\OneDrive\Documents 1\work\ecg-synthetic-research\data\rendered\neurokit2\TACHY\SYN_TACHY_00860.png,TACHY,TACHY,0.9937,1
C:\Users\taimo\OneDrive\Documents 1\work\ecg-synthetic-research\data\rendered\neurokit2\TACHY\SYN_TACHY_01420.png,TACHY,TACHY,0.995,1
C:\Users\taimo\OneDrive\Documents 1\work\ecg-synthetic-research\data\rendered\neurokit2\TACHY\SYN_TACHY_03372.png,TACHY,TACHY,0.9966,1
C:\Users\taimo\OneDrive\Documents 1\work\ecg-synthetic-research\data\rendered\neurokit2\TACHY\SYN_TACHY_01413.png,TACHY,TACHY,0.9976,1
C:\Users\taimo\OneDrive\Documents 1\work\ecg-synthetic-research\data\rendered\neurokit2\TACHY\SYN_TACHY_02252.png,TACHY,TACHY,0.996,1
C:\Users\taimo\OneDrive\Documents 1\work\ecg-synthetic-research\data\rendered\neurokit2\TACHY\SYN_TACHY_02247.png,TACHY,TACHY,0.9927,1
C:\Users\taimo\OneDrive\Documents 1\work\ecg-synthetic-research\data\rendered\neurokit2\TACHY\SYN_TACHY_00686.png,TACHY,TACHY,0.9756,1
C:\Users\taimo\OneDrive\Documents 1\work\ecg-synthetic-research\data\rendered\neurokit2\TACHY\SYN_TACHY_02190.png,TACHY,TACHY,0.999,1
C:\Users\taimo\OneDrive\Documents 1\work\ecg-synthetic-research\data\rendered\neurokit2\TACHY\SYN_TACHY_01393.png,TACHY,TACHY,0.999,1
C:\Users\taimo\OneDrive\Documents 1\work\ecg-synthetic-research\data\rendered\neurokit2\TACHY\SYN_TACHY_00522.png,TACHY,TACHY,0.997,1
C:\Users\taimo\OneDrive\Documents 1\work\ecg-synthetic-research\data\rendered\neurokit2\TACHY\SYN_TACHY_00351.png,TACHY,TACHY,0.9976,1
C:\Users\taimo\OneDrive\Documents 1\work\ecg-synthetic-research\data\rendered\neurokit2\TACHY\SYN_TACHY_01962.png,TACHY,TACHY,0.9956,1
C:\Users\taimo\OneDrive\Documents 1\work\ecg-synthetic-research\data\rendered\neurokit2\TACHY\SYN_TACHY_03701.png,TACHY,TACHY,0.9985,1
C:\Users\taimo\OneDrive\Documents 1\work\ecg-synthetic-research\data\rendered\neurokit2\TACHY\SYN_TACHY_02329.png,TACHY,TACHY,0.9976,1
C:\Users\taimo\OneDrive\Documents 1\work\ecg-synthetic-research\data\rendered\neurokit2\TACHY\SYN_TACHY_00946.png,TACHY,TACHY,0.9985,1
C:\Users\taimo\OneDrive\Documents 1\work\ecg-synthetic-research\data\rendered\neurokit2\TACHY\SYN_TACHY_01658.png,TACHY,TACHY,0.9873,1
C:\Users\taimo\OneDrive\Documents 1\work\ecg-synthetic-research\data\rendered\neurokit2\TACHY\SYN_TACHY_00368.png,TACHY,TACHY,0.998,1
C:\Users\taimo\OneDrive\Documents 1\work\ecg-synthetic-research\data\rendered\neurokit2\TACHY\SYN_TACHY_03126.png,TACHY,TACHY,0.999,1
C:\Users\taimo\OneDrive\Documents 1\work\ecg-synthetic-research\data\rendered\neurokit2\TACHY\SYN_TACHY_03579.png,TACHY,TACHY,0.999,1
C:\Users\taimo\OneDrive\Documents 1\work\ecg-synthetic-research\data\rendered\neurokit2\TACHY\SYN_TACHY_01513.png,TACHY,TACHY,0.998,1
C:\Users\taimo\OneDrive\Documents 1\work\ecg-synthetic-research\data\rendered\neurokit2\TACHY\SYN_TACHY_01367.png,TACHY,TACHY,0.9966,1
C:\Users\taimo\OneDrive\Documents 1\work\ecg-synthetic-research\data\rendered\neurokit2\TACHY\SYN_TACHY_03440.png,TACHY,TACHY,0.9775,1
C:\Users\taimo\OneDrive\Documents 1\work\ecg-synthetic-research\data\rendered\neurokit2\TACHY\SYN_TACHY_03678.png,TACHY,TACHY,0.9946,1
C:\Users\taimo\OneDrive\Documents 1\work\ecg-synthetic-research\data\rendered\neurokit2\TACHY\SYN_TACHY_00087.png,TACHY,TACHY,0.996,1
C:\Users\taimo\OneDrive\Documents 1\work\ecg-synthetic-research\data\rendered\neurokit2\TACHY\SYN_TACHY_02365.png,TACHY,TACHY,0.999,1
C:\Users\taimo\OneDrive\Documents 1\work\ecg-synthetic-research\data\rendered\neurokit2\TACHY\SYN_TACHY_00079.png,TACHY,TACHY,0.9893,1
C:\Users\taimo\OneDrive\Documents 1\work\ecg-synthetic-research\data\rendered\neurokit2\TACHY\SYN_TACHY_01617.png,TACHY,TACHY,0.998,1
C:\Users\taimo\OneDrive\Documents 1\work\ecg-synthetic-research\data\rendered\neurokit2\TACHY\SYN_TACHY_01984.png,TACHY,TACHY,0.992,1
C:\Users\taimo\OneDrive\Documents 1\work\ecg-synthetic-research\data\rendered\neurokit2\TACHY\SYN_TACHY_02005.png,TACHY,TACHY,0.9976,1
C:\Users\taimo\OneDrive\Documents 1\work\ecg-synthetic-research\data\rendered\neurokit2\TACHY\SYN_TACHY_02427.png,TACHY,TACHY,0.9937,1
C:\Users\taimo\OneDrive\Documents 1\work\ecg-synthetic-research\data\rendered\neurokit2\TACHY\SYN_TACHY_01144.png,TACHY,TACHY,0.997,1
C:\Users\taimo\OneDrive\Documents 1\work\ecg-synthetic-research\data\rendered\neurokit2\TACHY\SYN_TACHY_02952.png,TACHY,TACHY,0.9937,1
C:\Users\taimo\OneDrive\Documents 1\work\ecg-synthetic-research\data\rendered\neurokit2\TACHY\SYN_TACHY_02475.png,TACHY,TACHY,0.9976,1
C:\Users\taimo\OneDrive\Documents 1\work\ecg-synthetic-research\data\rendered\neurokit2\TACHY\SYN_TACHY_03046.png,TACHY,TACHY,0.99,1
C:\Users\taimo\OneDrive\Documents 1\work\ecg-synthetic-research\data\rendered\neurokit2\TACHY\SYN_TACHY_03829.png,TACHY,TACHY,0.999,1
C:\Users\taimo\OneDrive\Documents 1\work\ecg-synthetic-research\data\rendered\neurokit2\TACHY\SYN_TACHY_01814.png,TACHY,TACHY,0.9985,1
C:\Users\taimo\OneDrive\Documents 1\work\ecg-synthetic-research\data\rendered\neurokit2\TACHY\SYN_TACHY_01500.png,TACHY,TACHY,0.9985,1
C:\Users\taimo\OneDrive\Documents 1\work\ecg-synthetic-research\data\rendered\neurokit2\TACHY\SYN_TACHY_01237.png,TACHY,TACHY,0.9966,1
C:\Users\taimo\OneDrive\Documents 1\work\ecg-synthetic-research\data\rendered\neurokit2\TACHY\SYN_TACHY_01037.png,TACHY,TACHY,0.9917,1
C:\Users\taimo\OneDrive\Documents 1\work\ecg-synthetic-research\data\rendered\neurokit2\TACHY\SYN_TACHY_02816.png,TACHY,TACHY,0.9985,1
C:\Users\taimo\OneDrive\Documents 1\work\ecg-synthetic-research\data\rendered\neurokit2\TACHY\SYN_TACHY_02668.png,TACHY,TACHY,0.983,1
C:\Users\taimo\OneDrive\Documents 1\work\ecg-synthetic-research\data\rendered\neurokit2\TACHY\SYN_TACHY_02997.png,TACHY,TACHY,0.999,1
C:\Users\taimo\OneDrive\Documents 1\work\ecg-synthetic-research\data\rendered\neurokit2\TACHY\SYN_TACHY_00519.png,TACHY,TACHY,0.996,1
C:\Users\taimo\OneDrive\Documents 1\work\ecg-synthetic-research\data\rendered\neurokit2\TACHY\SYN_TACHY_02744.png,TACHY,TACHY,0.996,1
C:\Users\taimo\OneDrive\Documents 1\work\ecg-synthetic-research\data\rendered\neurokit2\TACHY\SYN_TACHY_03755.png,TACHY,TACHY,0.998,1
C:\Users\taimo\OneDrive\Documents 1\work\ecg-synthetic-research\data\rendered\neurokit2\TACHY\SYN_TACHY_01383.png,TACHY,TACHY,0.9863,1
C:\Users\taimo\OneDrive\Documents 1\work\ecg-synthetic-research\data\rendered\neurokit2\TACHY\SYN_TACHY_03690.png,TACHY,TACHY,0.9985,1
C:\Users\taimo\OneDrive\Documents 1\work\ecg-synthetic-research\data\rendered\neurokit2\TACHY\SYN_TACHY_02921.png,TACHY,TACHY,0.9985,1
C:\Users\taimo\OneDrive\Documents 1\work\ecg-synthetic-research\data\rendered\neurokit2\TACHY\SYN_TACHY_01353.png,TACHY,TACHY,0.999,1
C:\Users\taimo\OneDrive\Documents 1\work\ecg-synthetic-research\data\rendered\neurokit2\TACHY\SYN_TACHY_00983.png,TACHY,TACHY,0.999,1
C:\Users\taimo\OneDrive\Documents 1\work\ecg-synthetic-research\data\rendered\neurokit2\TACHY\SYN_TACHY_02821.png,TACHY,TACHY,0.997,1
C:\Users\taimo\OneDrive\Documents 1\work\ecg-synthetic-research\data\rendered\neurokit2\TACHY\SYN_TACHY_03340.png,TACHY,TACHY,0.997,1
C:\Users\taimo\OneDrive\Documents 1\work\ecg-synthetic-research\data\rendered\neurokit2\TACHY\SYN_TACHY_00663.png,TACHY,TACHY,0.999,1
C:\Users\taimo\OneDrive\Documents 1\work\ecg-synthetic-research\data\rendered\neurokit2\TACHY\SYN_TACHY_01790.png,TACHY,TACHY,0.9985,1
C:\Users\taimo\OneDrive\Documents 1\work\ecg-synthetic-research\data\rendered\neurokit2\TACHY\SYN_TACHY_03576.png,TACHY,TACHY,0.999,1
C:\Users\taimo\OneDrive\Documents 1\work\ecg-synthetic-research\data\rendered\neurokit2\TACHY\SYN_TACHY_03547.png,TACHY,TACHY,0.995,1
C:\Users\taimo\OneDrive\Documents 1\work\ecg-synthetic-research\data\rendered\neurokit2\TACHY\SYN_TACHY_02671.png,TACHY,TACHY,0.9976,1
C:\Users\taimo\OneDrive\Documents 1\work\ecg-synthetic-research\data\rendered\neurokit2\TACHY\SYN_TACHY_02150.png,TACHY,TACHY,0.997,1
C:\Users\taimo\OneDrive\Documents 1\work\ecg-synthetic-research\data\rendered\neurokit2\TACHY\SYN_TACHY_02822.png,TACHY,TACHY,0.999,1
C:\Users\taimo\OneDrive\Documents 1\work\ecg-synthetic-research\data\rendered\neurokit2\TACHY\SYN_TACHY_01612.png,TACHY,TACHY,0.997,1
C:\Users\taimo\OneDrive\Documents 1\work\ecg-synthetic-research\data\rendered\neurokit2\TACHY\SYN_TACHY_01134.png,TACHY,TACHY,0.998,1
