filepath,true_label,pred_label,confidence,correct
C:\Users\taimo\OneDrive\Documents 1\work\ecg-synthetic-research\data\rendered\ptbxl\NORM\00014.png,NORM,NORM,0.82,1
C:\Users\taimo\OneDrive\Documents 1\work\ecg-synthetic-research\data\rendered\ptbxl\NORM\00027.png,NORM,NORM,0.796,1
C:\Users\taimo\OneDrive\Documents 1\work\ecg-synthetic-research\data\rendered\ptbxl\NORM\00051.png,NORM,NORM,0.735,1
C:\Users\taimo\OneDrive\Documents 1\work\ecg-synthetic-research\data\rendered\ptbxl\NORM\00098.png,NORM,NORM,0.8286,1
C:\Users\taimo\OneDrive\Documents 1\work\ecg-synthetic-research\data\rendered\ptbxl\NORM\00122.png,NORM,NORM,0.7197,1
C:\Users\taimo\OneDrive\Documents 1\work\ecg-synthetic-research\data\rendered\ptbxl\NORM\00132.png,NORM,NORM,0.818,1
C:\Users\taimo\OneDrive\Documents 1\work\ecg-synthetic-research\data\rendered\ptbxl\NORM\00159.png,NORM,NORM,0.667,1
C:\Users\taimo\OneDrive\Documents 1\work\ecg-synthetic-research\data\rendered\ptbxl\NORM\00193.png,NORM,NORM,0.7793,1
C:\Users\taimo\OneDrive\Documents 1\work\ecg-synthetic-research\data\rendered\ptbxl\NORM\00235.png,NORM,NORM,0.529,1
C:\Users\taimo\OneDrive\Documents 1\work\ecg-synthetic-research\data\rendered\ptbxl\NORM\00275.png,NORM,NORM,0.7695,1
C:\Users\taimo\OneDrive\Documents 1\work\ecg-synthetic-research\data\rendered\ptbxl\NORM\00360.png,NORM,NORM,0.7847,1
C:\Users\taimo\OneDrive\Documents 1\work\ecg-synthetic-research\data\rendered\ptbxl\NORM\00367.png,NORM,NORM,0.7334,1
C:\Users\taimo\OneDrive\Documents 1\work\ecg-synthetic-research\data\rendered\ptbxl\NORM\00372.png,NORM,NORM,0.4443,1
C:\Users\taimo\OneDrive\Documents 1\work\ecg-synthetic-research\data\rendered\ptbxl\NORM\00373.png,NORM,NORM,0.806,1
C:\Users\taimo\OneDrive\Documents 1\work\ecg-synthetic-research\data\rendered\ptbxl\NORM\00393.png,NORM,NORM,0.8296,1
C:\Users\taimo\OneDrive\Documents 1\work\ecg-synthetic-research\data\rendered\ptbxl\NORM\00417.png,NORM,NORM,0.743,1
C:\Users\taimo\OneDrive\Documents 1\work\ecg-synthetic-research\data\rendered\ptbxl\NORM\00441.png,NORM,NORM,0.6846,1
C:\Users\taimo\OneDrive\Documents 1\work\ecg-synthetic-research\data\rendered\ptbxl\NORM\00490.png,NORM,NORM,0.8335,1
C:\Users\taimo\OneDrive\Documents 1\work\ecg-synthetic-research\data\rendered\ptbxl\NORM\00504.png,NORM,NORM,0.8926,1
C:\Users\taimo\OneDrive\Documents 1\work\ecg-synthetic-research\data\rendered\ptbxl\NORM\00552.png,NORM,MI,0.5234,0
C:\Users\taimo\OneDrive\Documents 1\work\ecg-synthetic-research\data\rendered\ptbxl\NORM\00578.png,NORM,NORM,0.828,1
C:\Users\taimo\OneDrive\Documents 1\work\ecg-synthetic-research\data\rendered\ptbxl\NORM\00583.png,NORM,NORM,0.5835,1
C:\Users\taimo\OneDrive\Documents 1\work\ecg-synthetic-research\data\rendered\ptbxl\NORM\00654.png,NORM,NORM,0.8887,1
C:\Users\taimo\OneDrive\Documents 1\work\ecg-synthetic-research\data\rendered\ptbxl\NORM\00655.png,NORM,NORM,0.8076,1
C:\Users\taimo\OneDrive\Documents 1\work\ecg-synthetic-research\data\rendered\ptbxl\NORM\00867.png,NORM,NORM,0.7163,1
C:\Users\taimo\OneDrive\Documents 1\work\ecg-synthetic-research\data\rendered\ptbxl\NORM\00895.png,NORM,NORM,0.729,1
C:\Users\taimo\OneDrive\Documents 1\work\ecg-synthetic-research\data\rendered\ptbxl\NORM\00904.png,NORM,NORM,0.8057,1
C:\Users\taimo\OneDrive\Documents 1\work\ecg-synthetic-research\data\rendered\ptbxl\NORM\00951.png,NORM,NORM,0.8184,1
C:\Users\taimo\OneDrive\Documents 1\work\ecg-synthetic-research\data\rendered\ptbxl\NORM\00983.png,NORM,NORM,0.7783,1
C:\Users\taimo\OneDrive\Documents 1\work\ecg-synthetic-research\data\rendered\ptbxl\NORM\00988.png,NORM,NORM,0.8213,1
C:\Users\taimo\OneDrive\Documents 1\work\ecg-synthetic-research\data\rendered\ptbxl\NORM\01092.png,NORM,NORM,0.844,1
C:\Users\taimo\OneDrive\Documents 1\work\ecg-synthetic-research\data\rendered\ptbxl\NORM\01131.png,NORM,NORM,0.831,1
C:\Users\taimo\OneDrive\Documents 1\work\ecg-synthetic-research\data\rendered\ptbxl\NORM\01139.png,NORM,NORM,0.8564,1
C:\Users\taimo\OneDrive\Documents 1\work\ecg-synthetic-research\data\rendered\ptbxl\NORM\01145.png,NORM,NORM,0.7783,1
C:\Users\taimo\OneDrive\Documents 1\work\ecg-synthetic-research\data\rendered\ptbxl\NORM\01149.png,NORM,NORM,0.814,1
C:\Users\taimo\OneDrive\Documents 1\work\ecg-synthetic-research\data\rendered\ptbxl\NORM\01169.png,NORM,NORM,0.6304,1
C:\Users\taimo\OneDrive\Documents 1\work\ecg-synthetic-research\data\rendered\ptbxl\NORM\01172.png,NORM,NORM,0.61,1
C:\Users\taimo\OneDrive\Documents 1\work\ecg-synthetic-research\data\rendered\ptbxl\NORM\01212.png,NORM,NORM,0.824,1
C:\Users\taimo\OneDrive\Documents 1\work\ecg-synthetic-research\data\rendered\ptbxl\NORM\01246.png,NORM,NORM,0.77,1
C:\Users\taimo\OneDrive\Documents 1\work\ecg-synthetic-research\data\rendered\ptbxl\NORM\01259.png,NORM,NORM,0.8345,1
C:\Users\taimo\OneDrive\Documents 1\work\ecg-synthetic-research\data\rendered\ptbxl\NORM\01267.png,NORM,NORM,0.801,1
C:\Users\taimo\OneDrive\Documents 1\work\ecg-synthetic-research\data\rendered\ptbxl\NORM\01283.png,NORM,NORM,0.8223,1
C:\Users\taimo\OneDrive\Documents 1\work\ecg-synthetic-research\data\rendered\ptbxl\NORM\01300.png,NORM,NORM,0.866,1
C:\Users\taimo\OneDrive\Documents 1\work\ecg-synthetic-research\data\rendered\ptbxl\NORM\01353.png,NORM,NORM,0.6665,1
C:\Users\taimo\OneDrive\Documents 1\work\ecg-synthetic-research\data\rendered\ptbxl\NORM\01414.png,NORM,NORM,0.8066,1
C:\Users\taimo\OneDrive\Documents 1\work\ecg-synthetic-research\data\rendered\ptbxl\NORM\01459.png,NORM,NORM,0.7734,1
C:\Users\taimo\OneDrive\Documents 1\work\ecg-synthetic-research\data\rendered\ptbxl\NORM\01468.png,NORM,NORM,0.778,1
C:\Users\taimo\OneDrive\Documents 1\work\ecg-synthetic-research\data\rendered\ptbxl\NORM\01630.png,NORM,NORM,0.7505,1
C:\Users\taimo\OneDrive\Documents 1\work\ecg-synthetic-research\data\rendered\ptbxl\NORM\01648.png,NORM,NORM,0.7246,1
C:\Users\taimo\OneDrive\Documents 1\work\ecg-synthetic-research\data\rendered\ptbxl\NORM\01656.png,NORM,NORM,0.776,1
C:\Users\taimo\OneDrive\Documents 1\work\ecg-synthetic-research\data\rendered\ptbxl\NORM\01677.png,NORM,NORM,0.8853,1
C:\Users\taimo\OneDrive\Documents 1\work\ecg-synthetic-research\data\rendered\ptbxl\NORM\01697.png,NORM,NORM,0.884,1
C:\Users\taimo\OneDrive\Documents 1\work\ecg-synthetic-research\data\rendered\ptbxl\NORM\01813.png,NORM,TACHY,0.7207,0
C:\Users\taimo\OneDrive\Documents 1\work\ecg-synthetic-research\data\rendered\ptbxl\NORM\01830.png,NORM,NORM,0.6304,1
C:\Users\taimo\OneDrive\Documents 1\work\ecg-synthetic-research\data\rendered\ptbxl\NORM\01865.png,NORM,NORM,0.7456,1
C:\Users\taimo\OneDrive\Documents 1\work\ecg-synthetic-research\data\rendered\ptbxl\NORM\01871.png,NORM,NORM,0.8364,1
C:\Users\taimo\OneDrive\Documents 1\work\ecg-synthetic-research\data\rendered\ptbxl\NORM\01922.png,NORM,NORM,0.7007,1
C:\Users\taimo\OneDrive\Documents 1\work\ecg-synthetic-research\data\rendered\ptbxl\NORM\01953.png,NORM,NORM,0.8203,1
C:\Users\taimo\OneDrive\Documents 1\work\ecg-synthetic-research\data\rendered\ptbxl\NORM\01959.png,NORM,NORM,0.671,1
C:\Users\taimo\OneDrive\Documents 1\work\ecg-synthetic-research\data\rendered\ptbxl\NORM\02040.png,NORM,NORM,0.8643,1
C:\Users\taimo\OneDrive\Documents 1\work\ecg-synthetic-research\data\rendered\ptbxl\NORM\02061.png,NORM,NORM,0.7314,1
C:\Users\taimo\OneDrive\Documents 1\work\ecg-synthetic-research\data\rendered\ptbxl\NORM\02065.png,NORM,NORM,0.8125,1
C:\Users\taimo\OneDrive\Documents 1\work\ecg-synthetic-research\data\rendered\ptbxl\NORM\02085.png,NORM,NORM,0.5674,1
C:\Users\taimo\OneDrive\Documents 1\work\ecg-synthetic-research\data\rendered\ptbxl\NORM\02100.png,NORM,NORM,0.6846,1
C:\Users\taimo\OneDrive\Documents 1\work\ecg-synthetic-research\data\rendered\ptbxl\NORM\02126.png,NORM,NORM,0.87,1
C:\Users\taimo\OneDrive\Documents 1\work\ecg-synthetic-research\data\rendered\ptbxl\NORM\02141.png,NORM,NORM,0.7954,1
C:\Users\taimo\OneDrive\Documents 1\work\ecg-synthetic-research\data\rendered\ptbxl\NORM\02248.png,NORM,NORM,0.857,1
C:\Users\taimo\OneDrive\Documents 1\work\ecg-synthetic-research\data\rendered\ptbxl\NORM\02316.png,NORM,NORM,0.837,1
C:\Users\taimo\OneDrive\Documents 1\work\ecg-synthetic-research\data\rendered\ptbxl\NORM\02339.png,NORM,NORM,0.8315,1
C:\Users\taimo\OneDrive\Documents 1\work\ecg-synthetic-research\data\rendered\ptbxl\NORM\02379.png,NORM,NORM,0.8413,1
C:\Users\taimo\OneDrive\Documents 1\work\ecg-synthetic-research\data\rendered\ptbxl\NORM\02385.png,NORM,NORM,0.6255,1
C:\Users\taimo\OneDrive\Documents 1\work\ecg-synthetic-research\data\rendered\ptbxl\NORM\02498.png,NORM,NORM,0.78,1
C:\Users\taimo\OneDrive\Documents 1\work\ecg-synthetic-research\data\rendered\ptbxl\NORM\02577.png,NORM,NORM,0.7134,1
C:\Users\taimo\OneDrive\Documents 1\work\ecg-synthetic-research\data\rendered\ptbxl\NORM\02593.png,NORM,NORM,0.78,1
C:\Users\taimo\OneDrive\Documents 1\work\ecg-synthetic-research\data\rendered\ptbxl\NORM\02661.png,NORM,NORM,0.828,1
C:\Users\taimo\OneDrive\Documents 1\work\ecg-synthetic-research\data\rendered\ptbxl\NORM\02670.png,NORM,NORM,0.643,1
C:\Users\taimo\OneDrive\Documents 1\work\ecg-synthetic-research\data\rendered\ptbxl\NORM\02765.png,NORM,NORM,0.7705,1
C:\Users\taimo\OneDrive\Documents 1\work\ecg-synthetic-research\data\rendered\ptbxl\NORM\02826.png,NORM,NORM,0.8154,1
C:\Users\taimo\OneDrive\Documents 1\work\ecg-synthetic-research\data\rendered\ptbxl\NORM\02875.png,NORM,NORM,0.8467,1
C:\Users\taimo\OneDrive\Documents 1\work\ecg-synthetic-research\data\rendered\ptbxl\NORM\02923.png,NORM,NORM,0.7173,1
C:\Users\taimo\OneDrive\Documents 1\work\ecg-synthetic-research\data\rendered\ptbxl\NORM\02942.png,NORM,NORM,0.744,1
C:\Users\taimo\OneDrive\Documents 1\work\ecg-synthetic-research\data\rendered\ptbxl\NORM\02977.png,NORM,NORM,0.848,1
C:\Users\taimo\OneDrive\Documents 1\work\ecg-synthetic-research\data\rendered\ptbxl\NORM\03005.png,NORM,NORM,0.797,1
C:\Users\taimo\OneDrive\Documents 1\work\ecg-synthetic-research\data\rendered\ptbxl\NORM\03032.png,NORM,NORM,0.851,1
C:\Users\taimo\OneDrive\Documents 1\work\ecg-synthetic-research\data\rendered\ptbxl\NORM\03067.png,NORM,NORM,0.8354,1
C:\Users\taimo\OneDrive\Documents 1\work\ecg-synthetic-research\data\rendered\ptbxl\NORM\03098.png,NORM,NORM,0.717,1
C:\Users\taimo\OneDrive\Documents 1\work\ecg-synthetic-research\data\rendered\ptbxl\NORM\03128.png,NORM,NORM,0.8784,1
C:\Users\taimo\OneDrive\Documents 1\work\ecg-synthetic-research\data\rendered\ptbxl\NORM\03146.png,NORM,NORM,0.794,1
C:\Users\taimo\OneDrive\Documents 1\work\ecg-synthetic-research\data\rendered\ptbxl\NORM\03157.png,NORM,NORM,0.8027,1
C:\Users\taimo\OneDrive\Documents 1\work\ecg-synthetic-research\data\rendered\ptbxl\NORM\03162.png,NORM,MI,0.4624,0
C:\Users\taimo\OneDrive\Documents 1\work\ecg-synthetic-research\data\rendered\ptbxl\NORM\03207.png,NORM,NORM,0.734,1
C:\Users\taimo\OneDrive\Documents 1\work\ecg-synthetic-research\data\rendered\ptbxl\NORM\03253.png,NORM,NORM,0.5127,1
C:\Users\taimo\OneDrive\Documents 1\work\ecg-synthetic-research\data\rendered\ptbxl\NORM\03261.png,NORM,NORM,0.802,1
C:\Users\taimo\OneDrive\Documents 1\work\ecg-synthetic-research\data\rendered\ptbxl\NORM\03301.png,NORM,NORM,0.619,1
C:\Users\taimo\OneDrive\Documents 1\work\ecg-synthetic-research\data\rendered\ptbxl\NORM\03367.png,NORM,NORM,0.7188,1
C:\Users\taimo\OneDrive\Documents 1\work\ecg-synthetic-research\data\rendered\ptbxl\NORM\03390.png,NORM,NORM,0.516,1
C:\Users\taimo\OneDrive\Documents 1\work\ecg-synthetic-research\data\rendered\ptbxl\NORM\03429.png,NORM,NORM,0.8027,1
C:\Users\taimo\OneDrive\Documents 1\work\ecg-synthetic-research\data\rendered\ptbxl\NORM\03513.png,NORM,NORM,0.829,1
C:\Users\taimo\OneDrive\Documents 1\work\ecg-synthetic-research\data\rendered\ptbxl\NORM\03521.png,NORM,NORM,0.9077,1
C:\Users\taimo\OneDrive\Documents 1\work\ecg-synthetic-research\data\rendered\ptbxl\NORM\03543.png,NORM,NORM,0.8545,1
C:\Users\taimo\OneDrive\Documents 1\work\ecg-synthetic-research\data\rendered\ptbxl\NORM\03573.png,NORM,NORM,0.707,1
C:\Users\taimo\OneDrive\Documents 1\work\ecg-synthetic-research\data\rendered\ptbxl\NORM\03592.png,NORM,NORM,0.7163,1
C:\Users\taimo\OneDrive\Documents 1\work\ecg-synthetic-research\data\rendered\ptbxl\NORM\03623.png,NORM,NORM,0.8423,1
C:\Users\taimo\OneDrive\Documents 1\work\ecg-synthetic-research\data\rendered\ptbxl\NORM\03738.png,NORM,NORM,0.8804,1
C:\Users\taimo\OneDrive\Documents 1\work\ecg-synthetic-research\data\rendered\ptbxl\NORM\03761.png,NORM,NORM,0.82,1
C:\Users\taimo\OneDrive\Documents 1\work\ecg-synthetic-research\data\rendered\ptbxl\NORM\03766.png,NORM,NORM,0.7695,1
C:\Users\taimo\OneDrive\Documents 1\work\ecg-synthetic-research\data\rendered\ptbxl\NORM\03767.png,NORM,AFIB,0.612,0
C:\Users\taimo\OneDrive\Documents 1\work\ecg-synthetic-research\data\rendered\ptbxl\NORM\03874.png,NORM,NORM,0.751,1
C:\Users\taimo\OneDrive\Documents 1\work\ecg-synthetic-research\data\rendered\ptbxl\NORM\03903.png,NORM,NORM,0.7593,1
C:\Users\taimo\OneDrive\Documents 1\work\ecg-synthetic-research\data\rendered\ptbxl\NORM\03907.png,NORM,NORM,0.853,1
C:\Users\taimo\OneDrive\Documents 1\work\ecg-synthetic-research\data\rendered\ptbxl\NORM\03970.png,NORM,NORM,0.8496,1
C:\Users\taimo\OneDrive\Documents 1\work\ecg-synthetic-research\data\rendered\ptbxl\NORM\03981.png,NORM,NORM,0.82,1
C:\Users\taimo\OneDrive\Documents 1\work\ecg-synthetic-research\data\rendered\ptbxl\NORM\03985.png,NORM,NORM,0.664,1
C:\Users\taimo\OneDrive\Documents 1\work\ecg-synthetic-research\data\rendered\ptbxl\NORM\04006.png,NORM,NORM,0.696,1
C:\Users\taimo\OneDrive\Documents 1\work\ecg-synthetic-research\data\rendered\ptbxl\NORM\04067.png,NORM,NORM,0.7485,1
C:\Users\taimo\OneDrive\Documents 1\work\ecg-synthetic-research\data\rendered\ptbxl\NORM\04083.png,NORM,NORM,0.707,1
C:\Users\taimo\OneDrive\Documents 1\work\ecg-synthetic-research\data\rendered\ptbxl\NORM\04142.png,NORM,NORM,0.55,1
C:\Users\taimo\OneDrive\Documents 1\work\ecg-synthetic-research\data\rendered\ptbxl\NORM\04204.png,NORM,NORM,0.855,1
C:\Users\taimo\OneDrive\Documents 1\work\ecg-synthetic-research\data\rendered\ptbxl\NORM\04245.png,NORM,NORM,0.753,1
C:\Users\taimo\OneDrive\Documents 1\work\ecg-synthetic-research\data\rendered\ptbxl\NORM\04428.png,NORM,NORM,0.874,1
C:\Users\taimo\OneDrive\Documents 1\work\ecg-synthetic-research\data\rendered\ptbxl\NORM\04462.png,NORM,NORM,0.791,1
C:\Users\taimo\OneDrive\Documents 1\work\ecg-synthetic-research\data\rendered\ptbxl\NORM\04481.png,NORM,NORM,0.8745,1
C:\Users\taimo\OneDrive\Documents 1\work\ecg-synthetic-research\data\rendered\ptbxl\NORM\04491.png,NORM,NORM,0.781,1
C:\Users\taimo\OneDrive\Documents 1\work\ecg-synthetic-research\data\rendered\ptbxl\NORM\04585.png,NORM,NORM,0.7344,1
C:\Users\taimo\OneDrive\Documents 1\work\ecg-synthetic-research\data\rendered\ptbxl\NORM\04623.png,NORM,NORM,0.801,1
C:\Users\taimo\OneDrive\Documents 1\work\ecg-synthetic-research\data\rendered\ptbxl\NORM\04811.png,NORM,NORM,0.7637,1
C:\Users\taimo\OneDrive\Documents 1\work\ecg-synthetic-research\data\rendered\ptbxl\NORM\04844.png,NORM,AFIB,0.592,0
C:\Users\taimo\OneDrive\Documents 1\work\ecg-synthetic-research\data\rendered\ptbxl\NORM\04855.png,NORM,AFIB,0.4463,0
C:\Users\taimo\OneDrive\Documents 1\work\ecg-synthetic-research\data\rendered\ptbxl\NORM\04884.png,NORM,NORM,0.81,1
C:\Users\taimo\OneDrive\Documents 1\work\ecg-synthetic-research\data\rendered\ptbxl\NORM\05039.png,NORM,NORM,0.7153,1
C:\Users\taimo\OneDrive\Documents 1\work\ecg-synthetic-research\data\rendered\ptbxl\NORM\05099.png,NORM,NORM,0.7026,1
C:\Users\taimo\OneDrive\Documents 1\work\ecg-synthetic-research\data\rendered\ptbxl\NORM\05104.png,NORM,NORM,0.8813,1
C:\Users\taimo\OneDrive\Documents 1\work\ecg-synthetic-research\data\rendered\ptbxl\NORM\05151.png,NORM,NORM,0.8125,1
C:\Users\taimo\OneDrive\Documents 1\work\ecg-synthetic-research\data\rendered\ptbxl\NORM\05152.png,NORM,TACHY,0.446,0
C:\Users\taimo\OneDrive\Documents 1\work\ecg-synthetic-research\data\rendered\ptbxl\NORM\05215.png,NORM,NORM,0.907,1
C:\Users\taimo\OneDrive\Documents 1\work\ecg-synthetic-research\data\rendered\ptbxl\NORM\05370.png,NORM,NORM,0.775,1
C:\Users\taimo\OneDrive\Documents 1\work\ecg-synthetic-research\data\rendered\ptbxl\NORM\05400.png,NORM,NORM,0.69,1
C:\Users\taimo\OneDrive\Documents 1\work\ecg-synthetic-research\data\rendered\ptbxl\NORM\05448.png,NORM,NORM,0.799,1
C:\Users\taimo\OneDrive\Documents 1\work\ecg-synthetic-research\data\rendered\ptbxl\NORM\05514.png,NORM,NORM,0.7686,1
C:\Users\taimo\OneDrive\Documents 1\work\ecg-synthetic-research\data\rendered\ptbxl\NORM\05652.png,NORM,NORM,0.6523,1
C:\Users\taimo\OneDrive\Documents 1\work\ecg-synthetic-research\data\rendered\ptbxl\NORM\05733.png,NORM,NORM,0.867,1
C:\Users\taimo\OneDrive\Documents 1\work\ecg-synthetic-research\data\rendered\ptbxl\NORM\05743.png,NORM,NORM,0.6587,1
C:\Users\taimo\OneDrive\Documents 1\work\ecg-synthetic-research\data\rendered\ptbxl\NORM\05783.png,NORM,NORM,0.809,1
C:\Users\taimo\OneDrive\Documents 1\work\ecg-synthetic-research\data\rendered\ptbxl\NORM\05907.png,NORM,NORM,0.72,1
C:\Users\taimo\OneDrive\Documents 1\work\ecg-synthetic-research\data\rendered\ptbxl\NORM\05931.png,NORM,NORM,0.9106,1
C:\Users\taimo\OneDrive\Documents 1\work\ecg-synthetic-research\data\rendered\ptbxl\NORM\05979.png,NORM,AFIB,0.428,0
C:\Users\taimo\OneDrive\Documents 1\work\ecg-synthetic-research\data\rendered\ptbxl\NORM\06007.png,NORM,NORM,0.756,1
C:\Users\taimo\OneDrive\Documents 1\work\ecg-synthetic-research\data\rendered\ptbxl\NORM\06035.png,NORM,NORM,0.806,1
C:\Users\taimo\OneDrive\Documents 1\work\ecg-synthetic-research\data\rendered\ptbxl\NORM\06055.png,NORM,NORM,0.8696,1
C:\Users\taimo\OneDrive\Documents 1\work\ecg-synthetic-research\data\rendered\ptbxl\NORM\06077.png,NORM,NORM,0.718,1
C:\Users\taimo\OneDrive\Documents 1\work\ecg-synthetic-research\data\rendered\ptbxl\NORM\06125.png,NORM,NORM,0.5576,1
C:\Users\taimo\OneDrive\Documents 1\work\ecg-synthetic-research\data\rendered\ptbxl\NORM\06165.png,NORM,NORM,0.725,1
C:\Users\taimo\OneDrive\Documents 1\work\ecg-synthetic-research\data\rendered\ptbxl\NORM\06232.png,NORM,NORM,0.834,1
C:\Users\taimo\OneDrive\Documents 1\work\ecg-synthetic-research\data\rendered\ptbxl\NORM\06260.png,NORM,NORM,0.753,1
C:\Users\taimo\OneDrive\Documents 1\work\ecg-synthetic-research\data\rendered\ptbxl\NORM\06264.png,NORM,NORM,0.795,1
C:\Users\taimo\OneDrive\Documents 1\work\ecg-synthetic-research\data\rendered\ptbxl\NORM\06299.png,NORM,NORM,0.83,1
C:\Users\taimo\OneDrive\Documents 1\work\ecg-synthetic-research\data\rendered\ptbxl\NORM\06308.png,NORM,NORM,0.7163,1
C:\Users\taimo\OneDrive\Documents 1\work\ecg-synthetic-research\data\rendered\ptbxl\NORM\06381.png,NORM,NORM,0.908,1
C:\Users\taimo\OneDrive\Documents 1\work\ecg-synthetic-research\data\rendered\ptbxl\NORM\06385.png,NORM,NORM,0.617,1
C:\Users\taimo\OneDrive\Documents 1\work\ecg-synthetic-research\data\rendered\ptbxl\NORM\06413.png,NORM,NORM,0.8774,1
C:\Users\taimo\OneDrive\Documents 1\work\ecg-synthetic-research\data\rendered\ptbxl\NORM\06418.png,NORM,NORM,0.607,1
C:\Users\taimo\OneDrive\Documents 1\work\ecg-synthetic-research\data\rendered\ptbxl\NORM\06437.png,NORM,NORM,0.657,1
C:\Users\taimo\OneDrive\Documents 1\work\ecg-synthetic-research\data\rendered\ptbxl\NORM\06565.png,NORM,MI,0.74,0
C:\Users\taimo\OneDrive\Documents 1\work\ecg-synthetic-research\data\rendered\ptbxl\NORM\06567.png,NORM,NORM,0.6396,1
C:\Users\taimo\OneDrive\Documents 1\work\ecg-synthetic-research\data\rendered\ptbxl\NORM\06600.png,NORM,NORM,0.8193,1
C:\Users\taimo\OneDrive\Documents 1\work\ecg-synthetic-research\data\rendered\ptbxl\NORM\06646.png,NORM,NORM,0.814,1
C:\Users\taimo\OneDrive\Documents 1\work\ecg-synthetic-research\data\rendered\ptbxl\NORM\06658.png,NORM,NORM,0.8643,1
C:\Users\taimo\OneDrive\Documents 1\work\ecg-synthetic-research\data\rendered\ptbxl\NORM\06689.png,NORM,NORM,0.673,1
C:\Users\taimo\OneDrive\Documents 1\work\ecg-synthetic-research\data\rendered\ptbxl\NORM\06725.png,NORM,NORM,0.6626,1
C:\Users\taimo\OneDrive\Documents 1\work\ecg-synthetic-research\data\rendered\ptbxl\NORM\06740.png,NORM,NORM,0.716,1
C:\Users\taimo\OneDrive\Documents 1\work\ecg-synthetic-research\data\rendered\ptbxl\NORM\06914.png,NORM,NORM,0.8516,1
C:\Users\taimo\OneDrive\Documents 1\work\ecg-synthetic-research\data\rendered\ptbxl\NORM\06946.png,NORM,NORM,0.6577,1
C:\Users\taimo\OneDrive\Documents 1\work\ecg-synthetic-research\data\rendered\ptbxl\NORM\06998.png,NORM,NORM,0.6797,1
C:\Users\taimo\OneDrive\Documents 1\work\ecg-synthetic-research\data\rendered\ptbxl\NORM\07007.png,NORM,NORM,0.854,1
C:\Users\taimo\OneDrive\Documents 1\work\ecg-synthetic-research\data\rendered\ptbxl\NORM\07011.png,NORM,NORM,0.7236,1
C:\Users\taimo\OneDrive\Documents 1\work\ecg-synthetic-research\data\rendered\ptbxl\NORM\07026.png,NORM,NORM,0.784,1
C:\Users\taimo\OneDrive\Documents 1\work\ecg-synthetic-research\data\rendered\ptbxl\NORM\07034.png,NORM,NORM,0.85,1
C:\Users\taimo\OneDrive\Documents 1\work\ecg-synthetic-research\data\rendered\ptbxl\NORM\07077.png,NORM,NORM,0.531,1
C:\Users\taimo\OneDrive\Documents 1\work\ecg-synthetic-research\data\rendered\ptbxl\NORM\07096.png,NORM,NORM,0.797,1
C:\Users\taimo\OneDrive\Documents 1\work\ecg-synthetic-research\data\rendered\ptbxl\NORM\07108.png,NORM,NORM,0.822,1
C:\Users\taimo\OneDrive\Documents 1\work\ecg-synthetic-research\data\rendered\ptbxl\NORM\07231.png,NORM,NORM,0.7505,1
C:\Users\taimo\OneDrive\Documents 1\work\ecg-synthetic-research\data\rendered\ptbxl\NORM\07247.png,NORM,NORM,0.728,1
C:\Users\taimo\OneDrive\Documents 1\work\ecg-synthetic-research\data\rendered\ptbxl\NORM\07329.png,NORM,NORM,0.811,1
C:\Users\taimo\OneDrive\Documents 1\work\ecg-synthetic-research\data\rendered\ptbxl\NORM\07392.png,NORM,NORM,0.851,1
C:\Users\taimo\OneDrive\Documents 1\work\ecg-synthetic-research\data\rendered\ptbxl\NORM\07398.png,NORM,NORM,0.785,1
C:\Users\taimo\OneDrive\Documents 1\work\ecg-synthetic-research\data\rendered\ptbxl\NORM\07401.png,NORM,NORM,0.868,1
C:\Users\taimo\OneDrive\Documents 1\work\ecg-synthetic-research\data\rendered\ptbxl\NORM\07415.png,NORM,NORM,0.819,1
C:\Users\taimo\OneDrive\Documents 1\work\ecg-synthetic-research\data\rendered\ptbxl\NORM\07416.png,NORM,NORM,0.781,1
C:\Users\taimo\OneDrive\Documents 1\work\ecg-synthetic-research\data\rendered\ptbxl\NORM\07578.png,NORM,NORM,0.7217,1
C:\Users\taimo\OneDrive\Documents 1\work\ecg-synthetic-research\data\rendered\ptbxl\NORM\07585.png,NORM,TACHY,0.485,0
C:\Users\taimo\OneDrive\Documents 1\work\ecg-synthetic-research\data\rendered\ptbxl\NORM\07586.png,NORM,MI,0.771,0
C:\Users\taimo\OneDrive\Documents 1\work\ecg-synthetic-research\data\rendered\ptbxl\NORM\07616.png,NORM,NORM,0.6646,1
C:\Users\taimo\OneDrive\Documents 1\work\ecg-synthetic-research\data\rendered\ptbxl\NORM\07788.png,NORM,NORM,0.8667,1
C:\Users\taimo\OneDrive\Documents 1\work\ecg-synthetic-research\data\rendered\ptbxl\NORM\07849.png,NORM,NORM,0.8457,1
C:\Users\taimo\OneDrive\Documents 1\work\ecg-synthetic-research\data\rendered\ptbxl\NORM\07870.png,NORM,NORM,0.7812,1
C:\Users\taimo\OneDrive\Documents 1\work\ecg-synthetic-research\data\rendered\ptbxl\NORM\07913.png,NORM,NORM,0.6553,1
C:\Users\taimo\OneDrive\Documents 1\work\ecg-synthetic-research\data\rendered\ptbxl\NORM\07949.png,NORM,NORM,0.764,1
C:\Users\taimo\OneDrive\Documents 1\work\ecg-synthetic-research\data\rendered\ptbxl\NORM\07958.png,NORM,NORM,0.478,1
C:\Users\taimo\OneDrive\Documents 1\work\ecg-synthetic-research\data\rendered\ptbxl\NORM\07985.png,NORM,NORM,0.7227,1
C:\Users\taimo\OneDrive\Documents 1\work\ecg-synthetic-research\data\rendered\ptbxl\NORM\08029.png,NORM,NORM,0.8247,1
C:\Users\taimo\OneDrive\Documents 1\work\ecg-synthetic-research\data\rendered\ptbxl\NORM\08098.png,NORM,TACHY,0.4417,0
C:\Users\taimo\OneDrive\Documents 1\work\ecg-synthetic-research\data\rendered\ptbxl\NORM\08137.png,NORM,NORM,0.906,1
C:\Users\taimo\OneDrive\Documents 1\work\ecg-synthetic-research\data\rendered\ptbxl\NORM\08138.png,NORM,NORM,0.847,1
C:\Users\taimo\OneDrive\Documents 1\work\ecg-synthetic-research\data\rendered\ptbxl\NORM\08243.png,NORM,NORM,0.788,1
C:\Users\taimo\OneDrive\Documents 1\work\ecg-synthetic-research\data\rendered\ptbxl\NORM\08245.png,NORM,NORM,0.8257,1
C:\Users\taimo\OneDrive\Documents 1\work\ecg-synthetic-research\data\rendered\ptbxl\NORM\08358.png,NORM,NORM,0.8115,1
C:\Users\taimo\OneDrive\Documents 1\work\ecg-synthetic-research\data\rendered\ptbxl\NORM\08437.png,NORM,NORM,0.8423,1
C:\Users\taimo\OneDrive\Documents 1\work\ecg-synthetic-research\data\rendered\ptbxl\NORM\08441.png,NORM,NORM,0.8667,1
C:\Users\taimo\OneDrive\Documents 1\work\ecg-synthetic-research\data\rendered\ptbxl\NORM\08455.png,NORM,NORM,0.6855,1
C:\Users\taimo\OneDrive\Documents 1\work\ecg-synthetic-research\data\rendered\ptbxl\NORM\08534.png,NORM,NORM,0.689,1
C:\Users\taimo\OneDrive\Documents 1\work\ecg-synthetic-research\data\rendered\ptbxl\NORM\08553.png,NORM,NORM,0.7173,1
C:\Users\taimo\OneDrive\Documents 1\work\ecg-synthetic-research\data\rendered\ptbxl\NORM\08571.png,NORM,NORM,0.724,1
C:\Users\taimo\OneDrive\Documents 1\work\ecg-synthetic-research\data\rendered\ptbxl\NORM\08582.png,NORM,NORM,0.4414,1
C:\Users\taimo\OneDrive\Documents 1\work\ecg-synthetic-research\data\rendered\ptbxl\NORM\08788.png,NORM,MI,0.3564,0
C:\Users\taimo\OneDrive\Documents 1\work\ecg-synthetic-research\data\rendered\ptbxl\NORM\08789.png,NORM,NORM,0.7856,1
C:\Users\taimo\OneDrive\Documents 1\work\ecg-synthetic-research\data\rendered\ptbxl\NORM\08854.png,NORM,MI,0.4055,0
C:\Users\taimo\OneDrive\Documents 1\work\ecg-synthetic-research\data\rendered\ptbxl\NORM\08898.png,NORM,NORM,0.6753,1
C:\Users\taimo\OneDrive\Documents 1\work\ecg-synthetic-research\data\rendered\ptbxl\NORM\08903.png,NORM,NORM,0.847,1
C:\Users\taimo\OneDrive\Documents 1\work\ecg-synthetic-research\data\rendered\ptbxl\NORM\08942.png,NORM,NORM,0.819,1
C:\Users\taimo\OneDrive\Documents 1\work\ecg-synthetic-research\data\rendered\ptbxl\NORM\08992.png,NORM,NORM,0.6562,1
C:\Users\taimo\OneDrive\Documents 1\work\ecg-synthetic-research\data\rendered\ptbxl\NORM\09011.png,NORM,NORM,0.657,1
C:\Users\taimo\OneDrive\Documents 1\work\ecg-synthetic-research\data\rendered\ptbxl\NORM\09038.png,NORM,NORM,0.852,1
C:\Users\taimo\OneDrive\Documents 1\work\ecg-synthetic-research\data\rendered\ptbxl\NORM\09151.png,NORM,TACHY,0.737,0
C:\Users\taimo\OneDrive\Documents 1\work\ecg-synthetic-research\data\rendered\ptbxl\NORM\09191.png,NORM,NORM,0.889,1
C:\Users\taimo\OneDrive\Documents 1\work\ecg-synthetic-research\data\rendered\ptbxl\NORM\09239.png,NORM,NORM,0.862,1
C:\Users\taimo\OneDrive\Documents 1\work\ecg-synthetic-research\data\rendered\ptbxl\NORM\09310.png,NORM,NORM,0.817,1
C:\Users\taimo\OneDrive\Documents 1\work\ecg-synthetic-research\data\rendered\ptbxl\NORM\09386.png,NORM,NORM,0.6313,1
C:\Users\taimo\OneDrive\Documents 1\work\ecg-synthetic-research\data\rendered\ptbxl\NORM\09407.png,NORM,NORM,0.7695,1
C:\Users\taimo\OneDrive\Documents 1\work\ecg-synthetic-research\data\rendered\ptbxl\NORM\09426.png,NORM,NORM,0.733,1
C:\Users\taimo\OneDrive\Documents 1\work\ecg-synthetic-research\data\rendered\ptbxl\NORM\09455.png,NORM,NORM,0.8745,1
C:\Users\taimo\OneDrive\Documents 1\work\ecg-synthetic-research\data\rendered\ptbxl\NORM\09513.png,NORM,NORM,0.738,1
C:\Users\taimo\OneDrive\Documents 1\work\ecg-synthetic-research\data\rendered\ptbxl\NORM\09547.png,NORM,NORM,0.7256,1
C:\Users\taimo\OneDrive\Documents 1\work\ecg-synthetic-research\data\rendered\ptbxl\NORM\09555.png,NORM,NORM,0.891,1
C:\Users\taimo\OneDrive\Documents 1\work\ecg-synthetic-research\data\rendered\ptbxl\NORM\09582.png,NORM,NORM,0.653,1
C:\Users\taimo\OneDrive\Documents 1\work\ecg-synthetic-research\data\rendered\ptbxl\NORM\09609.png,NORM,NORM,0.754,1
C:\Users\taimo\OneDrive\Documents 1\work\ecg-synthetic-research\data\rendered\ptbxl\NORM\09621.png,NORM,MI,0.5054,0
C:\Users\taimo\OneDrive\Documents 1\work\ecg-synthetic-research\data\rendered\ptbxl\NORM\09759.png,NORM,NORM,0.796,1
C:\Users\taimo\OneDrive\Documents 1\work\ecg-synthetic-research\data\rendered\ptbxl\NORM\09802.png,NORM,NORM,0.882,1
C:\Users\taimo\OneDrive\Documents 1\work\ecg-synthetic-research\data\rendered\ptbxl\NORM\09852.png,NORM,NORM,0.7935,1
C:\Users\taimo\OneDrive\Documents 1\work\ecg-synthetic-research\data\rendered\ptbxl\NORM\09898.png,NORM,NORM,0.8257,1
C:\Users\taimo\OneDrive\Documents 1\work\ecg-synthetic-research\data\rendered\ptbxl\NORM\09950.png,NORM,NORM,0.496,1
C:\Users\taimo\OneDrive\Documents 1\work\ecg-synthetic-research\data\rendered\ptbxl\NORM\09952.png,NORM,NORM,0.87,1
C:\Users\taimo\OneDrive\Documents 1\work\ecg-synthetic-research\data\rendered\ptbxl\NORM\10043.png,NORM,NORM,0.779,1
C:\Users\taimo\OneDrive\Documents 1\work\ecg-synthetic-research\data\rendered\ptbxl\NORM\10056.png,NORM,NORM,0.8735,1
C:\Users\taimo\OneDrive\Documents 1\work\ecg-synthetic-research\data\rendered\ptbxl\NORM\10188.png,NORM,NORM,0.79,1
C:\Users\taimo\OneDrive\Documents 1\work\ecg-synthetic-research\data\rendered\ptbxl\NORM\10217.png,NORM,NORM,0.889,1
C:\Users\taimo\OneDrive\Documents 1\work\ecg-synthetic-research\data\rendered\ptbxl\NORM\10271.png,NORM,TACHY,0.5234,0
C:\Users\taimo\OneDrive\Documents 1\work\ecg-synthetic-research\data\rendered\ptbxl\NORM\10292.png,NORM,NORM,0.8594,1
C:\Users\taimo\OneDrive\Documents 1\work\ecg-synthetic-research\data\rendered\ptbxl\NORM\10303.png,NORM,NORM,0.718,1
C:\Users\taimo\OneDrive\Documents 1\work\ecg-synthetic-research\data\rendered\ptbxl\NORM\10382.png,NORM,NORM,0.6777,1
C:\Users\taimo\OneDrive\Documents 1\work\ecg-synthetic-research\data\rendered\ptbxl\NORM\10483.png,NORM,NORM,0.825,1
C:\Users\taimo\OneDrive\Documents 1\work\ecg-synthetic-research\data\rendered\ptbxl\NORM\10497.png,NORM,NORM,0.57,1
C:\Users\taimo\OneDrive\Documents 1\work\ecg-synthetic-research\data\rendered\ptbxl\NORM\10511.png,NORM,NORM,0.894,1
C:\Users\taimo\OneDrive\Documents 1\work\ecg-synthetic-research\data\rendered\ptbxl\NORM\10537.png,NORM,NORM,0.7383,1
C:\Users\taimo\OneDrive\Documents 1\work\ecg-synthetic-research\data\rendered\ptbxl\NORM\10561.png,NORM,NORM,0.5225,1
C:\Users\taimo\OneDrive\Documents 1\work\ecg-synthetic-research\data\rendered\ptbxl\NORM\10597.png,NORM,NORM,0.733,1
C:\Users\taimo\OneDrive\Documents 1\work\ecg-synthetic-research\data\rendered\ptbxl\NORM\10665.png,NORM,NORM,0.8013,1
C:\Users\taimo\OneDrive\Documents 1\work\ecg-synthetic-research\data\rendered\ptbxl\NORM\10686.png,NORM,NORM,0.7593,1
C:\Users\taimo\OneDrive\Documents 1\work\ecg-synthetic-research\data\rendered\ptbxl\NORM\10688.png,NORM,NORM,0.6245,1
C:\Users\taimo\OneDrive\Documents 1\work\ecg-synthetic-research\data\rendered\ptbxl\NORM\10804.png,NORM,NORM,0.8457,1
C:\Users\taimo\OneDrive\Documents 1\work\ecg-synthetic-research\data\rendered\ptbxl\NORM\10926.png,NORM,NORM,0.819,1
C:\Users\taimo\OneDrive\Documents 1\work\ecg-synthetic-research\data\rendered\ptbxl\NORM\10968.png,NORM,NORM,0.733,1
C:\Users\taimo\OneDrive\Documents 1\work\ecg-synthetic-research\data\rendered\ptbxl\NORM\10989.png,NORM,NORM,0.785,1
C:\Users\taimo\OneDrive\Documents 1\work\ecg-synthetic-research\data\rendered\ptbxl\NORM\11077.png,NORM,NORM,0.7476,1
C:\Users\taimo\OneDrive\Documents 1\work\ecg-synthetic-research\data\rendered\ptbxl\NORM\11113.png,NORM,NORM,0.6304,1
C:\Users\taimo\OneDrive\Documents 1\work\ecg-synthetic-research\data\rendered\ptbxl\NORM\11136.png,NORM,NORM,0.8735,1
C:\Users\taimo\OneDrive\Documents 1\work\ecg-synthetic-research\data\rendered\ptbxl\NORM\11138.png,NORM,NORM,0.879,1
C:\Users\taimo\OneDrive\Documents 1\work\ecg-synthetic-research\data\rendered\ptbxl\NORM\11200.png,NORM,NORM,0.9106,1
C:\Users\taimo\OneDrive\Documents 1\work\ecg-synthetic-research\data\rendered\ptbxl\NORM\11307.png,NORM,NORM,0.812,1
C:\Users\taimo\OneDrive\Documents 1\work\ecg-synthetic-research\data\rendered\ptbxl\NORM\11373.png,NORM,NORM,0.8013,1
C:\Users\taimo\OneDrive\Documents 1\work\ecg-synthetic-research\data\rendered\ptbxl\NORM\11490.png,NORM,NORM,0.918,1
C:\Users\taimo\OneDrive\Documents 1\work\ecg-synthetic-research\data\rendered\ptbxl\NORM\11564.png,NORM,NORM,0.857,1
C:\Users\taimo\OneDrive\Documents 1\work\ecg-synthetic-research\data\rendered\ptbxl\NORM\11586.png,NORM,NORM,0.8765,1
C:\Users\taimo\OneDrive\Documents 1\work\ecg-synthetic-research\data\rendered\ptbxl\NORM\11625.png,NORM,NORM,0.8013,1
C:\Users\taimo\OneDrive\Documents 1\work\ecg-synthetic-research\data\rendered\ptbxl\NORM\11688.png,NORM,NORM,0.786,1
C:\Users\taimo\OneDrive\Documents 1\work\ecg-synthetic-research\data\rendered\ptbxl\NORM\11696.png,NORM,NORM,0.7217,1
C:\Users\taimo\OneDrive\Documents 1\work\ecg-synthetic-research\data\rendered\ptbxl\NORM\11721.png,NORM,NORM,0.8145,1
C:\Users\taimo\OneDrive\Documents 1\work\ecg-synthetic-research\data\rendered\ptbxl\NORM\11723.png,NORM,NORM,0.697,1
C:\Users\taimo\OneDrive\Documents 1\work\ecg-synthetic-research\data\rendered\ptbxl\NORM\11739.png,NORM,NORM,0.93,1
C:\Users\taimo\OneDrive\Documents 1\work\ecg-synthetic-research\data\rendered\ptbxl\NORM\11753.png,NORM,NORM,0.819,1
C:\Users\taimo\OneDrive\Documents 1\work\ecg-synthetic-research\data\rendered\ptbxl\NORM\11762.png,NORM,NORM,0.667,1
C:\Users\taimo\OneDrive\Documents 1\work\ecg-synthetic-research\data\rendered\ptbxl\NORM\11783.png,NORM,NORM,0.869,1
C:\Users\taimo\OneDrive\Documents 1\work\ecg-synthetic-research\data\rendered\ptbxl\NORM\11833.png,NORM,NORM,0.8667,1
C:\Users\taimo\OneDrive\Documents 1\work\ecg-synthetic-research\data\rendered\ptbxl\NORM\11853.png,NORM,AFIB,0.5693,0
C:\Users\taimo\OneDrive\Documents 1\work\ecg-synthetic-research\data\rendered\ptbxl\NORM\11864.png,NORM,MI,0.877,0
C:\Users\taimo\OneDrive\Documents 1\work\ecg-synthetic-research\data\rendered\ptbxl\NORM\11934.png,NORM,NORM,0.764,1
C:\Users\taimo\OneDrive\Documents 1\work\ecg-synthetic-research\data\rendered\ptbxl\NORM\11988.png,NORM,NORM,0.866,1
C:\Users\taimo\OneDrive\Documents 1\work\ecg-synthetic-research\data\rendered\ptbxl\NORM\11995.png,NORM,NORM,0.8354,1
C:\Users\taimo\OneDrive\Documents 1\work\ecg-synthetic-research\data\rendered\ptbxl\NORM\12001.png,NORM,NORM,0.801,1
C:\Users\taimo\OneDrive\Documents 1\work\ecg-synthetic-research\data\rendered\ptbxl\NORM\12008.png,NORM,NORM,0.5146,1
C:\Users\taimo\OneDrive\Documents 1\work\ecg-synthetic-research\data\rendered\ptbxl\NORM\12073.png,NORM,NORM,0.898,1
C:\Users\taimo\OneDrive\Documents 1\work\ecg-synthetic-research\data\rendered\ptbxl\NORM\12104.png,NORM,NORM,0.881,1
C:\Users\taimo\OneDrive\Documents 1\work\ecg-synthetic-research\data\rendered\ptbxl\NORM\12146.png,NORM,NORM,0.594,1
C:\Users\taimo\OneDrive\Documents 1\work\ecg-synthetic-research\data\rendered\ptbxl\NORM\12268.png,NORM,NORM,0.675,1
C:\Users\taimo\OneDrive\Documents 1\work\ecg-synthetic-research\data\rendered\ptbxl\NORM\12455.png,NORM,NORM,0.7495,1
C:\Users\taimo\OneDrive\Documents 1\work\ecg-synthetic-research\data\rendered\ptbxl\NORM\12487.png,NORM,NORM,0.7744,1
C:\Users\taimo\OneDrive\Documents 1\work\ecg-synthetic-research\data\rendered\ptbxl\NORM\12529.png,NORM,NORM,0.8584,1
C:\Users\taimo\OneDrive\Documents 1\work\ecg-synthetic-research\data\rendered\ptbxl\NORM\12613.png,NORM,NORM,0.7617,1
C:\Users\taimo\OneDrive\Documents 1\work\ecg-synthetic-research\data\rendered\ptbxl\NORM\12659.png,NORM,NORM,0.472,1
C:\Users\taimo\OneDrive\Documents 1\work\ecg-synthetic-research\data\rendered\ptbxl\NORM\12695.png,NORM,NORM,0.767,1
C:\Users\taimo\OneDrive\Documents 1\work\ecg-synthetic-research\data\rendered\ptbxl\NORM\12697.png,NORM,NORM,0.8545,1
C:\Users\taimo\OneDrive\Documents 1\work\ecg-synthetic-research\data\rendered\ptbxl\NORM\12705.png,NORM,NORM,0.852,1
C:\Users\taimo\OneDrive\Documents 1\work\ecg-synthetic-research\data\rendered\ptbxl\NORM\12728.png,NORM,NORM,0.789,1
C:\Users\taimo\OneDrive\Documents 1\work\ecg-synthetic-research\data\rendered\ptbxl\NORM\12766.png,NORM,NORM,0.8804,1
C:\Users\taimo\OneDrive\Documents 1\work\ecg-synthetic-research\data\rendered\ptbxl\NORM\12783.png,NORM,NORM,0.817,1
C:\Users\taimo\OneDrive\Documents 1\work\ecg-synthetic-research\data\rendered\ptbxl\NORM\12784.png,NORM,NORM,0.775,1
C:\Users\taimo\OneDrive\Documents 1\work\ecg-synthetic-research\data\rendered\ptbxl\NORM\12815.png,NORM,NORM,0.703,1
C:\Users\taimo\OneDrive\Documents 1\work\ecg-synthetic-research\data\rendered\ptbxl\NORM\12913.png,NORM,NORM,0.7534,1
C:\Users\taimo\OneDrive\Documents 1\work\ecg-synthetic-research\data\rendered\ptbxl\NORM\12967.png,NORM,NORM,0.712,1
C:\Users\taimo\OneDrive\Documents 1\work\ecg-synthetic-research\data\rendered\ptbxl\NORM\13067.png,NORM,NORM,0.847,1
C:\Users\taimo\OneDrive\Documents 1\work\ecg-synthetic-research\data\rendered\ptbxl\NORM\13073.png,NORM,NORM,0.7856,1
C:\Users\taimo\OneDrive\Documents 1\work\ecg-synthetic-research\data\rendered\ptbxl\NORM\13109.png,NORM,TACHY,0.6387,0
C:\Users\taimo\OneDrive\Documents 1\work\ecg-synthetic-research\data\rendered\ptbxl\NORM\13274.png,NORM,NORM,0.796,1
C:\Users\taimo\OneDrive\Documents 1\work\ecg-synthetic-research\data\rendered\ptbxl\NORM\13356.png,NORM,NORM,0.567,1
C:\Users\taimo\OneDrive\Documents 1\work\ecg-synthetic-research\data\rendered\ptbxl\NORM\13398.png,NORM,MI,0.6436,0
C:\Users\taimo\OneDrive\Documents 1\work\ecg-synthetic-research\data\rendered\ptbxl\NORM\13493.png,NORM,NORM,0.8086,1
C:\Users\taimo\OneDrive\Documents 1\work\ecg-synthetic-research\data\rendered\ptbxl\NORM\13551.png,NORM,NORM,0.8174,1
C:\Users\taimo\OneDrive\Documents 1\work\ecg-synthetic-research\data\rendered\ptbxl\NORM\13599.png,NORM,NORM,0.8677,1
C:\Users\taimo\OneDrive\Documents 1\work\ecg-synthetic-research\data\rendered\ptbxl\NORM\13600.png,NORM,NORM,0.897,1
C:\Users\taimo\OneDrive\Documents 1\work\ecg-synthetic-research\data\rendered\ptbxl\NORM\13649.png,NORM,NORM,0.7314,1
C:\Users\taimo\OneDrive\Documents 1\work\ecg-synthetic-research\data\rendered\ptbxl\NORM\13690.png,NORM,NORM,0.66,1
C:\Users\taimo\OneDrive\Documents 1\work\ecg-synthetic-research\data\rendered\ptbxl\NORM\13806.png,NORM,NORM,0.885,1
C:\Users\taimo\OneDrive\Documents 1\work\ecg-synthetic-research\data\rendered\ptbxl\NORM\13811.png,NORM,NORM,0.864,1
C:\Users\taimo\OneDrive\Documents 1\work\ecg-synthetic-research\data\rendered\ptbxl\NORM\13816.png,NORM,NORM,0.7812,1
C:\Users\taimo\OneDrive\Documents 1\work\ecg-synthetic-research\data\rendered\ptbxl\NORM\13857.png,NORM,NORM,0.837,1
C:\Users\taimo\OneDrive\Documents 1\work\ecg-synthetic-research\data\rendered\ptbxl\NORM\13862.png,NORM,NORM,0.7812,1
C:\Users\taimo\OneDrive\Documents 1\work\ecg-synthetic-research\data\rendered\ptbxl\NORM\13866.png,NORM,NORM,0.8574,1
C:\Users\taimo\OneDrive\Documents 1\work\ecg-synthetic-research\data\rendered\ptbxl\NORM\13870.png,NORM,NORM,0.8296,1
C:\Users\taimo\OneDrive\Documents 1\work\ecg-synthetic-research\data\rendered\ptbxl\NORM\13905.png,NORM,NORM,0.777,1
C:\Users\taimo\OneDrive\Documents 1\work\ecg-synthetic-research\data\rendered\ptbxl\NORM\13918.png,NORM,NORM,0.8755,1
C:\Users\taimo\OneDrive\Documents 1\work\ecg-synthetic-research\data\rendered\ptbxl\NORM\13925.png,NORM,NORM,0.86,1
C:\Users\taimo\OneDrive\Documents 1\work\ecg-synthetic-research\data\rendered\ptbxl\NORM\13933.png,NORM,NORM,0.8755,1
C:\Users\taimo\OneDrive\Documents 1\work\ecg-synthetic-research\data\rendered\ptbxl\NORM\14006.png,NORM,NORM,0.6235,1
C:\Users\taimo\OneDrive\Documents 1\work\ecg-synthetic-research\data\rendered\ptbxl\NORM\14030.png,NORM,NORM,0.7573,1
C:\Users\taimo\OneDrive\Documents 1\work\ecg-synthetic-research\data\rendered\ptbxl\NORM\14038.png,NORM,NORM,0.7935,1
C:\Users\taimo\OneDrive\Documents 1\work\ecg-synthetic-research\data\rendered\ptbxl\NORM\14076.png,NORM,NORM,0.6216,1
C:\Users\taimo\OneDrive\Documents 1\work\ecg-synthetic-research\data\rendered\ptbxl\NORM\14098.png,NORM,NORM,0.631,1
C:\Users\taimo\OneDrive\Documents 1\work\ecg-synthetic-research\data\rendered\ptbxl\NORM\14105.png,NORM,NORM,0.761,1
C:\Users\taimo\OneDrive\Documents 1\work\ecg-synthetic-research\data\rendered\ptbxl\NORM\14205.png,NORM,NORM,0.8164,1
C:\Users\taimo\OneDrive\Documents 1\work\ecg-synthetic-research\data\rendered\ptbxl\NORM\14222.png,NORM,NORM,0.7983,1
C:\Users\taimo\OneDrive\Documents 1\work\ecg-synthetic-research\data\rendered\ptbxl\NORM\14234.png,NORM,NORM,0.539,1
C:\Users\taimo\OneDrive\Documents 1\work\ecg-synthetic-research\data\rendered\ptbxl\NORM\14259.png,NORM,NORM,0.8,1
C:\Users\taimo\OneDrive\Documents 1\work\ecg-synthetic-research\data\rendered\ptbxl\NORM\14276.png,NORM,NORM,0.6685,1
C:\Users\taimo\OneDrive\Documents 1\work\ecg-synthetic-research\data\rendered\ptbxl\NORM\14403.png,NORM,NORM,0.7056,1
C:\Users\taimo\OneDrive\Documents 1\work\ecg-synthetic-research\data\rendered\ptbxl\NORM\14447.png,NORM,NORM,0.7764,1
C:\Users\taimo\OneDrive\Documents 1\work\ecg-synthetic-research\data\rendered\ptbxl\NORM\14469.png,NORM,MI,0.6147,0
C:\Users\taimo\OneDrive\Documents 1\work\ecg-synthetic-research\data\rendered\ptbxl\NORM\14482.png,NORM,NORM,0.4673,1
C:\Users\taimo\OneDrive\Documents 1\work\ecg-synthetic-research\data\rendered\ptbxl\NORM\14527.png,NORM,NORM,0.6685,1
C:\Users\taimo\OneDrive\Documents 1\work\ecg-synthetic-research\data\rendered\ptbxl\NORM\14571.png,NORM,NORM,0.639,1
C:\Users\taimo\OneDrive\Documents 1\work\ecg-synthetic-research\data\rendered\ptbxl\NORM\14600.png,NORM,NORM,0.7593,1
C:\Users\taimo\OneDrive\Documents 1\work\ecg-synthetic-research\data\rendered\ptbxl\NORM\14620.png,NORM,NORM,0.7095,1
C:\Users\taimo\OneDrive\Documents 1\work\ecg-synthetic-research\data\rendered\ptbxl\NORM\14668.png,NORM,NORM,0.8594,1
C:\Users\taimo\OneDrive\Documents 1\work\ecg-synthetic-research\data\rendered\ptbxl\NORM\14724.png,NORM,NORM,0.779,1
C:\Users\taimo\OneDrive\Documents 1\work\ecg-synthetic-research\data\rendered\ptbxl\NORM\14740.png,NORM,NORM,0.8887,1
C:\Users\taimo\OneDrive\Documents 1\work\ecg-synthetic-research\data\rendered\ptbxl\NORM\14840.png,NORM,NORM,0.677,1
C:\Users\taimo\OneDrive\Documents 1\work\ecg-synthetic-research\data\rendered\ptbxl\NORM\14873.png,NORM,NORM,0.8374,1
C:\Users\taimo\OneDrive\Documents 1\work\ecg-synthetic-research\data\rendered\ptbxl\NORM\14878.png,NORM,NORM,0.869,1
C:\Users\taimo\OneDrive\Documents 1\work\ecg-synthetic-research\data\rendered\ptbxl\NORM\14934.png,NORM,NORM,0.835,1
C:\Users\taimo\OneDrive\Documents 1\work\ecg-synthetic-research\data\rendered\ptbxl\NORM\15035.png,NORM,NORM,0.4873,1
C:\Users\taimo\OneDrive\Documents 1\work\ecg-synthetic-research\data\rendered\ptbxl\NORM\15094.png,NORM,NORM,0.874,1
C:\Users\taimo\OneDrive\Documents 1\work\ecg-synthetic-research\data\rendered\ptbxl\NORM\15292.png,NORM,NORM,0.8774,1
C:\Users\taimo\OneDrive\Documents 1\work\ecg-synthetic-research\data\rendered\ptbxl\NORM\15293.png,NORM,NORM,0.714,1
C:\Users\taimo\OneDrive\Documents 1\work\ecg-synthetic-research\data\rendered\ptbxl\NORM\15342.png,NORM,NORM,0.869,1
C:\Users\taimo\OneDrive\Documents 1\work\ecg-synthetic-research\data\rendered\ptbxl\NORM\15380.png,NORM,NORM,0.8438,1
C:\Users\taimo\OneDrive\Documents 1\work\ecg-synthetic-research\data\rendered\ptbxl\NORM\15484.png,NORM,NORM,0.849,1
C:\Users\taimo\OneDrive\Documents 1\work\ecg-synthetic-research\data\rendered\ptbxl\NORM\15543.png,NORM,NORM,0.748,1
C:\Users\taimo\OneDrive\Documents 1\work\ecg-synthetic-research\data\rendered\ptbxl\NORM\15590.png,NORM,NORM,0.8755,1
C:\Users\taimo\OneDrive\Documents 1\work\ecg-synthetic-research\data\rendered\ptbxl\NORM\15702.png,NORM,NORM,0.855,1
C:\Users\taimo\OneDrive\Documents 1\work\ecg-synthetic-research\data\rendered\ptbxl\NORM\15735.png,NORM,NORM,0.6113,1
C:\Users\taimo\OneDrive\Documents 1\work\ecg-synthetic-research\data\rendered\ptbxl\NORM\15736.png,NORM,NORM,0.8096,1
C:\Users\taimo\OneDrive\Documents 1\work\ecg-synthetic-research\data\rendered\ptbxl\NORM\15743.png,NORM,NORM,0.7393,1
C:\Users\taimo\OneDrive\Documents 1\work\ecg-synthetic-research\data\rendered\ptbxl\NORM\15784.png,NORM,NORM,0.733,1
C:\Users\taimo\OneDrive\Documents 1\work\ecg-synthetic-research\data\rendered\ptbxl\NORM\15794.png,NORM,TACHY,0.889,0
C:\Users\taimo\OneDrive\Documents 1\work\ecg-synthetic-research\data\rendered\ptbxl\NORM\15949.png,NORM,NORM,0.819,1
C:\Users\taimo\OneDrive\Documents 1\work\ecg-synthetic-research\data\rendered\ptbxl\NORM\15972.png,NORM,NORM,0.8813,1
C:\Users\taimo\OneDrive\Documents 1\work\ecg-synthetic-research\data\rendered\ptbxl\NORM\16013.png,NORM,NORM,0.7573,1
C:\Users\taimo\OneDrive\Documents 1\work\ecg-synthetic-research\data\rendered\ptbxl\NORM\16032.png,NORM,NORM,0.8916,1
C:\Users\taimo\OneDrive\Documents 1\work\ecg-synthetic-research\data\rendered\ptbxl\NORM\16054.png,NORM,NORM,0.835,1
C:\Users\taimo\OneDrive\Documents 1\work\ecg-synthetic-research\data\rendered\ptbxl\NORM\16079.png,NORM,NORM,0.917,1
C:\Users\taimo\OneDrive\Documents 1\work\ecg-synthetic-research\data\rendered\ptbxl\NORM\16104.png,NORM,NORM,0.7837,1
C:\Users\taimo\OneDrive\Documents 1\work\ecg-synthetic-research\data\rendered\ptbxl\NORM\16178.png,NORM,NORM,0.808,1
C:\Users\taimo\OneDrive\Documents 1\work\ecg-synthetic-research\data\rendered\ptbxl\NORM\16183.png,NORM,NORM,0.812,1
C:\Users\taimo\OneDrive\Documents 1\work\ecg-synthetic-research\data\rendered\ptbxl\NORM\16203.png,NORM,NORM,0.8145,1
C:\Users\taimo\OneDrive\Documents 1\work\ecg-synthetic-research\data\rendered\ptbxl\NORM\16217.png,NORM,NORM,0.6904,1
C:\Users\taimo\OneDrive\Documents 1\work\ecg-synthetic-research\data\rendered\ptbxl\NORM\16248.png,NORM,NORM,0.8467,1
C:\Users\taimo\OneDrive\Documents 1\work\ecg-synthetic-research\data\rendered\ptbxl\NORM\16283.png,NORM,NORM,0.869,1
C:\Users\taimo\OneDrive\Documents 1\work\ecg-synthetic-research\data\rendered\ptbxl\NORM\16370.png,NORM,NORM,0.667,1
C:\Users\taimo\OneDrive\Documents 1\work\ecg-synthetic-research\data\rendered\ptbxl\NORM\16385.png,NORM,NORM,0.861,1
C:\Users\taimo\OneDrive\Documents 1\work\ecg-synthetic-research\data\rendered\ptbxl\NORM\16466.png,NORM,NORM,0.8247,1
C:\Users\taimo\OneDrive\Documents 1\work\ecg-synthetic-research\data\rendered\ptbxl\NORM\16468.png,NORM,NORM,0.639,1
C:\Users\taimo\OneDrive\Documents 1\work\ecg-synthetic-research\data\rendered\ptbxl\NORM\16537.png,NORM,NORM,0.8164,1
C:\Users\taimo\OneDrive\Documents 1\work\ecg-synthetic-research\data\rendered\ptbxl\NORM\16557.png,NORM,NORM,0.846,1
C:\Users\taimo\OneDrive\Documents 1\work\ecg-synthetic-research\data\rendered\ptbxl\NORM\16576.png,NORM,NORM,0.716,1
C:\Users\taimo\OneDrive\Documents 1\work\ecg-synthetic-research\data\rendered\ptbxl\NORM\16579.png,NORM,NORM,0.5493,1
C:\Users\taimo\OneDrive\Documents 1\work\ecg-synthetic-research\data\rendered\ptbxl\NORM\16597.png,NORM,NORM,0.7695,1
C:\Users\taimo\OneDrive\Documents 1\work\ecg-synthetic-research\data\rendered\ptbxl\NORM\16857.png,NORM,NORM,0.7803,1
C:\Users\taimo\OneDrive\Documents 1\work\ecg-synthetic-research\data\rendered\ptbxl\NORM\16864.png,NORM,NORM,0.649,1
C:\Users\taimo\OneDrive\Documents 1\work\ecg-synthetic-research\data\rendered\ptbxl\NORM\16961.png,NORM,NORM,0.837,1
C:\Users\taimo\OneDrive\Documents 1\work\ecg-synthetic-research\data\rendered\ptbxl\NORM\17025.png,NORM,NORM,0.688,1
C:\Users\taimo\OneDrive\Documents 1\work\ecg-synthetic-research\data\rendered\ptbxl\NORM\17127.png,NORM,NORM,0.6655,1
C:\Users\taimo\OneDrive\Documents 1\work\ecg-synthetic-research\data\rendered\ptbxl\NORM\17147.png,NORM,NORM,0.821,1
C:\Users\taimo\OneDrive\Documents 1\work\ecg-synthetic-research\data\rendered\ptbxl\NORM\17243.png,NORM,NORM,0.7925,1
C:\Users\taimo\OneDrive\Documents 1\work\ecg-synthetic-research\data\rendered\ptbxl\NORM\17299.png,NORM,NORM,0.8306,1
C:\Users\taimo\OneDrive\Documents 1\work\ecg-synthetic-research\data\rendered\ptbxl\NORM\17354.png,NORM,MI,0.545,0
C:\Users\taimo\OneDrive\Documents 1\work\ecg-synthetic-research\data\rendered\ptbxl\NORM\17412.png,NORM,NORM,0.685,1
C:\Users\taimo\OneDrive\Documents 1\work\ecg-synthetic-research\data\rendered\ptbxl\NORM\17438.png,NORM,NORM,0.7363,1
C:\Users\taimo\OneDrive\Documents 1\work\ecg-synthetic-research\data\rendered\ptbxl\NORM\17458.png,NORM,NORM,0.83,1
C:\Users\taimo\OneDrive\Documents 1\work\ecg-synthetic-research\data\rendered\ptbxl\NORM\17474.png,NORM,NORM,0.9004,1
C:\Users\taimo\OneDrive\Documents 1\work\ecg-synthetic-research\data\rendered\ptbxl\NORM\17525.png,NORM,NORM,0.6973,1
C:\Users\taimo\OneDrive\Documents 1\work\ecg-synthetic-research\data\rendered\ptbxl\NORM\17556.png,NORM,NORM,0.818,1
C:\Users\taimo\OneDrive\Documents 1\work\ecg-synthetic-research\data\rendered\ptbxl\NORM\17609.png,NORM,NORM,0.707,1
C:\Users\taimo\OneDrive\Documents 1\work\ecg-synthetic-research\data\rendered\ptbxl\NORM\17621.png,NORM,NORM,0.78,1
C:\Users\taimo\OneDrive\Documents 1\work\ecg-synthetic-research\data\rendered\ptbxl\NORM\17659.png,NORM,NORM,0.8325,1
C:\Users\taimo\OneDrive\Documents 1\work\ecg-synthetic-research\data\rendered\ptbxl\NORM\17717.png,NORM,NORM,0.8057,1
C:\Users\taimo\OneDrive\Documents 1\work\ecg-synthetic-research\data\rendered\ptbxl\NORM\17730.png,NORM,NORM,0.529,1
C:\Users\taimo\OneDrive\Documents 1\work\ecg-synthetic-research\data\rendered\ptbxl\NORM\17752.png,NORM,NORM,0.9106,1
C:\Users\taimo\OneDrive\Documents 1\work\ecg-synthetic-research\data\rendered\ptbxl\NORM\17776.png,NORM,NORM,0.6436,1
C:\Users\taimo\OneDrive\Documents 1\work\ecg-synthetic-research\data\rendered\ptbxl\NORM\17901.png,NORM,MI,0.628,0
C:\Users\taimo\OneDrive\Documents 1\work\ecg-synthetic-research\data\rendered\ptbxl\NORM\17918.png,NORM,NORM,0.8916,1
C:\Users\taimo\OneDrive\Documents 1\work\ecg-synthetic-research\data\rendered\ptbxl\NORM\17938.png,NORM,NORM,0.6333,1
C:\Users\taimo\OneDrive\Documents 1\work\ecg-synthetic-research\data\rendered\ptbxl\NORM\17950.png,NORM,NORM,0.8267,1
C:\Users\taimo\OneDrive\Documents 1\work\ecg-synthetic-research\data\rendered\ptbxl\NORM\18098.png,NORM,NORM,0.805,1
C:\Users\taimo\OneDrive\Documents 1\work\ecg-synthetic-research\data\rendered\ptbxl\NORM\18175.png,NORM,NORM,0.7476,1
C:\Users\taimo\OneDrive\Documents 1\work\ecg-synthetic-research\data\rendered\ptbxl\NORM\18207.png,NORM,NORM,0.8154,1
C:\Users\taimo\OneDrive\Documents 1\work\ecg-synthetic-research\data\rendered\ptbxl\NORM\18231.png,NORM,NORM,0.847,1
C:\Users\taimo\OneDrive\Documents 1\work\ecg-synthetic-research\data\rendered\ptbxl\NORM\18286.png,NORM,NORM,0.4514,1
C:\Users\taimo\OneDrive\Documents 1\work\ecg-synthetic-research\data\rendered\ptbxl\NORM\18385.png,NORM,NORM,0.76,1
C:\Users\taimo\OneDrive\Documents 1\work\ecg-synthetic-research\data\rendered\ptbxl\NORM\18392.png,NORM,NORM,0.7485,1
C:\Users\taimo\OneDrive\Documents 1\work\ecg-synthetic-research\data\rendered\ptbxl\NORM\18451.png,NORM,NORM,0.781,1
C:\Users\taimo\OneDrive\Documents 1\work\ecg-synthetic-research\data\rendered\ptbxl\NORM\18452.png,NORM,NORM,0.678,1
C:\Users\taimo\OneDrive\Documents 1\work\ecg-synthetic-research\data\rendered\ptbxl\NORM\18456.png,NORM,NORM,0.8296,1
C:\Users\taimo\OneDrive\Documents 1\work\ecg-synthetic-research\data\rendered\ptbxl\NORM\18472.png,NORM,NORM,0.8135,1
C:\Users\taimo\OneDrive\Documents 1\work\ecg-synthetic-research\data\rendered\ptbxl\NORM\18580.png,NORM,NORM,0.736,1
C:\Users\taimo\OneDrive\Documents 1\work\ecg-synthetic-research\data\rendered\ptbxl\NORM\18629.png,NORM,NORM,0.843,1
C:\Users\taimo\OneDrive\Documents 1\work\ecg-synthetic-research\data\rendered\ptbxl\NORM\18631.png,NORM,NORM,0.5503,1
C:\Users\taimo\OneDrive\Documents 1\work\ecg-synthetic-research\data\rendered\ptbxl\NORM\18761.png,NORM,NORM,0.7734,1
C:\Users\taimo\OneDrive\Documents 1\work\ecg-synthetic-research\data\rendered\ptbxl\NORM\18779.png,NORM,NORM,0.813,1
C:\Users\taimo\OneDrive\Documents 1\work\ecg-synthetic-research\data\rendered\ptbxl\NORM\18821.png,NORM,NORM,0.8335,1
C:\Users\taimo\OneDrive\Documents 1\work\ecg-synthetic-research\data\rendered\ptbxl\NORM\18847.png,NORM,NORM,0.739,1
C:\Users\taimo\OneDrive\Documents 1\work\ecg-synthetic-research\data\rendered\ptbxl\NORM\18964.png,NORM,NORM,0.763,1
C:\Users\taimo\OneDrive\Documents 1\work\ecg-synthetic-research\data\rendered\ptbxl\NORM\19019.png,NORM,NORM,0.6626,1
C:\Users\taimo\OneDrive\Documents 1\work\ecg-synthetic-research\data\rendered\ptbxl\NORM\19132.png,NORM,NORM,0.742,1
C:\Users\taimo\OneDrive\Documents 1\work\ecg-synthetic-research\data\rendered\ptbxl\NORM\19154.png,NORM,NORM,0.826,1
C:\Users\taimo\OneDrive\Documents 1\work\ecg-synthetic-research\data\rendered\ptbxl\NORM\19179.png,NORM,NORM,0.8228,1
C:\Users\taimo\OneDrive\Documents 1\work\ecg-synthetic-research\data\rendered\ptbxl\NORM\19188.png,NORM,NORM,0.9033,1
C:\Users\taimo\OneDrive\Documents 1\work\ecg-synthetic-research\data\rendered\ptbxl\NORM\19189.png,NORM,NORM,0.726,1
C:\Users\taimo\OneDrive\Documents 1\work\ecg-synthetic-research\data\rendered\ptbxl\NORM\19199.png,NORM,NORM,0.8423,1
C:\Users\taimo\OneDrive\Documents 1\work\ecg-synthetic-research\data\rendered\ptbxl\NORM\19206.png,NORM,NORM,0.831,1
C:\Users\taimo\OneDrive\Documents 1\work\ecg-synthetic-research\data\rendered\ptbxl\NORM\19323.png,NORM,NORM,0.5513,1
C:\Users\taimo\OneDrive\Documents 1\work\ecg-synthetic-research\data\rendered\ptbxl\NORM\19361.png,NORM,NORM,0.9,1
C:\Users\taimo\OneDrive\Documents 1\work\ecg-synthetic-research\data\rendered\ptbxl\NORM\19420.png,NORM,NORM,0.766,1
C:\Users\taimo\OneDrive\Documents 1\work\ecg-synthetic-research\data\rendered\ptbxl\NORM\19433.png,NORM,NORM,0.6465,1
C:\Users\taimo\OneDrive\Documents 1\work\ecg-synthetic-research\data\rendered\ptbxl\NORM\19469.png,NORM,NORM,0.8306,1
C:\Users\taimo\OneDrive\Documents 1\work\ecg-synthetic-research\data\rendered\ptbxl\NORM\19508.png,NORM,NORM,0.8267,1
C:\Users\taimo\OneDrive\Documents 1\work\ecg-synthetic-research\data\rendered\ptbxl\NORM\19532.png,NORM,NORM,0.8247,1
C:\Users\taimo\OneDrive\Documents 1\work\ecg-synthetic-research\data\rendered\ptbxl\NORM\19537.png,NORM,NORM,0.7207,1
C:\Users\taimo\OneDrive\Documents 1\work\ecg-synthetic-research\data\rendered\ptbxl\NORM\19586.png,NORM,NORM,0.8438,1
C:\Users\taimo\OneDrive\Documents 1\work\ecg-synthetic-research\data\rendered\ptbxl\NORM\19616.png,NORM,NORM,0.7295,1
C:\Users\taimo\OneDrive\Documents 1\work\ecg-synthetic-research\data\rendered\ptbxl\NORM\19625.png,NORM,NORM,0.8164,1
C:\Users\taimo\OneDrive\Documents 1\work\ecg-synthetic-research\data\rendered\ptbxl\NORM\19685.png,NORM,NORM,0.8296,1
C:\Users\taimo\OneDrive\Documents 1\work\ecg-synthetic-research\data\rendered\ptbxl\NORM\19765.png,NORM,NORM,0.672,1
C:\Users\taimo\OneDrive\Documents 1\work\ecg-synthetic-research\data\rendered\ptbxl\NORM\19792.png,NORM,NORM,0.8696,1
C:\Users\taimo\OneDrive\Documents 1\work\ecg-synthetic-research\data\rendered\ptbxl\NORM\19809.png,NORM,NORM,0.7515,1
C:\Users\taimo\OneDrive\Documents 1\work\ecg-synthetic-research\data\rendered\ptbxl\NORM\19813.png,NORM,NORM,0.806,1
C:\Users\taimo\OneDrive\Documents 1\work\ecg-synthetic-research\data\rendered\ptbxl\NORM\19826.png,NORM,NORM,0.829,1
C:\Users\taimo\OneDrive\Documents 1\work\ecg-synthetic-research\data\rendered\ptbxl\NORM\19840.png,NORM,NORM,0.8438,1
C:\Users\taimo\OneDrive\Documents 1\work\ecg-synthetic-research\data\rendered\ptbxl\NORM\19855.png,NORM,NORM,0.7476,1
C:\Users\taimo\OneDrive\Documents 1\work\ecg-synthetic-research\data\rendered\ptbxl\NORM\19884.png,NORM,NORM,0.7036,1
C:\Users\taimo\OneDrive\Documents 1\work\ecg-synthetic-research\data\rendered\ptbxl\NORM\19919.png,NORM,NORM,0.751,1
C:\Users\taimo\OneDrive\Documents 1\work\ecg-synthetic-research\data\rendered\ptbxl\NORM\19929.png,NORM,NORM,0.8833,1
C:\Users\taimo\OneDrive\Documents 1\work\ecg-synthetic-research\data\rendered\ptbxl\NORM\19947.png,NORM,NORM,0.7876,1
C:\Users\taimo\OneDrive\Documents 1\work\ecg-synthetic-research\data\rendered\ptbxl\NORM\20016.png,NORM,NORM,0.78,1
C:\Users\taimo\OneDrive\Documents 1\work\ecg-synthetic-research\data\rendered\ptbxl\NORM\20071.png,NORM,NORM,0.8403,1
C:\Users\taimo\OneDrive\Documents 1\work\ecg-synthetic-research\data\rendered\ptbxl\NORM\20115.png,NORM,NORM,0.7935,1
C:\Users\taimo\OneDrive\Documents 1\work\ecg-synthetic-research\data\rendered\ptbxl\NORM\20198.png,NORM,NORM,0.844,1
C:\Users\taimo\OneDrive\Documents 1\work\ecg-synthetic-research\data\rendered\ptbxl\NORM\20291.png,NORM,NORM,0.738,1
C:\Users\taimo\OneDrive\Documents 1\work\ecg-synthetic-research\data\rendered\ptbxl\NORM\20297.png,NORM,NORM,0.6343,1
C:\Users\taimo\OneDrive\Documents 1\work\ecg-synthetic-research\data\rendered\ptbxl\NORM\20414.png,NORM,NORM,0.7656,1
C:\Users\taimo\OneDrive\Documents 1\work\ecg-synthetic-research\data\rendered\ptbxl\NORM\20450.png,NORM,TACHY,0.558,0
C:\Users\taimo\OneDrive\Documents 1\work\ecg-synthetic-research\data\rendered\ptbxl\NORM\20478.png,NORM,NORM,0.6323,1
C:\Users\taimo\OneDrive\Documents 1\work\ecg-synthetic-research\data\rendered\ptbxl\NORM\20523.png,NORM,NORM,0.818,1
C:\Users\taimo\OneDrive\Documents 1\work\ecg-synthetic-research\data\rendered\ptbxl\NORM\20549.png,NORM,NORM,0.7725,1
C:\Users\taimo\OneDrive\Documents 1\work\ecg-synthetic-research\data\rendered\ptbxl\NORM\20574.png,NORM,NORM,0.664,1
C:\Users\taimo\OneDrive\Documents 1\work\ecg-synthetic-research\data\rendered\ptbxl\NORM\20657.png,NORM,NORM,0.7275,1
C:\Users\taimo\OneDrive\Documents 1\work\ecg-synthetic-research\data\rendered\ptbxl\NORM\20876.png,NORM,NORM,0.77,1
C:\Users\taimo\OneDrive\Documents 1\work\ecg-synthetic-research\data\rendered\ptbxl\NORM\20905.png,NORM,NORM,0.6895,1
C:\Users\taimo\OneDrive\Documents 1\work\ecg-synthetic-research\data\rendered\ptbxl\NORM\20913.png,NORM,NORM,0.8716,1
C:\Users\taimo\OneDrive\Documents 1\work\ecg-synthetic-research\data\rendered\ptbxl\NORM\21039.png,NORM,NORM,0.73,1
C:\Users\taimo\OneDrive\Documents 1\work\ecg-synthetic-research\data\rendered\ptbxl\NORM\21094.png,NORM,NORM,0.68,1
C:\Users\taimo\OneDrive\Documents 1\work\ecg-synthetic-research\data\rendered\ptbxl\NORM\21126.png,NORM,NORM,0.7515,1
C:\Users\taimo\OneDrive\Documents 1\work\ecg-synthetic-research\data\rendered\ptbxl\NORM\21267.png,NORM,NORM,0.685,1
C:\Users\taimo\OneDrive\Documents 1\work\ecg-synthetic-research\data\rendered\ptbxl\NORM\21311.png,NORM,NORM,0.8574,1
C:\Users\taimo\OneDrive\Documents 1\work\ecg-synthetic-research\data\rendered\ptbxl\NORM\21383.png,NORM,NORM,0.848,1
C:\Users\taimo\OneDrive\Documents 1\work\ecg-synthetic-research\data\rendered\ptbxl\NORM\21492.png,NORM,NORM,0.756,1
C:\Users\taimo\OneDrive\Documents 1\work\ecg-synthetic-research\data\rendered\ptbxl\NORM\21525.png,NORM,NORM,0.7046,1
C:\Users\taimo\OneDrive\Documents 1\work\ecg-synthetic-research\data\rendered\ptbxl\NORM\21549.png,NORM,NORM,0.8604,1
C:\Users\taimo\OneDrive\Documents 1\work\ecg-synthetic-research\data\rendered\ptbxl\NORM\21607.png,NORM,NORM,0.503,1
C:\Users\taimo\OneDrive\Documents 1\work\ecg-synthetic-research\data\rendered\ptbxl\NORM\21618.png,NORM,NORM,0.576,1
C:\Users\taimo\OneDrive\Documents 1\work\ecg-synthetic-research\data\rendered\ptbxl\NORM\21666.png,NORM,NORM,0.86,1
C:\Users\taimo\OneDrive\Documents 1\work\ecg-synthetic-research\data\rendered\ptbxl\NORM\21751.png,NORM,NORM,0.813,1
C:\Users\taimo\OneDrive\Documents 1\work\ecg-synthetic-research\data\rendered\ptbxl\MI\00266.png,MI,MI,0.9395,1
C:\Users\taimo\OneDrive\Documents 1\work\ecg-synthetic-research\data\rendered\ptbxl\MI\00477.png,MI,MI,0.4312,1
C:\Users\taimo\OneDrive\Documents 1\work\ecg-synthetic-research\data\rendered\ptbxl\MI\00514.png,MI,MI,0.802,1
C:\Users\taimo\OneDrive\Documents 1\work\ecg-synthetic-research\data\rendered\ptbxl\MI\00528.png,MI,MI,0.7466,1
C:\Users\taimo\OneDrive\Documents 1\work\ecg-synthetic-research\data\rendered\ptbxl\MI\00535.png,MI,MI,0.8164,1
C:\Users\taimo\OneDrive\Documents 1\work\ecg-synthetic-research\data\rendered\ptbxl\MI\00577.png,MI,MI,0.813,1
C:\Users\taimo\OneDrive\Documents 1\work\ecg-synthetic-research\data\rendered\ptbxl\MI\00579.png,MI,NORM,0.4966,0
C:\Users\taimo\OneDrive\Documents 1\work\ecg-synthetic-research\data\rendered\ptbxl\MI\00600.png,MI,MI,0.6963,1
C:\Users\taimo\OneDrive\Documents 1\work\ecg-synthetic-research\data\rendered\ptbxl\MI\00623.png,MI,MI,0.895,1
C:\Users\taimo\OneDrive\Documents 1\work\ecg-synthetic-research\data\rendered\ptbxl\MI\00646.png,MI,MI,0.781,1
C:\Users\taimo\OneDrive\Documents 1\work\ecg-synthetic-research\data\rendered\ptbxl\MI\00661.png,MI,NORM,0.5083,0
C:\Users\taimo\OneDrive\Documents 1\work\ecg-synthetic-research\data\rendered\ptbxl\MI\00701.png,MI,MI,0.8037,1
C:\Users\taimo\OneDrive\Documents 1\work\ecg-synthetic-research\data\rendered\ptbxl\MI\00727.png,MI,MI,0.9634,1
C:\Users\taimo\OneDrive\Documents 1\work\ecg-synthetic-research\data\rendered\ptbxl\MI\00745.png,MI,MI,0.5107,1
C:\Users\taimo\OneDrive\Documents 1\work\ecg-synthetic-research\data\rendered\ptbxl\MI\00810.png,MI,NORM,0.5464,0
C:\Users\taimo\OneDrive\Documents 1\work\ecg-synthetic-research\data\rendered\ptbxl\MI\00997.png,MI,MI,0.6333,1
C:\Users\taimo\OneDrive\Documents 1\work\ecg-synthetic-research\data\rendered\ptbxl\MI\01014.png,MI,TACHY,0.715,0
C:\Users\taimo\OneDrive\Documents 1\work\ecg-synthetic-research\data\rendered\ptbxl\MI\01056.png,MI,MI,0.689,1
C:\Users\taimo\OneDrive\Documents 1\work\ecg-synthetic-research\data\rendered\ptbxl\MI\01063.png,MI,MI,0.4917,1
C:\Users\taimo\OneDrive\Documents 1\work\ecg-synthetic-research\data\rendered\ptbxl\MI\01085.png,MI,NORM,0.804,0
C:\Users\taimo\OneDrive\Documents 1\work\ecg-synthetic-research\data\rendered\ptbxl\MI\01138.png,MI,MI,0.7563,1
C:\Users\taimo\OneDrive\Documents 1\work\ecg-synthetic-research\data\rendered\ptbxl\MI\01155.png,MI,MI,0.91,1
C:\Users\taimo\OneDrive\Documents 1\work\ecg-synthetic-research\data\rendered\ptbxl\MI\01227.png,MI,NORM,0.5747,0
C:\Users\taimo\OneDrive\Documents 1\work\ecg-synthetic-research\data\rendered\ptbxl\MI\01320.png,MI,MI,0.9604,1
C:\Users\taimo\OneDrive\Documents 1\work\ecg-synthetic-research\data\rendered\ptbxl\MI\01342.png,MI,MI,0.536,1
C:\Users\taimo\OneDrive\Documents 1\work\ecg-synthetic-research\data\rendered\ptbxl\MI\01433.png,MI,MI,0.9575,1
C:\Users\taimo\OneDrive\Documents 1\work\ecg-synthetic-research\data\rendered\ptbxl\MI\01437.png,MI,MI,0.4531,1
C:\Users\taimo\OneDrive\Documents 1\work\ecg-synthetic-research\data\rendered\ptbxl\MI\01558.png,MI,MI,0.97,1
C:\Users\taimo\OneDrive\Documents 1\work\ecg-synthetic-research\data\rendered\ptbxl\MI\01577.png,MI,MI,0.64,1
C:\Users\taimo\OneDrive\Documents 1\work\ecg-synthetic-research\data\rendered\ptbxl\MI\01587.png,MI,MI,0.6772,1
C:\Users\taimo\OneDrive\Documents 1\work\ecg-synthetic-research\data\rendered\ptbxl\MI\01592.png,MI,MI,0.893,1
C:\Users\taimo\OneDrive\Documents 1\work\ecg-synthetic-research\data\rendered\ptbxl\MI\01737.png,MI,MI,0.7114,1
C:\Users\taimo\OneDrive\Documents 1\work\ecg-synthetic-research\data\rendered\ptbxl\MI\01756.png,MI,MI,0.492,1
C:\Users\taimo\OneDrive\Documents 1\work\ecg-synthetic-research\data\rendered\ptbxl\MI\01853.png,MI,MI,0.54,1
C:\Users\taimo\OneDrive\Documents 1\work\ecg-synthetic-research\data\rendered\ptbxl\MI\01935.png,MI,MI,0.807,1
C:\Users\taimo\OneDrive\Documents 1\work\ecg-synthetic-research\data\rendered\ptbxl\MI\01947.png,MI,MI,0.6455,1
C:\Users\taimo\OneDrive\Documents 1\work\ecg-synthetic-research\data\rendered\ptbxl\MI\01961.png,MI,NORM,0.563,0
C:\Users\taimo\OneDrive\Documents 1\work\ecg-synthetic-research\data\rendered\ptbxl\MI\01982.png,MI,MI,0.9136,1
C:\Users\taimo\OneDrive\Documents 1\work\ecg-synthetic-research\data\rendered\ptbxl\MI\01985.png,MI,MI,0.8936,1
C:\Users\taimo\OneDrive\Documents 1\work\ecg-synthetic-research\data\rendered\ptbxl\MI\01998.png,MI,MI,0.6973,1
C:\Users\taimo\OneDrive\Documents 1\work\ecg-synthetic-research\data\rendered\ptbxl\MI\02054.png,MI,TACHY,0.8765,0
C:\Users\taimo\OneDrive\Documents 1\work\ecg-synthetic-research\data\rendered\ptbxl\MI\02099.png,MI,TACHY,0.714,0
C:\Users\taimo\OneDrive\Documents 1\work\ecg-synthetic-research\data\rendered\ptbxl\MI\02222.png,MI,MI,0.6475,1
C:\Users\taimo\OneDrive\Documents 1\work\ecg-synthetic-research\data\rendered\ptbxl\MI\02288.png,MI,TACHY,0.4043,0
C:\Users\taimo\OneDrive\Documents 1\work\ecg-synthetic-research\data\rendered\ptbxl\MI\02397.png,MI,NORM,0.701,0
C:\Users\taimo\OneDrive\Documents 1\work\ecg-synthetic-research\data\rendered\ptbxl\MI\02422.png,MI,MI,0.554,1
C:\Users\taimo\OneDrive\Documents 1\work\ecg-synthetic-research\data\rendered\ptbxl\MI\02495.png,MI,NORM,0.6475,0
C:\Users\taimo\OneDrive\Documents 1\work\ecg-synthetic-research\data\rendered\ptbxl\MI\02510.png,MI,MI,0.534,1
C:\Users\taimo\OneDrive\Documents 1\work\ecg-synthetic-research\data\rendered\ptbxl\MI\02561.png,MI,NORM,0.593,0
C:\Users\taimo\OneDrive\Documents 1\work\ecg-synthetic-research\data\rendered\ptbxl\MI\02562.png,MI,MI,0.6606,1
C:\Users\taimo\OneDrive\Documents 1\work\ecg-synthetic-research\data\rendered\ptbxl\MI\02590.png,MI,NORM,0.7554,0
C:\Users\taimo\OneDrive\Documents 1\work\ecg-synthetic-research\data\rendered\ptbxl\MI\02621.png,MI,MI,0.7715,1
C:\Users\taimo\OneDrive\Documents 1\work\ecg-synthetic-research\data\rendered\ptbxl\MI\02623.png,MI,MI,0.9136,1
C:\Users\taimo\OneDrive\Documents 1\work\ecg-synthetic-research\data\rendered\ptbxl\MI\02627.png,MI,NORM,0.731,0
C:\Users\taimo\OneDrive\Documents 1\work\ecg-synthetic-research\data\rendered\ptbxl\MI\02676.png,MI,MI,0.7656,1
C:\Users\taimo\OneDrive\Documents 1\work\ecg-synthetic-research\data\rendered\ptbxl\MI\02684.png,MI,AFIB,0.61,0
C:\Users\taimo\OneDrive\Documents 1\work\ecg-synthetic-research\data\rendered\ptbxl\MI\02696.png,MI,MI,0.802,1
C:\Users\taimo\OneDrive\Documents 1\work\ecg-synthetic-research\data\rendered\ptbxl\MI\02882.png,MI,NORM,0.626,0
C:\Users\taimo\OneDrive\Documents 1\work\ecg-synthetic-research\data\rendered\ptbxl\MI\02927.png,MI,MI,0.716,1
C:\Users\taimo\OneDrive\Documents 1\work\ecg-synthetic-research\data\rendered\ptbxl\MI\02985.png,MI,MI,0.772,1
C:\Users\taimo\OneDrive\Documents 1\work\ecg-synthetic-research\data\rendered\ptbxl\MI\02992.png,MI,MI,0.484,1
C:\Users\taimo\OneDrive\Documents 1\work\ecg-synthetic-research\data\rendered\ptbxl\MI\03057.png,MI,NORM,0.722,0
C:\Users\taimo\OneDrive\Documents 1\work\ecg-synthetic-research\data\rendered\ptbxl\MI\03069.png,MI,MI,0.749,1
C:\Users\taimo\OneDrive\Documents 1\work\ecg-synthetic-research\data\rendered\ptbxl\MI\03099.png,MI,NORM,0.394,0
C:\Users\taimo\OneDrive\Documents 1\work\ecg-synthetic-research\data\rendered\ptbxl\MI\03122.png,MI,MI,0.7017,1
C:\Users\taimo\OneDrive\Documents 1\work\ecg-synthetic-research\data\rendered\ptbxl\MI\03144.png,MI,MI,0.897,1
C:\Users\taimo\OneDrive\Documents 1\work\ecg-synthetic-research\data\rendered\ptbxl\MI\03150.png,MI,MI,0.783,1
C:\Users\taimo\OneDrive\Documents 1\work\ecg-synthetic-research\data\rendered\ptbxl\MI\03223.png,MI,NORM,0.5864,0
C:\Users\taimo\OneDrive\Documents 1\work\ecg-synthetic-research\data\rendered\ptbxl\MI\03307.png,MI,MI,0.8306,1
C:\Users\taimo\OneDrive\Documents 1\work\ecg-synthetic-research\data\rendered\ptbxl\MI\03309.png,MI,MI,0.89,1
C:\Users\taimo\OneDrive\Documents 1\work\ecg-synthetic-research\data\rendered\ptbxl\MI\03322.png,MI,NORM,0.5566,0
C:\Users\taimo\OneDrive\Documents 1\work\ecg-synthetic-research\data\rendered\ptbxl\MI\03329.png,MI,MI,0.959,1
C:\Users\taimo\OneDrive\Documents 1\work\ecg-synthetic-research\data\rendered\ptbxl\MI\03427.png,MI,MI,0.7905,1
C:\Users\taimo\OneDrive\Documents 1\work\ecg-synthetic-research\data\rendered\ptbxl\MI\03445.png,MI,TACHY,0.5547,0
C:\Users\taimo\OneDrive\Documents 1\work\ecg-synthetic-research\data\rendered\ptbxl\MI\03482.png,MI,MI,0.6426,1
C:\Users\taimo\OneDrive\Documents 1\work\ecg-synthetic-research\data\rendered\ptbxl\MI\03651.png,MI,NORM,0.5293,0
C:\Users\taimo\OneDrive\Documents 1\work\ecg-synthetic-research\data\rendered\ptbxl\MI\03696.png,MI,MI,0.517,1
C:\Users\taimo\OneDrive\Documents 1\work\ecg-synthetic-research\data\rendered\ptbxl\MI\03875.png,MI,NORM,0.779,0
C:\Users\taimo\OneDrive\Documents 1\work\ecg-synthetic-research\data\rendered\ptbxl\MI\03894.png,MI,NORM,0.786,0
C:\Users\taimo\OneDrive\Documents 1\work\ecg-synthetic-research\data\rendered\ptbxl\MI\03910.png,MI,MI,0.853,1
C:\Users\taimo\OneDrive\Documents 1\work\ecg-synthetic-research\data\rendered\ptbxl\MI\03949.png,MI,MI,0.4954,1
C:\Users\taimo\OneDrive\Documents 1\work\ecg-synthetic-research\data\rendered\ptbxl\MI\04166.png,MI,MI,0.53,1
C:\Users\taimo\OneDrive\Documents 1\work\ecg-synthetic-research\data\rendered\ptbxl\MI\04188.png,MI,MI,0.6377,1
C:\Users\taimo\OneDrive\Documents 1\work\ecg-synthetic-research\data\rendered\ptbxl\MI\04271.png,MI,MI,0.4712,1
C:\Users\taimo\OneDrive\Documents 1\work\ecg-synthetic-research\data\rendered\ptbxl\MI\04307.png,MI,MI,0.917,1
C:\Users\taimo\OneDrive\Documents 1\work\ecg-synthetic-research\data\rendered\ptbxl\MI\04316.png,MI,MI,0.8784,1
C:\Users\taimo\OneDrive\Documents 1\work\ecg-synthetic-research\data\rendered\ptbxl\MI\04330.png,MI,MI,0.9087,1
C:\Users\taimo\OneDrive\Documents 1\work\ecg-synthetic-research\data\rendered\ptbxl\MI\04359.png,MI,MI,0.608,1
C:\Users\taimo\OneDrive\Documents 1\work\ecg-synthetic-research\data\rendered\ptbxl\MI\04386.png,MI,NORM,0.54,0
C:\Users\taimo\OneDrive\Documents 1\work\ecg-synthetic-research\data\rendered\ptbxl\MI\04436.png,MI,MI,0.863,1
C:\Users\taimo\OneDrive\Documents 1\work\ecg-synthetic-research\data\rendered\ptbxl\MI\04449.png,MI,MI,0.878,1
C:\Users\taimo\OneDrive\Documents 1\work\ecg-synthetic-research\data\rendered\ptbxl\MI\04493.png,MI,MI,0.8643,1
C:\Users\taimo\OneDrive\Documents 1\work\ecg-synthetic-research\data\rendered\ptbxl\MI\04533.png,MI,MI,0.9507,1
C:\Users\taimo\OneDrive\Documents 1\work\ecg-synthetic-research\data\rendered\ptbxl\MI\04578.png,MI,MI,0.895,1
C:\Users\taimo\OneDrive\Documents 1\work\ecg-synthetic-research\data\rendered\ptbxl\MI\04594.png,MI,MI,0.728,1
C:\Users\taimo\OneDrive\Documents 1\work\ecg-synthetic-research\data\rendered\ptbxl\MI\04604.png,MI,NORM,0.5835,0
C:\Users\taimo\OneDrive\Documents 1\work\ecg-synthetic-research\data\rendered\ptbxl\MI\04607.png,MI,NORM,0.5073,0
C:\Users\taimo\OneDrive\Documents 1\work\ecg-synthetic-research\data\rendered\ptbxl\MI\04649.png,MI,MI,0.6646,1
C:\Users\taimo\OneDrive\Documents 1\work\ecg-synthetic-research\data\rendered\ptbxl\MI\04696.png,MI,TACHY,0.7393,0
C:\Users\taimo\OneDrive\Documents 1\work\ecg-synthetic-research\data\rendered\ptbxl\MI\04794.png,MI,MI,0.958,1
C:\Users\taimo\OneDrive\Documents 1\work\ecg-synthetic-research\data\rendered\ptbxl\MI\04796.png,MI,NORM,0.5884,0
C:\Users\taimo\OneDrive\Documents 1\work\ecg-synthetic-research\data\rendered\ptbxl\MI\04813.png,MI,MI,0.9014,1
C:\Users\taimo\OneDrive\Documents 1\work\ecg-synthetic-research\data\rendered\ptbxl\MI\04872.png,MI,MI,0.566,1
C:\Users\taimo\OneDrive\Documents 1\work\ecg-synthetic-research\data\rendered\ptbxl\MI\04901.png,MI,NORM,0.5176,0
C:\Users\taimo\OneDrive\Documents 1\work\ecg-synthetic-research\data\rendered\ptbxl\MI\04915.png,MI,NORM,0.6084,0
C:\Users\taimo\OneDrive\Documents 1\work\ecg-synthetic-research\data\rendered\ptbxl\MI\04937.png,MI,NORM,0.628,0
C:\Users\taimo\OneDrive\Documents 1\work\ecg-synthetic-research\data\rendered\ptbxl\MI\04953.png,MI,TACHY,0.775,0
C:\Users\taimo\OneDrive\Documents 1\work\ecg-synthetic-research\data\rendered\ptbxl\MI\04962.png,MI,MI,0.8525,1
C:\Users\taimo\OneDrive\Documents 1\work\ecg-synthetic-research\data\rendered\ptbxl\MI\05036.png,MI,MI,0.9473,1
C:\Users\taimo\OneDrive\Documents 1\work\ecg-synthetic-research\data\rendered\ptbxl\MI\05155.png,MI,MI,0.529,1
C:\Users\taimo\OneDrive\Documents 1\work\ecg-synthetic-research\data\rendered\ptbxl\MI\05224.png,MI,MI,0.565,1
C:\Users\taimo\OneDrive\Documents 1\work\ecg-synthetic-research\data\rendered\ptbxl\MI\05259.png,MI,MI,0.558,1
C:\Users\taimo\OneDrive\Documents 1\work\ecg-synthetic-research\data\rendered\ptbxl\MI\05264.png,MI,AFIB,0.875,0
C:\Users\taimo\OneDrive\Documents 1\work\ecg-synthetic-research\data\rendered\ptbxl\MI\05276.png,MI,MI,0.7363,1
C:\Users\taimo\OneDrive\Documents 1\work\ecg-synthetic-research\data\rendered\ptbxl\MI\05277.png,MI,MI,0.6973,1
C:\Users\taimo\OneDrive\Documents 1\work\ecg-synthetic-research\data\rendered\ptbxl\MI\05357.png,MI,MI,0.852,1
C:\Users\taimo\OneDrive\Documents 1\work\ecg-synthetic-research\data\rendered\ptbxl\MI\05397.png,MI,MI,0.8926,1
C:\Users\taimo\OneDrive\Documents 1\work\ecg-synthetic-research\data\rendered\ptbxl\MI\05454.png,MI,NORM,0.8022,0
C:\Users\taimo\OneDrive\Documents 1\work\ecg-synthetic-research\data\rendered\ptbxl\MI\05464.png,MI,NORM,0.5684,0
C:\Users\taimo\OneDrive\Documents 1\work\ecg-synthetic-research\data\rendered\ptbxl\MI\05602.png,MI,MI,0.84,1
C:\Users\taimo\OneDrive\Documents 1\work\ecg-synthetic-research\data\rendered\ptbxl\MI\05628.png,MI,NORM,0.649,0
C:\Users\taimo\OneDrive\Documents 1\work\ecg-synthetic-research\data\rendered\ptbxl\MI\05633.png,MI,MI,0.579,1
C:\Users\taimo\OneDrive\Documents 1\work\ecg-synthetic-research\data\rendered\ptbxl\MI\05667.png,MI,MI,0.7,1
C:\Users\taimo\OneDrive\Documents 1\work\ecg-synthetic-research\data\rendered\ptbxl\MI\05716.png,MI,MI,0.708,1
C:\Users\taimo\OneDrive\Documents 1\work\ecg-synthetic-research\data\rendered\ptbxl\MI\05889.png,MI,MI,0.852,1
C:\Users\taimo\OneDrive\Documents 1\work\ecg-synthetic-research\data\rendered\ptbxl\MI\05892.png,MI,AFIB,0.7583,0
C:\Users\taimo\OneDrive\Documents 1\work\ecg-synthetic-research\data\rendered\ptbxl\MI\05990.png,MI,NORM,0.5903,0
C:\Users\taimo\OneDrive\Documents 1\work\ecg-synthetic-research\data\rendered\ptbxl\MI\06056.png,MI,MI,0.551,1
C:\Users\taimo\OneDrive\Documents 1\work\ecg-synthetic-research\data\rendered\ptbxl\MI\06112.png,MI,NORM,0.566,0
C:\Users\taimo\OneDrive\Documents 1\work\ecg-synthetic-research\data\rendered\ptbxl\MI\06257.png,MI,MI,0.511,1
C:\Users\taimo\OneDrive\Documents 1\work\ecg-synthetic-research\data\rendered\ptbxl\MI\06306.png,MI,MI,0.839,1
C:\Users\taimo\OneDrive\Documents 1\work\ecg-synthetic-research\data\rendered\ptbxl\MI\06350.png,MI,MI,0.937,1
C:\Users\taimo\OneDrive\Documents 1\work\ecg-synthetic-research\data\rendered\ptbxl\MI\06426.png,MI,MI,0.734,1
C:\Users\taimo\OneDrive\Documents 1\work\ecg-synthetic-research\data\rendered\ptbxl\MI\06432.png,MI,MI,0.864,1
C:\Users\taimo\OneDrive\Documents 1\work\ecg-synthetic-research\data\rendered\ptbxl\MI\06467.png,MI,MI,0.8926,1
C:\Users\taimo\OneDrive\Documents 1\work\ecg-synthetic-research\data\rendered\ptbxl\MI\06480.png,MI,MI,0.8784,1
C:\Users\taimo\OneDrive\Documents 1\work\ecg-synthetic-research\data\rendered\ptbxl\MI\06552.png,MI,MI,0.967,1
C:\Users\taimo\OneDrive\Documents 1\work\ecg-synthetic-research\data\rendered\ptbxl\MI\06630.png,MI,MI,0.7905,1
C:\Users\taimo\OneDrive\Documents 1\work\ecg-synthetic-research\data\rendered\ptbxl\MI\06690.png,MI,MI,0.715,1
C:\Users\taimo\OneDrive\Documents 1\work\ecg-synthetic-research\data\rendered\ptbxl\MI\06701.png,MI,MI,0.8794,1
C:\Users\taimo\OneDrive\Documents 1\work\ecg-synthetic-research\data\rendered\ptbxl\MI\06705.png,MI,MI,0.944,1
C:\Users\taimo\OneDrive\Documents 1\work\ecg-synthetic-research\data\rendered\ptbxl\MI\06714.png,MI,TACHY,0.956,0
C:\Users\taimo\OneDrive\Documents 1\work\ecg-synthetic-research\data\rendered\ptbxl\MI\06732.png,MI,MI,0.5806,1
C:\Users\taimo\OneDrive\Documents 1\work\ecg-synthetic-research\data\rendered\ptbxl\MI\06957.png,MI,MI,0.662,1
C:\Users\taimo\OneDrive\Documents 1\work\ecg-synthetic-research\data\rendered\ptbxl\MI\06994.png,MI,MI,0.57,1
C:\Users\taimo\OneDrive\Documents 1\work\ecg-synthetic-research\data\rendered\ptbxl\MI\07001.png,MI,MI,0.8027,1
C:\Users\taimo\OneDrive\Documents 1\work\ecg-synthetic-research\data\rendered\ptbxl\MI\07028.png,MI,MI,0.84,1
C:\Users\taimo\OneDrive\Documents 1\work\ecg-synthetic-research\data\rendered\ptbxl\MI\07052.png,MI,MI,0.944,1
C:\Users\taimo\OneDrive\Documents 1\work\ecg-synthetic-research\data\rendered\ptbxl\MI\07122.png,MI,MI,0.584,1
C:\Users\taimo\OneDrive\Documents 1\work\ecg-synthetic-research\data\rendered\ptbxl\MI\07146.png,MI,NORM,0.7725,0
C:\Users\taimo\OneDrive\Documents 1\work\ecg-synthetic-research\data\rendered\ptbxl\MI\07172.png,MI,MI,0.907,1
C:\Users\taimo\OneDrive\Documents 1\work\ecg-synthetic-research\data\rendered\ptbxl\MI\07212.png,MI,MI,0.8276,1
C:\Users\taimo\OneDrive\Documents 1\work\ecg-synthetic-research\data\rendered\ptbxl\MI\07308.png,MI,NORM,0.58,0
C:\Users\taimo\OneDrive\Documents 1\work\ecg-synthetic-research\data\rendered\ptbxl\MI\07314.png,MI,MI,0.6807,1
C:\Users\taimo\OneDrive\Documents 1\work\ecg-synthetic-research\data\rendered\ptbxl\MI\07325.png,MI,MI,0.6035,1
C:\Users\taimo\OneDrive\Documents 1\work\ecg-synthetic-research\data\rendered\ptbxl\MI\07452.png,MI,MI,0.7236,1
C:\Users\taimo\OneDrive\Documents 1\work\ecg-synthetic-research\data\rendered\ptbxl\MI\07468.png,MI,MI,0.597,1
C:\Users\taimo\OneDrive\Documents 1\work\ecg-synthetic-research\data\rendered\ptbxl\MI\07471.png,MI,MI,0.605,1
C:\Users\taimo\OneDrive\Documents 1\work\ecg-synthetic-research\data\rendered\ptbxl\MI\07536.png,MI,MI,0.982,1
C:\Users\taimo\OneDrive\Documents 1\work\ecg-synthetic-research\data\rendered\ptbxl\MI\07549.png,MI,MI,0.7095,1
C:\Users\taimo\OneDrive\Documents 1\work\ecg-synthetic-research\data\rendered\ptbxl\MI\07604.png,MI,MI,0.862,1
C:\Users\taimo\OneDrive\Documents 1\work\ecg-synthetic-research\data\rendered\ptbxl\MI\07639.png,MI,MI,0.7197,1
C:\Users\taimo\OneDrive\Documents 1\work\ecg-synthetic-research\data\rendered\ptbxl\MI\07676.png,MI,MI,0.7056,1
C:\Users\taimo\OneDrive\Documents 1\work\ecg-synthetic-research\data\rendered\ptbxl\MI\07745.png,MI,MI,0.6963,1
C:\Users\taimo\OneDrive\Documents 1\work\ecg-synthetic-research\data\rendered\ptbxl\MI\07780.png,MI,MI,0.822,1
C:\Users\taimo\OneDrive\Documents 1\work\ecg-synthetic-research\data\rendered\ptbxl\MI\07825.png,MI,NORM,0.782,0
C:\Users\taimo\OneDrive\Documents 1\work\ecg-synthetic-research\data\rendered\ptbxl\MI\07827.png,MI,MI,0.8193,1
C:\Users\taimo\OneDrive\Documents 1\work\ecg-synthetic-research\data\rendered\ptbxl\MI\07838.png,MI,MI,0.6587,1
C:\Users\taimo\OneDrive\Documents 1\work\ecg-synthetic-research\data\rendered\ptbxl\MI\08095.png,MI,MI,0.9595,1
C:\Users\taimo\OneDrive\Documents 1\work\ecg-synthetic-research\data\rendered\ptbxl\MI\08129.png,MI,MI,0.8696,1
C:\Users\taimo\OneDrive\Documents 1\work\ecg-synthetic-research\data\rendered\ptbxl\MI\08226.png,MI,NORM,0.543,0
C:\Users\taimo\OneDrive\Documents 1\work\ecg-synthetic-research\data\rendered\ptbxl\MI\08229.png,MI,NORM,0.6577,0
C:\Users\taimo\OneDrive\Documents 1\work\ecg-synthetic-research\data\rendered\ptbxl\MI\08252.png,MI,MI,0.886,1
C:\Users\taimo\OneDrive\Documents 1\work\ecg-synthetic-research\data\rendered\ptbxl\MI\08285.png,MI,NORM,0.546,0
C:\Users\taimo\OneDrive\Documents 1\work\ecg-synthetic-research\data\rendered\ptbxl\MI\08352.png,MI,MI,0.4995,1
C:\Users\taimo\OneDrive\Documents 1\work\ecg-synthetic-research\data\rendered\ptbxl\MI\08356.png,MI,NORM,0.8506,0
C:\Users\taimo\OneDrive\Documents 1\work\ecg-synthetic-research\data\rendered\ptbxl\MI\08373.png,MI,MI,0.767,1
C:\Users\taimo\OneDrive\Documents 1\work\ecg-synthetic-research\data\rendered\ptbxl\MI\08413.png,MI,MI,0.849,1
C:\Users\taimo\OneDrive\Documents 1\work\ecg-synthetic-research\data\rendered\ptbxl\MI\08472.png,MI,MI,0.8447,1
C:\Users\taimo\OneDrive\Documents 1\work\ecg-synthetic-research\data\rendered\ptbxl\MI\08585.png,MI,NORM,0.7363,0
C:\Users\taimo\OneDrive\Documents 1\work\ecg-synthetic-research\data\rendered\ptbxl\MI\08615.png,MI,MI,0.8457,1
C:\Users\taimo\OneDrive\Documents 1\work\ecg-synthetic-research\data\rendered\ptbxl\MI\08616.png,MI,MI,0.893,1
C:\Users\taimo\OneDrive\Documents 1\work\ecg-synthetic-research\data\rendered\ptbxl\MI\08636.png,MI,MI,0.7964,1
C:\Users\taimo\OneDrive\Documents 1\work\ecg-synthetic-research\data\rendered\ptbxl\MI\08652.png,MI,MI,0.736,1
C:\Users\taimo\OneDrive\Documents 1\work\ecg-synthetic-research\data\rendered\ptbxl\MI\08674.png,MI,MI,0.581,1
C:\Users\taimo\OneDrive\Documents 1\work\ecg-synthetic-research\data\rendered\ptbxl\MI\08711.png,MI,NORM,0.651,0
C:\Users\taimo\OneDrive\Documents 1\work\ecg-synthetic-research\data\rendered\ptbxl\MI\08793.png,MI,MI,0.6807,1
C:\Users\taimo\OneDrive\Documents 1\work\ecg-synthetic-research\data\rendered\ptbxl\MI\08796.png,MI,MI,0.5903,1
C:\Users\taimo\OneDrive\Documents 1\work\ecg-synthetic-research\data\rendered\ptbxl\MI\08801.png,MI,MI,0.6665,1
C:\Users\taimo\OneDrive\Documents 1\work\ecg-synthetic-research\data\rendered\ptbxl\MI\08803.png,MI,MI,0.642,1
C:\Users\taimo\OneDrive\Documents 1\work\ecg-synthetic-research\data\rendered\ptbxl\MI\08891.png,MI,MI,0.6313,1
C:\Users\taimo\OneDrive\Documents 1\work\ecg-synthetic-research\data\rendered\ptbxl\MI\08996.png,MI,MI,0.8413,1
C:\Users\taimo\OneDrive\Documents 1\work\ecg-synthetic-research\data\rendered\ptbxl\MI\09060.png,MI,MI,0.5527,1
C:\Users\taimo\OneDrive\Documents 1\work\ecg-synthetic-research\data\rendered\ptbxl\MI\09098.png,MI,MI,0.7363,1
C:\Users\taimo\OneDrive\Documents 1\work\ecg-synthetic-research\data\rendered\ptbxl\MI\09107.png,MI,NORM,0.495,0
C:\Users\taimo\OneDrive\Documents 1\work\ecg-synthetic-research\data\rendered\ptbxl\MI\09144.png,MI,TACHY,0.786,0
C:\Users\taimo\OneDrive\Documents 1\work\ecg-synthetic-research\data\rendered\ptbxl\MI\09146.png,MI,MI,0.8037,1
C:\Users\taimo\OneDrive\Documents 1\work\ecg-synthetic-research\data\rendered\ptbxl\MI\09271.png,MI,MI,0.707,1
C:\Users\taimo\OneDrive\Documents 1\work\ecg-synthetic-research\data\rendered\ptbxl\MI\09329.png,MI,MI,0.89,1
C:\Users\taimo\OneDrive\Documents 1\work\ecg-synthetic-research\data\rendered\ptbxl\MI\09346.png,MI,MI,0.842,1
C:\Users\taimo\OneDrive\Documents 1\work\ecg-synthetic-research\data\rendered\ptbxl\MI\09530.png,MI,MI,0.783,1
C:\Users\taimo\OneDrive\Documents 1\work\ecg-synthetic-research\data\rendered\ptbxl\MI\09559.png,MI,MI,0.9067,1
C:\Users\taimo\OneDrive\Documents 1\work\ecg-synthetic-research\data\rendered\ptbxl\MI\09634.png,MI,MI,0.8833,1
C:\Users\taimo\OneDrive\Documents 1\work\ecg-synthetic-research\data\rendered\ptbxl\MI\09891.png,MI,NORM,0.5283,0
C:\Users\taimo\OneDrive\Documents 1\work\ecg-synthetic-research\data\rendered\ptbxl\MI\09895.png,MI,MI,0.791,1
C:\Users\taimo\OneDrive\Documents 1\work\ecg-synthetic-research\data\rendered\ptbxl\MI\09927.png,MI,TACHY,0.9756,0
C:\Users\taimo\OneDrive\Documents 1\work\ecg-synthetic-research\data\rendered\ptbxl\MI\09933.png,MI,MI,0.9727,1
C:\Users\taimo\OneDrive\Documents 1\work\ecg-synthetic-research\data\rendered\ptbxl\MI\09953.png,MI,MI,0.685,1
C:\Users\taimo\OneDrive\Documents 1\work\ecg-synthetic-research\data\rendered\ptbxl\MI\09967.png,MI,MI,0.4502,1
C:\Users\taimo\OneDrive\Documents 1\work\ecg-synthetic-research\data\rendered\ptbxl\MI\10009.png,MI,MI,0.607,1
C:\Users\taimo\OneDrive\Documents 1\work\ecg-synthetic-research\data\rendered\ptbxl\MI\10049.png,MI,MI,0.891,1
C:\Users\taimo\OneDrive\Documents 1\work\ecg-synthetic-research\data\rendered\ptbxl\MI\10074.png,MI,MI,0.8066,1
C:\Users\taimo\OneDrive\Documents 1\work\ecg-synthetic-research\data\rendered\ptbxl\MI\10308.png,MI,TACHY,0.6367,0
C:\Users\taimo\OneDrive\Documents 1\work\ecg-synthetic-research\data\rendered\ptbxl\MI\10343.png,MI,MI,0.696,1
C:\Users\taimo\OneDrive\Documents 1\work\ecg-synthetic-research\data\rendered\ptbxl\MI\10389.png,MI,NORM,0.547,0
C:\Users\taimo\OneDrive\Documents 1\work\ecg-synthetic-research\data\rendered\ptbxl\MI\10419.png,MI,MI,0.596,1
C:\Users\taimo\OneDrive\Documents 1\work\ecg-synthetic-research\data\rendered\ptbxl\MI\10430.png,MI,TACHY,0.5854,0
C:\Users\taimo\OneDrive\Documents 1\work\ecg-synthetic-research\data\rendered\ptbxl\MI\10476.png,MI,MI,0.3818,1
C:\Users\taimo\OneDrive\Documents 1\work\ecg-synthetic-research\data\rendered\ptbxl\MI\10490.png,MI,MI,0.547,1
C:\Users\taimo\OneDrive\Documents 1\work\ecg-synthetic-research\data\rendered\ptbxl\MI\10539.png,MI,MI,0.587,1
C:\Users\taimo\OneDrive\Documents 1\work\ecg-synthetic-research\data\rendered\ptbxl\MI\10571.png,MI,MI,0.7773,1
C:\Users\taimo\OneDrive\Documents 1\work\ecg-synthetic-research\data\rendered\ptbxl\MI\10609.png,MI,MI,0.9287,1
C:\Users\taimo\OneDrive\Documents 1\work\ecg-synthetic-research\data\rendered\ptbxl\MI\10632.png,MI,MI,0.765,1
C:\Users\taimo\OneDrive\Documents 1\work\ecg-synthetic-research\data\rendered\ptbxl\MI\10668.png,MI,MI,0.5405,1
C:\Users\taimo\OneDrive\Documents 1\work\ecg-synthetic-research\data\rendered\ptbxl\MI\10673.png,MI,MI,0.9854,1
C:\Users\taimo\OneDrive\Documents 1\work\ecg-synthetic-research\data\rendered\ptbxl\MI\10721.png,MI,MI,0.723,1
C:\Users\taimo\OneDrive\Documents 1\work\ecg-synthetic-research\data\rendered\ptbxl\MI\10769.png,MI,NORM,0.5537,0
C:\Users\taimo\OneDrive\Documents 1\work\ecg-synthetic-research\data\rendered\ptbxl\MI\10878.png,MI,MI,0.909,1
C:\Users\taimo\OneDrive\Documents 1\work\ecg-synthetic-research\data\rendered\ptbxl\MI\10880.png,MI,MI,0.762,1
C:\Users\taimo\OneDrive\Documents 1\work\ecg-synthetic-research\data\rendered\ptbxl\MI\10888.png,MI,MI,0.8784,1
C:\Users\taimo\OneDrive\Documents 1\work\ecg-synthetic-research\data\rendered\ptbxl\MI\10890.png,MI,MI,0.557,1
C:\Users\taimo\OneDrive\Documents 1\work\ecg-synthetic-research\data\rendered\ptbxl\MI\10950.png,MI,MI,0.883,1
C:\Users\taimo\OneDrive\Documents 1\work\ecg-synthetic-research\data\rendered\ptbxl\MI\11010.png,MI,MI,0.7363,1
C:\Users\taimo\OneDrive\Documents 1\work\ecg-synthetic-research\data\rendered\ptbxl\MI\11018.png,MI,MI,0.927,1
C:\Users\taimo\OneDrive\Documents 1\work\ecg-synthetic-research\data\rendered\ptbxl\MI\11066.png,MI,MI,0.8525,1
C:\Users\taimo\OneDrive\Documents 1\work\ecg-synthetic-research\data\rendered\ptbxl\MI\11111.png,MI,MI,0.6216,1
C:\Users\taimo\OneDrive\Documents 1\work\ecg-synthetic-research\data\rendered\ptbxl\MI\11171.png,MI,MI,0.7617,1
C:\Users\taimo\OneDrive\Documents 1\work\ecg-synthetic-research\data\rendered\ptbxl\MI\11250.png,MI,MI,0.6475,1
C:\Users\taimo\OneDrive\Documents 1\work\ecg-synthetic-research\data\rendered\ptbxl\MI\11263.png,MI,MI,0.9385,1
C:\Users\taimo\OneDrive\Documents 1\work\ecg-synthetic-research\data\rendered\ptbxl\MI\11293.png,MI,MI,0.667,1
C:\Users\taimo\OneDrive\Documents 1\work\ecg-synthetic-research\data\rendered\ptbxl\MI\11296.png,MI,MI,0.9414,1
C:\Users\taimo\OneDrive\Documents 1\work\ecg-synthetic-research\data\rendered\ptbxl\MI\11359.png,MI,NORM,0.6714,0
C:\Users\taimo\OneDrive\Documents 1\work\ecg-synthetic-research\data\rendered\ptbxl\MI\11422.png,MI,MI,0.925,1
C:\Users\taimo\OneDrive\Documents 1\work\ecg-synthetic-research\data\rendered\ptbxl\MI\11569.png,MI,MI,0.722,1
C:\Users\taimo\OneDrive\Documents 1\work\ecg-synthetic-research\data\rendered\ptbxl\MI\11588.png,MI,NORM,0.64,0
C:\Users\taimo\OneDrive\Documents 1\work\ecg-synthetic-research\data\rendered\ptbxl\MI\11629.png,MI,MI,0.4128,1
C:\Users\taimo\OneDrive\Documents 1\work\ecg-synthetic-research\data\rendered\ptbxl\MI\11638.png,MI,MI,0.9595,1
C:\Users\taimo\OneDrive\Documents 1\work\ecg-synthetic-research\data\rendered\ptbxl\MI\11643.png,MI,NORM,0.651,0
C:\Users\taimo\OneDrive\Documents 1\work\ecg-synthetic-research\data\rendered\ptbxl\MI\11663.png,MI,NORM,0.4644,0
C:\Users\taimo\OneDrive\Documents 1\work\ecg-synthetic-research\data\rendered\ptbxl\MI\11676.png,MI,MI,0.885,1
C:\Users\taimo\OneDrive\Documents 1\work\ecg-synthetic-research\data\rendered\ptbxl\MI\11769.png,MI,MI,0.6924,1
C:\Users\taimo\OneDrive\Documents 1\work\ecg-synthetic-research\data\rendered\ptbxl\MI\11811.png,MI,MI,0.5674,1
C:\Users\taimo\OneDrive\Documents 1\work\ecg-synthetic-research\data\rendered\ptbxl\MI\11841.png,MI,MI,0.4797,1
C:\Users\taimo\OneDrive\Documents 1\work\ecg-synthetic-research\data\rendered\ptbxl\MI\11892.png,MI,MI,0.847,1
C:\Users\taimo\OneDrive\Documents 1\work\ecg-synthetic-research\data\rendered\ptbxl\MI\11896.png,MI,MI,0.914,1
C:\Users\taimo\OneDrive\Documents 1\work\ecg-synthetic-research\data\rendered\ptbxl\MI\11902.png,MI,MI,0.952,1
C:\Users\taimo\OneDrive\Documents 1\work\ecg-synthetic-research\data\rendered\ptbxl\MI\11963.png,MI,MI,0.6436,1
C:\Users\taimo\OneDrive\Documents 1\work\ecg-synthetic-research\data\rendered\ptbxl\MI\11964.png,MI,MI,0.946,1
C:\Users\taimo\OneDrive\Documents 1\work\ecg-synthetic-research\data\rendered\ptbxl\MI\12077.png,MI,NORM,0.8774,0
C:\Users\taimo\OneDrive\Documents 1\work\ecg-synthetic-research\data\rendered\ptbxl\MI\12145.png,MI,NORM,0.7104,0
C:\Users\taimo\OneDrive\Documents 1\work\ecg-synthetic-research\data\rendered\ptbxl\MI\12167.png,MI,MI,0.7593,1
C:\Users\taimo\OneDrive\Documents 1\work\ecg-synthetic-research\data\rendered\ptbxl\MI\12421.png,MI,MI,0.922,1
C:\Users\taimo\OneDrive\Documents 1\work\ecg-synthetic-research\data\rendered\ptbxl\MI\12428.png,MI,MI,0.9067,1
C:\Users\taimo\OneDrive\Documents 1\work\ecg-synthetic-research\data\rendered\ptbxl\MI\12447.png,MI,MI,0.922,1
C:\Users\taimo\OneDrive\Documents 1\work\ecg-synthetic-research\data\rendered\ptbxl\MI\12484.png,MI,MI,0.866,1
C:\Users\taimo\OneDrive\Documents 1\work\ecg-synthetic-research\data\rendered\ptbxl\MI\12488.png,MI,NORM,0.6284,0
C:\Users\taimo\OneDrive\Documents 1\work\ecg-synthetic-research\data\rendered\ptbxl\MI\12536.png,MI,MI,0.8037,1
C:\Users\taimo\OneDrive\Documents 1\work\ecg-synthetic-research\data\rendered\ptbxl\MI\12560.png,MI,MI,0.6914,1
C:\Users\taimo\OneDrive\Documents 1\work\ecg-synthetic-research\data\rendered\ptbxl\MI\12636.png,MI,TACHY,0.7627,0
C:\Users\taimo\OneDrive\Documents 1\work\ecg-synthetic-research\data\rendered\ptbxl\MI\12735.png,MI,NORM,0.55,0
C:\Users\taimo\OneDrive\Documents 1\work\ecg-synthetic-research\data\rendered\ptbxl\MI\12828.png,MI,MI,0.708,1
C:\Users\taimo\OneDrive\Documents 1\work\ecg-synthetic-research\data\rendered\ptbxl\MI\12848.png,MI,MI,0.923,1
C:\Users\taimo\OneDrive\Documents 1\work\ecg-synthetic-research\data\rendered\ptbxl\MI\12899.png,MI,NORM,0.6694,0
C:\Users\taimo\OneDrive\Documents 1\work\ecg-synthetic-research\data\rendered\ptbxl\MI\12910.png,MI,MI,0.574,1
C:\Users\taimo\OneDrive\Documents 1\work\ecg-synthetic-research\data\rendered\ptbxl\MI\12927.png,MI,MI,0.534,1
C:\Users\taimo\OneDrive\Documents 1\work\ecg-synthetic-research\data\rendered\ptbxl\MI\12968.png,MI,MI,0.676,1
C:\Users\taimo\OneDrive\Documents 1\work\ecg-synthetic-research\data\rendered\ptbxl\MI\12972.png,MI,MI,0.764,1
C:\Users\taimo\OneDrive\Documents 1\work\ecg-synthetic-research\data\rendered\ptbxl\MI\12975.png,MI,NORM,0.5845,0
C:\Users\taimo\OneDrive\Documents 1\work\ecg-synthetic-research\data\rendered\ptbxl\MI\12989.png,MI,MI,0.7344,1
C:\Users\taimo\OneDrive\Documents 1\work\ecg-synthetic-research\data\rendered\ptbxl\MI\13132.png,MI,MI,0.75,1
C:\Users\taimo\OneDrive\Documents 1\work\ecg-synthetic-research\data\rendered\ptbxl\MI\13326.png,MI,MI,0.3489,1
C:\Users\taimo\OneDrive\Documents 1\work\ecg-synthetic-research\data\rendered\ptbxl\MI\13435.png,MI,NORM,0.5522,0
C:\Users\taimo\OneDrive\Documents 1\work\ecg-synthetic-research\data\rendered\ptbxl\MI\13559.png,MI,MI,0.5015,1
C:\Users\taimo\OneDrive\Documents 1\work\ecg-synthetic-research\data\rendered\ptbxl\MI\13635.png,MI,MI,0.878,1
C:\Users\taimo\OneDrive\Documents 1\work\ecg-synthetic-research\data\rendered\ptbxl\MI\13652.png,MI,MI,0.701,1
C:\Users\taimo\OneDrive\Documents 1\work\ecg-synthetic-research\data\rendered\ptbxl\MI\13665.png,MI,MI,0.8965,1
C:\Users\taimo\OneDrive\Documents 1\work\ecg-synthetic-research\data\rendered\ptbxl\MI\13687.png,MI,MI,0.7173,1
C:\Users\taimo\OneDrive\Documents 1\work\ecg-synthetic-research\data\rendered\ptbxl\MI\13718.png,MI,MI,0.952,1
C:\Users\taimo\OneDrive\Documents 1\work\ecg-synthetic-research\data\rendered\ptbxl\MI\13771.png,MI,NORM,0.5933,0
C:\Users\taimo\OneDrive\Documents 1\work\ecg-synthetic-research\data\rendered\ptbxl\MI\13775.png,MI,MI,0.5093,1
C:\Users\taimo\OneDrive\Documents 1\work\ecg-synthetic-research\data\rendered\ptbxl\MI\13839.png,MI,MI,0.589,1
C:\Users\taimo\OneDrive\Documents 1\work\ecg-synthetic-research\data\rendered\ptbxl\MI\13983.png,MI,MI,0.8887,1
C:\Users\taimo\OneDrive\Documents 1\work\ecg-synthetic-research\data\rendered\ptbxl\MI\13989.png,MI,MI,0.8853,1
C:\Users\taimo\OneDrive\Documents 1\work\ecg-synthetic-research\data\rendered\ptbxl\MI\14007.png,MI,NORM,0.7773,0
C:\Users\taimo\OneDrive\Documents 1\work\ecg-synthetic-research\data\rendered\ptbxl\MI\14018.png,MI,NORM,0.5117,0
C:\Users\taimo\OneDrive\Documents 1\work\ecg-synthetic-research\data\rendered\ptbxl\MI\14137.png,MI,MI,0.7974,1
C:\Users\taimo\OneDrive\Documents 1\work\ecg-synthetic-research\data\rendered\ptbxl\MI\14155.png,MI,NORM,0.502,0
C:\Users\taimo\OneDrive\Documents 1\work\ecg-synthetic-research\data\rendered\ptbxl\MI\14233.png,MI,MI,0.743,1
C:\Users\taimo\OneDrive\Documents 1\work\ecg-synthetic-research\data\rendered\ptbxl\MI\14252.png,MI,MI,0.634,1
C:\Users\taimo\OneDrive\Documents 1\work\ecg-synthetic-research\data\rendered\ptbxl\MI\14281.png,MI,AFIB,0.3503,0
C:\Users\taimo\OneDrive\Documents 1\work\ecg-synthetic-research\data\rendered\ptbxl\MI\14311.png,MI,MI,0.6714,1
C:\Users\taimo\OneDrive\Documents 1\work\ecg-synthetic-research\data\rendered\ptbxl\MI\14354.png,MI,MI,0.618,1
C:\Users\taimo\OneDrive\Documents 1\work\ecg-synthetic-research\data\rendered\ptbxl\MI\14413.png,MI,TACHY,0.9224,0
C:\Users\taimo\OneDrive\Documents 1\work\ecg-synthetic-research\data\rendered\ptbxl\MI\14477.png,MI,MI,0.5225,1
C:\Users\taimo\OneDrive\Documents 1\work\ecg-synthetic-research\data\rendered\ptbxl\MI\14641.png,MI,MI,0.791,1
C:\Users\taimo\OneDrive\Documents 1\work\ecg-synthetic-research\data\rendered\ptbxl\MI\14735.png,MI,MI,0.501,1
C:\Users\taimo\OneDrive\Documents 1\work\ecg-synthetic-research\data\rendered\ptbxl\MI\14752.png,MI,NORM,0.571,0
C:\Users\taimo\OneDrive\Documents 1\work\ecg-synthetic-research\data\rendered\ptbxl\MI\14773.png,MI,MI,0.859,1
C:\Users\taimo\OneDrive\Documents 1\work\ecg-synthetic-research\data\rendered\ptbxl\MI\14781.png,MI,MI,0.569,1
C:\Users\taimo\OneDrive\Documents 1\work\ecg-synthetic-research\data\rendered\ptbxl\MI\14786.png,MI,NORM,0.7656,0
C:\Users\taimo\OneDrive\Documents 1\work\ecg-synthetic-research\data\rendered\ptbxl\MI\14922.png,MI,MI,0.8594,1
C:\Users\taimo\OneDrive\Documents 1\work\ecg-synthetic-research\data\rendered\ptbxl\MI\14936.png,MI,MI,0.699,1
C:\Users\taimo\OneDrive\Documents 1\work\ecg-synthetic-research\data\rendered\ptbxl\MI\15120.png,MI,MI,0.7783,1
C:\Users\taimo\OneDrive\Documents 1\work\ecg-synthetic-research\data\rendered\ptbxl\MI\15166.png,MI,MI,0.8267,1
C:\Users\taimo\OneDrive\Documents 1\work\ecg-synthetic-research\data\rendered\ptbxl\MI\15193.png,MI,MI,0.44,1
C:\Users\taimo\OneDrive\Documents 1\work\ecg-synthetic-research\data\rendered\ptbxl\MI\15194.png,MI,MI,0.809,1
C:\Users\taimo\OneDrive\Documents 1\work\ecg-synthetic-research\data\rendered\ptbxl\MI\15203.png,MI,MI,0.657,1
C:\Users\taimo\OneDrive\Documents 1\work\ecg-synthetic-research\data\rendered\ptbxl\MI\15235.png,MI,TACHY,0.835,0
C:\Users\taimo\OneDrive\Documents 1\work\ecg-synthetic-research\data\rendered\ptbxl\MI\15257.png,MI,MI,0.8486,1
C:\Users\taimo\OneDrive\Documents 1\work\ecg-synthetic-research\data\rendered\ptbxl\MI\15259.png,MI,MI,0.688,1
C:\Users\taimo\OneDrive\Documents 1\work\ecg-synthetic-research\data\rendered\ptbxl\MI\15274.png,MI,NORM,0.6787,0
C:\Users\taimo\OneDrive\Documents 1\work\ecg-synthetic-research\data\rendered\ptbxl\MI\15286.png,MI,MI,0.8843,1
C:\Users\taimo\OneDrive\Documents 1\work\ecg-synthetic-research\data\rendered\ptbxl\MI\15289.png,MI,MI,0.9497,1
C:\Users\taimo\OneDrive\Documents 1\work\ecg-synthetic-research\data\rendered\ptbxl\MI\15463.png,MI,NORM,0.582,0
C:\Users\taimo\OneDrive\Documents 1\work\ecg-synthetic-research\data\rendered\ptbxl\MI\15515.png,MI,TACHY,0.8057,0
C:\Users\taimo\OneDrive\Documents 1\work\ecg-synthetic-research\data\rendered\ptbxl\MI\15559.png,MI,MI,0.56,1
C:\Users\taimo\OneDrive\Documents 1\work\ecg-synthetic-research\data\rendered\ptbxl\MI\15579.png,MI,NORM,0.593,0
C:\Users\taimo\OneDrive\Documents 1\work\ecg-synthetic-research\data\rendered\ptbxl\MI\15594.png,MI,MI,0.9287,1
C:\Users\taimo\OneDrive\Documents 1\work\ecg-synthetic-research\data\rendered\ptbxl\MI\15608.png,MI,MI,0.952,1
C:\Users\taimo\OneDrive\Documents 1\work\ecg-synthetic-research\data\rendered\ptbxl\MI\15621.png,MI,MI,0.9297,1
C:\Users\taimo\OneDrive\Documents 1\work\ecg-synthetic-research\data\rendered\ptbxl\MI\15633.png,MI,MI,0.804,1
C:\Users\taimo\OneDrive\Documents 1\work\ecg-synthetic-research\data\rendered\ptbxl\MI\15648.png,MI,MI,0.9556,1
C:\Users\taimo\OneDrive\Documents 1\work\ecg-synthetic-research\data\rendered\ptbxl\MI\15659.png,MI,MI,0.886,1
C:\Users\taimo\OneDrive\Documents 1\work\ecg-synthetic-research\data\rendered\ptbxl\MI\15731.png,MI,MI,0.717,1
C:\Users\taimo\OneDrive\Documents 1\work\ecg-synthetic-research\data\rendered\ptbxl\MI\15808.png,MI,MI,0.7974,1
C:\Users\taimo\OneDrive\Documents 1\work\ecg-synthetic-research\data\rendered\ptbxl\MI\16053.png,MI,MI,0.513,1
C:\Users\taimo\OneDrive\Documents 1\work\ecg-synthetic-research\data\rendered\ptbxl\MI\16127.png,MI,MI,0.518,1
C:\Users\taimo\OneDrive\Documents 1\work\ecg-synthetic-research\data\rendered\ptbxl\MI\16152.png,MI,MI,0.785,1
C:\Users\taimo\OneDrive\Documents 1\work\ecg-synthetic-research\data\rendered\ptbxl\MI\16200.png,MI,MI,0.881,1
C:\Users\taimo\OneDrive\Documents 1\work\ecg-synthetic-research\data\rendered\ptbxl\MI\16212.png,MI,MI,0.781,1
C:\Users\taimo\OneDrive\Documents 1\work\ecg-synthetic-research\data\rendered\ptbxl\MI\16234.png,MI,MI,0.9404,1
C:\Users\taimo\OneDrive\Documents 1\work\ecg-synthetic-research\data\rendered\ptbxl\MI\16273.png,MI,MI,0.6763,1
C:\Users\taimo\OneDrive\Documents 1\work\ecg-synthetic-research\data\rendered\ptbxl\MI\16278.png,MI,MI,0.741,1
C:\Users\taimo\OneDrive\Documents 1\work\ecg-synthetic-research\data\rendered\ptbxl\MI\16286.png,MI,MI,0.751,1
C:\Users\taimo\OneDrive\Documents 1\work\ecg-synthetic-research\data\rendered\ptbxl\MI\16330.png,MI,MI,0.9136,1
C:\Users\taimo\OneDrive\Documents 1\work\ecg-synthetic-research\data\rendered\ptbxl\MI\16340.png,MI,MI,0.8975,1
C:\Users\taimo\OneDrive\Documents 1\work\ecg-synthetic-research\data\rendered\ptbxl\MI\16342.png,MI,MI,0.5674,1
C:\Users\taimo\OneDrive\Documents 1\work\ecg-synthetic-research\data\rendered\ptbxl\MI\16417.png,MI,MI,0.662,1
C:\Users\taimo\OneDrive\Documents 1\work\ecg-synthetic-research\data\rendered\ptbxl\MI\16641.png,MI,TACHY,0.913,0
C:\Users\taimo\OneDrive\Documents 1\work\ecg-synthetic-research\data\rendered\ptbxl\MI\16661.png,MI,MI,0.677,1
C:\Users\taimo\OneDrive\Documents 1\work\ecg-synthetic-research\data\rendered\ptbxl\MI\16709.png,MI,MI,0.5625,1
C:\Users\taimo\OneDrive\Documents 1\work\ecg-synthetic-research\data\rendered\ptbxl\MI\16714.png,MI,MI,0.9575,1
C:\Users\taimo\OneDrive\Documents 1\work\ecg-synthetic-research\data\rendered\ptbxl\MI\16718.png,MI,MI,0.5127,1
C:\Users\taimo\OneDrive\Documents 1\work\ecg-synthetic-research\data\rendered\ptbxl\MI\16791.png,MI,MI,0.553,1
C:\Users\taimo\OneDrive\Documents 1\work\ecg-synthetic-research\data\rendered\ptbxl\MI\16796.png,MI,MI,0.7495,1
C:\Users\taimo\OneDrive\Documents 1\work\ecg-synthetic-research\data\rendered\ptbxl\MI\16830.png,MI,MI,0.8877,1
C:\Users\taimo\OneDrive\Documents 1\work\ecg-synthetic-research\data\rendered\ptbxl\MI\16978.png,MI,MI,0.7695,1
C:\Users\taimo\OneDrive\Documents 1\work\ecg-synthetic-research\data\rendered\ptbxl\MI\16986.png,MI,MI,0.955,1
C:\Users\taimo\OneDrive\Documents 1\work\ecg-synthetic-research\data\rendered\ptbxl\MI\17001.png,MI,MI,0.5713,1
C:\Users\taimo\OneDrive\Documents 1\work\ecg-synthetic-research\data\rendered\ptbxl\MI\17009.png,MI,MI,0.7886,1
C:\Users\taimo\OneDrive\Documents 1\work\ecg-synthetic-research\data\rendered\ptbxl\MI\17019.png,MI,MI,0.623,1
C:\Users\taimo\OneDrive\Documents 1\work\ecg-synthetic-research\data\rendered\ptbxl\MI\17086.png,MI,MI,0.678,1
C:\Users\taimo\OneDrive\Documents 1\work\ecg-synthetic-research\data\rendered\ptbxl\MI\17223.png,MI,NORM,0.586,0
C:\Users\taimo\OneDrive\Documents 1\work\ecg-synthetic-research\data\rendered\ptbxl\MI\17242.png,MI,MI,0.6357,1
C:\Users\taimo\OneDrive\Documents 1\work\ecg-synthetic-research\data\rendered\ptbxl\MI\17250.png,MI,MI,0.898,1
C:\Users\taimo\OneDrive\Documents 1\work\ecg-synthetic-research\data\rendered\ptbxl\MI\17267.png,MI,AFIB,0.7383,0
C:\Users\taimo\OneDrive\Documents 1\work\ecg-synthetic-research\data\rendered\ptbxl\MI\17281.png,MI,MI,0.4714,1
C:\Users\taimo\OneDrive\Documents 1\work\ecg-synthetic-research\data\rendered\ptbxl\MI\17305.png,MI,MI,0.9565,1
C:\Users\taimo\OneDrive\Documents 1\work\ecg-synthetic-research\data\rendered\ptbxl\MI\17314.png,MI,MI,0.4875,1
C:\Users\taimo\OneDrive\Documents 1\work\ecg-synthetic-research\data\rendered\ptbxl\MI\17362.png,MI,MI,0.921,1
C:\Users\taimo\OneDrive\Documents 1\work\ecg-synthetic-research\data\rendered\ptbxl\MI\17366.png,MI,MI,0.7856,1
C:\Users\taimo\OneDrive\Documents 1\work\ecg-synthetic-research\data\rendered\ptbxl\MI\17393.png,MI,MI,0.8936,1
C:\Users\taimo\OneDrive\Documents 1\work\ecg-synthetic-research\data\rendered\ptbxl\MI\17421.png,MI,NORM,0.514,0
C:\Users\taimo\OneDrive\Documents 1\work\ecg-synthetic-research\data\rendered\ptbxl\MI\17470.png,MI,MI,0.89,1
C:\Users\taimo\OneDrive\Documents 1\work\ecg-synthetic-research\data\rendered\ptbxl\MI\17521.png,MI,MI,0.908,1
C:\Users\taimo\OneDrive\Documents 1\work\ecg-synthetic-research\data\rendered\ptbxl\MI\17537.png,MI,MI,0.5366,1
C:\Users\taimo\OneDrive\Documents 1\work\ecg-synthetic-research\data\rendered\ptbxl\MI\17549.png,MI,MI,0.9043,1
C:\Users\taimo\OneDrive\Documents 1\work\ecg-synthetic-research\data\rendered\ptbxl\MI\17558.png,MI,MI,0.7134,1
C:\Users\taimo\OneDrive\Documents 1\work\ecg-synthetic-research\data\rendered\ptbxl\MI\17566.png,MI,MI,0.934,1
C:\Users\taimo\OneDrive\Documents 1\work\ecg-synthetic-research\data\rendered\ptbxl\MI\17569.png,MI,MI,0.8477,1
C:\Users\taimo\OneDrive\Documents 1\work\ecg-synthetic-research\data\rendered\ptbxl\MI\17587.png,MI,MI,0.471,1
C:\Users\taimo\OneDrive\Documents 1\work\ecg-synthetic-research\data\rendered\ptbxl\MI\17626.png,MI,MI,0.4229,1
C:\Users\taimo\OneDrive\Documents 1\work\ecg-synthetic-research\data\rendered\ptbxl\MI\17673.png,MI,TACHY,0.806,0
C:\Users\taimo\OneDrive\Documents 1\work\ecg-synthetic-research\data\rendered\ptbxl\MI\17787.png,MI,NORM,0.549,0
C:\Users\taimo\OneDrive\Documents 1\work\ecg-synthetic-research\data\rendered\ptbxl\MI\17889.png,MI,TACHY,0.844,0
C:\Users\taimo\OneDrive\Documents 1\work\ecg-synthetic-research\data\rendered\ptbxl\MI\17939.png,MI,MI,0.8916,1
C:\Users\taimo\OneDrive\Documents 1\work\ecg-synthetic-research\data\rendered\ptbxl\MI\18033.png,MI,MI,0.7837,1
C:\Users\taimo\OneDrive\Documents 1\work\ecg-synthetic-research\data\rendered\ptbxl\MI\18038.png,MI,NORM,0.792,0
C:\Users\taimo\OneDrive\Documents 1\work\ecg-synthetic-research\data\rendered\ptbxl\MI\18052.png,MI,MI,0.6953,1
C:\Users\taimo\OneDrive\Documents 1\work\ecg-synthetic-research\data\rendered\ptbxl\MI\18157.png,MI,NORM,0.562,0
C:\Users\taimo\OneDrive\Documents 1\work\ecg-synthetic-research\data\rendered\ptbxl\MI\18164.png,MI,MI,0.8965,1
C:\Users\taimo\OneDrive\Documents 1\work\ecg-synthetic-research\data\rendered\ptbxl\MI\18213.png,MI,MI,0.694,1
C:\Users\taimo\OneDrive\Documents 1\work\ecg-synthetic-research\data\rendered\ptbxl\MI\18223.png,MI,MI,0.659,1
C:\Users\taimo\OneDrive\Documents 1\work\ecg-synthetic-research\data\rendered\ptbxl\MI\18249.png,MI,MI,0.6206,1
C:\Users\taimo\OneDrive\Documents 1\work\ecg-synthetic-research\data\rendered\ptbxl\MI\18269.png,MI,MI,0.856,1
C:\Users\taimo\OneDrive\Documents 1\work\ecg-synthetic-research\data\rendered\ptbxl\MI\18305.png,MI,NORM,0.6133,0
C:\Users\taimo\OneDrive\Documents 1\work\ecg-synthetic-research\data\rendered\ptbxl\MI\18308.png,MI,NORM,0.5405,0
C:\Users\taimo\OneDrive\Documents 1\work\ecg-synthetic-research\data\rendered\ptbxl\MI\18426.png,MI,MI,0.7144,1
C:\Users\taimo\OneDrive\Documents 1\work\ecg-synthetic-research\data\rendered\ptbxl\MI\18432.png,MI,TACHY,0.8076,0
C:\Users\taimo\OneDrive\Documents 1\work\ecg-synthetic-research\data\rendered\ptbxl\MI\18502.png,MI,AFIB,0.614,0
C:\Users\taimo\OneDrive\Documents 1\work\ecg-synthetic-research\data\rendered\ptbxl\MI\18582.png,MI,TACHY,0.842,0
C:\Users\taimo\OneDrive\Documents 1\work\ecg-synthetic-research\data\rendered\ptbxl\MI\18683.png,MI,MI,0.7207,1
C:\Users\taimo\OneDrive\Documents 1\work\ecg-synthetic-research\data\rendered\ptbxl\MI\18692.png,MI,MI,0.8193,1
C:\Users\taimo\OneDrive\Documents 1\work\ecg-synthetic-research\data\rendered\ptbxl\MI\18705.png,MI,MI,0.8257,1
C:\Users\taimo\OneDrive\Documents 1\work\ecg-synthetic-research\data\rendered\ptbxl\MI\18723.png,MI,MI,0.854,1
C:\Users\taimo\OneDrive\Documents 1\work\ecg-synthetic-research\data\rendered\ptbxl\MI\18724.png,MI,MI,0.827,1
C:\Users\taimo\OneDrive\Documents 1\work\ecg-synthetic-research\data\rendered\ptbxl\MI\18725.png,MI,NORM,0.6113,0
C:\Users\taimo\OneDrive\Documents 1\work\ecg-synthetic-research\data\rendered\ptbxl\MI\18734.png,MI,MI,0.5317,1
C:\Users\taimo\OneDrive\Documents 1\work\ecg-synthetic-research\data\rendered\ptbxl\MI\18760.png,MI,MI,0.5513,1
C:\Users\taimo\OneDrive\Documents 1\work\ecg-synthetic-research\data\rendered\ptbxl\MI\18764.png,MI,NORM,0.784,0
C:\Users\taimo\OneDrive\Documents 1\work\ecg-synthetic-research\data\rendered\ptbxl\MI\18859.png,MI,MI,0.7163,1
C:\Users\taimo\OneDrive\Documents 1\work\ecg-synthetic-research\data\rendered\ptbxl\MI\18871.png,MI,NORM,0.686,0
C:\Users\taimo\OneDrive\Documents 1\work\ecg-synthetic-research\data\rendered\ptbxl\MI\18878.png,MI,NORM,0.619,0
C:\Users\taimo\OneDrive\Documents 1\work\ecg-synthetic-research\data\rendered\ptbxl\MI\18881.png,MI,MI,0.9214,1
C:\Users\taimo\OneDrive\Documents 1\work\ecg-synthetic-research\data\rendered\ptbxl\MI\18884.png,MI,MI,0.675,1
C:\Users\taimo\OneDrive\Documents 1\work\ecg-synthetic-research\data\rendered\ptbxl\MI\18948.png,MI,AFIB,0.6953,0
C:\Users\taimo\OneDrive\Documents 1\work\ecg-synthetic-research\data\rendered\ptbxl\MI\19026.png,MI,MI,0.6396,1
C:\Users\taimo\OneDrive\Documents 1\work\ecg-synthetic-research\data\rendered\ptbxl\MI\19083.png,MI,MI,0.822,1
C:\Users\taimo\OneDrive\Documents 1\work\ecg-synthetic-research\data\rendered\ptbxl\MI\19116.png,MI,MI,0.4573,1
C:\Users\taimo\OneDrive\Documents 1\work\ecg-synthetic-research\data\rendered\ptbxl\MI\19145.png,MI,MI,0.734,1
C:\Users\taimo\OneDrive\Documents 1\work\ecg-synthetic-research\data\rendered\ptbxl\MI\19264.png,MI,MI,0.6836,1
C:\Users\taimo\OneDrive\Documents 1\work\ecg-synthetic-research\data\rendered\ptbxl\MI\19272.png,MI,NORM,0.627,0
C:\Users\taimo\OneDrive\Documents 1\work\ecg-synthetic-research\data\rendered\ptbxl\MI\19340.png,MI,AFIB,0.8525,0
C:\Users\taimo\OneDrive\Documents 1\work\ecg-synthetic-research\data\rendered\ptbxl\MI\19347.png,MI,NORM,0.678,0
C:\Users\taimo\OneDrive\Documents 1\work\ecg-synthetic-research\data\rendered\ptbxl\MI\19369.png,MI,AFIB,0.722,0
C:\Users\taimo\OneDrive\Documents 1\work\ecg-synthetic-research\data\rendered\ptbxl\MI\19464.png,MI,NORM,0.8135,0
C:\Users\taimo\OneDrive\Documents 1\work\ecg-synthetic-research\data\rendered\ptbxl\MI\19515.png,MI,MI,0.6055,1
C:\Users\taimo\OneDrive\Documents 1\work\ecg-synthetic-research\data\rendered\ptbxl\MI\19562.png,MI,MI,0.653,1
C:\Users\taimo\OneDrive\Documents 1\work\ecg-synthetic-research\data\rendered\ptbxl\MI\19596.png,MI,MI,0.951,1
C:\Users\taimo\OneDrive\Documents 1\work\ecg-synthetic-research\data\rendered\ptbxl\MI\19640.png,MI,NORM,0.6875,0
C:\Users\taimo\OneDrive\Documents 1\work\ecg-synthetic-research\data\rendered\ptbxl\MI\19643.png,MI,MI,0.6875,1
C:\Users\taimo\OneDrive\Documents 1\work\ecg-synthetic-research\data\rendered\ptbxl\MI\19680.png,MI,MI,0.5156,1
C:\Users\taimo\OneDrive\Documents 1\work\ecg-synthetic-research\data\rendered\ptbxl\MI\19686.png,MI,MI,0.63,1
C:\Users\taimo\OneDrive\Documents 1\work\ecg-synthetic-research\data\rendered\ptbxl\MI\19755.png,MI,MI,0.953,1
C:\Users\taimo\OneDrive\Documents 1\work\ecg-synthetic-research\data\rendered\ptbxl\MI\19756.png,MI,MI,0.595,1
C:\Users\taimo\OneDrive\Documents 1\work\ecg-synthetic-research\data\rendered\ptbxl\MI\19768.png,MI,TACHY,0.535,0
C:\Users\taimo\OneDrive\Documents 1\work\ecg-synthetic-research\data\rendered\ptbxl\MI\19773.png,MI,AFIB,0.5454,0
C:\Users\taimo\OneDrive\Documents 1\work\ecg-synthetic-research\data\rendered\ptbxl\MI\19871.png,MI,AFIB,0.9,0
C:\Users\taimo\OneDrive\Documents 1\work\ecg-synthetic-research\data\rendered\ptbxl\MI\19876.png,MI,AFIB,0.875,0
C:\Users\taimo\OneDrive\Documents 1\work\ecg-synthetic-research\data\rendered\ptbxl\MI\19880.png,MI,MI,0.94,1
C:\Users\taimo\OneDrive\Documents 1\work\ecg-synthetic-research\data\rendered\ptbxl\MI\19891.png,MI,MI,0.912,1
C:\Users\taimo\OneDrive\Documents 1\work\ecg-synthetic-research\data\rendered\ptbxl\MI\19973.png,MI,NORM,0.564,0
C:\Users\taimo\OneDrive\Documents 1\work\ecg-synthetic-research\data\rendered\ptbxl\MI\20079.png,MI,MI,0.839,1
C:\Users\taimo\OneDrive\Documents 1\work\ecg-synthetic-research\data\rendered\ptbxl\MI\20080.png,MI,MI,0.7847,1
C:\Users\taimo\OneDrive\Documents 1\work\ecg-synthetic-research\data\rendered\ptbxl\MI\20106.png,MI,MI,0.743,1
C:\Users\taimo\OneDrive\Documents 1\work\ecg-synthetic-research\data\rendered\ptbxl\MI\20147.png,MI,MI,0.8125,1
C:\Users\taimo\OneDrive\Documents 1\work\ecg-synthetic-research\data\rendered\ptbxl\MI\20154.png,MI,MI,0.4995,1
C:\Users\taimo\OneDrive\Documents 1\work\ecg-synthetic-research\data\rendered\ptbxl\MI\20170.png,MI,MI,0.7993,1
C:\Users\taimo\OneDrive\Documents 1\work\ecg-synthetic-research\data\rendered\ptbxl\MI\20230.png,MI,MI,0.609,1
C:\Users\taimo\OneDrive\Documents 1\work\ecg-synthetic-research\data\rendered\ptbxl\MI\20301.png,MI,MI,0.7764,1
C:\Users\taimo\OneDrive\Documents 1\work\ecg-synthetic-research\data\rendered\ptbxl\MI\20313.png,MI,MI,0.8486,1
C:\Users\taimo\OneDrive\Documents 1\work\ecg-synthetic-research\data\rendered\ptbxl\MI\20350.png,MI,MI,0.812,1
C:\Users\taimo\OneDrive\Documents 1\work\ecg-synthetic-research\data\rendered\ptbxl\MI\20413.png,MI,MI,0.8687,1
C:\Users\taimo\OneDrive\Documents 1\work\ecg-synthetic-research\data\rendered\ptbxl\MI\20447.png,MI,MI,0.8965,1
C:\Users\taimo\OneDrive\Documents 1\work\ecg-synthetic-research\data\rendered\ptbxl\MI\20457.png,MI,NORM,0.875,0
C:\Users\taimo\OneDrive\Documents 1\work\ecg-synthetic-research\data\rendered\ptbxl\MI\20468.png,MI,MI,0.78,1
C:\Users\taimo\OneDrive\Documents 1\work\ecg-synthetic-research\data\rendered\ptbxl\MI\20474.png,MI,MI,0.875,1
C:\Users\taimo\OneDrive\Documents 1\work\ecg-synthetic-research\data\rendered\ptbxl\MI\20496.png,MI,MI,0.581,1
C:\Users\taimo\OneDrive\Documents 1\work\ecg-synthetic-research\data\rendered\ptbxl\MI\20539.png,MI,MI,0.8525,1
C:\Users\taimo\OneDrive\Documents 1\work\ecg-synthetic-research\data\rendered\ptbxl\MI\20547.png,MI,MI,0.97,1
C:\Users\taimo\OneDrive\Documents 1\work\ecg-synthetic-research\data\rendered\ptbxl\MI\20570.png,MI,MI,0.526,1
C:\Users\taimo\OneDrive\Documents 1\work\ecg-synthetic-research\data\rendered\ptbxl\MI\20577.png,MI,MI,0.617,1
C:\Users\taimo\OneDrive\Documents 1\work\ecg-synthetic-research\data\rendered\ptbxl\MI\20584.png,MI,NORM,0.4827,0
C:\Users\taimo\OneDrive\Documents 1\work\ecg-synthetic-research\data\rendered\ptbxl\MI\20610.png,MI,MI,0.509,1
C:\Users\taimo\OneDrive\Documents 1\work\ecg-synthetic-research\data\rendered\ptbxl\MI\20633.png,MI,MI,0.6616,1
C:\Users\taimo\OneDrive\Documents 1\work\ecg-synthetic-research\data\rendered\ptbxl\MI\20670.png,MI,MI,0.7153,1
C:\Users\taimo\OneDrive\Documents 1\work\ecg-synthetic-research\data\rendered\ptbxl\MI\20711.png,MI,MI,0.8164,1
C:\Users\taimo\OneDrive\Documents 1\work\ecg-synthetic-research\data\rendered\ptbxl\MI\20779.png,MI,MI,0.6206,1
C:\Users\taimo\OneDrive\Documents 1\work\ecg-synthetic-research\data\rendered\ptbxl\MI\20794.png,MI,MI,0.716,1
C:\Users\taimo\OneDrive\Documents 1\work\ecg-synthetic-research\data\rendered\ptbxl\MI\20804.png,MI,MI,0.9067,1
C:\Users\taimo\OneDrive\Documents 1\work\ecg-synthetic-research\data\rendered\ptbxl\MI\20808.png,MI,MI,0.779,1
C:\Users\taimo\OneDrive\Documents 1\work\ecg-synthetic-research\data\rendered\ptbxl\MI\20870.png,MI,MI,0.9717,1
C:\Users\taimo\OneDrive\Documents 1\work\ecg-synthetic-research\data\rendered\ptbxl\MI\20898.png,MI,MI,0.838,1
C:\Users\taimo\OneDrive\Documents 1\work\ecg-synthetic-research\data\rendered\ptbxl\MI\20947.png,MI,MI,0.8667,1
C:\Users\taimo\OneDrive\Documents 1\work\ecg-synthetic-research\data\rendered\ptbxl\MI\20948.png,MI,NORM,0.7334,0
C:\Users\taimo\OneDrive\Documents 1\work\ecg-synthetic-research\data\rendered\ptbxl\MI\20973.png,MI,MI,0.814,1
C:\Users\taimo\OneDrive\Documents 1\work\ecg-synthetic-research\data\rendered\ptbxl\MI\20977.png,MI,MI,0.529,1
C:\Users\taimo\OneDrive\Documents 1\work\ecg-synthetic-research\data\rendered\ptbxl\MI\20996.png,MI,MI,0.914,1
C:\Users\taimo\OneDrive\Documents 1\work\ecg-synthetic-research\data\rendered\ptbxl\MI\21018.png,MI,NORM,0.7783,0
C:\Users\taimo\OneDrive\Documents 1\work\ecg-synthetic-research\data\rendered\ptbxl\MI\21035.png,MI,MI,0.529,1
C:\Users\taimo\OneDrive\Documents 1\work\ecg-synthetic-research\data\rendered\ptbxl\MI\21051.png,MI,MI,0.546,1
C:\Users\taimo\OneDrive\Documents 1\work\ecg-synthetic-research\data\rendered\ptbxl\MI\21100.png,MI,MI,0.905,1
C:\Users\taimo\OneDrive\Documents 1\work\ecg-synthetic-research\data\rendered\ptbxl\MI\21110.png,MI,MI,0.6514,1
C:\Users\taimo\OneDrive\Documents 1\work\ecg-synthetic-research\data\rendered\ptbxl\MI\21112.png,MI,MI,0.7056,1
C:\Users\taimo\OneDrive\Documents 1\work\ecg-synthetic-research\data\rendered\ptbxl\MI\21178.png,MI,MI,0.89,1
C:\Users\taimo\OneDrive\Documents 1\work\ecg-synthetic-research\data\rendered\ptbxl\MI\21206.png,MI,NORM,0.521,0
C:\Users\taimo\OneDrive\Documents 1\work\ecg-synthetic-research\data\rendered\ptbxl\MI\21218.png,MI,TACHY,0.5674,0
C:\Users\taimo\OneDrive\Documents 1\work\ecg-synthetic-research\data\rendered\ptbxl\MI\21234.png,MI,NORM,0.629,0
C:\Users\taimo\OneDrive\Documents 1\work\ecg-synthetic-research\data\rendered\ptbxl\MI\21236.png,MI,MI,0.568,1
C:\Users\taimo\OneDrive\Documents 1\work\ecg-synthetic-research\data\rendered\ptbxl\MI\21314.png,MI,MI,0.887,1
C:\Users\taimo\OneDrive\Documents 1\work\ecg-synthetic-research\data\rendered\ptbxl\MI\21332.png,MI,AFIB,0.7993,0
C:\Users\taimo\OneDrive\Documents 1\work\ecg-synthetic-research\data\rendered\ptbxl\MI\21398.png,MI,MI,0.6016,1
C:\Users\taimo\OneDrive\Documents 1\work\ecg-synthetic-research\data\rendered\ptbxl\MI\21439.png,MI,MI,0.76,1
C:\Users\taimo\OneDrive\Documents 1\work\ecg-synthetic-research\data\rendered\ptbxl\MI\21512.png,MI,MI,0.6484,1
C:\Users\taimo\OneDrive\Documents 1\work\ecg-synthetic-research\data\rendered\ptbxl\MI\21577.png,MI,MI,0.941,1
C:\Users\taimo\OneDrive\Documents 1\work\ecg-synthetic-research\data\rendered\ptbxl\MI\21709.png,MI,MI,0.5396,1
C:\Users\taimo\OneDrive\Documents 1\work\ecg-synthetic-research\data\rendered\ptbxl\MI\21722.png,MI,MI,0.766,1
C:\Users\taimo\OneDrive\Documents 1\work\ecg-synthetic-research\data\rendered\ptbxl\MI\21793.png,MI,MI,0.8315,1
C:\Users\taimo\OneDrive\Documents 1\work\ecg-synthetic-research\data\rendered\ptbxl\MI\21799.png,MI,TACHY,0.754,0
C:\Users\taimo\OneDrive\Documents 1\work\ecg-synthetic-research\data\rendered\ptbxl\MI\21811.png,MI,NORM,0.534,0
C:\Users\taimo\OneDrive\Documents 1\work\ecg-synthetic-research\data\rendered\ptbxl\AFIB\00318.png,AFIB,AFIB,0.959,1
C:\Users\taimo\OneDrive\Documents 1\work\ecg-synthetic-research\data\rendered\ptbxl\AFIB\00351.png,AFIB,AFIB,0.883,1
C:\Users\taimo\OneDrive\Documents 1\work\ecg-synthetic-research\data\rendered\ptbxl\AFIB\00428.png,AFIB,AFIB,0.759,1
C:\Users\taimo\OneDrive\Documents 1\work\ecg-synthetic-research\data\rendered\ptbxl\AFIB\00452.png,AFIB,AFIB,0.915,1
C:\Users\taimo\OneDrive\Documents 1\work\ecg-synthetic-research\data\rendered\ptbxl\AFIB\00598.png,AFIB,AFIB,0.6294,1
C:\Users\taimo\OneDrive\Documents 1\work\ecg-synthetic-research\data\rendered\ptbxl\AFIB\00674.png,AFIB,AFIB,0.528,1
C:\Users\taimo\OneDrive\Documents 1\work\ecg-synthetic-research\data\rendered\ptbxl\AFIB\00761.png,AFIB,AFIB,0.6494,1
C:\Users\taimo\OneDrive\Documents 1\work\ecg-synthetic-research\data\rendered\ptbxl\AFIB\00858.png,AFIB,AFIB,0.6187,1
C:\Users\taimo\OneDrive\Documents 1\work\ecg-synthetic-research\data\rendered\ptbxl\AFIB\00859.png,AFIB,AFIB,0.839,1
C:\Users\taimo\OneDrive\Documents 1\work\ecg-synthetic-research\data\rendered\ptbxl\AFIB\00908.png,AFIB,AFIB,0.8994,1
C:\Users\taimo\OneDrive\Documents 1\work\ecg-synthetic-research\data\rendered\ptbxl\AFIB\01017.png,AFIB,AFIB,0.9253,1
C:\Users\taimo\OneDrive\Documents 1\work\ecg-synthetic-research\data\rendered\ptbxl\AFIB\01053.png,AFIB,AFIB,0.7583,1
C:\Users\taimo\OneDrive\Documents 1\work\ecg-synthetic-research\data\rendered\ptbxl\AFIB\01164.png,AFIB,AFIB,0.9844,1
C:\Users\taimo\OneDrive\Documents 1\work\ecg-synthetic-research\data\rendered\ptbxl\AFIB\01502.png,AFIB,AFIB,0.717,1
C:\Users\taimo\OneDrive\Documents 1\work\ecg-synthetic-research\data\rendered\ptbxl\AFIB\01773.png,AFIB,AFIB,0.965,1
C:\Users\taimo\OneDrive\Documents 1\work\ecg-synthetic-research\data\rendered\ptbxl\AFIB\01798.png,AFIB,AFIB,0.796,1
C:\Users\taimo\OneDrive\Documents 1\work\ecg-synthetic-research\data\rendered\ptbxl\AFIB\01799.png,AFIB,AFIB,0.873,1
C:\Users\taimo\OneDrive\Documents 1\work\ecg-synthetic-research\data\rendered\ptbxl\AFIB\01858.png,AFIB,AFIB,0.515,1
C:\Users\taimo\OneDrive\Documents 1\work\ecg-synthetic-research\data\rendered\ptbxl\AFIB\01889.png,AFIB,AFIB,0.843,1
C:\Users\taimo\OneDrive\Documents 1\work\ecg-synthetic-research\data\rendered\ptbxl\AFIB\01977.png,AFIB,AFIB,0.9233,1
C:\Users\taimo\OneDrive\Documents 1\work\ecg-synthetic-research\data\rendered\ptbxl\AFIB\02001.png,AFIB,AFIB,0.9683,1
C:\Users\taimo\OneDrive\Documents 1\work\ecg-synthetic-research\data\rendered\ptbxl\AFIB\02004.png,AFIB,AFIB,0.711,1
C:\Users\taimo\OneDrive\Documents 1\work\ecg-synthetic-research\data\rendered\ptbxl\AFIB\02049.png,AFIB,AFIB,0.949,1
C:\Users\taimo\OneDrive\Documents 1\work\ecg-synthetic-research\data\rendered\ptbxl\AFIB\02153.png,AFIB,AFIB,0.722,1
C:\Users\taimo\OneDrive\Documents 1\work\ecg-synthetic-research\data\rendered\ptbxl\AFIB\02201.png,AFIB,AFIB,0.718,1
C:\Users\taimo\OneDrive\Documents 1\work\ecg-synthetic-research\data\rendered\ptbxl\AFIB\02219.png,AFIB,AFIB,0.931,1
C:\Users\taimo\OneDrive\Documents 1\work\ecg-synthetic-research\data\rendered\ptbxl\AFIB\02228.png,AFIB,AFIB,0.8887,1
C:\Users\taimo\OneDrive\Documents 1\work\ecg-synthetic-research\data\rendered\ptbxl\AFIB\02273.png,AFIB,AFIB,0.61,1
C:\Users\taimo\OneDrive\Documents 1\work\ecg-synthetic-research\data\rendered\ptbxl\AFIB\02530.png,AFIB,TACHY,0.52,0
C:\Users\taimo\OneDrive\Documents 1\work\ecg-synthetic-research\data\rendered\ptbxl\AFIB\02739.png,AFIB,TACHY,0.5137,0
C:\Users\taimo\OneDrive\Documents 1\work\ecg-synthetic-research\data\rendered\ptbxl\AFIB\03016.png,AFIB,AFIB,0.8374,1
C:\Users\taimo\OneDrive\Documents 1\work\ecg-synthetic-research\data\rendered\ptbxl\AFIB\03270.png,AFIB,AFIB,0.861,1
C:\Users\taimo\OneDrive\Documents 1\work\ecg-synthetic-research\data\rendered\ptbxl\AFIB\03295.png,AFIB,AFIB,0.984,1
C:\Users\taimo\OneDrive\Documents 1\work\ecg-synthetic-research\data\rendered\ptbxl\AFIB\03306.png,AFIB,TACHY,0.709,0
C:\Users\taimo\OneDrive\Documents 1\work\ecg-synthetic-research\data\rendered\ptbxl\AFIB\03426.png,AFIB,AFIB,0.904,1
C:\Users\taimo\OneDrive\Documents 1\work\ecg-synthetic-research\data\rendered\ptbxl\AFIB\03541.png,AFIB,AFIB,0.906,1
C:\Users\taimo\OneDrive\Documents 1\work\ecg-synthetic-research\data\rendered\ptbxl\AFIB\03548.png,AFIB,AFIB,0.9805,1
C:\Users\taimo\OneDrive\Documents 1\work\ecg-synthetic-research\data\rendered\ptbxl\AFIB\03550.png,AFIB,TACHY,0.5117,0
C:\Users\taimo\OneDrive\Documents 1\work\ecg-synthetic-research\data\rendered\ptbxl\AFIB\03654.png,AFIB,AFIB,0.9385,1
C:\Users\taimo\OneDrive\Documents 1\work\ecg-synthetic-research\data\rendered\ptbxl\AFIB\03681.png,AFIB,AFIB,0.898,1
C:\Users\taimo\OneDrive\Documents 1\work\ecg-synthetic-research\data\rendered\ptbxl\AFIB\03884.png,AFIB,AFIB,0.823,1
C:\Users\taimo\OneDrive\Documents 1\work\ecg-synthetic-research\data\rendered\ptbxl\AFIB\04022.png,AFIB,AFIB,0.9165,1
C:\Users\taimo\OneDrive\Documents 1\work\ecg-synthetic-research\data\rendered\ptbxl\AFIB\04029.png,AFIB,AFIB,0.896,1
C:\Users\taimo\OneDrive\Documents 1\work\ecg-synthetic-research\data\rendered\ptbxl\AFIB\04248.png,AFIB,TACHY,0.6123,0
C:\Users\taimo\OneDrive\Documents 1\work\ecg-synthetic-research\data\rendered\ptbxl\AFIB\04401.png,AFIB,AFIB,0.956,1
C:\Users\taimo\OneDrive\Documents 1\work\ecg-synthetic-research\data\rendered\ptbxl\AFIB\04409.png,AFIB,AFIB,0.906,1
C:\Users\taimo\OneDrive\Documents 1\work\ecg-synthetic-research\data\rendered\ptbxl\AFIB\04423.png,AFIB,AFIB,0.9043,1
C:\Users\taimo\OneDrive\Documents 1\work\ecg-synthetic-research\data\rendered\ptbxl\AFIB\04424.png,AFIB,TACHY,0.7964,0
C:\Users\taimo\OneDrive\Documents 1\work\ecg-synthetic-research\data\rendered\ptbxl\AFIB\04451.png,AFIB,AFIB,0.5327,1
C:\Users\taimo\OneDrive\Documents 1\work\ecg-synthetic-research\data\rendered\ptbxl\AFIB\04489.png,AFIB,AFIB,0.887,1
C:\Users\taimo\OneDrive\Documents 1\work\ecg-synthetic-research\data\rendered\ptbxl\AFIB\04525.png,AFIB,AFIB,0.889,1
C:\Users\taimo\OneDrive\Documents 1\work\ecg-synthetic-research\data\rendered\ptbxl\AFIB\04531.png,AFIB,AFIB,0.832,1
C:\Users\taimo\OneDrive\Documents 1\work\ecg-synthetic-research\data\rendered\ptbxl\AFIB\04532.png,AFIB,AFIB,0.9478,1
C:\Users\taimo\OneDrive\Documents 1\work\ecg-synthetic-research\data\rendered\ptbxl\AFIB\04589.png,AFIB,AFIB,0.8325,1
C:\Users\taimo\OneDrive\Documents 1\work\ecg-synthetic-research\data\rendered\ptbxl\AFIB\04590.png,AFIB,AFIB,0.9443,1
C:\Users\taimo\OneDrive\Documents 1\work\ecg-synthetic-research\data\rendered\ptbxl\AFIB\04772.png,AFIB,AFIB,0.932,1
C:\Users\taimo\OneDrive\Documents 1\work\ecg-synthetic-research\data\rendered\ptbxl\AFIB\04790.png,AFIB,AFIB,0.9287,1
C:\Users\taimo\OneDrive\Documents 1\work\ecg-synthetic-research\data\rendered\ptbxl\AFIB\05016.png,AFIB,AFIB,0.8867,1
C:\Users\taimo\OneDrive\Documents 1\work\ecg-synthetic-research\data\rendered\ptbxl\AFIB\05023.png,AFIB,AFIB,0.8843,1
C:\Users\taimo\OneDrive\Documents 1\work\ecg-synthetic-research\data\rendered\ptbxl\AFIB\05077.png,AFIB,AFIB,0.8677,1
C:\Users\taimo\OneDrive\Documents 1\work\ecg-synthetic-research\data\rendered\ptbxl\AFIB\05132.png,AFIB,AFIB,0.98,1
C:\Users\taimo\OneDrive\Documents 1\work\ecg-synthetic-research\data\rendered\ptbxl\AFIB\05194.png,AFIB,AFIB,0.9336,1
C:\Users\taimo\OneDrive\Documents 1\work\ecg-synthetic-research\data\rendered\ptbxl\AFIB\05205.png,AFIB,AFIB,0.9136,1
C:\Users\taimo\OneDrive\Documents 1\work\ecg-synthetic-research\data\rendered\ptbxl\AFIB\05218.png,AFIB,AFIB,0.7417,1
C:\Users\taimo\OneDrive\Documents 1\work\ecg-synthetic-research\data\rendered\ptbxl\AFIB\05254.png,AFIB,AFIB,0.97,1
C:\Users\taimo\OneDrive\Documents 1\work\ecg-synthetic-research\data\rendered\ptbxl\AFIB\05257.png,AFIB,AFIB,0.9395,1
C:\Users\taimo\OneDrive\Documents 1\work\ecg-synthetic-research\data\rendered\ptbxl\AFIB\05260.png,AFIB,AFIB,0.894,1
C:\Users\taimo\OneDrive\Documents 1\work\ecg-synthetic-research\data\rendered\ptbxl\AFIB\05272.png,AFIB,AFIB,0.704,1
C:\Users\taimo\OneDrive\Documents 1\work\ecg-synthetic-research\data\rendered\ptbxl\AFIB\05352.png,AFIB,AFIB,0.8857,1
C:\Users\taimo\OneDrive\Documents 1\work\ecg-synthetic-research\data\rendered\ptbxl\AFIB\05374.png,AFIB,AFIB,0.9536,1
C:\Users\taimo\OneDrive\Documents 1\work\ecg-synthetic-research\data\rendered\ptbxl\AFIB\05388.png,AFIB,AFIB,0.758,1
C:\Users\taimo\OneDrive\Documents 1\work\ecg-synthetic-research\data\rendered\ptbxl\AFIB\05520.png,AFIB,TACHY,0.954,0
C:\Users\taimo\OneDrive\Documents 1\work\ecg-synthetic-research\data\rendered\ptbxl\AFIB\05575.png,AFIB,AFIB,0.9683,1
C:\Users\taimo\OneDrive\Documents 1\work\ecg-synthetic-research\data\rendered\ptbxl\AFIB\05720.png,AFIB,AFIB,0.8945,1
C:\Users\taimo\OneDrive\Documents 1\work\ecg-synthetic-research\data\rendered\ptbxl\AFIB\05776.png,AFIB,AFIB,0.973,1
C:\Users\taimo\OneDrive\Documents 1\work\ecg-synthetic-research\data\rendered\ptbxl\AFIB\05790.png,AFIB,AFIB,0.9097,1
C:\Users\taimo\OneDrive\Documents 1\work\ecg-synthetic-research\data\rendered\ptbxl\AFIB\05800.png,AFIB,TACHY,0.86,0
C:\Users\taimo\OneDrive\Documents 1\work\ecg-synthetic-research\data\rendered\ptbxl\AFIB\05885.png,AFIB,AFIB,0.8345,1
C:\Users\taimo\OneDrive\Documents 1\work\ecg-synthetic-research\data\rendered\ptbxl\AFIB\06179.png,AFIB,AFIB,0.964,1
C:\Users\taimo\OneDrive\Documents 1\work\ecg-synthetic-research\data\rendered\ptbxl\AFIB\06269.png,AFIB,AFIB,0.822,1
C:\Users\taimo\OneDrive\Documents 1\work\ecg-synthetic-research\data\rendered\ptbxl\AFIB\06395.png,AFIB,AFIB,0.6475,1
C:\Users\taimo\OneDrive\Documents 1\work\ecg-synthetic-research\data\rendered\ptbxl\AFIB\06451.png,AFIB,AFIB,0.8716,1
C:\Users\taimo\OneDrive\Documents 1\work\ecg-synthetic-research\data\rendered\ptbxl\AFIB\06459.png,AFIB,AFIB,0.917,1
C:\Users\taimo\OneDrive\Documents 1\work\ecg-synthetic-research\data\rendered\ptbxl\AFIB\06478.png,AFIB,AFIB,0.8345,1
C:\Users\taimo\OneDrive\Documents 1\work\ecg-synthetic-research\data\rendered\ptbxl\AFIB\06504.png,AFIB,AFIB,0.8286,1
C:\Users\taimo\OneDrive\Documents 1\work\ecg-synthetic-research\data\rendered\ptbxl\AFIB\06505.png,AFIB,AFIB,0.9272,1
C:\Users\taimo\OneDrive\Documents 1\work\ecg-synthetic-research\data\rendered\ptbxl\AFIB\06510.png,AFIB,AFIB,0.9634,1
C:\Users\taimo\OneDrive\Documents 1\work\ecg-synthetic-research\data\rendered\ptbxl\AFIB\06605.png,AFIB,AFIB,0.8906,1
C:\Users\taimo\OneDrive\Documents 1\work\ecg-synthetic-research\data\rendered\ptbxl\AFIB\06643.png,AFIB,AFIB,0.9307,1
C:\Users\taimo\OneDrive\Documents 1\work\ecg-synthetic-research\data\rendered\ptbxl\AFIB\06693.png,AFIB,AFIB,0.9126,1
C:\Users\taimo\OneDrive\Documents 1\work\ecg-synthetic-research\data\rendered\ptbxl\AFIB\06956.png,AFIB,AFIB,0.607,1
C:\Users\taimo\OneDrive\Documents 1\work\ecg-synthetic-research\data\rendered\ptbxl\AFIB\07012.png,AFIB,AFIB,0.6133,1
C:\Users\taimo\OneDrive\Documents 1\work\ecg-synthetic-research\data\rendered\ptbxl\AFIB\07014.png,AFIB,AFIB,0.9185,1
C:\Users\taimo\OneDrive\Documents 1\work\ecg-synthetic-research\data\rendered\ptbxl\AFIB\07102.png,AFIB,AFIB,0.9243,1
C:\Users\taimo\OneDrive\Documents 1\work\ecg-synthetic-research\data\rendered\ptbxl\AFIB\07104.png,AFIB,AFIB,0.503,1
C:\Users\taimo\OneDrive\Documents 1\work\ecg-synthetic-research\data\rendered\ptbxl\AFIB\07138.png,AFIB,AFIB,0.7817,1
C:\Users\taimo\OneDrive\Documents 1\work\ecg-synthetic-research\data\rendered\ptbxl\AFIB\07145.png,AFIB,AFIB,0.981,1
C:\Users\taimo\OneDrive\Documents 1\work\ecg-synthetic-research\data\rendered\ptbxl\AFIB\07149.png,AFIB,AFIB,0.9243,1
C:\Users\taimo\OneDrive\Documents 1\work\ecg-synthetic-research\data\rendered\ptbxl\AFIB\07160.png,AFIB,TACHY,0.615,0
C:\Users\taimo\OneDrive\Documents 1\work\ecg-synthetic-research\data\rendered\ptbxl\AFIB\07261.png,AFIB,AFIB,0.944,1
C:\Users\taimo\OneDrive\Documents 1\work\ecg-synthetic-research\data\rendered\ptbxl\AFIB\07271.png,AFIB,AFIB,0.8325,1
C:\Users\taimo\OneDrive\Documents 1\work\ecg-synthetic-research\data\rendered\ptbxl\AFIB\07281.png,AFIB,AFIB,0.908,1
C:\Users\taimo\OneDrive\Documents 1\work\ecg-synthetic-research\data\rendered\ptbxl\AFIB\07295.png,AFIB,AFIB,0.919,1
C:\Users\taimo\OneDrive\Documents 1\work\ecg-synthetic-research\data\rendered\ptbxl\AFIB\07358.png,AFIB,AFIB,0.935,1
C:\Users\taimo\OneDrive\Documents 1\work\ecg-synthetic-research\data\rendered\ptbxl\AFIB\07393.png,AFIB,AFIB,0.8896,1
C:\Users\taimo\OneDrive\Documents 1\work\ecg-synthetic-research\data\rendered\ptbxl\AFIB\07462.png,AFIB,AFIB,0.71,1
C:\Users\taimo\OneDrive\Documents 1\work\ecg-synthetic-research\data\rendered\ptbxl\AFIB\07488.png,AFIB,AFIB,0.968,1
C:\Users\taimo\OneDrive\Documents 1\work\ecg-synthetic-research\data\rendered\ptbxl\AFIB\07573.png,AFIB,AFIB,0.9224,1
C:\Users\taimo\OneDrive\Documents 1\work\ecg-synthetic-research\data\rendered\ptbxl\AFIB\07607.png,AFIB,AFIB,0.974,1
C:\Users\taimo\OneDrive\Documents 1\work\ecg-synthetic-research\data\rendered\ptbxl\AFIB\07646.png,AFIB,AFIB,0.924,1
C:\Users\taimo\OneDrive\Documents 1\work\ecg-synthetic-research\data\rendered\ptbxl\AFIB\07654.png,AFIB,AFIB,0.748,1
C:\Users\taimo\OneDrive\Documents 1\work\ecg-synthetic-research\data\rendered\ptbxl\AFIB\07665.png,AFIB,AFIB,0.9697,1
C:\Users\taimo\OneDrive\Documents 1\work\ecg-synthetic-research\data\rendered\ptbxl\AFIB\07697.png,AFIB,AFIB,0.84,1
C:\Users\taimo\OneDrive\Documents 1\work\ecg-synthetic-research\data\rendered\ptbxl\AFIB\07811.png,AFIB,MI,0.5356,0
C:\Users\taimo\OneDrive\Documents 1\work\ecg-synthetic-research\data\rendered\ptbxl\AFIB\08265.png,AFIB,AFIB,0.678,1
C:\Users\taimo\OneDrive\Documents 1\work\ecg-synthetic-research\data\rendered\ptbxl\AFIB\08271.png,AFIB,AFIB,0.8555,1
C:\Users\taimo\OneDrive\Documents 1\work\ecg-synthetic-research\data\rendered\ptbxl\AFIB\08354.png,AFIB,AFIB,0.827,1
C:\Users\taimo\OneDrive\Documents 1\work\ecg-synthetic-research\data\rendered\ptbxl\AFIB\08468.png,AFIB,AFIB,0.86,1
C:\Users\taimo\OneDrive\Documents 1\work\ecg-synthetic-research\data\rendered\ptbxl\AFIB\08602.png,AFIB,AFIB,0.849,1
C:\Users\taimo\OneDrive\Documents 1\work\ecg-synthetic-research\data\rendered\ptbxl\AFIB\08866.png,AFIB,AFIB,0.9473,1
C:\Users\taimo\OneDrive\Documents 1\work\ecg-synthetic-research\data\rendered\ptbxl\AFIB\08952.png,AFIB,AFIB,0.98,1
C:\Users\taimo\OneDrive\Documents 1\work\ecg-synthetic-research\data\rendered\ptbxl\AFIB\08990.png,AFIB,AFIB,0.9766,1
C:\Users\taimo\OneDrive\Documents 1\work\ecg-synthetic-research\data\rendered\ptbxl\AFIB\09012.png,AFIB,AFIB,0.96,1
C:\Users\taimo\OneDrive\Documents 1\work\ecg-synthetic-research\data\rendered\ptbxl\AFIB\09211.png,AFIB,AFIB,0.9033,1
C:\Users\taimo\OneDrive\Documents 1\work\ecg-synthetic-research\data\rendered\ptbxl\AFIB\09256.png,AFIB,AFIB,0.8696,1
C:\Users\taimo\OneDrive\Documents 1\work\ecg-synthetic-research\data\rendered\ptbxl\AFIB\09289.png,AFIB,AFIB,0.9077,1
C:\Users\taimo\OneDrive\Documents 1\work\ecg-synthetic-research\data\rendered\ptbxl\AFIB\09331.png,AFIB,AFIB,0.9434,1
C:\Users\taimo\OneDrive\Documents 1\work\ecg-synthetic-research\data\rendered\ptbxl\AFIB\09387.png,AFIB,AFIB,0.8774,1
C:\Users\taimo\OneDrive\Documents 1\work\ecg-synthetic-research\data\rendered\ptbxl\AFIB\09424.png,AFIB,AFIB,0.838,1
C:\Users\taimo\OneDrive\Documents 1\work\ecg-synthetic-research\data\rendered\ptbxl\AFIB\09485.png,AFIB,MI,0.5605,0
C:\Users\taimo\OneDrive\Documents 1\work\ecg-synthetic-research\data\rendered\ptbxl\AFIB\09527.png,AFIB,AFIB,0.9683,1
C:\Users\taimo\OneDrive\Documents 1\work\ecg-synthetic-research\data\rendered\ptbxl\AFIB\09549.png,AFIB,AFIB,0.838,1
C:\Users\taimo\OneDrive\Documents 1\work\ecg-synthetic-research\data\rendered\ptbxl\AFIB\09899.png,AFIB,AFIB,0.867,1
C:\Users\taimo\OneDrive\Documents 1\work\ecg-synthetic-research\data\rendered\ptbxl\AFIB\09908.png,AFIB,AFIB,0.9473,1
C:\Users\taimo\OneDrive\Documents 1\work\ecg-synthetic-research\data\rendered\ptbxl\AFIB\09986.png,AFIB,AFIB,0.7876,1
C:\Users\taimo\OneDrive\Documents 1\work\ecg-synthetic-research\data\rendered\ptbxl\AFIB\10010.png,AFIB,AFIB,0.615,1
C:\Users\taimo\OneDrive\Documents 1\work\ecg-synthetic-research\data\rendered\ptbxl\AFIB\10092.png,AFIB,AFIB,0.8975,1
C:\Users\taimo\OneDrive\Documents 1\work\ecg-synthetic-research\data\rendered\ptbxl\AFIB\10137.png,AFIB,AFIB,0.7695,1
C:\Users\taimo\OneDrive\Documents 1\work\ecg-synthetic-research\data\rendered\ptbxl\AFIB\10342.png,AFIB,AFIB,0.8286,1
C:\Users\taimo\OneDrive\Documents 1\work\ecg-synthetic-research\data\rendered\ptbxl\AFIB\10473.png,AFIB,AFIB,0.862,1
C:\Users\taimo\OneDrive\Documents 1\work\ecg-synthetic-research\data\rendered\ptbxl\AFIB\10579.png,AFIB,AFIB,0.963,1
C:\Users\taimo\OneDrive\Documents 1\work\ecg-synthetic-research\data\rendered\ptbxl\AFIB\10613.png,AFIB,AFIB,0.652,1
C:\Users\taimo\OneDrive\Documents 1\work\ecg-synthetic-research\data\rendered\ptbxl\AFIB\10625.png,AFIB,AFIB,0.8984,1
C:\Users\taimo\OneDrive\Documents 1\work\ecg-synthetic-research\data\rendered\ptbxl\AFIB\10647.png,AFIB,AFIB,0.9517,1
C:\Users\taimo\OneDrive\Documents 1\work\ecg-synthetic-research\data\rendered\ptbxl\AFIB\10659.png,AFIB,AFIB,0.971,1
C:\Users\taimo\OneDrive\Documents 1\work\ecg-synthetic-research\data\rendered\ptbxl\AFIB\10752.png,AFIB,TACHY,0.7104,0
C:\Users\taimo\OneDrive\Documents 1\work\ecg-synthetic-research\data\rendered\ptbxl\AFIB\10805.png,AFIB,AFIB,0.8667,1
C:\Users\taimo\OneDrive\Documents 1\work\ecg-synthetic-research\data\rendered\ptbxl\AFIB\10894.png,AFIB,AFIB,0.935,1
C:\Users\taimo\OneDrive\Documents 1\work\ecg-synthetic-research\data\rendered\ptbxl\AFIB\10895.png,AFIB,AFIB,0.6953,1
C:\Users\taimo\OneDrive\Documents 1\work\ecg-synthetic-research\data\rendered\ptbxl\AFIB\10934.png,AFIB,AFIB,0.886,1
C:\Users\taimo\OneDrive\Documents 1\work\ecg-synthetic-research\data\rendered\ptbxl\AFIB\10966.png,AFIB,TACHY,0.583,0
C:\Users\taimo\OneDrive\Documents 1\work\ecg-synthetic-research\data\rendered\ptbxl\AFIB\11006.png,AFIB,AFIB,0.9106,1
C:\Users\taimo\OneDrive\Documents 1\work\ecg-synthetic-research\data\rendered\ptbxl\AFIB\11159.png,AFIB,AFIB,0.921,1
C:\Users\taimo\OneDrive\Documents 1\work\ecg-synthetic-research\data\rendered\ptbxl\AFIB\11269.png,AFIB,TACHY,0.8667,0
C:\Users\taimo\OneDrive\Documents 1\work\ecg-synthetic-research\data\rendered\ptbxl\AFIB\11288.png,AFIB,AFIB,0.768,1
C:\Users\taimo\OneDrive\Documents 1\work\ecg-synthetic-research\data\rendered\ptbxl\AFIB\11349.png,AFIB,AFIB,0.8516,1
C:\Users\taimo\OneDrive\Documents 1\work\ecg-synthetic-research\data\rendered\ptbxl\AFIB\11389.png,AFIB,AFIB,0.835,1
C:\Users\taimo\OneDrive\Documents 1\work\ecg-synthetic-research\data\rendered\ptbxl\AFIB\11390.png,AFIB,AFIB,0.9766,1
C:\Users\taimo\OneDrive\Documents 1\work\ecg-synthetic-research\data\rendered\ptbxl\AFIB\11413.png,AFIB,AFIB,0.8887,1
C:\Users\taimo\OneDrive\Documents 1\work\ecg-synthetic-research\data\rendered\ptbxl\AFIB\11447.png,AFIB,AFIB,0.723,1
C:\Users\taimo\OneDrive\Documents 1\work\ecg-synthetic-research\data\rendered\ptbxl\AFIB\11481.png,AFIB,AFIB,0.977,1
C:\Users\taimo\OneDrive\Documents 1\work\ecg-synthetic-research\data\rendered\ptbxl\AFIB\11513.png,AFIB,AFIB,0.902,1
C:\Users\taimo\OneDrive\Documents 1\work\ecg-synthetic-research\data\rendered\ptbxl\AFIB\11546.png,AFIB,AFIB,0.9854,1
C:\Users\taimo\OneDrive\Documents 1\work\ecg-synthetic-research\data\rendered\ptbxl\AFIB\11568.png,AFIB,AFIB,0.8545,1
C:\Users\taimo\OneDrive\Documents 1\work\ecg-synthetic-research\data\rendered\ptbxl\AFIB\11591.png,AFIB,AFIB,0.9746,1
C:\Users\taimo\OneDrive\Documents 1\work\ecg-synthetic-research\data\rendered\ptbxl\AFIB\11639.png,AFIB,AFIB,0.956,1
C:\Users\taimo\OneDrive\Documents 1\work\ecg-synthetic-research\data\rendered\ptbxl\AFIB\11724.png,AFIB,AFIB,0.8853,1
C:\Users\taimo\OneDrive\Documents 1\work\ecg-synthetic-research\data\rendered\ptbxl\AFIB\11886.png,AFIB,AFIB,0.919,1
C:\Users\taimo\OneDrive\Documents 1\work\ecg-synthetic-research\data\rendered\ptbxl\AFIB\11927.png,AFIB,AFIB,0.963,1
C:\Users\taimo\OneDrive\Documents 1\work\ecg-synthetic-research\data\rendered\ptbxl\AFIB\12047.png,AFIB,AFIB,0.7896,1
C:\Users\taimo\OneDrive\Documents 1\work\ecg-synthetic-research\data\rendered\ptbxl\AFIB\12052.png,AFIB,AFIB,0.823,1
C:\Users\taimo\OneDrive\Documents 1\work\ecg-synthetic-research\data\rendered\ptbxl\AFIB\12198.png,AFIB,AFIB,0.4563,1
C:\Users\taimo\OneDrive\Documents 1\work\ecg-synthetic-research\data\rendered\ptbxl\AFIB\12234.png,AFIB,AFIB,0.6646,1
C:\Users\taimo\OneDrive\Documents 1\work\ecg-synthetic-research\data\rendered\ptbxl\AFIB\12244.png,AFIB,AFIB,0.806,1
C:\Users\taimo\OneDrive\Documents 1\work\ecg-synthetic-research\data\rendered\ptbxl\AFIB\12368.png,AFIB,AFIB,0.537,1
C:\Users\taimo\OneDrive\Documents 1\work\ecg-synthetic-research\data\rendered\ptbxl\AFIB\12369.png,AFIB,AFIB,0.968,1
C:\Users\taimo\OneDrive\Documents 1\work\ecg-synthetic-research\data\rendered\ptbxl\AFIB\12601.png,AFIB,AFIB,0.839,1
C:\Users\taimo\OneDrive\Documents 1\work\ecg-synthetic-research\data\rendered\ptbxl\AFIB\12632.png,AFIB,AFIB,0.937,1
C:\Users\taimo\OneDrive\Documents 1\work\ecg-synthetic-research\data\rendered\ptbxl\AFIB\12647.png,AFIB,AFIB,0.9707,1
C:\Users\taimo\OneDrive\Documents 1\work\ecg-synthetic-research\data\rendered\ptbxl\AFIB\12847.png,AFIB,AFIB,0.9214,1
C:\Users\taimo\OneDrive\Documents 1\work\ecg-synthetic-research\data\rendered\ptbxl\AFIB\12849.png,AFIB,AFIB,0.9287,1
C:\Users\taimo\OneDrive\Documents 1\work\ecg-synthetic-research\data\rendered\ptbxl\AFIB\12851.png,AFIB,AFIB,0.9653,1
C:\Users\taimo\OneDrive\Documents 1\work\ecg-synthetic-research\data\rendered\ptbxl\AFIB\12889.png,AFIB,AFIB,0.9473,1
C:\Users\taimo\OneDrive\Documents 1\work\ecg-synthetic-research\data\rendered\ptbxl\AFIB\12939.png,AFIB,AFIB,0.8423,1
C:\Users\taimo\OneDrive\Documents 1\work\ecg-synthetic-research\data\rendered\ptbxl\AFIB\12950.png,AFIB,AFIB,0.9614,1
C:\Users\taimo\OneDrive\Documents 1\work\ecg-synthetic-research\data\rendered\ptbxl\AFIB\13001.png,AFIB,AFIB,0.9277,1
C:\Users\taimo\OneDrive\Documents 1\work\ecg-synthetic-research\data\rendered\ptbxl\AFIB\13057.png,AFIB,AFIB,0.8105,1
C:\Users\taimo\OneDrive\Documents 1\work\ecg-synthetic-research\data\rendered\ptbxl\AFIB\13200.png,AFIB,AFIB,0.818,1
C:\Users\taimo\OneDrive\Documents 1\work\ecg-synthetic-research\data\rendered\ptbxl\AFIB\13261.png,AFIB,AFIB,0.8022,1
C:\Users\taimo\OneDrive\Documents 1\work\ecg-synthetic-research\data\rendered\ptbxl\AFIB\13280.png,AFIB,AFIB,0.902,1
C:\Users\taimo\OneDrive\Documents 1\work\ecg-synthetic-research\data\rendered\ptbxl\AFIB\13287.png,AFIB,MI,0.746,0
C:\Users\taimo\OneDrive\Documents 1\work\ecg-synthetic-research\data\rendered\ptbxl\AFIB\13327.png,AFIB,AFIB,0.9077,1
C:\Users\taimo\OneDrive\Documents 1\work\ecg-synthetic-research\data\rendered\ptbxl\AFIB\13333.png,AFIB,AFIB,0.5186,1
C:\Users\taimo\OneDrive\Documents 1\work\ecg-synthetic-research\data\rendered\ptbxl\AFIB\13374.png,AFIB,AFIB,0.9834,1
C:\Users\taimo\OneDrive\Documents 1\work\ecg-synthetic-research\data\rendered\ptbxl\AFIB\13387.png,AFIB,AFIB,0.927,1
C:\Users\taimo\OneDrive\Documents 1\work\ecg-synthetic-research\data\rendered\ptbxl\AFIB\13389.png,AFIB,AFIB,0.876,1
C:\Users\taimo\OneDrive\Documents 1\work\ecg-synthetic-research\data\rendered\ptbxl\AFIB\13420.png,AFIB,AFIB,0.957,1
C:\Users\taimo\OneDrive\Documents 1\work\ecg-synthetic-research\data\rendered\ptbxl\AFIB\13423.png,AFIB,AFIB,0.849,1
C:\Users\taimo\OneDrive\Documents 1\work\ecg-synthetic-research\data\rendered\ptbxl\AFIB\13458.png,AFIB,AFIB,0.6675,1
C:\Users\taimo\OneDrive\Documents 1\work\ecg-synthetic-research\data\rendered\ptbxl\AFIB\13524.png,AFIB,AFIB,0.82,1
C:\Users\taimo\OneDrive\Documents 1\work\ecg-synthetic-research\data\rendered\ptbxl\AFIB\13530.png,AFIB,AFIB,0.623,1
C:\Users\taimo\OneDrive\Documents 1\work\ecg-synthetic-research\data\rendered\ptbxl\AFIB\13603.png,AFIB,AFIB,0.9062,1
C:\Users\taimo\OneDrive\Documents 1\work\ecg-synthetic-research\data\rendered\ptbxl\AFIB\13624.png,AFIB,AFIB,0.6826,1
C:\Users\taimo\OneDrive\Documents 1\work\ecg-synthetic-research\data\rendered\ptbxl\AFIB\13877.png,AFIB,AFIB,0.7676,1
C:\Users\taimo\OneDrive\Documents 1\work\ecg-synthetic-research\data\rendered\ptbxl\AFIB\13885.png,AFIB,AFIB,0.863,1
C:\Users\taimo\OneDrive\Documents 1\work\ecg-synthetic-research\data\rendered\ptbxl\AFIB\13949.png,AFIB,AFIB,0.906,1
C:\Users\taimo\OneDrive\Documents 1\work\ecg-synthetic-research\data\rendered\ptbxl\AFIB\13987.png,AFIB,AFIB,0.9595,1
C:\Users\taimo\OneDrive\Documents 1\work\ecg-synthetic-research\data\rendered\ptbxl\AFIB\14102.png,AFIB,AFIB,0.887,1
C:\Users\taimo\OneDrive\Documents 1\work\ecg-synthetic-research\data\rendered\ptbxl\AFIB\14198.png,AFIB,AFIB,0.9346,1
C:\Users\taimo\OneDrive\Documents 1\work\ecg-synthetic-research\data\rendered\ptbxl\AFIB\14201.png,AFIB,AFIB,0.775,1
C:\Users\taimo\OneDrive\Documents 1\work\ecg-synthetic-research\data\rendered\ptbxl\AFIB\14224.png,AFIB,AFIB,0.902,1
C:\Users\taimo\OneDrive\Documents 1\work\ecg-synthetic-research\data\rendered\ptbxl\AFIB\14265.png,AFIB,AFIB,0.9814,1
C:\Users\taimo\OneDrive\Documents 1\work\ecg-synthetic-research\data\rendered\ptbxl\AFIB\14341.png,AFIB,AFIB,0.642,1
C:\Users\taimo\OneDrive\Documents 1\work\ecg-synthetic-research\data\rendered\ptbxl\AFIB\14343.png,AFIB,AFIB,0.6763,1
C:\Users\taimo\OneDrive\Documents 1\work\ecg-synthetic-research\data\rendered\ptbxl\AFIB\14436.png,AFIB,AFIB,0.9004,1
C:\Users\taimo\OneDrive\Documents 1\work\ecg-synthetic-research\data\rendered\ptbxl\AFIB\14593.png,AFIB,MI,0.5186,0
C:\Users\taimo\OneDrive\Documents 1\work\ecg-synthetic-research\data\rendered\ptbxl\AFIB\14601.png,AFIB,AFIB,0.9414,1
C:\Users\taimo\OneDrive\Documents 1\work\ecg-synthetic-research\data\rendered\ptbxl\AFIB\14792.png,AFIB,AFIB,0.9106,1
C:\Users\taimo\OneDrive\Documents 1\work\ecg-synthetic-research\data\rendered\ptbxl\AFIB\14807.png,AFIB,AFIB,0.741,1
C:\Users\taimo\OneDrive\Documents 1\work\ecg-synthetic-research\data\rendered\ptbxl\AFIB\14853.png,AFIB,AFIB,0.7446,1
C:\Users\taimo\OneDrive\Documents 1\work\ecg-synthetic-research\data\rendered\ptbxl\AFIB\14872.png,AFIB,MI,0.4722,0
C:\Users\taimo\OneDrive\Documents 1\work\ecg-synthetic-research\data\rendered\ptbxl\AFIB\14959.png,AFIB,AFIB,0.9316,1
C:\Users\taimo\OneDrive\Documents 1\work\ecg-synthetic-research\data\rendered\ptbxl\AFIB\14984.png,AFIB,AFIB,0.975,1
C:\Users\taimo\OneDrive\Documents 1\work\ecg-synthetic-research\data\rendered\ptbxl\AFIB\15081.png,AFIB,AFIB,0.9336,1
C:\Users\taimo\OneDrive\Documents 1\work\ecg-synthetic-research\data\rendered\ptbxl\AFIB\15106.png,AFIB,AFIB,0.8022,1
C:\Users\taimo\OneDrive\Documents 1\work\ecg-synthetic-research\data\rendered\ptbxl\AFIB\15341.png,AFIB,AFIB,0.8984,1
C:\Users\taimo\OneDrive\Documents 1\work\ecg-synthetic-research\data\rendered\ptbxl\AFIB\15471.png,AFIB,AFIB,0.72,1
C:\Users\taimo\OneDrive\Documents 1\work\ecg-synthetic-research\data\rendered\ptbxl\AFIB\15478.png,AFIB,AFIB,0.5146,1
C:\Users\taimo\OneDrive\Documents 1\work\ecg-synthetic-research\data\rendered\ptbxl\AFIB\15513.png,AFIB,TACHY,0.6514,0
C:\Users\taimo\OneDrive\Documents 1\work\ecg-synthetic-research\data\rendered\ptbxl\AFIB\15756.png,AFIB,AFIB,0.951,1
C:\Users\taimo\OneDrive\Documents 1\work\ecg-synthetic-research\data\rendered\ptbxl\AFIB\15781.png,AFIB,AFIB,0.9814,1
C:\Users\taimo\OneDrive\Documents 1\work\ecg-synthetic-research\data\rendered\ptbxl\AFIB\15792.png,AFIB,AFIB,0.7246,1
C:\Users\taimo\OneDrive\Documents 1\work\ecg-synthetic-research\data\rendered\ptbxl\AFIB\15834.png,AFIB,NORM,0.477,0
C:\Users\taimo\OneDrive\Documents 1\work\ecg-synthetic-research\data\rendered\ptbxl\AFIB\15985.png,AFIB,AFIB,0.94,1
C:\Users\taimo\OneDrive\Documents 1\work\ecg-synthetic-research\data\rendered\ptbxl\AFIB\15996.png,AFIB,AFIB,0.917,1
C:\Users\taimo\OneDrive\Documents 1\work\ecg-synthetic-research\data\rendered\ptbxl\AFIB\16031.png,AFIB,TACHY,0.6445,0
C:\Users\taimo\OneDrive\Documents 1\work\ecg-synthetic-research\data\rendered\ptbxl\AFIB\16138.png,AFIB,AFIB,0.822,1
C:\Users\taimo\OneDrive\Documents 1\work\ecg-synthetic-research\data\rendered\ptbxl\AFIB\16153.png,AFIB,AFIB,0.96,1
C:\Users\taimo\OneDrive\Documents 1\work\ecg-synthetic-research\data\rendered\ptbxl\AFIB\16177.png,AFIB,AFIB,0.981,1
C:\Users\taimo\OneDrive\Documents 1\work\ecg-synthetic-research\data\rendered\ptbxl\AFIB\16470.png,AFIB,AFIB,0.855,1
C:\Users\taimo\OneDrive\Documents 1\work\ecg-synthetic-research\data\rendered\ptbxl\AFIB\16509.png,AFIB,AFIB,0.9795,1
C:\Users\taimo\OneDrive\Documents 1\work\ecg-synthetic-research\data\rendered\ptbxl\AFIB\16561.png,AFIB,AFIB,0.8687,1
C:\Users\taimo\OneDrive\Documents 1\work\ecg-synthetic-research\data\rendered\ptbxl\AFIB\16586.png,AFIB,AFIB,0.9453,1
C:\Users\taimo\OneDrive\Documents 1\work\ecg-synthetic-research\data\rendered\ptbxl\AFIB\16606.png,AFIB,AFIB,0.923,1
C:\Users\taimo\OneDrive\Documents 1\work\ecg-synthetic-research\data\rendered\ptbxl\AFIB\16731.png,AFIB,AFIB,0.812,1
C:\Users\taimo\OneDrive\Documents 1\work\ecg-synthetic-research\data\rendered\ptbxl\AFIB\16750.png,AFIB,AFIB,0.923,1
C:\Users\taimo\OneDrive\Documents 1\work\ecg-synthetic-research\data\rendered\ptbxl\AFIB\16756.png,AFIB,AFIB,0.9673,1
C:\Users\taimo\OneDrive\Documents 1\work\ecg-synthetic-research\data\rendered\ptbxl\AFIB\16766.png,AFIB,AFIB,0.9253,1
C:\Users\taimo\OneDrive\Documents 1\work\ecg-synthetic-research\data\rendered\ptbxl\AFIB\16833.png,AFIB,AFIB,0.839,1
C:\Users\taimo\OneDrive\Documents 1\work\ecg-synthetic-research\data\rendered\ptbxl\AFIB\16834.png,AFIB,AFIB,0.884,1
C:\Users\taimo\OneDrive\Documents 1\work\ecg-synthetic-research\data\rendered\ptbxl\AFIB\16851.png,AFIB,AFIB,0.884,1
C:\Users\taimo\OneDrive\Documents 1\work\ecg-synthetic-research\data\rendered\ptbxl\AFIB\16876.png,AFIB,AFIB,0.9604,1
C:\Users\taimo\OneDrive\Documents 1\work\ecg-synthetic-research\data\rendered\ptbxl\AFIB\16926.png,AFIB,AFIB,0.7725,1
C:\Users\taimo\OneDrive\Documents 1\work\ecg-synthetic-research\data\rendered\ptbxl\AFIB\16987.png,AFIB,AFIB,0.76,1
C:\Users\taimo\OneDrive\Documents 1\work\ecg-synthetic-research\data\rendered\ptbxl\AFIB\17092.png,AFIB,AFIB,0.8887,1
C:\Users\taimo\OneDrive\Documents 1\work\ecg-synthetic-research\data\rendered\ptbxl\AFIB\17105.png,AFIB,AFIB,0.924,1
C:\Users\taimo\OneDrive\Documents 1\work\ecg-synthetic-research\data\rendered\ptbxl\AFIB\17132.png,AFIB,AFIB,0.6533,1
C:\Users\taimo\OneDrive\Documents 1\work\ecg-synthetic-research\data\rendered\ptbxl\AFIB\17135.png,AFIB,AFIB,0.8457,1
C:\Users\taimo\OneDrive\Documents 1\work\ecg-synthetic-research\data\rendered\ptbxl\AFIB\17265.png,AFIB,AFIB,0.9375,1
C:\Users\taimo\OneDrive\Documents 1\work\ecg-synthetic-research\data\rendered\ptbxl\AFIB\17288.png,AFIB,AFIB,0.818,1
C:\Users\taimo\OneDrive\Documents 1\work\ecg-synthetic-research\data\rendered\ptbxl\AFIB\17360.png,AFIB,AFIB,0.881,1
C:\Users\taimo\OneDrive\Documents 1\work\ecg-synthetic-research\data\rendered\ptbxl\AFIB\17386.png,AFIB,AFIB,0.937,1
C:\Users\taimo\OneDrive\Documents 1\work\ecg-synthetic-research\data\rendered\ptbxl\AFIB\17410.png,AFIB,AFIB,0.66,1
C:\Users\taimo\OneDrive\Documents 1\work\ecg-synthetic-research\data\rendered\ptbxl\AFIB\17452.png,AFIB,AFIB,0.9,1
C:\Users\taimo\OneDrive\Documents 1\work\ecg-synthetic-research\data\rendered\ptbxl\AFIB\17515.png,AFIB,AFIB,0.9487,1
C:\Users\taimo\OneDrive\Documents 1\work\ecg-synthetic-research\data\rendered\ptbxl\AFIB\17539.png,AFIB,MI,0.4995,0
C:\Users\taimo\OneDrive\Documents 1\work\ecg-synthetic-research\data\rendered\ptbxl\AFIB\17637.png,AFIB,AFIB,0.9487,1
C:\Users\taimo\OneDrive\Documents 1\work\ecg-synthetic-research\data\rendered\ptbxl\AFIB\17653.png,AFIB,AFIB,0.804,1
C:\Users\taimo\OneDrive\Documents 1\work\ecg-synthetic-research\data\rendered\ptbxl\AFIB\17696.png,AFIB,AFIB,0.893,1
C:\Users\taimo\OneDrive\Documents 1\work\ecg-synthetic-research\data\rendered\ptbxl\AFIB\17716.png,AFIB,AFIB,0.8335,1
C:\Users\taimo\OneDrive\Documents 1\work\ecg-synthetic-research\data\rendered\ptbxl\AFIB\17757.png,AFIB,AFIB,0.9414,1
C:\Users\taimo\OneDrive\Documents 1\work\ecg-synthetic-research\data\rendered\ptbxl\AFIB\17758.png,AFIB,AFIB,0.8345,1
C:\Users\taimo\OneDrive\Documents 1\work\ecg-synthetic-research\data\rendered\ptbxl\AFIB\17763.png,AFIB,AFIB,0.771,1
C:\Users\taimo\OneDrive\Documents 1\work\ecg-synthetic-research\data\rendered\ptbxl\AFIB\17789.png,AFIB,AFIB,0.9053,1
C:\Users\taimo\OneDrive\Documents 1\work\ecg-synthetic-research\data\rendered\ptbxl\AFIB\18479.png,AFIB,AFIB,0.684,1
C:\Users\taimo\OneDrive\Documents 1\work\ecg-synthetic-research\data\rendered\ptbxl\AFIB\18495.png,AFIB,AFIB,0.9116,1
C:\Users\taimo\OneDrive\Documents 1\work\ecg-synthetic-research\data\rendered\ptbxl\AFIB\18521.png,AFIB,AFIB,0.787,1
C:\Users\taimo\OneDrive\Documents 1\work\ecg-synthetic-research\data\rendered\ptbxl\AFIB\18561.png,AFIB,AFIB,0.8765,1
C:\Users\taimo\OneDrive\Documents 1\work\ecg-synthetic-research\data\rendered\ptbxl\AFIB\18587.png,AFIB,AFIB,0.971,1
C:\Users\taimo\OneDrive\Documents 1\work\ecg-synthetic-research\data\rendered\ptbxl\AFIB\18748.png,AFIB,AFIB,0.928,1
C:\Users\taimo\OneDrive\Documents 1\work\ecg-synthetic-research\data\rendered\ptbxl\AFIB\18920.png,AFIB,AFIB,0.856,1
C:\Users\taimo\OneDrive\Documents 1\work\ecg-synthetic-research\data\rendered\ptbxl\AFIB\18966.png,AFIB,AFIB,0.962,1
C:\Users\taimo\OneDrive\Documents 1\work\ecg-synthetic-research\data\rendered\ptbxl\AFIB\19072.png,AFIB,AFIB,0.9565,1
C:\Users\taimo\OneDrive\Documents 1\work\ecg-synthetic-research\data\rendered\ptbxl\AFIB\19129.png,AFIB,AFIB,0.9106,1
C:\Users\taimo\OneDrive\Documents 1\work\ecg-synthetic-research\data\rendered\ptbxl\AFIB\19216.png,AFIB,AFIB,0.814,1
C:\Users\taimo\OneDrive\Documents 1\work\ecg-synthetic-research\data\rendered\ptbxl\AFIB\19328.png,AFIB,AFIB,0.8896,1
C:\Users\taimo\OneDrive\Documents 1\work\ecg-synthetic-research\data\rendered\ptbxl\AFIB\19354.png,AFIB,AFIB,0.9653,1
C:\Users\taimo\OneDrive\Documents 1\work\ecg-synthetic-research\data\rendered\ptbxl\AFIB\19372.png,AFIB,AFIB,0.93,1
C:\Users\taimo\OneDrive\Documents 1\work\ecg-synthetic-research\data\rendered\ptbxl\AFIB\19378.png,AFIB,AFIB,0.927,1
C:\Users\taimo\OneDrive\Documents 1\work\ecg-synthetic-research\data\rendered\ptbxl\AFIB\19383.png,AFIB,AFIB,0.964,1
C:\Users\taimo\OneDrive\Documents 1\work\ecg-synthetic-research\data\rendered\ptbxl\AFIB\19406.png,AFIB,AFIB,0.789,1
C:\Users\taimo\OneDrive\Documents 1\work\ecg-synthetic-research\data\rendered\ptbxl\AFIB\19415.png,AFIB,AFIB,0.936,1
C:\Users\taimo\OneDrive\Documents 1\work\ecg-synthetic-research\data\rendered\ptbxl\AFIB\19426.png,AFIB,AFIB,0.912,1
C:\Users\taimo\OneDrive\Documents 1\work\ecg-synthetic-research\data\rendered\ptbxl\AFIB\19510.png,AFIB,AFIB,0.704,1
C:\Users\taimo\OneDrive\Documents 1\work\ecg-synthetic-research\data\rendered\ptbxl\AFIB\19518.png,AFIB,AFIB,0.963,1
C:\Users\taimo\OneDrive\Documents 1\work\ecg-synthetic-research\data\rendered\ptbxl\AFIB\19519.png,AFIB,AFIB,0.8965,1
C:\Users\taimo\OneDrive\Documents 1\work\ecg-synthetic-research\data\rendered\ptbxl\AFIB\19528.png,AFIB,AFIB,0.6455,1
C:\Users\taimo\OneDrive\Documents 1\work\ecg-synthetic-research\data\rendered\ptbxl\AFIB\19539.png,AFIB,AFIB,0.817,1
C:\Users\taimo\OneDrive\Documents 1\work\ecg-synthetic-research\data\rendered\ptbxl\AFIB\19563.png,AFIB,AFIB,0.8833,1
C:\Users\taimo\OneDrive\Documents 1\work\ecg-synthetic-research\data\rendered\ptbxl\AFIB\19581.png,AFIB,AFIB,0.6685,1
C:\Users\taimo\OneDrive\Documents 1\work\ecg-synthetic-research\data\rendered\ptbxl\AFIB\19659.png,AFIB,AFIB,0.9067,1
C:\Users\taimo\OneDrive\Documents 1\work\ecg-synthetic-research\data\rendered\ptbxl\AFIB\19667.png,AFIB,AFIB,0.726,1
C:\Users\taimo\OneDrive\Documents 1\work\ecg-synthetic-research\data\rendered\ptbxl\AFIB\19774.png,AFIB,AFIB,0.9385,1
C:\Users\taimo\OneDrive\Documents 1\work\ecg-synthetic-research\data\rendered\ptbxl\AFIB\19836.png,AFIB,TACHY,0.7275,0
C:\Users\taimo\OneDrive\Documents 1\work\ecg-synthetic-research\data\rendered\ptbxl\AFIB\19896.png,AFIB,AFIB,0.562,1
C:\Users\taimo\OneDrive\Documents 1\work\ecg-synthetic-research\data\rendered\ptbxl\AFIB\19902.png,AFIB,AFIB,0.79,1
C:\Users\taimo\OneDrive\Documents 1\work\ecg-synthetic-research\data\rendered\ptbxl\AFIB\19906.png,AFIB,MI,0.422,0
C:\Users\taimo\OneDrive\Documents 1\work\ecg-synthetic-research\data\rendered\ptbxl\AFIB\19974.png,AFIB,AFIB,0.8027,1
C:\Users\taimo\OneDrive\Documents 1\work\ecg-synthetic-research\data\rendered\ptbxl\AFIB\19992.png,AFIB,AFIB,0.819,1
C:\Users\taimo\OneDrive\Documents 1\work\ecg-synthetic-research\data\rendered\ptbxl\AFIB\20001.png,AFIB,AFIB,0.9565,1
C:\Users\taimo\OneDrive\Documents 1\work\ecg-synthetic-research\data\rendered\ptbxl\AFIB\20085.png,AFIB,AFIB,0.957,1
C:\Users\taimo\OneDrive\Documents 1\work\ecg-synthetic-research\data\rendered\ptbxl\AFIB\20273.png,AFIB,AFIB,0.9116,1
C:\Users\taimo\OneDrive\Documents 1\work\ecg-synthetic-research\data\rendered\ptbxl\AFIB\20385.png,AFIB,AFIB,0.9224,1
C:\Users\taimo\OneDrive\Documents 1\work\ecg-synthetic-research\data\rendered\ptbxl\AFIB\20406.png,AFIB,AFIB,0.9346,1
C:\Users\taimo\OneDrive\Documents 1\work\ecg-synthetic-research\data\rendered\ptbxl\AFIB\20431.png,AFIB,AFIB,0.867,1
C:\Users\taimo\OneDrive\Documents 1\work\ecg-synthetic-research\data\rendered\ptbxl\AFIB\20440.png,AFIB,AFIB,0.911,1
C:\Users\taimo\OneDrive\Documents 1\work\ecg-synthetic-research\data\rendered\ptbxl\AFIB\20448.png,AFIB,AFIB,0.901,1
C:\Users\taimo\OneDrive\Documents 1\work\ecg-synthetic-research\data\rendered\ptbxl\AFIB\20488.png,AFIB,AFIB,0.957,1
C:\Users\taimo\OneDrive\Documents 1\work\ecg-synthetic-research\data\rendered\ptbxl\AFIB\20517.png,AFIB,AFIB,0.951,1
C:\Users\taimo\OneDrive\Documents 1\work\ecg-synthetic-research\data\rendered\ptbxl\AFIB\20531.png,AFIB,AFIB,0.7656,1
C:\Users\taimo\OneDrive\Documents 1\work\ecg-synthetic-research\data\rendered\ptbxl\AFIB\20597.png,AFIB,AFIB,0.8906,1
C:\Users\taimo\OneDrive\Documents 1\work\ecg-synthetic-research\data\rendered\ptbxl\AFIB\20674.png,AFIB,NORM,0.668,0
C:\Users\taimo\OneDrive\Documents 1\work\ecg-synthetic-research\data\rendered\ptbxl\AFIB\20769.png,AFIB,AFIB,0.887,1
C:\Users\taimo\OneDrive\Documents 1\work\ecg-synthetic-research\data\rendered\ptbxl\AFIB\20832.png,AFIB,AFIB,0.8447,1
C:\Users\taimo\OneDrive\Documents 1\work\ecg-synthetic-research\data\rendered\ptbxl\AFIB\20874.png,AFIB,AFIB,0.9004,1
C:\Users\taimo\OneDrive\Documents 1\work\ecg-synthetic-research\data\rendered\ptbxl\AFIB\20877.png,AFIB,AFIB,0.957,1
C:\Users\taimo\OneDrive\Documents 1\work\ecg-synthetic-research\data\rendered\ptbxl\AFIB\20918.png,AFIB,AFIB,0.9497,1
C:\Users\taimo\OneDrive\Documents 1\work\ecg-synthetic-research\data\rendered\ptbxl\AFIB\20923.png,AFIB,AFIB,0.9233,1
C:\Users\taimo\OneDrive\Documents 1\work\ecg-synthetic-research\data\rendered\ptbxl\AFIB\21048.png,AFIB,AFIB,0.877,1
C:\Users\taimo\OneDrive\Documents 1\work\ecg-synthetic-research\data\rendered\ptbxl\AFIB\21137.png,AFIB,AFIB,0.7837,1
C:\Users\taimo\OneDrive\Documents 1\work\ecg-synthetic-research\data\rendered\ptbxl\AFIB\21255.png,AFIB,AFIB,0.95,1
C:\Users\taimo\OneDrive\Documents 1\work\ecg-synthetic-research\data\rendered\ptbxl\AFIB\21300.png,AFIB,AFIB,0.89,1
C:\Users\taimo\OneDrive\Documents 1\work\ecg-synthetic-research\data\rendered\ptbxl\AFIB\21543.png,AFIB,AFIB,0.887,1
C:\Users\taimo\OneDrive\Documents 1\work\ecg-synthetic-research\data\rendered\ptbxl\AFIB\21567.png,AFIB,AFIB,0.873,1
C:\Users\taimo\OneDrive\Documents 1\work\ecg-synthetic-research\data\rendered\ptbxl\AFIB\21568.png,AFIB,AFIB,0.9707,1
C:\Users\taimo\OneDrive\Documents 1\work\ecg-synthetic-research\data\rendered\ptbxl\AFIB\21608.png,AFIB,AFIB,0.9165,1
C:\Users\taimo\OneDrive\Documents 1\work\ecg-synthetic-research\data\rendered\ptbxl\AFIB\21673.png,AFIB,AFIB,0.9194,1
C:\Users\taimo\OneDrive\Documents 1\work\ecg-synthetic-research\data\rendered\ptbxl\AFIB\21675.png,AFIB,AFIB,0.6636,1
C:\Users\taimo\OneDrive\Documents 1\work\ecg-synthetic-research\data\rendered\ptbxl\AFIB\21703.png,AFIB,MI,0.8174,0
C:\Users\taimo\OneDrive\Documents 1\work\ecg-synthetic-research\data\rendered\ptbxl\AFIB\21733.png,AFIB,AFIB,0.949,1
C:\Users\taimo\OneDrive\Documents 1\work\ecg-synthetic-research\data\rendered\ptbxl\AFIB\21741.png,AFIB,AFIB,0.8604,1
C:\Users\taimo\OneDrive\Documents 1\work\ecg-synthetic-research\data\rendered\ptbxl\AFIB\21761.png,AFIB,AFIB,0.898,1
C:\Users\taimo\OneDrive\Documents 1\work\ecg-synthetic-research\data\rendered\ptbxl\AFIB\21786.png,AFIB,AFIB,0.914,1
C:\Users\taimo\OneDrive\Documents 1\work\ecg-synthetic-research\data\rendered\ptbxl\TACHY\00279.png,TACHY,TACHY,0.6646,1
C:\Users\taimo\OneDrive\Documents 1\work\ecg-synthetic-research\data\rendered\ptbxl\TACHY\00626.png,TACHY,TACHY,0.89,1
C:\Users\taimo\OneDrive\Documents 1\work\ecg-synthetic-research\data\rendered\ptbxl\TACHY\00807.png,TACHY,TACHY,0.949,1
C:\Users\taimo\OneDrive\Documents 1\work\ecg-synthetic-research\data\rendered\ptbxl\TACHY\00816.png,TACHY,AFIB,0.575,0
C:\Users\taimo\OneDrive\Documents 1\work\ecg-synthetic-research\data\rendered\ptbxl\TACHY\00849.png,TACHY,TACHY,0.849,1
C:\Users\taimo\OneDrive\Documents 1\work\ecg-synthetic-research\data\rendered\ptbxl\TACHY\00857.png,TACHY,TACHY,0.9575,1
C:\Users\taimo\OneDrive\Documents 1\work\ecg-synthetic-research\data\rendered\ptbxl\TACHY\01234.png,TACHY,TACHY,0.9727,1
C:\Users\taimo\OneDrive\Documents 1\work\ecg-synthetic-research\data\rendered\ptbxl\TACHY\01299.png,TACHY,AFIB,0.5415,0
C:\Users\taimo\OneDrive\Documents 1\work\ecg-synthetic-research\data\rendered\ptbxl\TACHY\01528.png,TACHY,TACHY,0.892,1
C:\Users\taimo\OneDrive\Documents 1\work\ecg-synthetic-research\data\rendered\ptbxl\TACHY\01551.png,TACHY,TACHY,0.943,1
C:\Users\taimo\OneDrive\Documents 1\work\ecg-synthetic-research\data\rendered\ptbxl\TACHY\01670.png,TACHY,TACHY,0.958,1
C:\Users\taimo\OneDrive\Documents 1\work\ecg-synthetic-research\data\rendered\ptbxl\TACHY\01764.png,TACHY,TACHY,0.9165,1
C:\Users\taimo\OneDrive\Documents 1\work\ecg-synthetic-research\data\rendered\ptbxl\TACHY\01877.png,TACHY,TACHY,0.5986,1
C:\Users\taimo\OneDrive\Documents 1\work\ecg-synthetic-research\data\rendered\ptbxl\TACHY\01919.png,TACHY,TACHY,0.662,1
C:\Users\taimo\OneDrive\Documents 1\work\ecg-synthetic-research\data\rendered\ptbxl\TACHY\01986.png,TACHY,TACHY,0.9355,1
C:\Users\taimo\OneDrive\Documents 1\work\ecg-synthetic-research\data\rendered\ptbxl\TACHY\02039.png,TACHY,TACHY,0.944,1
C:\Users\taimo\OneDrive\Documents 1\work\ecg-synthetic-research\data\rendered\ptbxl\TACHY\02092.png,TACHY,TACHY,0.9434,1
C:\Users\taimo\OneDrive\Documents 1\work\ecg-synthetic-research\data\rendered\ptbxl\TACHY\02160.png,TACHY,TACHY,0.95,1
C:\Users\taimo\OneDrive\Documents 1\work\ecg-synthetic-research\data\rendered\ptbxl\TACHY\02262.png,TACHY,AFIB,0.4912,0
C:\Users\taimo\OneDrive\Documents 1\work\ecg-synthetic-research\data\rendered\ptbxl\TACHY\02918.png,TACHY,TACHY,0.925,1
C:\Users\taimo\OneDrive\Documents 1\work\ecg-synthetic-research\data\rendered\ptbxl\TACHY\03161.png,TACHY,TACHY,0.796,1
C:\Users\taimo\OneDrive\Documents 1\work\ecg-synthetic-research\data\rendered\ptbxl\TACHY\03246.png,TACHY,TACHY,0.741,1
C:\Users\taimo\OneDrive\Documents 1\work\ecg-synthetic-research\data\rendered\ptbxl\TACHY\03476.png,TACHY,TACHY,0.6255,1
C:\Users\taimo\OneDrive\Documents 1\work\ecg-synthetic-research\data\rendered\ptbxl\TACHY\03499.png,TACHY,TACHY,0.8604,1
C:\Users\taimo\OneDrive\Documents 1\work\ecg-synthetic-research\data\rendered\ptbxl\TACHY\03586.png,TACHY,TACHY,0.83,1
C:\Users\taimo\OneDrive\Documents 1\work\ecg-synthetic-research\data\rendered\ptbxl\TACHY\03759.png,TACHY,TACHY,0.611,1
C:\Users\taimo\OneDrive\Documents 1\work\ecg-synthetic-research\data\rendered\ptbxl\TACHY\03803.png,TACHY,TACHY,0.8745,1
C:\Users\taimo\OneDrive\Documents 1\work\ecg-synthetic-research\data\rendered\ptbxl\TACHY\04182.png,TACHY,TACHY,0.601,1
C:\Users\taimo\OneDrive\Documents 1\work\ecg-synthetic-research\data\rendered\ptbxl\TACHY\04234.png,TACHY,TACHY,0.906,1
C:\Users\taimo\OneDrive\Documents 1\work\ecg-synthetic-research\data\rendered\ptbxl\TACHY\04398.png,TACHY,NORM,0.547,0
C:\Users\taimo\OneDrive\Documents 1\work\ecg-synthetic-research\data\rendered\ptbxl\TACHY\04457.png,TACHY,TACHY,0.951,1
C:\Users\taimo\OneDrive\Documents 1\work\ecg-synthetic-research\data\rendered\ptbxl\TACHY\04568.png,TACHY,TACHY,0.98,1
C:\Users\taimo\OneDrive\Documents 1\work\ecg-synthetic-research\data\rendered\ptbxl\TACHY\04763.png,TACHY,TACHY,0.8613,1
C:\Users\taimo\OneDrive\Documents 1\work\ecg-synthetic-research\data\rendered\ptbxl\TACHY\04857.png,TACHY,TACHY,0.9404,1
C:\Users\taimo\OneDrive\Documents 1\work\ecg-synthetic-research\data\rendered\ptbxl\TACHY\04863.png,TACHY,TACHY,0.9424,1
C:\Users\taimo\OneDrive\Documents 1\work\ecg-synthetic-research\data\rendered\ptbxl\TACHY\05079.png,TACHY,TACHY,0.9565,1
C:\Users\taimo\OneDrive\Documents 1\work\ecg-synthetic-research\data\rendered\ptbxl\TACHY\05249.png,TACHY,TACHY,0.7207,1
C:\Users\taimo\OneDrive\Documents 1\work\ecg-synthetic-research\data\rendered\ptbxl\TACHY\05570.png,TACHY,TACHY,0.941,1
C:\Users\taimo\OneDrive\Documents 1\work\ecg-synthetic-research\data\rendered\ptbxl\TACHY\05623.png,TACHY,TACHY,0.969,1
C:\Users\taimo\OneDrive\Documents 1\work\ecg-synthetic-research\data\rendered\ptbxl\TACHY\05625.png,TACHY,TACHY,0.9043,1
C:\Users\taimo\OneDrive\Documents 1\work\ecg-synthetic-research\data\rendered\ptbxl\TACHY\05786.png,TACHY,TACHY,0.9062,1
C:\Users\taimo\OneDrive\Documents 1\work\ecg-synthetic-research\data\rendered\ptbxl\TACHY\06025.png,TACHY,TACHY,0.9062,1
C:\Users\taimo\OneDrive\Documents 1\work\ecg-synthetic-research\data\rendered\ptbxl\TACHY\06177.png,TACHY,TACHY,0.967,1
C:\Users\taimo\OneDrive\Documents 1\work\ecg-synthetic-research\data\rendered\ptbxl\TACHY\06380.png,TACHY,TACHY,0.956,1
C:\Users\taimo\OneDrive\Documents 1\work\ecg-synthetic-research\data\rendered\ptbxl\TACHY\06389.png,TACHY,TACHY,0.8213,1
C:\Users\taimo\OneDrive\Documents 1\work\ecg-synthetic-research\data\rendered\ptbxl\TACHY\06967.png,TACHY,TACHY,0.9907,1
C:\Users\taimo\OneDrive\Documents 1\work\ecg-synthetic-research\data\rendered\ptbxl\TACHY\07075.png,TACHY,TACHY,0.6094,1
C:\Users\taimo\OneDrive\Documents 1\work\ecg-synthetic-research\data\rendered\ptbxl\TACHY\07094.png,TACHY,TACHY,0.97,1
C:\Users\taimo\OneDrive\Documents 1\work\ecg-synthetic-research\data\rendered\ptbxl\TACHY\07223.png,TACHY,TACHY,0.909,1
C:\Users\taimo\OneDrive\Documents 1\work\ecg-synthetic-research\data\rendered\ptbxl\TACHY\07227.png,TACHY,TACHY,0.981,1
C:\Users\taimo\OneDrive\Documents 1\work\ecg-synthetic-research\data\rendered\ptbxl\TACHY\07315.png,TACHY,TACHY,0.9604,1
C:\Users\taimo\OneDrive\Documents 1\work\ecg-synthetic-research\data\rendered\ptbxl\TACHY\07373.png,TACHY,TACHY,0.8345,1
C:\Users\taimo\OneDrive\Documents 1\work\ecg-synthetic-research\data\rendered\ptbxl\TACHY\07473.png,TACHY,TACHY,0.934,1
C:\Users\taimo\OneDrive\Documents 1\work\ecg-synthetic-research\data\rendered\ptbxl\TACHY\07547.png,TACHY,TACHY,0.9727,1
C:\Users\taimo\OneDrive\Documents 1\work\ecg-synthetic-research\data\rendered\ptbxl\TACHY\08294.png,TACHY,TACHY,0.9565,1
C:\Users\taimo\OneDrive\Documents 1\work\ecg-synthetic-research\data\rendered\ptbxl\TACHY\08339.png,TACHY,TACHY,0.661,1
C:\Users\taimo\OneDrive\Documents 1\work\ecg-synthetic-research\data\rendered\ptbxl\TACHY\08385.png,TACHY,TACHY,0.841,1
C:\Users\taimo\OneDrive\Documents 1\work\ecg-synthetic-research\data\rendered\ptbxl\TACHY\08411.png,TACHY,TACHY,0.8647,1
C:\Users\taimo\OneDrive\Documents 1\work\ecg-synthetic-research\data\rendered\ptbxl\TACHY\08729.png,TACHY,TACHY,0.906,1
C:\Users\taimo\OneDrive\Documents 1\work\ecg-synthetic-research\data\rendered\ptbxl\TACHY\08746.png,TACHY,TACHY,0.9336,1
C:\Users\taimo\OneDrive\Documents 1\work\ecg-synthetic-research\data\rendered\ptbxl\TACHY\09111.png,TACHY,NORM,0.5513,0
C:\Users\taimo\OneDrive\Documents 1\work\ecg-synthetic-research\data\rendered\ptbxl\TACHY\09212.png,TACHY,TACHY,0.9697,1
C:\Users\taimo\OneDrive\Documents 1\work\ecg-synthetic-research\data\rendered\ptbxl\TACHY\09388.png,TACHY,TACHY,0.9575,1
C:\Users\taimo\OneDrive\Documents 1\work\ecg-synthetic-research\data\rendered\ptbxl\TACHY\09398.png,TACHY,TACHY,0.866,1
C:\Users\taimo\OneDrive\Documents 1\work\ecg-synthetic-research\data\rendered\ptbxl\TACHY\09577.png,TACHY,TACHY,0.8765,1
C:\Users\taimo\OneDrive\Documents 1\work\ecg-synthetic-research\data\rendered\ptbxl\TACHY\09651.png,TACHY,TACHY,0.9097,1
C:\Users\taimo\OneDrive\Documents 1\work\ecg-synthetic-research\data\rendered\ptbxl\TACHY\09742.png,TACHY,AFIB,0.7944,0
C:\Users\taimo\OneDrive\Documents 1\work\ecg-synthetic-research\data\rendered\ptbxl\TACHY\10344.png,TACHY,TACHY,0.8887,1
C:\Users\taimo\OneDrive\Documents 1\work\ecg-synthetic-research\data\rendered\ptbxl\TACHY\10510.png,TACHY,TACHY,0.9316,1
C:\Users\taimo\OneDrive\Documents 1\work\ecg-synthetic-research\data\rendered\ptbxl\TACHY\10724.png,TACHY,TACHY,0.9766,1
C:\Users\taimo\OneDrive\Documents 1\work\ecg-synthetic-research\data\rendered\ptbxl\TACHY\10753.png,TACHY,TACHY,0.9756,1
C:\Users\taimo\OneDrive\Documents 1\work\ecg-synthetic-research\data\rendered\ptbxl\TACHY\10936.png,TACHY,TACHY,0.5107,1
C:\Users\taimo\OneDrive\Documents 1\work\ecg-synthetic-research\data\rendered\ptbxl\TACHY\11028.png,TACHY,TACHY,0.961,1
C:\Users\taimo\OneDrive\Documents 1\work\ecg-synthetic-research\data\rendered\ptbxl\TACHY\11251.png,TACHY,TACHY,0.875,1
C:\Users\taimo\OneDrive\Documents 1\work\ecg-synthetic-research\data\rendered\ptbxl\TACHY\11337.png,TACHY,TACHY,0.946,1
C:\Users\taimo\OneDrive\Documents 1\work\ecg-synthetic-research\data\rendered\ptbxl\TACHY\11418.png,TACHY,AFIB,0.782,0
C:\Users\taimo\OneDrive\Documents 1\work\ecg-synthetic-research\data\rendered\ptbxl\TACHY\11431.png,TACHY,TACHY,0.685,1
C:\Users\taimo\OneDrive\Documents 1\work\ecg-synthetic-research\data\rendered\ptbxl\TACHY\11590.png,TACHY,TACHY,0.9155,1
C:\Users\taimo\OneDrive\Documents 1\work\ecg-synthetic-research\data\rendered\ptbxl\TACHY\11738.png,TACHY,TACHY,0.8047,1
C:\Users\taimo\OneDrive\Documents 1\work\ecg-synthetic-research\data\rendered\ptbxl\TACHY\11772.png,TACHY,TACHY,0.93,1
C:\Users\taimo\OneDrive\Documents 1\work\ecg-synthetic-research\data\rendered\ptbxl\TACHY\11830.png,TACHY,TACHY,0.851,1
C:\Users\taimo\OneDrive\Documents 1\work\ecg-synthetic-research\data\rendered\ptbxl\TACHY\12003.png,TACHY,TACHY,0.97,1
C:\Users\taimo\OneDrive\Documents 1\work\ecg-synthetic-research\data\rendered\ptbxl\TACHY\12091.png,TACHY,TACHY,0.7256,1
C:\Users\taimo\OneDrive\Documents 1\work\ecg-synthetic-research\data\rendered\ptbxl\TACHY\12225.png,TACHY,TACHY,0.792,1
C:\Users\taimo\OneDrive\Documents 1\work\ecg-synthetic-research\data\rendered\ptbxl\TACHY\12489.png,TACHY,TACHY,0.6826,1
C:\Users\taimo\OneDrive\Documents 1\work\ecg-synthetic-research\data\rendered\ptbxl\TACHY\12537.png,TACHY,AFIB,0.589,0
C:\Users\taimo\OneDrive\Documents 1\work\ecg-synthetic-research\data\rendered\ptbxl\TACHY\12767.png,TACHY,TACHY,0.621,1
C:\Users\taimo\OneDrive\Documents 1\work\ecg-synthetic-research\data\rendered\ptbxl\TACHY\13171.png,TACHY,TACHY,0.9316,1
C:\Users\taimo\OneDrive\Documents 1\work\ecg-synthetic-research\data\rendered\ptbxl\TACHY\13223.png,TACHY,TACHY,0.948,1
C:\Users\taimo\OneDrive\Documents 1\work\ecg-synthetic-research\data\rendered\ptbxl\TACHY\13397.png,TACHY,TACHY,0.8003,1
C:\Users\taimo\OneDrive\Documents 1\work\ecg-synthetic-research\data\rendered\ptbxl\TACHY\13421.png,TACHY,TACHY,0.974,1
C:\Users\taimo\OneDrive\Documents 1\work\ecg-synthetic-research\data\rendered\ptbxl\TACHY\13486.png,TACHY,TACHY,0.949,1
C:\Users\taimo\OneDrive\Documents 1\work\ecg-synthetic-research\data\rendered\ptbxl\TACHY\13619.png,TACHY,TACHY,0.9707,1
C:\Users\taimo\OneDrive\Documents 1\work\ecg-synthetic-research\data\rendered\ptbxl\TACHY\13620.png,TACHY,TACHY,0.9272,1
C:\Users\taimo\OneDrive\Documents 1\work\ecg-synthetic-research\data\rendered\ptbxl\TACHY\13897.png,TACHY,TACHY,0.8193,1
C:\Users\taimo\OneDrive\Documents 1\work\ecg-synthetic-research\data\rendered\ptbxl\TACHY\14183.png,TACHY,TACHY,0.886,1
C:\Users\taimo\OneDrive\Documents 1\work\ecg-synthetic-research\data\rendered\ptbxl\TACHY\14286.png,TACHY,TACHY,0.798,1
C:\Users\taimo\OneDrive\Documents 1\work\ecg-synthetic-research\data\rendered\ptbxl\TACHY\14349.png,TACHY,AFIB,0.72,0
C:\Users\taimo\OneDrive\Documents 1\work\ecg-synthetic-research\data\rendered\ptbxl\TACHY\14350.png,TACHY,TACHY,0.968,1
C:\Users\taimo\OneDrive\Documents 1\work\ecg-synthetic-research\data\rendered\ptbxl\TACHY\14615.png,TACHY,TACHY,0.979,1
C:\Users\taimo\OneDrive\Documents 1\work\ecg-synthetic-research\data\rendered\ptbxl\TACHY\14701.png,TACHY,TACHY,0.9175,1
C:\Users\taimo\OneDrive\Documents 1\work\ecg-synthetic-research\data\rendered\ptbxl\TACHY\14733.png,TACHY,TACHY,0.968,1
C:\Users\taimo\OneDrive\Documents 1\work\ecg-synthetic-research\data\rendered\ptbxl\TACHY\15356.png,TACHY,TACHY,0.887,1
C:\Users\taimo\OneDrive\Documents 1\work\ecg-synthetic-research\data\rendered\ptbxl\TACHY\15399.png,TACHY,TACHY,0.8647,1
C:\Users\taimo\OneDrive\Documents 1\work\ecg-synthetic-research\data\rendered\ptbxl\TACHY\16012.png,TACHY,TACHY,0.778,1
C:\Users\taimo\OneDrive\Documents 1\work\ecg-synthetic-research\data\rendered\ptbxl\TACHY\16046.png,TACHY,TACHY,0.8315,1
C:\Users\taimo\OneDrive\Documents 1\work\ecg-synthetic-research\data\rendered\ptbxl\TACHY\16066.png,TACHY,TACHY,0.9634,1
C:\Users\taimo\OneDrive\Documents 1\work\ecg-synthetic-research\data\rendered\ptbxl\TACHY\16229.png,TACHY,AFIB,0.738,0
C:\Users\taimo\OneDrive\Documents 1\work\ecg-synthetic-research\data\rendered\ptbxl\TACHY\16446.png,TACHY,TACHY,0.903,1
C:\Users\taimo\OneDrive\Documents 1\work\ecg-synthetic-research\data\rendered\ptbxl\TACHY\16719.png,TACHY,TACHY,0.9663,1
C:\Users\taimo\OneDrive\Documents 1\work\ecg-synthetic-research\data\rendered\ptbxl\TACHY\17155.png,TACHY,TACHY,0.953,1
C:\Users\taimo\OneDrive\Documents 1\work\ecg-synthetic-research\data\rendered\ptbxl\TACHY\17295.png,TACHY,TACHY,0.877,1
C:\Users\taimo\OneDrive\Documents 1\work\ecg-synthetic-research\data\rendered\ptbxl\TACHY\17418.png,TACHY,TACHY,0.8555,1
C:\Users\taimo\OneDrive\Documents 1\work\ecg-synthetic-research\data\rendered\ptbxl\TACHY\17447.png,TACHY,TACHY,0.873,1
C:\Users\taimo\OneDrive\Documents 1\work\ecg-synthetic-research\data\rendered\ptbxl\TACHY\17795.png,TACHY,TACHY,0.727,1
C:\Users\taimo\OneDrive\Documents 1\work\ecg-synthetic-research\data\rendered\ptbxl\TACHY\18032.png,TACHY,TACHY,0.932,1
C:\Users\taimo\OneDrive\Documents 1\work\ecg-synthetic-research\data\rendered\ptbxl\TACHY\18081.png,TACHY,TACHY,0.95,1
C:\Users\taimo\OneDrive\Documents 1\work\ecg-synthetic-research\data\rendered\ptbxl\TACHY\18380.png,TACHY,TACHY,0.945,1
C:\Users\taimo\OneDrive\Documents 1\work\ecg-synthetic-research\data\rendered\ptbxl\TACHY\18403.png,TACHY,TACHY,0.9165,1
C:\Users\taimo\OneDrive\Documents 1\work\ecg-synthetic-research\data\rendered\ptbxl\TACHY\18769.png,TACHY,TACHY,0.848,1
C:\Users\taimo\OneDrive\Documents 1\work\ecg-synthetic-research\data\rendered\ptbxl\TACHY\18877.png,TACHY,TACHY,0.959,1
C:\Users\taimo\OneDrive\Documents 1\work\ecg-synthetic-research\data\rendered\ptbxl\TACHY\18914.png,TACHY,TACHY,0.953,1
C:\Users\taimo\OneDrive\Documents 1\work\ecg-synthetic-research\data\rendered\ptbxl\TACHY\18957.png,TACHY,TACHY,0.6475,1
C:\Users\taimo\OneDrive\Documents 1\work\ecg-synthetic-research\data\rendered\ptbxl\TACHY\19547.png,TACHY,TACHY,0.932,1
C:\Users\taimo\OneDrive\Documents 1\work\ecg-synthetic-research\data\rendered\ptbxl\TACHY\19633.png,TACHY,TACHY,0.833,1
C:\Users\taimo\OneDrive\Documents 1\work\ecg-synthetic-research\data\rendered\ptbxl\TACHY\19665.png,TACHY,TACHY,0.96,1
C:\Users\taimo\OneDrive\Documents 1\work\ecg-synthetic-research\data\rendered\ptbxl\TACHY\20010.png,TACHY,TACHY,0.951,1
C:\Users\taimo\OneDrive\Documents 1\work\ecg-synthetic-research\data\rendered\ptbxl\TACHY\20052.png,TACHY,TACHY,0.783,1
C:\Users\taimo\OneDrive\Documents 1\work\ecg-synthetic-research\data\rendered\ptbxl\TACHY\20254.png,TACHY,TACHY,0.7954,1
C:\Users\taimo\OneDrive\Documents 1\work\ecg-synthetic-research\data\rendered\ptbxl\TACHY\20315.png,TACHY,TACHY,0.9194,1
C:\Users\taimo\OneDrive\Documents 1\work\ecg-synthetic-research\data\rendered\ptbxl\TACHY\20511.png,TACHY,TACHY,0.5815,1
C:\Users\taimo\OneDrive\Documents 1\work\ecg-synthetic-research\data\rendered\ptbxl\TACHY\20519.png,TACHY,TACHY,0.828,1
C:\Users\taimo\OneDrive\Documents 1\work\ecg-synthetic-research\data\rendered\ptbxl\TACHY\20544.png,TACHY,TACHY,0.865,1
C:\Users\taimo\OneDrive\Documents 1\work\ecg-synthetic-research\data\rendered\ptbxl\TACHY\20616.png,TACHY,TACHY,0.929,1
C:\Users\taimo\OneDrive\Documents 1\work\ecg-synthetic-research\data\rendered\ptbxl\TACHY\20893.png,TACHY,TACHY,0.9526,1
C:\Users\taimo\OneDrive\Documents 1\work\ecg-synthetic-research\data\rendered\ptbxl\TACHY\20960.png,TACHY,TACHY,0.7534,1
C:\Users\taimo\OneDrive\Documents 1\work\ecg-synthetic-research\data\rendered\ptbxl\TACHY\20972.png,TACHY,TACHY,0.782,1
C:\Users\taimo\OneDrive\Documents 1\work\ecg-synthetic-research\data\rendered\ptbxl\TACHY\21196.png,TACHY,TACHY,0.924,1
C:\Users\taimo\OneDrive\Documents 1\work\ecg-synthetic-research\data\rendered\ptbxl\TACHY\21569.png,TACHY,TACHY,0.871,1
C:\Users\taimo\OneDrive\Documents 1\work\ecg-synthetic-research\data\rendered\ptbxl\TACHY\21579.png,TACHY,TACHY,0.9814,1
C:\Users\taimo\OneDrive\Documents 1\work\ecg-synthetic-research\data\rendered\ptbxl\TACHY\21778.png,TACHY,TACHY,0.8447,1
C:\Users\taimo\OneDrive\Documents 1\work\ecg-synthetic-research\data\rendered\ptbxl\TACHY\21833.png,TACHY,TACHY,0.9604,1
