filepath,true_label,pred_label,confidence,correct
C:\Users\taimo\OneDrive\Documents 1\work\ecg-synthetic-research\data\rendered\ptbxl\NORM\00016.png,NORM,NORM,0.797,1
C:\Users\taimo\OneDrive\Documents 1\work\ecg-synthetic-research\data\rendered\ptbxl\NORM\00027.png,NORM,NORM,0.6978,1
C:\Users\taimo\OneDrive\Documents 1\work\ecg-synthetic-research\data\rendered\ptbxl\NORM\00051.png,NORM,NORM,0.9766,1
C:\Users\taimo\OneDrive\Documents 1\work\ecg-synthetic-research\data\rendered\ptbxl\NORM\00072.png,NORM,NORM,0.941,1
C:\Users\taimo\OneDrive\Documents 1\work\ecg-synthetic-research\data\rendered\ptbxl\NORM\00101.png,NORM,NORM,0.766,1
C:\Users\taimo\OneDrive\Documents 1\work\ecg-synthetic-research\data\rendered\ptbxl\NORM\00109.png,NORM,NORM,0.958,1
C:\Users\taimo\OneDrive\Documents 1\work\ecg-synthetic-research\data\rendered\ptbxl\NORM\00126.png,NORM,NORM,0.9224,1
C:\Users\taimo\OneDrive\Documents 1\work\ecg-synthetic-research\data\rendered\ptbxl\NORM\00145.png,NORM,NORM,0.8555,1
C:\Users\taimo\OneDrive\Documents 1\work\ecg-synthetic-research\data\rendered\ptbxl\NORM\00156.png,NORM,NORM,0.8477,1
C:\Users\taimo\OneDrive\Documents 1\work\ecg-synthetic-research\data\rendered\ptbxl\NORM\00187.png,NORM,NORM,0.8784,1
C:\Users\taimo\OneDrive\Documents 1\work\ecg-synthetic-research\data\rendered\ptbxl\NORM\00207.png,NORM,NORM,0.9155,1
C:\Users\taimo\OneDrive\Documents 1\work\ecg-synthetic-research\data\rendered\ptbxl\NORM\00272.png,NORM,NORM,0.724,1
C:\Users\taimo\OneDrive\Documents 1\work\ecg-synthetic-research\data\rendered\ptbxl\NORM\00366.png,NORM,NORM,0.9277,1
C:\Users\taimo\OneDrive\Documents 1\work\ecg-synthetic-research\data\rendered\ptbxl\NORM\00405.png,NORM,NORM,0.914,1
C:\Users\taimo\OneDrive\Documents 1\work\ecg-synthetic-research\data\rendered\ptbxl\NORM\00411.png,NORM,NORM,0.936,1
C:\Users\taimo\OneDrive\Documents 1\work\ecg-synthetic-research\data\rendered\ptbxl\NORM\00443.png,NORM,NORM,0.8228,1
C:\Users\taimo\OneDrive\Documents 1\work\ecg-synthetic-research\data\rendered\ptbxl\NORM\00445.png,NORM,NORM,0.847,1
C:\Users\taimo\OneDrive\Documents 1\work\ecg-synthetic-research\data\rendered\ptbxl\NORM\00568.png,NORM,NORM,0.86,1
C:\Users\taimo\OneDrive\Documents 1\work\ecg-synthetic-research\data\rendered\ptbxl\NORM\00596.png,NORM,NORM,0.7363,1
C:\Users\taimo\OneDrive\Documents 1\work\ecg-synthetic-research\data\rendered\ptbxl\NORM\00642.png,NORM,NORM,0.869,1
C:\Users\taimo\OneDrive\Documents 1\work\ecg-synthetic-research\data\rendered\ptbxl\NORM\00647.png,NORM,NORM,0.747,1
C:\Users\taimo\OneDrive\Documents 1\work\ecg-synthetic-research\data\rendered\ptbxl\NORM\00660.png,NORM,NORM,0.864,1
C:\Users\taimo\OneDrive\Documents 1\work\ecg-synthetic-research\data\rendered\ptbxl\NORM\00777.png,NORM,NORM,0.941,1
C:\Users\taimo\OneDrive\Documents 1\work\ecg-synthetic-research\data\rendered\ptbxl\NORM\00782.png,NORM,NORM,0.6016,1
C:\Users\taimo\OneDrive\Documents 1\work\ecg-synthetic-research\data\rendered\ptbxl\NORM\00808.png,NORM,NORM,0.856,1
C:\Users\taimo\OneDrive\Documents 1\work\ecg-synthetic-research\data\rendered\ptbxl\NORM\00899.png,NORM,NORM,0.8184,1
C:\Users\taimo\OneDrive\Documents 1\work\ecg-synthetic-research\data\rendered\ptbxl\NORM\00918.png,NORM,NORM,0.8325,1
C:\Users\taimo\OneDrive\Documents 1\work\ecg-synthetic-research\data\rendered\ptbxl\NORM\01027.png,NORM,NORM,0.885,1
C:\Users\taimo\OneDrive\Documents 1\work\ecg-synthetic-research\data\rendered\ptbxl\NORM\01084.png,NORM,NORM,0.8823,1
C:\Users\taimo\OneDrive\Documents 1\work\ecg-synthetic-research\data\rendered\ptbxl\NORM\01102.png,NORM,NORM,0.8174,1
C:\Users\taimo\OneDrive\Documents 1\work\ecg-synthetic-research\data\rendered\ptbxl\NORM\01141.png,NORM,NORM,0.8135,1
C:\Users\taimo\OneDrive\Documents 1\work\ecg-synthetic-research\data\rendered\ptbxl\NORM\01192.png,NORM,NORM,0.8184,1
C:\Users\taimo\OneDrive\Documents 1\work\ecg-synthetic-research\data\rendered\ptbxl\NORM\01204.png,NORM,NORM,0.6777,1
C:\Users\taimo\OneDrive\Documents 1\work\ecg-synthetic-research\data\rendered\ptbxl\NORM\01208.png,NORM,NORM,0.8794,1
C:\Users\taimo\OneDrive\Documents 1\work\ecg-synthetic-research\data\rendered\ptbxl\NORM\01253.png,NORM,NORM,0.866,1
C:\Users\taimo\OneDrive\Documents 1\work\ecg-synthetic-research\data\rendered\ptbxl\NORM\01349.png,NORM,NORM,0.946,1
C:\Users\taimo\OneDrive\Documents 1\work\ecg-synthetic-research\data\rendered\ptbxl\NORM\01357.png,NORM,MI,0.6064,0
C:\Users\taimo\OneDrive\Documents 1\work\ecg-synthetic-research\data\rendered\ptbxl\NORM\01408.png,NORM,NORM,0.7695,1
C:\Users\taimo\OneDrive\Documents 1\work\ecg-synthetic-research\data\rendered\ptbxl\NORM\01409.png,NORM,NORM,0.8467,1
C:\Users\taimo\OneDrive\Documents 1\work\ecg-synthetic-research\data\rendered\ptbxl\NORM\01458.png,NORM,NORM,0.5376,1
C:\Users\taimo\OneDrive\Documents 1\work\ecg-synthetic-research\data\rendered\ptbxl\NORM\01460.png,NORM,NORM,0.67,1
C:\Users\taimo\OneDrive\Documents 1\work\ecg-synthetic-research\data\rendered\ptbxl\NORM\01465.png,NORM,MI,0.5605,0
C:\Users\taimo\OneDrive\Documents 1\work\ecg-synthetic-research\data\rendered\ptbxl\NORM\01467.png,NORM,NORM,0.837,1
C:\Users\taimo\OneDrive\Documents 1\work\ecg-synthetic-research\data\rendered\ptbxl\NORM\01509.png,NORM,NORM,0.6743,1
C:\Users\taimo\OneDrive\Documents 1\work\ecg-synthetic-research\data\rendered\ptbxl\NORM\01560.png,NORM,NORM,0.9175,1
C:\Users\taimo\OneDrive\Documents 1\work\ecg-synthetic-research\data\rendered\ptbxl\NORM\01639.png,NORM,NORM,0.8423,1
C:\Users\taimo\OneDrive\Documents 1\work\ecg-synthetic-research\data\rendered\ptbxl\NORM\01788.png,NORM,TACHY,0.7104,0
C:\Users\taimo\OneDrive\Documents 1\work\ecg-synthetic-research\data\rendered\ptbxl\NORM\01795.png,NORM,NORM,0.9287,1
C:\Users\taimo\OneDrive\Documents 1\work\ecg-synthetic-research\data\rendered\ptbxl\NORM\01866.png,NORM,NORM,0.915,1
C:\Users\taimo\OneDrive\Documents 1\work\ecg-synthetic-research\data\rendered\ptbxl\NORM\01979.png,NORM,NORM,0.927,1
C:\Users\taimo\OneDrive\Documents 1\work\ecg-synthetic-research\data\rendered\ptbxl\NORM\02045.png,NORM,NORM,0.9634,1
C:\Users\taimo\OneDrive\Documents 1\work\ecg-synthetic-research\data\rendered\ptbxl\NORM\02056.png,NORM,NORM,0.91,1
C:\Users\taimo\OneDrive\Documents 1\work\ecg-synthetic-research\data\rendered\ptbxl\NORM\02079.png,NORM,NORM,0.918,1
C:\Users\taimo\OneDrive\Documents 1\work\ecg-synthetic-research\data\rendered\ptbxl\NORM\02084.png,NORM,NORM,0.9707,1
C:\Users\taimo\OneDrive\Documents 1\work\ecg-synthetic-research\data\rendered\ptbxl\NORM\02091.png,NORM,NORM,0.7114,1
C:\Users\taimo\OneDrive\Documents 1\work\ecg-synthetic-research\data\rendered\ptbxl\NORM\02194.png,NORM,MI,0.7163,0
C:\Users\taimo\OneDrive\Documents 1\work\ecg-synthetic-research\data\rendered\ptbxl\NORM\02224.png,NORM,NORM,0.725,1
C:\Users\taimo\OneDrive\Documents 1\work\ecg-synthetic-research\data\rendered\ptbxl\NORM\02237.png,NORM,NORM,0.9033,1
C:\Users\taimo\OneDrive\Documents 1\work\ecg-synthetic-research\data\rendered\ptbxl\NORM\02249.png,NORM,NORM,0.908,1
C:\Users\taimo\OneDrive\Documents 1\work\ecg-synthetic-research\data\rendered\ptbxl\NORM\02261.png,NORM,NORM,0.879,1
C:\Users\taimo\OneDrive\Documents 1\work\ecg-synthetic-research\data\rendered\ptbxl\NORM\02265.png,NORM,NORM,0.815,1
C:\Users\taimo\OneDrive\Documents 1\work\ecg-synthetic-research\data\rendered\ptbxl\NORM\02308.png,NORM,NORM,0.9062,1
C:\Users\taimo\OneDrive\Documents 1\work\ecg-synthetic-research\data\rendered\ptbxl\NORM\02318.png,NORM,NORM,0.929,1
C:\Users\taimo\OneDrive\Documents 1\work\ecg-synthetic-research\data\rendered\ptbxl\NORM\02328.png,NORM,NORM,0.7007,1
C:\Users\taimo\OneDrive\Documents 1\work\ecg-synthetic-research\data\rendered\ptbxl\NORM\02337.png,NORM,NORM,0.7827,1
C:\Users\taimo\OneDrive\Documents 1\work\ecg-synthetic-research\data\rendered\ptbxl\NORM\02427.png,NORM,NORM,0.704,1
C:\Users\taimo\OneDrive\Documents 1\work\ecg-synthetic-research\data\rendered\ptbxl\NORM\02550.png,NORM,NORM,0.9253,1
C:\Users\taimo\OneDrive\Documents 1\work\ecg-synthetic-research\data\rendered\ptbxl\NORM\02554.png,NORM,NORM,0.707,1
C:\Users\taimo\OneDrive\Documents 1\work\ecg-synthetic-research\data\rendered\ptbxl\NORM\02579.png,NORM,NORM,0.576,1
C:\Users\taimo\OneDrive\Documents 1\work\ecg-synthetic-research\data\rendered\ptbxl\NORM\02777.png,NORM,NORM,0.9214,1
C:\Users\taimo\OneDrive\Documents 1\work\ecg-synthetic-research\data\rendered\ptbxl\NORM\02779.png,NORM,NORM,0.8647,1
C:\Users\taimo\OneDrive\Documents 1\work\ecg-synthetic-research\data\rendered\ptbxl\NORM\02903.png,NORM,NORM,0.893,1
C:\Users\taimo\OneDrive\Documents 1\work\ecg-synthetic-research\data\rendered\ptbxl\NORM\02914.png,NORM,NORM,0.901,1
C:\Users\taimo\OneDrive\Documents 1\work\ecg-synthetic-research\data\rendered\ptbxl\NORM\02921.png,NORM,NORM,0.9556,1
C:\Users\taimo\OneDrive\Documents 1\work\ecg-synthetic-research\data\rendered\ptbxl\NORM\02943.png,NORM,NORM,0.879,1
C:\Users\taimo\OneDrive\Documents 1\work\ecg-synthetic-research\data\rendered\ptbxl\NORM\03020.png,NORM,NORM,0.867,1
C:\Users\taimo\OneDrive\Documents 1\work\ecg-synthetic-research\data\rendered\ptbxl\NORM\03042.png,NORM,NORM,0.665,1
C:\Users\taimo\OneDrive\Documents 1\work\ecg-synthetic-research\data\rendered\ptbxl\NORM\03043.png,NORM,NORM,0.896,1
C:\Users\taimo\OneDrive\Documents 1\work\ecg-synthetic-research\data\rendered\ptbxl\NORM\03091.png,NORM,NORM,0.73,1
C:\Users\taimo\OneDrive\Documents 1\work\ecg-synthetic-research\data\rendered\ptbxl\NORM\03148.png,NORM,NORM,0.902,1
C:\Users\taimo\OneDrive\Documents 1\work\ecg-synthetic-research\data\rendered\ptbxl\NORM\03159.png,NORM,NORM,0.7446,1
C:\Users\taimo\OneDrive\Documents 1\work\ecg-synthetic-research\data\rendered\ptbxl\NORM\03229.png,NORM,NORM,0.8354,1
C:\Users\taimo\OneDrive\Documents 1\work\ecg-synthetic-research\data\rendered\ptbxl\NORM\03248.png,NORM,NORM,0.827,1
C:\Users\taimo\OneDrive\Documents 1\work\ecg-synthetic-research\data\rendered\ptbxl\NORM\03279.png,NORM,NORM,0.939,1
C:\Users\taimo\OneDrive\Documents 1\work\ecg-synthetic-research\data\rendered\ptbxl\NORM\03305.png,NORM,NORM,0.92,1
C:\Users\taimo\OneDrive\Documents 1\work\ecg-synthetic-research\data\rendered\ptbxl\NORM\03357.png,NORM,NORM,0.836,1
C:\Users\taimo\OneDrive\Documents 1\work\ecg-synthetic-research\data\rendered\ptbxl\NORM\03367.png,NORM,NORM,0.9116,1
C:\Users\taimo\OneDrive\Documents 1\work\ecg-synthetic-research\data\rendered\ptbxl\NORM\03403.png,NORM,NORM,0.934,1
C:\Users\taimo\OneDrive\Documents 1\work\ecg-synthetic-research\data\rendered\ptbxl\NORM\03415.png,NORM,NORM,0.857,1
C:\Users\taimo\OneDrive\Documents 1\work\ecg-synthetic-research\data\rendered\ptbxl\NORM\03469.png,NORM,NORM,0.9106,1
C:\Users\taimo\OneDrive\Documents 1\work\ecg-synthetic-research\data\rendered\ptbxl\NORM\03472.png,NORM,NORM,0.807,1
C:\Users\taimo\OneDrive\Documents 1\work\ecg-synthetic-research\data\rendered\ptbxl\NORM\03497.png,NORM,NORM,0.8516,1
C:\Users\taimo\OneDrive\Documents 1\work\ecg-synthetic-research\data\rendered\ptbxl\NORM\03554.png,NORM,NORM,0.9146,1
C:\Users\taimo\OneDrive\Documents 1\work\ecg-synthetic-research\data\rendered\ptbxl\NORM\03618.png,NORM,NORM,0.9106,1
C:\Users\taimo\OneDrive\Documents 1\work\ecg-synthetic-research\data\rendered\ptbxl\NORM\03770.png,NORM,NORM,0.912,1
C:\Users\taimo\OneDrive\Documents 1\work\ecg-synthetic-research\data\rendered\ptbxl\NORM\03858.png,NORM,NORM,0.66,1
C:\Users\taimo\OneDrive\Documents 1\work\ecg-synthetic-research\data\rendered\ptbxl\NORM\03917.png,NORM,NORM,0.7534,1
C:\Users\taimo\OneDrive\Documents 1\work\ecg-synthetic-research\data\rendered\ptbxl\NORM\03993.png,NORM,NORM,0.927,1
C:\Users\taimo\OneDrive\Documents 1\work\ecg-synthetic-research\data\rendered\ptbxl\NORM\04060.png,NORM,NORM,0.9194,1
C:\Users\taimo\OneDrive\Documents 1\work\ecg-synthetic-research\data\rendered\ptbxl\NORM\04277.png,NORM,NORM,0.981,1
C:\Users\taimo\OneDrive\Documents 1\work\ecg-synthetic-research\data\rendered\ptbxl\NORM\04311.png,NORM,NORM,0.709,1
C:\Users\taimo\OneDrive\Documents 1\work\ecg-synthetic-research\data\rendered\ptbxl\NORM\04328.png,NORM,NORM,0.9165,1
C:\Users\taimo\OneDrive\Documents 1\work\ecg-synthetic-research\data\rendered\ptbxl\NORM\04483.png,NORM,NORM,0.66,1
C:\Users\taimo\OneDrive\Documents 1\work\ecg-synthetic-research\data\rendered\ptbxl\NORM\04491.png,NORM,NORM,0.8687,1
C:\Users\taimo\OneDrive\Documents 1\work\ecg-synthetic-research\data\rendered\ptbxl\NORM\04642.png,NORM,NORM,0.872,1
C:\Users\taimo\OneDrive\Documents 1\work\ecg-synthetic-research\data\rendered\ptbxl\NORM\04704.png,NORM,MI,0.626,0
C:\Users\taimo\OneDrive\Documents 1\work\ecg-synthetic-research\data\rendered\ptbxl\NORM\04802.png,NORM,NORM,0.9136,1
C:\Users\taimo\OneDrive\Documents 1\work\ecg-synthetic-research\data\rendered\ptbxl\NORM\04858.png,NORM,NORM,0.8877,1
C:\Users\taimo\OneDrive\Documents 1\work\ecg-synthetic-research\data\rendered\ptbxl\NORM\04980.png,NORM,NORM,0.546,1
C:\Users\taimo\OneDrive\Documents 1\work\ecg-synthetic-research\data\rendered\ptbxl\NORM\05009.png,NORM,NORM,0.738,1
C:\Users\taimo\OneDrive\Documents 1\work\ecg-synthetic-research\data\rendered\ptbxl\NORM\05085.png,NORM,NORM,0.7524,1
C:\Users\taimo\OneDrive\Documents 1\work\ecg-synthetic-research\data\rendered\ptbxl\NORM\05183.png,NORM,NORM,0.8477,1
C:\Users\taimo\OneDrive\Documents 1\work\ecg-synthetic-research\data\rendered\ptbxl\NORM\05184.png,NORM,NORM,0.7793,1
C:\Users\taimo\OneDrive\Documents 1\work\ecg-synthetic-research\data\rendered\ptbxl\NORM\05200.png,NORM,NORM,0.605,1
C:\Users\taimo\OneDrive\Documents 1\work\ecg-synthetic-research\data\rendered\ptbxl\NORM\05227.png,NORM,NORM,0.857,1
C:\Users\taimo\OneDrive\Documents 1\work\ecg-synthetic-research\data\rendered\ptbxl\NORM\05281.png,NORM,NORM,0.8306,1
C:\Users\taimo\OneDrive\Documents 1\work\ecg-synthetic-research\data\rendered\ptbxl\NORM\05406.png,NORM,NORM,0.8354,1
C:\Users\taimo\OneDrive\Documents 1\work\ecg-synthetic-research\data\rendered\ptbxl\NORM\05428.png,NORM,NORM,0.683,1
C:\Users\taimo\OneDrive\Documents 1\work\ecg-synthetic-research\data\rendered\ptbxl\NORM\05448.png,NORM,NORM,0.957,1
C:\Users\taimo\OneDrive\Documents 1\work\ecg-synthetic-research\data\rendered\ptbxl\NORM\05484.png,NORM,NORM,0.657,1
C:\Users\taimo\OneDrive\Documents 1\work\ecg-synthetic-research\data\rendered\ptbxl\NORM\05642.png,NORM,NORM,0.832,1
C:\Users\taimo\OneDrive\Documents 1\work\ecg-synthetic-research\data\rendered\ptbxl\NORM\05654.png,NORM,NORM,0.8345,1
C:\Users\taimo\OneDrive\Documents 1\work\ecg-synthetic-research\data\rendered\ptbxl\NORM\05662.png,NORM,NORM,0.874,1
C:\Users\taimo\OneDrive\Documents 1\work\ecg-synthetic-research\data\rendered\ptbxl\NORM\05723.png,NORM,NORM,0.964,1
C:\Users\taimo\OneDrive\Documents 1\work\ecg-synthetic-research\data\rendered\ptbxl\NORM\05778.png,NORM,NORM,0.9224,1
C:\Users\taimo\OneDrive\Documents 1\work\ecg-synthetic-research\data\rendered\ptbxl\NORM\05870.png,NORM,NORM,0.9014,1
C:\Users\taimo\OneDrive\Documents 1\work\ecg-synthetic-research\data\rendered\ptbxl\NORM\05910.png,NORM,NORM,0.8633,1
C:\Users\taimo\OneDrive\Documents 1\work\ecg-synthetic-research\data\rendered\ptbxl\NORM\05959.png,NORM,NORM,0.881,1
C:\Users\taimo\OneDrive\Documents 1\work\ecg-synthetic-research\data\rendered\ptbxl\NORM\05961.png,NORM,NORM,0.8745,1
C:\Users\taimo\OneDrive\Documents 1\work\ecg-synthetic-research\data\rendered\ptbxl\NORM\05975.png,NORM,NORM,0.9185,1
C:\Users\taimo\OneDrive\Documents 1\work\ecg-synthetic-research\data\rendered\ptbxl\NORM\05988.png,NORM,NORM,0.897,1
C:\Users\taimo\OneDrive\Documents 1\work\ecg-synthetic-research\data\rendered\ptbxl\NORM\05989.png,NORM,NORM,0.892,1
C:\Users\taimo\OneDrive\Documents 1\work\ecg-synthetic-research\data\rendered\ptbxl\NORM\06000.png,NORM,NORM,0.858,1
C:\Users\taimo\OneDrive\Documents 1\work\ecg-synthetic-research\data\rendered\ptbxl\NORM\06004.png,NORM,NORM,0.8774,1
C:\Users\taimo\OneDrive\Documents 1\work\ecg-synthetic-research\data\rendered\ptbxl\NORM\06006.png,NORM,NORM,0.8857,1
C:\Users\taimo\OneDrive\Documents 1\work\ecg-synthetic-research\data\rendered\ptbxl\NORM\06026.png,NORM,NORM,0.898,1
C:\Users\taimo\OneDrive\Documents 1\work\ecg-synthetic-research\data\rendered\ptbxl\NORM\06055.png,NORM,NORM,0.774,1
C:\Users\taimo\OneDrive\Documents 1\work\ecg-synthetic-research\data\rendered\ptbxl\NORM\06074.png,NORM,NORM,0.9194,1
C:\Users\taimo\OneDrive\Documents 1\work\ecg-synthetic-research\data\rendered\ptbxl\NORM\06156.png,NORM,NORM,0.8486,1
C:\Users\taimo\OneDrive\Documents 1\work\ecg-synthetic-research\data\rendered\ptbxl\NORM\06216.png,NORM,NORM,0.8984,1
C:\Users\taimo\OneDrive\Documents 1\work\ecg-synthetic-research\data\rendered\ptbxl\NORM\06279.png,NORM,NORM,0.7485,1
C:\Users\taimo\OneDrive\Documents 1\work\ecg-synthetic-research\data\rendered\ptbxl\NORM\06298.png,NORM,NORM,0.8286,1
C:\Users\taimo\OneDrive\Documents 1\work\ecg-synthetic-research\data\rendered\ptbxl\NORM\06333.png,NORM,NORM,0.889,1
C:\Users\taimo\OneDrive\Documents 1\work\ecg-synthetic-research\data\rendered\ptbxl\NORM\06370.png,NORM,NORM,0.652,1
C:\Users\taimo\OneDrive\Documents 1\work\ecg-synthetic-research\data\rendered\ptbxl\NORM\06406.png,NORM,NORM,0.821,1
C:\Users\taimo\OneDrive\Documents 1\work\ecg-synthetic-research\data\rendered\ptbxl\NORM\06420.png,NORM,NORM,0.543,1
C:\Users\taimo\OneDrive\Documents 1\work\ecg-synthetic-research\data\rendered\ptbxl\NORM\06457.png,NORM,NORM,0.969,1
C:\Users\taimo\OneDrive\Documents 1\work\ecg-synthetic-research\data\rendered\ptbxl\NORM\06516.png,NORM,NORM,0.861,1
C:\Users\taimo\OneDrive\Documents 1\work\ecg-synthetic-research\data\rendered\ptbxl\NORM\06574.png,NORM,NORM,0.842,1
C:\Users\taimo\OneDrive\Documents 1\work\ecg-synthetic-research\data\rendered\ptbxl\NORM\06597.png,NORM,NORM,0.834,1
C:\Users\taimo\OneDrive\Documents 1\work\ecg-synthetic-research\data\rendered\ptbxl\NORM\06637.png,NORM,NORM,0.79,1
C:\Users\taimo\OneDrive\Documents 1\work\ecg-synthetic-research\data\rendered\ptbxl\NORM\06867.png,NORM,NORM,0.699,1
C:\Users\taimo\OneDrive\Documents 1\work\ecg-synthetic-research\data\rendered\ptbxl\NORM\06933.png,NORM,NORM,0.882,1
C:\Users\taimo\OneDrive\Documents 1\work\ecg-synthetic-research\data\rendered\ptbxl\NORM\06954.png,NORM,NORM,0.8613,1
C:\Users\taimo\OneDrive\Documents 1\work\ecg-synthetic-research\data\rendered\ptbxl\NORM\06959.png,NORM,NORM,0.726,1
C:\Users\taimo\OneDrive\Documents 1\work\ecg-synthetic-research\data\rendered\ptbxl\NORM\07042.png,NORM,NORM,0.787,1
C:\Users\taimo\OneDrive\Documents 1\work\ecg-synthetic-research\data\rendered\ptbxl\NORM\07156.png,NORM,NORM,0.8916,1
C:\Users\taimo\OneDrive\Documents 1\work\ecg-synthetic-research\data\rendered\ptbxl\NORM\07164.png,NORM,NORM,0.6978,1
C:\Users\taimo\OneDrive\Documents 1\work\ecg-synthetic-research\data\rendered\ptbxl\NORM\07217.png,NORM,NORM,0.8003,1
C:\Users\taimo\OneDrive\Documents 1\work\ecg-synthetic-research\data\rendered\ptbxl\NORM\07320.png,NORM,NORM,0.852,1
C:\Users\taimo\OneDrive\Documents 1\work\ecg-synthetic-research\data\rendered\ptbxl\NORM\07348.png,NORM,MI,0.799,0
C:\Users\taimo\OneDrive\Documents 1\work\ecg-synthetic-research\data\rendered\ptbxl\NORM\07380.png,NORM,NORM,0.696,1
C:\Users\taimo\OneDrive\Documents 1\work\ecg-synthetic-research\data\rendered\ptbxl\NORM\07553.png,NORM,NORM,0.6216,1
C:\Users\taimo\OneDrive\Documents 1\work\ecg-synthetic-research\data\rendered\ptbxl\NORM\07672.png,NORM,NORM,0.6377,1
C:\Users\taimo\OneDrive\Documents 1\work\ecg-synthetic-research\data\rendered\ptbxl\NORM\07771.png,NORM,NORM,0.7847,1
C:\Users\taimo\OneDrive\Documents 1\work\ecg-synthetic-research\data\rendered\ptbxl\NORM\07775.png,NORM,NORM,0.5635,1
C:\Users\taimo\OneDrive\Documents 1\work\ecg-synthetic-research\data\rendered\ptbxl\NORM\07836.png,NORM,NORM,0.927,1
C:\Users\taimo\OneDrive\Documents 1\work\ecg-synthetic-research\data\rendered\ptbxl\NORM\07845.png,NORM,NORM,0.9414,1
C:\Users\taimo\OneDrive\Documents 1\work\ecg-synthetic-research\data\rendered\ptbxl\NORM\07854.png,NORM,NORM,0.666,1
C:\Users\taimo\OneDrive\Documents 1\work\ecg-synthetic-research\data\rendered\ptbxl\NORM\07879.png,NORM,NORM,0.9136,1
C:\Users\taimo\OneDrive\Documents 1\work\ecg-synthetic-research\data\rendered\ptbxl\NORM\07903.png,NORM,NORM,0.9507,1
C:\Users\taimo\OneDrive\Documents 1\work\ecg-synthetic-research\data\rendered\ptbxl\NORM\07942.png,NORM,NORM,0.942,1
C:\Users\taimo\OneDrive\Documents 1\work\ecg-synthetic-research\data\rendered\ptbxl\NORM\08058.png,NORM,NORM,0.8843,1
C:\Users\taimo\OneDrive\Documents 1\work\ecg-synthetic-research\data\rendered\ptbxl\NORM\08068.png,NORM,NORM,0.94,1
C:\Users\taimo\OneDrive\Documents 1\work\ecg-synthetic-research\data\rendered\ptbxl\NORM\08078.png,NORM,NORM,0.8765,1
C:\Users\taimo\OneDrive\Documents 1\work\ecg-synthetic-research\data\rendered\ptbxl\NORM\08089.png,NORM,NORM,0.644,1
C:\Users\taimo\OneDrive\Documents 1\work\ecg-synthetic-research\data\rendered\ptbxl\NORM\08128.png,NORM,NORM,0.8345,1
C:\Users\taimo\OneDrive\Documents 1\work\ecg-synthetic-research\data\rendered\ptbxl\NORM\08340.png,NORM,NORM,0.8115,1
C:\Users\taimo\OneDrive\Documents 1\work\ecg-synthetic-research\data\rendered\ptbxl\NORM\08351.png,NORM,NORM,0.7637,1
C:\Users\taimo\OneDrive\Documents 1\work\ecg-synthetic-research\data\rendered\ptbxl\NORM\08376.png,NORM,NORM,0.6,1
C:\Users\taimo\OneDrive\Documents 1\work\ecg-synthetic-research\data\rendered\ptbxl\NORM\08388.png,NORM,NORM,0.9287,1
C:\Users\taimo\OneDrive\Documents 1\work\ecg-synthetic-research\data\rendered\ptbxl\NORM\08402.png,NORM,NORM,0.8384,1
C:\Users\taimo\OneDrive\Documents 1\work\ecg-synthetic-research\data\rendered\ptbxl\NORM\08481.png,NORM,NORM,0.893,1
C:\Users\taimo\OneDrive\Documents 1\work\ecg-synthetic-research\data\rendered\ptbxl\NORM\08514.png,NORM,NORM,0.9546,1
C:\Users\taimo\OneDrive\Documents 1\work\ecg-synthetic-research\data\rendered\ptbxl\NORM\08528.png,NORM,NORM,0.754,1
C:\Users\taimo\OneDrive\Documents 1\work\ecg-synthetic-research\data\rendered\ptbxl\NORM\08583.png,NORM,NORM,0.9004,1
C:\Users\taimo\OneDrive\Documents 1\work\ecg-synthetic-research\data\rendered\ptbxl\NORM\08642.png,NORM,NORM,0.8413,1
C:\Users\taimo\OneDrive\Documents 1\work\ecg-synthetic-research\data\rendered\ptbxl\NORM\08644.png,NORM,NORM,0.9404,1
C:\Users\taimo\OneDrive\Documents 1\work\ecg-synthetic-research\data\rendered\ptbxl\NORM\08740.png,NORM,NORM,0.8843,1
C:\Users\taimo\OneDrive\Documents 1\work\ecg-synthetic-research\data\rendered\ptbxl\NORM\08774.png,NORM,NORM,0.771,1
C:\Users\taimo\OneDrive\Documents 1\work\ecg-synthetic-research\data\rendered\ptbxl\NORM\08781.png,NORM,NORM,0.8604,1
C:\Users\taimo\OneDrive\Documents 1\work\ecg-synthetic-research\data\rendered\ptbxl\NORM\08963.png,NORM,NORM,0.8457,1
C:\Users\taimo\OneDrive\Documents 1\work\ecg-synthetic-research\data\rendered\ptbxl\NORM\08984.png,NORM,NORM,0.784,1
C:\Users\taimo\OneDrive\Documents 1\work\ecg-synthetic-research\data\rendered\ptbxl\NORM\09078.png,NORM,NORM,0.9316,1
C:\Users\taimo\OneDrive\Documents 1\work\ecg-synthetic-research\data\rendered\ptbxl\NORM\09123.png,NORM,NORM,0.8716,1
C:\Users\taimo\OneDrive\Documents 1\work\ecg-synthetic-research\data\rendered\ptbxl\NORM\09252.png,NORM,NORM,0.7114,1
C:\Users\taimo\OneDrive\Documents 1\work\ecg-synthetic-research\data\rendered\ptbxl\NORM\09272.png,NORM,NORM,0.595,1
C:\Users\taimo\OneDrive\Documents 1\work\ecg-synthetic-research\data\rendered\ptbxl\NORM\09277.png,NORM,NORM,0.5493,1
C:\Users\taimo\OneDrive\Documents 1\work\ecg-synthetic-research\data\rendered\ptbxl\NORM\09288.png,NORM,NORM,0.8784,1
C:\Users\taimo\OneDrive\Documents 1\work\ecg-synthetic-research\data\rendered\ptbxl\NORM\09433.png,NORM,MI,0.855,0
C:\Users\taimo\OneDrive\Documents 1\work\ecg-synthetic-research\data\rendered\ptbxl\NORM\09475.png,NORM,NORM,0.92,1
C:\Users\taimo\OneDrive\Documents 1\work\ecg-synthetic-research\data\rendered\ptbxl\NORM\09483.png,NORM,MI,0.527,0
C:\Users\taimo\OneDrive\Documents 1\work\ecg-synthetic-research\data\rendered\ptbxl\NORM\09501.png,NORM,NORM,0.639,1
C:\Users\taimo\OneDrive\Documents 1\work\ecg-synthetic-research\data\rendered\ptbxl\NORM\09539.png,NORM,NORM,0.7725,1
C:\Users\taimo\OneDrive\Documents 1\work\ecg-synthetic-research\data\rendered\ptbxl\NORM\09567.png,NORM,NORM,0.7783,1
C:\Users\taimo\OneDrive\Documents 1\work\ecg-synthetic-research\data\rendered\ptbxl\NORM\09631.png,NORM,NORM,0.829,1
C:\Users\taimo\OneDrive\Documents 1\work\ecg-synthetic-research\data\rendered\ptbxl\NORM\09635.png,NORM,NORM,0.9346,1
C:\Users\taimo\OneDrive\Documents 1\work\ecg-synthetic-research\data\rendered\ptbxl\NORM\09816.png,NORM,TACHY,0.9067,0
C:\Users\taimo\OneDrive\Documents 1\work\ecg-synthetic-research\data\rendered\ptbxl\NORM\09818.png,NORM,NORM,0.8984,1
C:\Users\taimo\OneDrive\Documents 1\work\ecg-synthetic-research\data\rendered\ptbxl\NORM\09898.png,NORM,NORM,0.7925,1
C:\Users\taimo\OneDrive\Documents 1\work\ecg-synthetic-research\data\rendered\ptbxl\NORM\10000.png,NORM,NORM,0.8447,1
C:\Users\taimo\OneDrive\Documents 1\work\ecg-synthetic-research\data\rendered\ptbxl\NORM\10029.png,NORM,NORM,0.9077,1
C:\Users\taimo\OneDrive\Documents 1\work\ecg-synthetic-research\data\rendered\ptbxl\NORM\10085.png,NORM,NORM,0.581,1
C:\Users\taimo\OneDrive\Documents 1\work\ecg-synthetic-research\data\rendered\ptbxl\NORM\10087.png,NORM,NORM,0.956,1
C:\Users\taimo\OneDrive\Documents 1\work\ecg-synthetic-research\data\rendered\ptbxl\NORM\10091.png,NORM,NORM,0.8857,1
C:\Users\taimo\OneDrive\Documents 1\work\ecg-synthetic-research\data\rendered\ptbxl\NORM\10142.png,NORM,NORM,0.9546,1
C:\Users\taimo\OneDrive\Documents 1\work\ecg-synthetic-research\data\rendered\ptbxl\NORM\10197.png,NORM,NORM,0.91,1
C:\Users\taimo\OneDrive\Documents 1\work\ecg-synthetic-research\data\rendered\ptbxl\NORM\10289.png,NORM,TACHY,0.8955,0
C:\Users\taimo\OneDrive\Documents 1\work\ecg-synthetic-research\data\rendered\ptbxl\NORM\10424.png,NORM,NORM,0.9062,1
C:\Users\taimo\OneDrive\Documents 1\work\ecg-synthetic-research\data\rendered\ptbxl\NORM\10457.png,NORM,NORM,0.908,1
C:\Users\taimo\OneDrive\Documents 1\work\ecg-synthetic-research\data\rendered\ptbxl\NORM\10495.png,NORM,NORM,0.796,1
C:\Users\taimo\OneDrive\Documents 1\work\ecg-synthetic-research\data\rendered\ptbxl\NORM\10511.png,NORM,NORM,0.8936,1
C:\Users\taimo\OneDrive\Documents 1\work\ecg-synthetic-research\data\rendered\ptbxl\NORM\10531.png,NORM,NORM,0.8687,1
C:\Users\taimo\OneDrive\Documents 1\work\ecg-synthetic-research\data\rendered\ptbxl\NORM\10588.png,NORM,NORM,0.8345,1
C:\Users\taimo\OneDrive\Documents 1\work\ecg-synthetic-research\data\rendered\ptbxl\NORM\10808.png,NORM,NORM,0.9194,1
C:\Users\taimo\OneDrive\Documents 1\work\ecg-synthetic-research\data\rendered\ptbxl\NORM\11012.png,NORM,NORM,0.8447,1
C:\Users\taimo\OneDrive\Documents 1\work\ecg-synthetic-research\data\rendered\ptbxl\NORM\11056.png,NORM,NORM,0.8994,1
C:\Users\taimo\OneDrive\Documents 1\work\ecg-synthetic-research\data\rendered\ptbxl\NORM\11178.png,NORM,NORM,0.69,1
C:\Users\taimo\OneDrive\Documents 1\work\ecg-synthetic-research\data\rendered\ptbxl\NORM\11440.png,NORM,NORM,0.873,1
C:\Users\taimo\OneDrive\Documents 1\work\ecg-synthetic-research\data\rendered\ptbxl\NORM\11470.png,NORM,NORM,0.89,1
C:\Users\taimo\OneDrive\Documents 1\work\ecg-synthetic-research\data\rendered\ptbxl\NORM\11515.png,NORM,NORM,0.757,1
C:\Users\taimo\OneDrive\Documents 1\work\ecg-synthetic-research\data\rendered\ptbxl\NORM\11575.png,NORM,NORM,0.862,1
C:\Users\taimo\OneDrive\Documents 1\work\ecg-synthetic-research\data\rendered\ptbxl\NORM\11582.png,NORM,NORM,0.943,1
C:\Users\taimo\OneDrive\Documents 1\work\ecg-synthetic-research\data\rendered\ptbxl\NORM\11617.png,NORM,NORM,0.595,1
C:\Users\taimo\OneDrive\Documents 1\work\ecg-synthetic-research\data\rendered\ptbxl\NORM\11679.png,NORM,NORM,0.7666,1
C:\Users\taimo\OneDrive\Documents 1\work\ecg-synthetic-research\data\rendered\ptbxl\NORM\11693.png,NORM,NORM,0.885,1
C:\Users\taimo\OneDrive\Documents 1\work\ecg-synthetic-research\data\rendered\ptbxl\NORM\11720.png,NORM,NORM,0.551,1
C:\Users\taimo\OneDrive\Documents 1\work\ecg-synthetic-research\data\rendered\ptbxl\NORM\11736.png,NORM,NORM,0.9375,1
C:\Users\taimo\OneDrive\Documents 1\work\ecg-synthetic-research\data\rendered\ptbxl\NORM\11764.png,NORM,NORM,0.847,1
C:\Users\taimo\OneDrive\Documents 1\work\ecg-synthetic-research\data\rendered\ptbxl\NORM\11850.png,NORM,NORM,0.9087,1
C:\Users\taimo\OneDrive\Documents 1\work\ecg-synthetic-research\data\rendered\ptbxl\NORM\11898.png,NORM,NORM,0.471,1
C:\Users\taimo\OneDrive\Documents 1\work\ecg-synthetic-research\data\rendered\ptbxl\NORM\12108.png,NORM,NORM,0.925,1
C:\Users\taimo\OneDrive\Documents 1\work\ecg-synthetic-research\data\rendered\ptbxl\NORM\12202.png,NORM,NORM,0.895,1
C:\Users\taimo\OneDrive\Documents 1\work\ecg-synthetic-research\data\rendered\ptbxl\NORM\12250.png,NORM,NORM,0.915,1
C:\Users\taimo\OneDrive\Documents 1\work\ecg-synthetic-research\data\rendered\ptbxl\NORM\12278.png,NORM,NORM,0.8574,1
C:\Users\taimo\OneDrive\Documents 1\work\ecg-synthetic-research\data\rendered\ptbxl\NORM\12295.png,NORM,NORM,0.8657,1
C:\Users\taimo\OneDrive\Documents 1\work\ecg-synthetic-research\data\rendered\ptbxl\NORM\12520.png,NORM,NORM,0.5547,1
C:\Users\taimo\OneDrive\Documents 1\work\ecg-synthetic-research\data\rendered\ptbxl\NORM\12522.png,NORM,NORM,0.803,1
C:\Users\taimo\OneDrive\Documents 1\work\ecg-synthetic-research\data\rendered\ptbxl\NORM\12558.png,NORM,NORM,0.903,1
C:\Users\taimo\OneDrive\Documents 1\work\ecg-synthetic-research\data\rendered\ptbxl\NORM\12701.png,NORM,NORM,0.967,1
C:\Users\taimo\OneDrive\Documents 1\work\ecg-synthetic-research\data\rendered\ptbxl\NORM\12702.png,NORM,NORM,0.9214,1
C:\Users\taimo\OneDrive\Documents 1\work\ecg-synthetic-research\data\rendered\ptbxl\NORM\12754.png,NORM,NORM,0.6675,1
C:\Users\taimo\OneDrive\Documents 1\work\ecg-synthetic-research\data\rendered\ptbxl\NORM\12765.png,NORM,NORM,0.918,1
C:\Users\taimo\OneDrive\Documents 1\work\ecg-synthetic-research\data\rendered\ptbxl\NORM\12812.png,NORM,MI,0.6694,0
C:\Users\taimo\OneDrive\Documents 1\work\ecg-synthetic-research\data\rendered\ptbxl\NORM\12918.png,NORM,NORM,0.6753,1
C:\Users\taimo\OneDrive\Documents 1\work\ecg-synthetic-research\data\rendered\ptbxl\NORM\13076.png,NORM,NORM,0.931,1
C:\Users\taimo\OneDrive\Documents 1\work\ecg-synthetic-research\data\rendered\ptbxl\NORM\13089.png,NORM,NORM,0.864,1
C:\Users\taimo\OneDrive\Documents 1\work\ecg-synthetic-research\data\rendered\ptbxl\NORM\13283.png,NORM,NORM,0.928,1
C:\Users\taimo\OneDrive\Documents 1\work\ecg-synthetic-research\data\rendered\ptbxl\NORM\13314.png,NORM,NORM,0.6855,1
C:\Users\taimo\OneDrive\Documents 1\work\ecg-synthetic-research\data\rendered\ptbxl\NORM\13315.png,NORM,NORM,0.6187,1
C:\Users\taimo\OneDrive\Documents 1\work\ecg-synthetic-research\data\rendered\ptbxl\NORM\13316.png,NORM,MI,0.541,0
C:\Users\taimo\OneDrive\Documents 1\work\ecg-synthetic-research\data\rendered\ptbxl\NORM\13452.png,NORM,NORM,0.942,1
C:\Users\taimo\OneDrive\Documents 1\work\ecg-synthetic-research\data\rendered\ptbxl\NORM\13544.png,NORM,NORM,0.8228,1
C:\Users\taimo\OneDrive\Documents 1\work\ecg-synthetic-research\data\rendered\ptbxl\NORM\13667.png,NORM,NORM,0.9233,1
C:\Users\taimo\OneDrive\Documents 1\work\ecg-synthetic-research\data\rendered\ptbxl\NORM\13705.png,NORM,NORM,0.8384,1
C:\Users\taimo\OneDrive\Documents 1\work\ecg-synthetic-research\data\rendered\ptbxl\NORM\13816.png,NORM,NORM,0.8594,1
C:\Users\taimo\OneDrive\Documents 1\work\ecg-synthetic-research\data\rendered\ptbxl\NORM\13857.png,NORM,NORM,0.878,1
C:\Users\taimo\OneDrive\Documents 1\work\ecg-synthetic-research\data\rendered\ptbxl\NORM\13862.png,NORM,NORM,0.892,1
C:\Users\taimo\OneDrive\Documents 1\work\ecg-synthetic-research\data\rendered\ptbxl\NORM\13870.png,NORM,NORM,0.9243,1
C:\Users\taimo\OneDrive\Documents 1\work\ecg-synthetic-research\data\rendered\ptbxl\NORM\13936.png,NORM,NORM,0.9634,1
C:\Users\taimo\OneDrive\Documents 1\work\ecg-synthetic-research\data\rendered\ptbxl\NORM\13958.png,NORM,NORM,0.8086,1
C:\Users\taimo\OneDrive\Documents 1\work\ecg-synthetic-research\data\rendered\ptbxl\NORM\14006.png,NORM,NORM,0.8716,1
C:\Users\taimo\OneDrive\Documents 1\work\ecg-synthetic-research\data\rendered\ptbxl\NORM\14032.png,NORM,NORM,0.6724,1
C:\Users\taimo\OneDrive\Documents 1\work\ecg-synthetic-research\data\rendered\ptbxl\NORM\14052.png,NORM,NORM,0.823,1
C:\Users\taimo\OneDrive\Documents 1\work\ecg-synthetic-research\data\rendered\ptbxl\NORM\14140.png,NORM,NORM,0.9097,1
C:\Users\taimo\OneDrive\Documents 1\work\ecg-synthetic-research\data\rendered\ptbxl\NORM\14147.png,NORM,NORM,0.8965,1
C:\Users\taimo\OneDrive\Documents 1\work\ecg-synthetic-research\data\rendered\ptbxl\NORM\14304.png,NORM,NORM,0.8633,1
C:\Users\taimo\OneDrive\Documents 1\work\ecg-synthetic-research\data\rendered\ptbxl\NORM\14310.png,NORM,NORM,0.9663,1
C:\Users\taimo\OneDrive\Documents 1\work\ecg-synthetic-research\data\rendered\ptbxl\NORM\14398.png,NORM,MI,0.7173,0
C:\Users\taimo\OneDrive\Documents 1\work\ecg-synthetic-research\data\rendered\ptbxl\NORM\14461.png,NORM,MI,0.8276,0
C:\Users\taimo\OneDrive\Documents 1\work\ecg-synthetic-research\data\rendered\ptbxl\NORM\14519.png,NORM,NORM,0.923,1
C:\Users\taimo\OneDrive\Documents 1\work\ecg-synthetic-research\data\rendered\ptbxl\NORM\14652.png,NORM,NORM,0.883,1
C:\Users\taimo\OneDrive\Documents 1\work\ecg-synthetic-research\data\rendered\ptbxl\NORM\14732.png,NORM,NORM,0.7007,1
C:\Users\taimo\OneDrive\Documents 1\work\ecg-synthetic-research\data\rendered\ptbxl\NORM\14738.png,NORM,NORM,0.677,1
C:\Users\taimo\OneDrive\Documents 1\work\ecg-synthetic-research\data\rendered\ptbxl\NORM\14769.png,NORM,NORM,0.83,1
C:\Users\taimo\OneDrive\Documents 1\work\ecg-synthetic-research\data\rendered\ptbxl\NORM\14782.png,NORM,NORM,0.852,1
C:\Users\taimo\OneDrive\Documents 1\work\ecg-synthetic-research\data\rendered\ptbxl\NORM\14903.png,NORM,NORM,0.8745,1
C:\Users\taimo\OneDrive\Documents 1\work\ecg-synthetic-research\data\rendered\ptbxl\NORM\14940.png,NORM,MI,0.622,0
C:\Users\taimo\OneDrive\Documents 1\work\ecg-synthetic-research\data\rendered\ptbxl\NORM\14971.png,NORM,NORM,0.545,1
C:\Users\taimo\OneDrive\Documents 1\work\ecg-synthetic-research\data\rendered\ptbxl\NORM\14976.png,NORM,NORM,0.9336,1
C:\Users\taimo\OneDrive\Documents 1\work\ecg-synthetic-research\data\rendered\ptbxl\NORM\15116.png,NORM,NORM,0.578,1
C:\Users\taimo\OneDrive\Documents 1\work\ecg-synthetic-research\data\rendered\ptbxl\NORM\15171.png,NORM,NORM,0.7896,1
C:\Users\taimo\OneDrive\Documents 1\work\ecg-synthetic-research\data\rendered\ptbxl\NORM\15269.png,NORM,NORM,0.8438,1
C:\Users\taimo\OneDrive\Documents 1\work\ecg-synthetic-research\data\rendered\ptbxl\NORM\15293.png,NORM,NORM,0.6543,1
C:\Users\taimo\OneDrive\Documents 1\work\ecg-synthetic-research\data\rendered\ptbxl\NORM\15382.png,NORM,NORM,0.8096,1
C:\Users\taimo\OneDrive\Documents 1\work\ecg-synthetic-research\data\rendered\ptbxl\NORM\15442.png,NORM,NORM,0.865,1
C:\Users\taimo\OneDrive\Documents 1\work\ecg-synthetic-research\data\rendered\ptbxl\NORM\15443.png,NORM,NORM,0.672,1
C:\Users\taimo\OneDrive\Documents 1\work\ecg-synthetic-research\data\rendered\ptbxl\NORM\15484.png,NORM,NORM,0.9688,1
C:\Users\taimo\OneDrive\Documents 1\work\ecg-synthetic-research\data\rendered\ptbxl\NORM\15772.png,NORM,NORM,0.7188,1
C:\Users\taimo\OneDrive\Documents 1\work\ecg-synthetic-research\data\rendered\ptbxl\NORM\15777.png,NORM,NORM,0.7793,1
C:\Users\taimo\OneDrive\Documents 1\work\ecg-synthetic-research\data\rendered\ptbxl\NORM\15887.png,NORM,NORM,0.91,1
C:\Users\taimo\OneDrive\Documents 1\work\ecg-synthetic-research\data\rendered\ptbxl\NORM\16037.png,NORM,NORM,0.5864,1
C:\Users\taimo\OneDrive\Documents 1\work\ecg-synthetic-research\data\rendered\ptbxl\NORM\16104.png,NORM,NORM,0.9404,1
C:\Users\taimo\OneDrive\Documents 1\work\ecg-synthetic-research\data\rendered\ptbxl\NORM\16113.png,NORM,NORM,0.9097,1
C:\Users\taimo\OneDrive\Documents 1\work\ecg-synthetic-research\data\rendered\ptbxl\NORM\16178.png,NORM,NORM,0.8594,1
C:\Users\taimo\OneDrive\Documents 1\work\ecg-synthetic-research\data\rendered\ptbxl\NORM\16205.png,NORM,NORM,0.9077,1
C:\Users\taimo\OneDrive\Documents 1\work\ecg-synthetic-research\data\rendered\ptbxl\NORM\16253.png,NORM,NORM,0.733,1
C:\Users\taimo\OneDrive\Documents 1\work\ecg-synthetic-research\data\rendered\ptbxl\NORM\16416.png,NORM,NORM,0.9424,1
C:\Users\taimo\OneDrive\Documents 1\work\ecg-synthetic-research\data\rendered\ptbxl\NORM\16499.png,NORM,NORM,0.7324,1
C:\Users\taimo\OneDrive\Documents 1\work\ecg-synthetic-research\data\rendered\ptbxl\NORM\16534.png,NORM,NORM,0.85,1
C:\Users\taimo\OneDrive\Documents 1\work\ecg-synthetic-research\data\rendered\ptbxl\NORM\16563.png,NORM,NORM,0.748,1
C:\Users\taimo\OneDrive\Documents 1\work\ecg-synthetic-research\data\rendered\ptbxl\NORM\16589.png,NORM,NORM,0.7134,1
C:\Users\taimo\OneDrive\Documents 1\work\ecg-synthetic-research\data\rendered\ptbxl\NORM\16624.png,NORM,NORM,0.5254,1
C:\Users\taimo\OneDrive\Documents 1\work\ecg-synthetic-research\data\rendered\ptbxl\NORM\16628.png,NORM,NORM,0.8667,1
C:\Users\taimo\OneDrive\Documents 1\work\ecg-synthetic-research\data\rendered\ptbxl\NORM\16768.png,NORM,NORM,0.937,1
C:\Users\taimo\OneDrive\Documents 1\work\ecg-synthetic-research\data\rendered\ptbxl\NORM\16894.png,NORM,NORM,0.8374,1
C:\Users\taimo\OneDrive\Documents 1\work\ecg-synthetic-research\data\rendered\ptbxl\NORM\17003.png,NORM,NORM,0.888,1
C:\Users\taimo\OneDrive\Documents 1\work\ecg-synthetic-research\data\rendered\ptbxl\NORM\17031.png,NORM,NORM,0.779,1
C:\Users\taimo\OneDrive\Documents 1\work\ecg-synthetic-research\data\rendered\ptbxl\NORM\17082.png,NORM,NORM,0.7793,1
C:\Users\taimo\OneDrive\Documents 1\work\ecg-synthetic-research\data\rendered\ptbxl\NORM\17097.png,NORM,NORM,0.9194,1
C:\Users\taimo\OneDrive\Documents 1\work\ecg-synthetic-research\data\rendered\ptbxl\NORM\17188.png,NORM,NORM,0.5522,1
C:\Users\taimo\OneDrive\Documents 1\work\ecg-synthetic-research\data\rendered\ptbxl\NORM\17647.png,NORM,NORM,0.8945,1
C:\Users\taimo\OneDrive\Documents 1\work\ecg-synthetic-research\data\rendered\ptbxl\NORM\17684.png,NORM,NORM,0.838,1
C:\Users\taimo\OneDrive\Documents 1\work\ecg-synthetic-research\data\rendered\ptbxl\NORM\17698.png,NORM,NORM,0.798,1
C:\Users\taimo\OneDrive\Documents 1\work\ecg-synthetic-research\data\rendered\ptbxl\NORM\17710.png,NORM,NORM,0.585,1
C:\Users\taimo\OneDrive\Documents 1\work\ecg-synthetic-research\data\rendered\ptbxl\NORM\17742.png,NORM,NORM,0.8354,1
C:\Users\taimo\OneDrive\Documents 1\work\ecg-synthetic-research\data\rendered\ptbxl\NORM\17776.png,NORM,NORM,0.8726,1
C:\Users\taimo\OneDrive\Documents 1\work\ecg-synthetic-research\data\rendered\ptbxl\NORM\17812.png,NORM,NORM,0.817,1
C:\Users\taimo\OneDrive\Documents 1\work\ecg-synthetic-research\data\rendered\ptbxl\NORM\17835.png,NORM,NORM,0.688,1
C:\Users\taimo\OneDrive\Documents 1\work\ecg-synthetic-research\data\rendered\ptbxl\NORM\17897.png,NORM,NORM,0.8843,1
C:\Users\taimo\OneDrive\Documents 1\work\ecg-synthetic-research\data\rendered\ptbxl\NORM\17950.png,NORM,NORM,0.8877,1
C:\Users\taimo\OneDrive\Documents 1\work\ecg-synthetic-research\data\rendered\ptbxl\NORM\18022.png,NORM,NORM,0.944,1
C:\Users\taimo\OneDrive\Documents 1\work\ecg-synthetic-research\data\rendered\ptbxl\NORM\18031.png,NORM,NORM,0.701,1
C:\Users\taimo\OneDrive\Documents 1\work\ecg-synthetic-research\data\rendered\ptbxl\NORM\18068.png,NORM,NORM,0.8696,1
C:\Users\taimo\OneDrive\Documents 1\work\ecg-synthetic-research\data\rendered\ptbxl\NORM\18133.png,NORM,NORM,0.931,1
C:\Users\taimo\OneDrive\Documents 1\work\ecg-synthetic-research\data\rendered\ptbxl\NORM\18244.png,NORM,NORM,0.9077,1
C:\Users\taimo\OneDrive\Documents 1\work\ecg-synthetic-research\data\rendered\ptbxl\NORM\18253.png,NORM,NORM,0.6045,1
C:\Users\taimo\OneDrive\Documents 1\work\ecg-synthetic-research\data\rendered\ptbxl\NORM\18260.png,NORM,NORM,0.723,1
C:\Users\taimo\OneDrive\Documents 1\work\ecg-synthetic-research\data\rendered\ptbxl\NORM\18312.png,NORM,NORM,0.919,1
C:\Users\taimo\OneDrive\Documents 1\work\ecg-synthetic-research\data\rendered\ptbxl\NORM\18399.png,NORM,NORM,0.8027,1
C:\Users\taimo\OneDrive\Documents 1\work\ecg-synthetic-research\data\rendered\ptbxl\NORM\18420.png,NORM,NORM,0.6855,1
C:\Users\taimo\OneDrive\Documents 1\work\ecg-synthetic-research\data\rendered\ptbxl\NORM\18447.png,NORM,NORM,0.825,1
C:\Users\taimo\OneDrive\Documents 1\work\ecg-synthetic-research\data\rendered\ptbxl\NORM\18594.png,NORM,NORM,0.8315,1
C:\Users\taimo\OneDrive\Documents 1\work\ecg-synthetic-research\data\rendered\ptbxl\NORM\18620.png,NORM,NORM,0.7485,1
C:\Users\taimo\OneDrive\Documents 1\work\ecg-synthetic-research\data\rendered\ptbxl\NORM\18624.png,NORM,NORM,0.8745,1
C:\Users\taimo\OneDrive\Documents 1\work\ecg-synthetic-research\data\rendered\ptbxl\NORM\18803.png,NORM,NORM,0.668,1
C:\Users\taimo\OneDrive\Documents 1\work\ecg-synthetic-research\data\rendered\ptbxl\NORM\18861.png,NORM,NORM,0.915,1
C:\Users\taimo\OneDrive\Documents 1\work\ecg-synthetic-research\data\rendered\ptbxl\NORM\18868.png,NORM,NORM,0.7915,1
C:\Users\taimo\OneDrive\Documents 1\work\ecg-synthetic-research\data\rendered\ptbxl\NORM\18922.png,NORM,NORM,0.8604,1
C:\Users\taimo\OneDrive\Documents 1\work\ecg-synthetic-research\data\rendered\ptbxl\NORM\18982.png,NORM,NORM,0.744,1
C:\Users\taimo\OneDrive\Documents 1\work\ecg-synthetic-research\data\rendered\ptbxl\NORM\19006.png,NORM,NORM,0.889,1
C:\Users\taimo\OneDrive\Documents 1\work\ecg-synthetic-research\data\rendered\ptbxl\NORM\19016.png,NORM,MI,0.5044,0
C:\Users\taimo\OneDrive\Documents 1\work\ecg-synthetic-research\data\rendered\ptbxl\NORM\19166.png,NORM,NORM,0.904,1
C:\Users\taimo\OneDrive\Documents 1\work\ecg-synthetic-research\data\rendered\ptbxl\NORM\19205.png,NORM,MI,0.5444,0
C:\Users\taimo\OneDrive\Documents 1\work\ecg-synthetic-research\data\rendered\ptbxl\NORM\19312.png,NORM,NORM,0.9043,1
C:\Users\taimo\OneDrive\Documents 1\work\ecg-synthetic-research\data\rendered\ptbxl\NORM\19315.png,NORM,NORM,0.755,1
C:\Users\taimo\OneDrive\Documents 1\work\ecg-synthetic-research\data\rendered\ptbxl\NORM\19320.png,NORM,NORM,0.872,1
C:\Users\taimo\OneDrive\Documents 1\work\ecg-synthetic-research\data\rendered\ptbxl\NORM\19365.png,NORM,NORM,0.907,1
C:\Users\taimo\OneDrive\Documents 1\work\ecg-synthetic-research\data\rendered\ptbxl\NORM\19413.png,NORM,NORM,0.632,1
C:\Users\taimo\OneDrive\Documents 1\work\ecg-synthetic-research\data\rendered\ptbxl\NORM\19585.png,NORM,MI,0.607,0
C:\Users\taimo\OneDrive\Documents 1\work\ecg-synthetic-research\data\rendered\ptbxl\NORM\19804.png,NORM,MI,0.6265,0
C:\Users\taimo\OneDrive\Documents 1\work\ecg-synthetic-research\data\rendered\ptbxl\NORM\19924.png,NORM,NORM,0.6084,1
C:\Users\taimo\OneDrive\Documents 1\work\ecg-synthetic-research\data\rendered\ptbxl\NORM\19958.png,NORM,NORM,0.537,1
C:\Users\taimo\OneDrive\Documents 1\work\ecg-synthetic-research\data\rendered\ptbxl\NORM\19980.png,NORM,NORM,0.858,1
C:\Users\taimo\OneDrive\Documents 1\work\ecg-synthetic-research\data\rendered\ptbxl\NORM\20058.png,NORM,NORM,0.697,1
C:\Users\taimo\OneDrive\Documents 1\work\ecg-synthetic-research\data\rendered\ptbxl\NORM\20115.png,NORM,NORM,0.844,1
C:\Users\taimo\OneDrive\Documents 1\work\ecg-synthetic-research\data\rendered\ptbxl\NORM\20411.png,NORM,MI,0.9595,0
C:\Users\taimo\OneDrive\Documents 1\work\ecg-synthetic-research\data\rendered\ptbxl\NORM\20449.png,NORM,NORM,0.954,1
C:\Users\taimo\OneDrive\Documents 1\work\ecg-synthetic-research\data\rendered\ptbxl\NORM\20460.png,NORM,NORM,0.849,1
C:\Users\taimo\OneDrive\Documents 1\work\ecg-synthetic-research\data\rendered\ptbxl\NORM\20481.png,NORM,NORM,0.8804,1
C:\Users\taimo\OneDrive\Documents 1\work\ecg-synthetic-research\data\rendered\ptbxl\NORM\20523.png,NORM,NORM,0.8867,1
C:\Users\taimo\OneDrive\Documents 1\work\ecg-synthetic-research\data\rendered\ptbxl\NORM\20591.png,NORM,NORM,0.5713,1
C:\Users\taimo\OneDrive\Documents 1\work\ecg-synthetic-research\data\rendered\ptbxl\NORM\20714.png,NORM,NORM,0.6113,1
C:\Users\taimo\OneDrive\Documents 1\work\ecg-synthetic-research\data\rendered\ptbxl\NORM\20875.png,NORM,NORM,0.688,1
C:\Users\taimo\OneDrive\Documents 1\work\ecg-synthetic-research\data\rendered\ptbxl\NORM\20964.png,NORM,NORM,0.738,1
C:\Users\taimo\OneDrive\Documents 1\work\ecg-synthetic-research\data\rendered\ptbxl\NORM\21026.png,NORM,NORM,0.798,1
C:\Users\taimo\OneDrive\Documents 1\work\ecg-synthetic-research\data\rendered\ptbxl\NORM\21126.png,NORM,NORM,0.878,1
C:\Users\taimo\OneDrive\Documents 1\work\ecg-synthetic-research\data\rendered\ptbxl\NORM\21188.png,NORM,NORM,0.899,1
C:\Users\taimo\OneDrive\Documents 1\work\ecg-synthetic-research\data\rendered\ptbxl\NORM\21230.png,NORM,NORM,0.816,1
C:\Users\taimo\OneDrive\Documents 1\work\ecg-synthetic-research\data\rendered\ptbxl\NORM\21346.png,NORM,AFIB,0.723,0
C:\Users\taimo\OneDrive\Documents 1\work\ecg-synthetic-research\data\rendered\ptbxl\NORM\21356.png,NORM,NORM,0.69,1
C:\Users\taimo\OneDrive\Documents 1\work\ecg-synthetic-research\data\rendered\ptbxl\NORM\21381.png,NORM,MI,0.711,0
C:\Users\taimo\OneDrive\Documents 1\work\ecg-synthetic-research\data\rendered\ptbxl\NORM\21413.png,NORM,NORM,0.878,1
C:\Users\taimo\OneDrive\Documents 1\work\ecg-synthetic-research\data\rendered\ptbxl\NORM\21544.png,NORM,NORM,0.7607,1
C:\Users\taimo\OneDrive\Documents 1\work\ecg-synthetic-research\data\rendered\ptbxl\NORM\21640.png,NORM,MI,0.5293,0
C:\Users\taimo\OneDrive\Documents 1\work\ecg-synthetic-research\data\rendered\ptbxl\NORM\21751.png,NORM,NORM,0.8223,1
C:\Users\taimo\OneDrive\Documents 1\work\ecg-synthetic-research\data\rendered\ptbxl\NORM\21818.png,NORM,NORM,0.551,1
C:\Users\taimo\OneDrive\Documents 1\work\ecg-synthetic-research\data\rendered\ptbxl\NORM\21837.png,NORM,NORM,0.8867,1
C:\Users\taimo\OneDrive\Documents 1\work\ecg-synthetic-research\data\rendered\ptbxl\MI\00077.png,MI,NORM,0.898,0
C:\Users\taimo\OneDrive\Documents 1\work\ecg-synthetic-research\data\rendered\ptbxl\MI\00184.png,MI,MI,0.9067,1
C:\Users\taimo\OneDrive\Documents 1\work\ecg-synthetic-research\data\rendered\ptbxl\MI\00453.png,MI,MI,0.857,1
C:\Users\taimo\OneDrive\Documents 1\work\ecg-synthetic-research\data\rendered\ptbxl\MI\00518.png,MI,MI,0.9604,1
C:\Users\taimo\OneDrive\Documents 1\work\ecg-synthetic-research\data\rendered\ptbxl\MI\00526.png,MI,MI,0.917,1
C:\Users\taimo\OneDrive\Documents 1\work\ecg-synthetic-research\data\rendered\ptbxl\MI\00713.png,MI,MI,0.906,1
C:\Users\taimo\OneDrive\Documents 1\work\ecg-synthetic-research\data\rendered\ptbxl\MI\01049.png,MI,MI,0.802,1
C:\Users\taimo\OneDrive\Documents 1\work\ecg-synthetic-research\data\rendered\ptbxl\MI\01320.png,MI,MI,0.984,1
C:\Users\taimo\OneDrive\Documents 1\work\ecg-synthetic-research\data\rendered\ptbxl\MI\01342.png,MI,MI,0.8867,1
C:\Users\taimo\OneDrive\Documents 1\work\ecg-synthetic-research\data\rendered\ptbxl\MI\01362.png,MI,MI,0.8276,1
C:\Users\taimo\OneDrive\Documents 1\work\ecg-synthetic-research\data\rendered\ptbxl\MI\01434.png,MI,MI,0.882,1
C:\Users\taimo\OneDrive\Documents 1\work\ecg-synthetic-research\data\rendered\ptbxl\MI\01544.png,MI,MI,0.6284,1
C:\Users\taimo\OneDrive\Documents 1\work\ecg-synthetic-research\data\rendered\ptbxl\MI\01577.png,MI,MI,0.904,1
C:\Users\taimo\OneDrive\Documents 1\work\ecg-synthetic-research\data\rendered\ptbxl\MI\01587.png,MI,MI,0.815,1
C:\Users\taimo\OneDrive\Documents 1\work\ecg-synthetic-research\data\rendered\ptbxl\MI\01737.png,MI,MI,0.802,1
C:\Users\taimo\OneDrive\Documents 1\work\ecg-synthetic-research\data\rendered\ptbxl\MI\01754.png,MI,MI,0.5474,1
C:\Users\taimo\OneDrive\Documents 1\work\ecg-synthetic-research\data\rendered\ptbxl\MI\01758.png,MI,MI,0.977,1
C:\Users\taimo\OneDrive\Documents 1\work\ecg-synthetic-research\data\rendered\ptbxl\MI\01944.png,MI,MI,0.885,1
C:\Users\taimo\OneDrive\Documents 1\work\ecg-synthetic-research\data\rendered\ptbxl\MI\02050.png,MI,MI,0.894,1
C:\Users\taimo\OneDrive\Documents 1\work\ecg-synthetic-research\data\rendered\ptbxl\MI\02099.png,MI,MI,0.722,1
C:\Users\taimo\OneDrive\Documents 1\work\ecg-synthetic-research\data\rendered\ptbxl\MI\02359.png,MI,NORM,0.5703,0
C:\Users\taimo\OneDrive\Documents 1\work\ecg-synthetic-research\data\rendered\ptbxl\MI\02525.png,MI,NORM,0.7773,0
C:\Users\taimo\OneDrive\Documents 1\work\ecg-synthetic-research\data\rendered\ptbxl\MI\02561.png,MI,MI,0.848,1
C:\Users\taimo\OneDrive\Documents 1\work\ecg-synthetic-research\data\rendered\ptbxl\MI\02599.png,MI,TACHY,0.9126,0
C:\Users\taimo\OneDrive\Documents 1\work\ecg-synthetic-research\data\rendered\ptbxl\MI\02605.png,MI,MI,0.99,1
C:\Users\taimo\OneDrive\Documents 1\work\ecg-synthetic-research\data\rendered\ptbxl\MI\02623.png,MI,MI,0.9854,1
C:\Users\taimo\OneDrive\Documents 1\work\ecg-synthetic-research\data\rendered\ptbxl\MI\02676.png,MI,MI,0.877,1
C:\Users\taimo\OneDrive\Documents 1\work\ecg-synthetic-research\data\rendered\ptbxl\MI\02681.png,MI,MI,0.9224,1
C:\Users\taimo\OneDrive\Documents 1\work\ecg-synthetic-research\data\rendered\ptbxl\MI\02684.png,MI,AFIB,0.9146,0
C:\Users\taimo\OneDrive\Documents 1\work\ecg-synthetic-research\data\rendered\ptbxl\MI\02810.png,MI,MI,0.9614,1
C:\Users\taimo\OneDrive\Documents 1\work\ecg-synthetic-research\data\rendered\ptbxl\MI\02833.png,MI,MI,0.989,1
C:\Users\taimo\OneDrive\Documents 1\work\ecg-synthetic-research\data\rendered\ptbxl\MI\02896.png,MI,MI,0.9,1
C:\Users\taimo\OneDrive\Documents 1\work\ecg-synthetic-research\data\rendered\ptbxl\MI\02924.png,MI,MI,0.9824,1
C:\Users\taimo\OneDrive\Documents 1\work\ecg-synthetic-research\data\rendered\ptbxl\MI\02971.png,MI,MI,0.9023,1
C:\Users\taimo\OneDrive\Documents 1\work\ecg-synthetic-research\data\rendered\ptbxl\MI\02985.png,MI,MI,0.888,1
C:\Users\taimo\OneDrive\Documents 1\work\ecg-synthetic-research\data\rendered\ptbxl\MI\03059.png,MI,MI,0.8584,1
C:\Users\taimo\OneDrive\Documents 1\work\ecg-synthetic-research\data\rendered\ptbxl\MI\03177.png,MI,MI,0.952,1
C:\Users\taimo\OneDrive\Documents 1\work\ecg-synthetic-research\data\rendered\ptbxl\MI\03309.png,MI,MI,0.826,1
C:\Users\taimo\OneDrive\Documents 1\work\ecg-synthetic-research\data\rendered\ptbxl\MI\03322.png,MI,NORM,0.613,0
C:\Users\taimo\OneDrive\Documents 1\work\ecg-synthetic-research\data\rendered\ptbxl\MI\03362.png,MI,MI,0.9443,1
C:\Users\taimo\OneDrive\Documents 1\work\ecg-synthetic-research\data\rendered\ptbxl\MI\03434.png,MI,MI,0.709,1
C:\Users\taimo\OneDrive\Documents 1\work\ecg-synthetic-research\data\rendered\ptbxl\MI\03473.png,MI,MI,0.7915,1
C:\Users\taimo\OneDrive\Documents 1\work\ecg-synthetic-research\data\rendered\ptbxl\MI\03610.png,MI,NORM,0.6147,0
C:\Users\taimo\OneDrive\Documents 1\work\ecg-synthetic-research\data\rendered\ptbxl\MI\03651.png,MI,MI,0.9097,1
C:\Users\taimo\OneDrive\Documents 1\work\ecg-synthetic-research\data\rendered\ptbxl\MI\03695.png,MI,MI,0.9365,1
C:\Users\taimo\OneDrive\Documents 1\work\ecg-synthetic-research\data\rendered\ptbxl\MI\03805.png,MI,MI,0.644,1
C:\Users\taimo\OneDrive\Documents 1\work\ecg-synthetic-research\data\rendered\ptbxl\MI\03875.png,MI,NORM,0.7935,0
C:\Users\taimo\OneDrive\Documents 1\work\ecg-synthetic-research\data\rendered\ptbxl\MI\03983.png,MI,MI,0.75,1
C:\Users\taimo\OneDrive\Documents 1\work\ecg-synthetic-research\data\rendered\ptbxl\MI\04058.png,MI,MI,0.843,1
C:\Users\taimo\OneDrive\Documents 1\work\ecg-synthetic-research\data\rendered\ptbxl\MI\04137.png,MI,NORM,0.554,0
C:\Users\taimo\OneDrive\Documents 1\work\ecg-synthetic-research\data\rendered\ptbxl\MI\04140.png,MI,MI,0.6934,1
C:\Users\taimo\OneDrive\Documents 1\work\ecg-synthetic-research\data\rendered\ptbxl\MI\04177.png,MI,NORM,0.626,0
C:\Users\taimo\OneDrive\Documents 1\work\ecg-synthetic-research\data\rendered\ptbxl\MI\04255.png,MI,NORM,0.544,0
C:\Users\taimo\OneDrive\Documents 1\work\ecg-synthetic-research\data\rendered\ptbxl\MI\04359.png,MI,MI,0.855,1
C:\Users\taimo\OneDrive\Documents 1\work\ecg-synthetic-research\data\rendered\ptbxl\MI\04392.png,MI,MI,0.9897,1
C:\Users\taimo\OneDrive\Documents 1\work\ecg-synthetic-research\data\rendered\ptbxl\MI\04586.png,MI,MI,0.7456,1
C:\Users\taimo\OneDrive\Documents 1\work\ecg-synthetic-research\data\rendered\ptbxl\MI\04604.png,MI,NORM,0.736,0
C:\Users\taimo\OneDrive\Documents 1\work\ecg-synthetic-research\data\rendered\ptbxl\MI\04749.png,MI,MI,0.7544,1
C:\Users\taimo\OneDrive\Documents 1\work\ecg-synthetic-research\data\rendered\ptbxl\MI\04824.png,MI,MI,0.7686,1
C:\Users\taimo\OneDrive\Documents 1\work\ecg-synthetic-research\data\rendered\ptbxl\MI\04827.png,MI,AFIB,0.592,0
C:\Users\taimo\OneDrive\Documents 1\work\ecg-synthetic-research\data\rendered\ptbxl\MI\04878.png,MI,MI,0.683,1
C:\Users\taimo\OneDrive\Documents 1\work\ecg-synthetic-research\data\rendered\ptbxl\MI\04908.png,MI,MI,0.8027,1
C:\Users\taimo\OneDrive\Documents 1\work\ecg-synthetic-research\data\rendered\ptbxl\MI\04937.png,MI,NORM,0.5894,0
C:\Users\taimo\OneDrive\Documents 1\work\ecg-synthetic-research\data\rendered\ptbxl\MI\04984.png,MI,MI,0.9795,1
C:\Users\taimo\OneDrive\Documents 1\work\ecg-synthetic-research\data\rendered\ptbxl\MI\04988.png,MI,MI,0.996,1
C:\Users\taimo\OneDrive\Documents 1\work\ecg-synthetic-research\data\rendered\ptbxl\MI\04992.png,MI,MI,0.7197,1
C:\Users\taimo\OneDrive\Documents 1\work\ecg-synthetic-research\data\rendered\ptbxl\MI\04999.png,MI,MI,0.993,1
C:\Users\taimo\OneDrive\Documents 1\work\ecg-synthetic-research\data\rendered\ptbxl\MI\05025.png,MI,MI,0.9146,1
C:\Users\taimo\OneDrive\Documents 1\work\ecg-synthetic-research\data\rendered\ptbxl\MI\05157.png,MI,MI,0.985,1
C:\Users\taimo\OneDrive\Documents 1\work\ecg-synthetic-research\data\rendered\ptbxl\MI\05202.png,MI,MI,0.959,1
C:\Users\taimo\OneDrive\Documents 1\work\ecg-synthetic-research\data\rendered\ptbxl\MI\05234.png,MI,MI,0.9844,1
C:\Users\taimo\OneDrive\Documents 1\work\ecg-synthetic-research\data\rendered\ptbxl\MI\05240.png,MI,MI,0.996,1
C:\Users\taimo\OneDrive\Documents 1\work\ecg-synthetic-research\data\rendered\ptbxl\MI\05259.png,MI,MI,0.815,1
C:\Users\taimo\OneDrive\Documents 1\work\ecg-synthetic-research\data\rendered\ptbxl\MI\05312.png,MI,MI,0.687,1
C:\Users\taimo\OneDrive\Documents 1\work\ecg-synthetic-research\data\rendered\ptbxl\MI\05329.png,MI,MI,0.7295,1
C:\Users\taimo\OneDrive\Documents 1\work\ecg-synthetic-research\data\rendered\ptbxl\MI\05492.png,MI,MI,0.9824,1
C:\Users\taimo\OneDrive\Documents 1\work\ecg-synthetic-research\data\rendered\ptbxl\MI\05599.png,MI,MI,0.9873,1
C:\Users\taimo\OneDrive\Documents 1\work\ecg-synthetic-research\data\rendered\ptbxl\MI\05615.png,MI,MI,0.9395,1
C:\Users\taimo\OneDrive\Documents 1\work\ecg-synthetic-research\data\rendered\ptbxl\MI\05637.png,MI,MI,0.832,1
C:\Users\taimo\OneDrive\Documents 1\work\ecg-synthetic-research\data\rendered\ptbxl\MI\05676.png,MI,MI,0.9297,1
C:\Users\taimo\OneDrive\Documents 1\work\ecg-synthetic-research\data\rendered\ptbxl\MI\05730.png,MI,MI,0.972,1
C:\Users\taimo\OneDrive\Documents 1\work\ecg-synthetic-research\data\rendered\ptbxl\MI\05740.png,MI,MI,0.747,1
C:\Users\taimo\OneDrive\Documents 1\work\ecg-synthetic-research\data\rendered\ptbxl\MI\05766.png,MI,MI,0.63,1
C:\Users\taimo\OneDrive\Documents 1\work\ecg-synthetic-research\data\rendered\ptbxl\MI\05806.png,MI,MI,0.9507,1
C:\Users\taimo\OneDrive\Documents 1\work\ecg-synthetic-research\data\rendered\ptbxl\MI\05990.png,MI,MI,0.5205,1
C:\Users\taimo\OneDrive\Documents 1\work\ecg-synthetic-research\data\rendered\ptbxl\MI\06228.png,MI,MI,0.8335,1
C:\Users\taimo\OneDrive\Documents 1\work\ecg-synthetic-research\data\rendered\ptbxl\MI\06241.png,MI,MI,0.988,1
C:\Users\taimo\OneDrive\Documents 1\work\ecg-synthetic-research\data\rendered\ptbxl\MI\06254.png,MI,MI,0.833,1
C:\Users\taimo\OneDrive\Documents 1\work\ecg-synthetic-research\data\rendered\ptbxl\MI\06285.png,MI,MI,0.757,1
C:\Users\taimo\OneDrive\Documents 1\work\ecg-synthetic-research\data\rendered\ptbxl\MI\06410.png,MI,MI,0.9365,1
C:\Users\taimo\OneDrive\Documents 1\work\ecg-synthetic-research\data\rendered\ptbxl\MI\06445.png,MI,MI,0.986,1
C:\Users\taimo\OneDrive\Documents 1\work\ecg-synthetic-research\data\rendered\ptbxl\MI\06467.png,MI,MI,0.9863,1
C:\Users\taimo\OneDrive\Documents 1\work\ecg-synthetic-research\data\rendered\ptbxl\MI\06788.png,MI,MI,0.9814,1
C:\Users\taimo\OneDrive\Documents 1\work\ecg-synthetic-research\data\rendered\ptbxl\MI\06795.png,MI,MI,0.8823,1
C:\Users\taimo\OneDrive\Documents 1\work\ecg-synthetic-research\data\rendered\ptbxl\MI\06825.png,MI,MI,0.971,1
C:\Users\taimo\OneDrive\Documents 1\work\ecg-synthetic-research\data\rendered\ptbxl\MI\06880.png,MI,MI,0.911,1
C:\Users\taimo\OneDrive\Documents 1\work\ecg-synthetic-research\data\rendered\ptbxl\MI\06989.png,MI,MI,0.982,1
C:\Users\taimo\OneDrive\Documents 1\work\ecg-synthetic-research\data\rendered\ptbxl\MI\07006.png,MI,MI,0.9043,1
C:\Users\taimo\OneDrive\Documents 1\work\ecg-synthetic-research\data\rendered\ptbxl\MI\07093.png,MI,MI,0.976,1
C:\Users\taimo\OneDrive\Documents 1\work\ecg-synthetic-research\data\rendered\ptbxl\MI\07140.png,MI,MI,0.9756,1
C:\Users\taimo\OneDrive\Documents 1\work\ecg-synthetic-research\data\rendered\ptbxl\MI\07177.png,MI,MI,0.812,1
C:\Users\taimo\OneDrive\Documents 1\work\ecg-synthetic-research\data\rendered\ptbxl\MI\07222.png,MI,MI,0.992,1
C:\Users\taimo\OneDrive\Documents 1\work\ecg-synthetic-research\data\rendered\ptbxl\MI\07298.png,MI,MI,0.983,1
C:\Users\taimo\OneDrive\Documents 1\work\ecg-synthetic-research\data\rendered\ptbxl\MI\07482.png,MI,MI,0.614,1
C:\Users\taimo\OneDrive\Documents 1\work\ecg-synthetic-research\data\rendered\ptbxl\MI\07604.png,MI,MI,0.916,1
C:\Users\taimo\OneDrive\Documents 1\work\ecg-synthetic-research\data\rendered\ptbxl\MI\07734.png,MI,MI,0.9146,1
C:\Users\taimo\OneDrive\Documents 1\work\ecg-synthetic-research\data\rendered\ptbxl\MI\07776.png,MI,NORM,0.7764,0
C:\Users\taimo\OneDrive\Documents 1\work\ecg-synthetic-research\data\rendered\ptbxl\MI\07809.png,MI,MI,0.9824,1
C:\Users\taimo\OneDrive\Documents 1\work\ecg-synthetic-research\data\rendered\ptbxl\MI\07888.png,MI,NORM,0.7188,0
C:\Users\taimo\OneDrive\Documents 1\work\ecg-synthetic-research\data\rendered\ptbxl\MI\07940.png,MI,MI,0.6226,1
C:\Users\taimo\OneDrive\Documents 1\work\ecg-synthetic-research\data\rendered\ptbxl\MI\08025.png,MI,MI,0.556,1
C:\Users\taimo\OneDrive\Documents 1\work\ecg-synthetic-research\data\rendered\ptbxl\MI\08182.png,MI,MI,0.9697,1
C:\Users\taimo\OneDrive\Documents 1\work\ecg-synthetic-research\data\rendered\ptbxl\MI\08197.png,MI,MI,0.5317,1
C:\Users\taimo\OneDrive\Documents 1\work\ecg-synthetic-research\data\rendered\ptbxl\MI\08232.png,MI,MI,0.9077,1
C:\Users\taimo\OneDrive\Documents 1\work\ecg-synthetic-research\data\rendered\ptbxl\MI\08260.png,MI,MI,0.876,1
C:\Users\taimo\OneDrive\Documents 1\work\ecg-synthetic-research\data\rendered\ptbxl\MI\08403.png,MI,MI,0.913,1
C:\Users\taimo\OneDrive\Documents 1\work\ecg-synthetic-research\data\rendered\ptbxl\MI\08428.png,MI,MI,0.7417,1
C:\Users\taimo\OneDrive\Documents 1\work\ecg-synthetic-research\data\rendered\ptbxl\MI\08540.png,MI,MI,0.7324,1
C:\Users\taimo\OneDrive\Documents 1\work\ecg-synthetic-research\data\rendered\ptbxl\MI\08542.png,MI,NORM,0.657,0
C:\Users\taimo\OneDrive\Documents 1\work\ecg-synthetic-research\data\rendered\ptbxl\MI\08588.png,MI,MI,0.7935,1
C:\Users\taimo\OneDrive\Documents 1\work\ecg-synthetic-research\data\rendered\ptbxl\MI\08611.png,MI,NORM,0.6963,0
C:\Users\taimo\OneDrive\Documents 1\work\ecg-synthetic-research\data\rendered\ptbxl\MI\08658.png,MI,MI,0.858,1
C:\Users\taimo\OneDrive\Documents 1\work\ecg-synthetic-research\data\rendered\ptbxl\MI\08694.png,MI,MI,0.9976,1
C:\Users\taimo\OneDrive\Documents 1\work\ecg-synthetic-research\data\rendered\ptbxl\MI\08761.png,MI,MI,0.866,1
C:\Users\taimo\OneDrive\Documents 1\work\ecg-synthetic-research\data\rendered\ptbxl\MI\08775.png,MI,MI,0.764,1
C:\Users\taimo\OneDrive\Documents 1\work\ecg-synthetic-research\data\rendered\ptbxl\MI\08825.png,MI,MI,0.6133,1
C:\Users\taimo\OneDrive\Documents 1\work\ecg-synthetic-research\data\rendered\ptbxl\MI\08873.png,MI,MI,0.9233,1
C:\Users\taimo\OneDrive\Documents 1\work\ecg-synthetic-research\data\rendered\ptbxl\MI\09035.png,MI,MI,0.77,1
C:\Users\taimo\OneDrive\Documents 1\work\ecg-synthetic-research\data\rendered\ptbxl\MI\09100.png,MI,MI,0.919,1
C:\Users\taimo\OneDrive\Documents 1\work\ecg-synthetic-research\data\rendered\ptbxl\MI\09107.png,MI,MI,0.911,1
C:\Users\taimo\OneDrive\Documents 1\work\ecg-synthetic-research\data\rendered\ptbxl\MI\09160.png,MI,MI,0.604,1
C:\Users\taimo\OneDrive\Documents 1\work\ecg-synthetic-research\data\rendered\ptbxl\MI\09283.png,MI,MI,0.9985,1
C:\Users\taimo\OneDrive\Documents 1\work\ecg-synthetic-research\data\rendered\ptbxl\MI\09293.png,MI,MI,0.8135,1
C:\Users\taimo\OneDrive\Documents 1\work\ecg-synthetic-research\data\rendered\ptbxl\MI\09295.png,MI,MI,0.973,1
C:\Users\taimo\OneDrive\Documents 1\work\ecg-synthetic-research\data\rendered\ptbxl\MI\09378.png,MI,MI,0.896,1
C:\Users\taimo\OneDrive\Documents 1\work\ecg-synthetic-research\data\rendered\ptbxl\MI\09403.png,MI,MI,0.8037,1
C:\Users\taimo\OneDrive\Documents 1\work\ecg-synthetic-research\data\rendered\ptbxl\MI\09441.png,MI,MI,0.977,1
C:\Users\taimo\OneDrive\Documents 1\work\ecg-synthetic-research\data\rendered\ptbxl\MI\09533.png,MI,MI,0.5835,1
C:\Users\taimo\OneDrive\Documents 1\work\ecg-synthetic-research\data\rendered\ptbxl\MI\09684.png,MI,MI,0.6436,1
C:\Users\taimo\OneDrive\Documents 1\work\ecg-synthetic-research\data\rendered\ptbxl\MI\09737.png,MI,MI,0.7314,1
C:\Users\taimo\OneDrive\Documents 1\work\ecg-synthetic-research\data\rendered\ptbxl\MI\09786.png,MI,MI,0.5454,1
C:\Users\taimo\OneDrive\Documents 1\work\ecg-synthetic-research\data\rendered\ptbxl\MI\09807.png,MI,MI,0.7056,1
C:\Users\taimo\OneDrive\Documents 1\work\ecg-synthetic-research\data\rendered\ptbxl\MI\09889.png,MI,MI,0.8843,1
C:\Users\taimo\OneDrive\Documents 1\work\ecg-synthetic-research\data\rendered\ptbxl\MI\10193.png,MI,MI,0.814,1
C:\Users\taimo\OneDrive\Documents 1\work\ecg-synthetic-research\data\rendered\ptbxl\MI\10343.png,MI,MI,0.959,1
C:\Users\taimo\OneDrive\Documents 1\work\ecg-synthetic-research\data\rendered\ptbxl\MI\10476.png,MI,MI,0.8086,1
C:\Users\taimo\OneDrive\Documents 1\work\ecg-synthetic-research\data\rendered\ptbxl\MI\10479.png,MI,MI,0.9136,1
C:\Users\taimo\OneDrive\Documents 1\work\ecg-synthetic-research\data\rendered\ptbxl\MI\10486.png,MI,MI,0.7754,1
C:\Users\taimo\OneDrive\Documents 1\work\ecg-synthetic-research\data\rendered\ptbxl\MI\10571.png,MI,MI,0.6885,1
C:\Users\taimo\OneDrive\Documents 1\work\ecg-synthetic-research\data\rendered\ptbxl\MI\10581.png,MI,MI,0.813,1
C:\Users\taimo\OneDrive\Documents 1\work\ecg-synthetic-research\data\rendered\ptbxl\MI\10598.png,MI,MI,0.986,1
C:\Users\taimo\OneDrive\Documents 1\work\ecg-synthetic-research\data\rendered\ptbxl\MI\10623.png,MI,MI,0.974,1
C:\Users\taimo\OneDrive\Documents 1\work\ecg-synthetic-research\data\rendered\ptbxl\MI\10628.png,MI,MI,0.9346,1
C:\Users\taimo\OneDrive\Documents 1\work\ecg-synthetic-research\data\rendered\ptbxl\MI\10662.png,MI,MI,0.9697,1
C:\Users\taimo\OneDrive\Documents 1\work\ecg-synthetic-research\data\rendered\ptbxl\MI\10779.png,MI,MI,0.7812,1
C:\Users\taimo\OneDrive\Documents 1\work\ecg-synthetic-research\data\rendered\ptbxl\MI\10865.png,MI,MI,0.8867,1
C:\Users\taimo\OneDrive\Documents 1\work\ecg-synthetic-research\data\rendered\ptbxl\MI\10866.png,MI,MI,0.835,1
C:\Users\taimo\OneDrive\Documents 1\work\ecg-synthetic-research\data\rendered\ptbxl\MI\10892.png,MI,MI,0.9565,1
C:\Users\taimo\OneDrive\Documents 1\work\ecg-synthetic-research\data\rendered\ptbxl\MI\11003.png,MI,MI,0.976,1
C:\Users\taimo\OneDrive\Documents 1\work\ecg-synthetic-research\data\rendered\ptbxl\MI\11010.png,MI,MI,0.866,1
C:\Users\taimo\OneDrive\Documents 1\work\ecg-synthetic-research\data\rendered\ptbxl\MI\11125.png,MI,MI,0.8057,1
C:\Users\taimo\OneDrive\Documents 1\work\ecg-synthetic-research\data\rendered\ptbxl\MI\11148.png,MI,MI,0.7275,1
C:\Users\taimo\OneDrive\Documents 1\work\ecg-synthetic-research\data\rendered\ptbxl\MI\11153.png,MI,MI,0.9937,1
C:\Users\taimo\OneDrive\Documents 1\work\ecg-synthetic-research\data\rendered\ptbxl\MI\11224.png,MI,MI,0.959,1
C:\Users\taimo\OneDrive\Documents 1\work\ecg-synthetic-research\data\rendered\ptbxl\MI\11302.png,MI,MI,0.872,1
C:\Users\taimo\OneDrive\Documents 1\work\ecg-synthetic-research\data\rendered\ptbxl\MI\11569.png,MI,MI,0.986,1
C:\Users\taimo\OneDrive\Documents 1\work\ecg-synthetic-research\data\rendered\ptbxl\MI\11638.png,MI,MI,0.963,1
C:\Users\taimo\OneDrive\Documents 1\work\ecg-synthetic-research\data\rendered\ptbxl\MI\11643.png,MI,MI,0.591,1
C:\Users\taimo\OneDrive\Documents 1\work\ecg-synthetic-research\data\rendered\ptbxl\MI\11796.png,MI,NORM,0.814,0
C:\Users\taimo\OneDrive\Documents 1\work\ecg-synthetic-research\data\rendered\ptbxl\MI\11841.png,MI,MI,0.6587,1
C:\Users\taimo\OneDrive\Documents 1\work\ecg-synthetic-research\data\rendered\ptbxl\MI\11846.png,MI,MI,0.5703,1
C:\Users\taimo\OneDrive\Documents 1\work\ecg-synthetic-research\data\rendered\ptbxl\MI\11866.png,MI,MI,0.6567,1
C:\Users\taimo\OneDrive\Documents 1\work\ecg-synthetic-research\data\rendered\ptbxl\MI\11963.png,MI,MI,0.5933,1
C:\Users\taimo\OneDrive\Documents 1\work\ecg-synthetic-research\data\rendered\ptbxl\MI\11983.png,MI,MI,0.9565,1
C:\Users\taimo\OneDrive\Documents 1\work\ecg-synthetic-research\data\rendered\ptbxl\MI\12036.png,MI,MI,0.8525,1
C:\Users\taimo\OneDrive\Documents 1\work\ecg-synthetic-research\data\rendered\ptbxl\MI\12053.png,MI,MI,0.582,1
C:\Users\taimo\OneDrive\Documents 1\work\ecg-synthetic-research\data\rendered\ptbxl\MI\12130.png,MI,MI,0.9883,1
C:\Users\taimo\OneDrive\Documents 1\work\ecg-synthetic-research\data\rendered\ptbxl\MI\12167.png,MI,MI,0.815,1
C:\Users\taimo\OneDrive\Documents 1\work\ecg-synthetic-research\data\rendered\ptbxl\MI\12422.png,MI,MI,0.981,1
C:\Users\taimo\OneDrive\Documents 1\work\ecg-synthetic-research\data\rendered\ptbxl\MI\12445.png,MI,MI,0.952,1
C:\Users\taimo\OneDrive\Documents 1\work\ecg-synthetic-research\data\rendered\ptbxl\MI\12449.png,MI,MI,0.9653,1
C:\Users\taimo\OneDrive\Documents 1\work\ecg-synthetic-research\data\rendered\ptbxl\MI\12488.png,MI,MI,0.768,1
C:\Users\taimo\OneDrive\Documents 1\work\ecg-synthetic-research\data\rendered\ptbxl\MI\12494.png,MI,MI,0.8105,1
C:\Users\taimo\OneDrive\Documents 1\work\ecg-synthetic-research\data\rendered\ptbxl\MI\12502.png,MI,MI,0.7847,1
C:\Users\taimo\OneDrive\Documents 1\work\ecg-synthetic-research\data\rendered\ptbxl\MI\12572.png,MI,MI,0.9966,1
C:\Users\taimo\OneDrive\Documents 1\work\ecg-synthetic-research\data\rendered\ptbxl\MI\12671.png,MI,MI,0.9663,1
C:\Users\taimo\OneDrive\Documents 1\work\ecg-synthetic-research\data\rendered\ptbxl\MI\12678.png,MI,MI,0.948,1
C:\Users\taimo\OneDrive\Documents 1\work\ecg-synthetic-research\data\rendered\ptbxl\MI\12724.png,MI,MI,0.973,1
C:\Users\taimo\OneDrive\Documents 1\work\ecg-synthetic-research\data\rendered\ptbxl\MI\12927.png,MI,MI,0.89,1
C:\Users\taimo\OneDrive\Documents 1\work\ecg-synthetic-research\data\rendered\ptbxl\MI\12934.png,MI,MI,0.709,1
C:\Users\taimo\OneDrive\Documents 1\work\ecg-synthetic-research\data\rendered\ptbxl\MI\13004.png,MI,NORM,0.7344,0
C:\Users\taimo\OneDrive\Documents 1\work\ecg-synthetic-research\data\rendered\ptbxl\MI\13048.png,MI,NORM,0.723,0
C:\Users\taimo\OneDrive\Documents 1\work\ecg-synthetic-research\data\rendered\ptbxl\MI\13174.png,MI,MI,0.8774,1
C:\Users\taimo\OneDrive\Documents 1\work\ecg-synthetic-research\data\rendered\ptbxl\MI\13249.png,MI,MI,0.8657,1
C:\Users\taimo\OneDrive\Documents 1\work\ecg-synthetic-research\data\rendered\ptbxl\MI\13318.png,MI,MI,0.97,1
C:\Users\taimo\OneDrive\Documents 1\work\ecg-synthetic-research\data\rendered\ptbxl\MI\13495.png,MI,AFIB,0.6714,0
C:\Users\taimo\OneDrive\Documents 1\work\ecg-synthetic-research\data\rendered\ptbxl\MI\13515.png,MI,MI,0.9385,1
C:\Users\taimo\OneDrive\Documents 1\work\ecg-synthetic-research\data\rendered\ptbxl\MI\13532.png,MI,MI,0.972,1
C:\Users\taimo\OneDrive\Documents 1\work\ecg-synthetic-research\data\rendered\ptbxl\MI\13665.png,MI,MI,0.98,1
C:\Users\taimo\OneDrive\Documents 1\work\ecg-synthetic-research\data\rendered\ptbxl\MI\13695.png,MI,MI,0.776,1
C:\Users\taimo\OneDrive\Documents 1\work\ecg-synthetic-research\data\rendered\ptbxl\MI\13793.png,MI,MI,0.987,1
C:\Users\taimo\OneDrive\Documents 1\work\ecg-synthetic-research\data\rendered\ptbxl\MI\13828.png,MI,MI,0.9766,1
C:\Users\taimo\OneDrive\Documents 1\work\ecg-synthetic-research\data\rendered\ptbxl\MI\13847.png,MI,MI,0.8613,1
C:\Users\taimo\OneDrive\Documents 1\work\ecg-synthetic-research\data\rendered\ptbxl\MI\13891.png,MI,MI,0.9736,1
C:\Users\taimo\OneDrive\Documents 1\work\ecg-synthetic-research\data\rendered\ptbxl\MI\14007.png,MI,NORM,0.646,0
C:\Users\taimo\OneDrive\Documents 1\work\ecg-synthetic-research\data\rendered\ptbxl\MI\14011.png,MI,MI,0.7627,1
C:\Users\taimo\OneDrive\Documents 1\work\ecg-synthetic-research\data\rendered\ptbxl\MI\14018.png,MI,MI,0.722,1
C:\Users\taimo\OneDrive\Documents 1\work\ecg-synthetic-research\data\rendered\ptbxl\MI\14160.png,MI,MI,0.819,1
C:\Users\taimo\OneDrive\Documents 1\work\ecg-synthetic-research\data\rendered\ptbxl\MI\14192.png,MI,MI,0.988,1
C:\Users\taimo\OneDrive\Documents 1\work\ecg-synthetic-research\data\rendered\ptbxl\MI\14280.png,MI,MI,0.986,1
C:\Users\taimo\OneDrive\Documents 1\work\ecg-synthetic-research\data\rendered\ptbxl\MI\14314.png,MI,MI,0.9673,1
C:\Users\taimo\OneDrive\Documents 1\work\ecg-synthetic-research\data\rendered\ptbxl\MI\14336.png,MI,MI,0.976,1
C:\Users\taimo\OneDrive\Documents 1\work\ecg-synthetic-research\data\rendered\ptbxl\MI\14389.png,MI,MI,0.996,1
C:\Users\taimo\OneDrive\Documents 1\work\ecg-synthetic-research\data\rendered\ptbxl\MI\14543.png,MI,MI,0.842,1
C:\Users\taimo\OneDrive\Documents 1\work\ecg-synthetic-research\data\rendered\ptbxl\MI\14573.png,MI,MI,0.633,1
C:\Users\taimo\OneDrive\Documents 1\work\ecg-synthetic-research\data\rendered\ptbxl\MI\14584.png,MI,MI,0.6943,1
C:\Users\taimo\OneDrive\Documents 1\work\ecg-synthetic-research\data\rendered\ptbxl\MI\14619.png,MI,MI,0.821,1
C:\Users\taimo\OneDrive\Documents 1\work\ecg-synthetic-research\data\rendered\ptbxl\MI\14766.png,MI,AFIB,0.6567,0
C:\Users\taimo\OneDrive\Documents 1\work\ecg-synthetic-research\data\rendered\ptbxl\MI\14781.png,MI,MI,0.9507,1
C:\Users\taimo\OneDrive\Documents 1\work\ecg-synthetic-research\data\rendered\ptbxl\MI\14808.png,MI,MI,0.9717,1
C:\Users\taimo\OneDrive\Documents 1\work\ecg-synthetic-research\data\rendered\ptbxl\MI\14847.png,MI,MI,0.875,1
C:\Users\taimo\OneDrive\Documents 1\work\ecg-synthetic-research\data\rendered\ptbxl\MI\14858.png,MI,MI,0.995,1
C:\Users\taimo\OneDrive\Documents 1\work\ecg-synthetic-research\data\rendered\ptbxl\MI\14870.png,MI,NORM,0.677,0
C:\Users\taimo\OneDrive\Documents 1\work\ecg-synthetic-research\data\rendered\ptbxl\MI\14948.png,MI,NORM,0.61,0
C:\Users\taimo\OneDrive\Documents 1\work\ecg-synthetic-research\data\rendered\ptbxl\MI\15076.png,MI,NORM,0.6035,0
C:\Users\taimo\OneDrive\Documents 1\work\ecg-synthetic-research\data\rendered\ptbxl\MI\15189.png,MI,MI,0.931,1
C:\Users\taimo\OneDrive\Documents 1\work\ecg-synthetic-research\data\rendered\ptbxl\MI\15252.png,MI,MI,0.996,1
C:\Users\taimo\OneDrive\Documents 1\work\ecg-synthetic-research\data\rendered\ptbxl\MI\15274.png,MI,MI,0.504,1
C:\Users\taimo\OneDrive\Documents 1\work\ecg-synthetic-research\data\rendered\ptbxl\MI\15329.png,MI,MI,0.94,1
C:\Users\taimo\OneDrive\Documents 1\work\ecg-synthetic-research\data\rendered\ptbxl\MI\15335.png,MI,MI,0.973,1
C:\Users\taimo\OneDrive\Documents 1\work\ecg-synthetic-research\data\rendered\ptbxl\MI\15463.png,MI,MI,0.732,1
C:\Users\taimo\OneDrive\Documents 1\work\ecg-synthetic-research\data\rendered\ptbxl\MI\15473.png,MI,MI,0.95,1
C:\Users\taimo\OneDrive\Documents 1\work\ecg-synthetic-research\data\rendered\ptbxl\MI\15593.png,MI,MI,0.991,1
C:\Users\taimo\OneDrive\Documents 1\work\ecg-synthetic-research\data\rendered\ptbxl\MI\15619.png,MI,MI,0.95,1
C:\Users\taimo\OneDrive\Documents 1\work\ecg-synthetic-research\data\rendered\ptbxl\MI\15768.png,MI,MI,0.897,1
C:\Users\taimo\OneDrive\Documents 1\work\ecg-synthetic-research\data\rendered\ptbxl\MI\15783.png,MI,MI,0.822,1
C:\Users\taimo\OneDrive\Documents 1\work\ecg-synthetic-research\data\rendered\ptbxl\MI\15849.png,MI,MI,0.988,1
C:\Users\taimo\OneDrive\Documents 1\work\ecg-synthetic-research\data\rendered\ptbxl\MI\15862.png,MI,MI,0.964,1
C:\Users\taimo\OneDrive\Documents 1\work\ecg-synthetic-research\data\rendered\ptbxl\MI\15953.png,MI,MI,0.7354,1
C:\Users\taimo\OneDrive\Documents 1\work\ecg-synthetic-research\data\rendered\ptbxl\MI\16148.png,MI,MI,0.77,1
C:\Users\taimo\OneDrive\Documents 1\work\ecg-synthetic-research\data\rendered\ptbxl\MI\16165.png,MI,MI,0.5645,1
C:\Users\taimo\OneDrive\Documents 1\work\ecg-synthetic-research\data\rendered\ptbxl\MI\16271.png,MI,AFIB,0.8657,0
C:\Users\taimo\OneDrive\Documents 1\work\ecg-synthetic-research\data\rendered\ptbxl\MI\16281.png,MI,NORM,0.5,0
C:\Users\taimo\OneDrive\Documents 1\work\ecg-synthetic-research\data\rendered\ptbxl\MI\16352.png,MI,MI,0.7,1
C:\Users\taimo\OneDrive\Documents 1\work\ecg-synthetic-research\data\rendered\ptbxl\MI\16373.png,MI,MI,0.948,1
C:\Users\taimo\OneDrive\Documents 1\work\ecg-synthetic-research\data\rendered\ptbxl\MI\16420.png,MI,MI,0.9424,1
C:\Users\taimo\OneDrive\Documents 1\work\ecg-synthetic-research\data\rendered\ptbxl\MI\16522.png,MI,MI,0.842,1
C:\Users\taimo\OneDrive\Documents 1\work\ecg-synthetic-research\data\rendered\ptbxl\MI\16564.png,MI,MI,0.856,1
C:\Users\taimo\OneDrive\Documents 1\work\ecg-synthetic-research\data\rendered\ptbxl\MI\16581.png,MI,TACHY,0.5796,0
C:\Users\taimo\OneDrive\Documents 1\work\ecg-synthetic-research\data\rendered\ptbxl\MI\16632.png,MI,MI,0.8525,1
C:\Users\taimo\OneDrive\Documents 1\work\ecg-synthetic-research\data\rendered\ptbxl\MI\16680.png,MI,MI,0.919,1
C:\Users\taimo\OneDrive\Documents 1\work\ecg-synthetic-research\data\rendered\ptbxl\MI\16711.png,MI,MI,0.9736,1
C:\Users\taimo\OneDrive\Documents 1\work\ecg-synthetic-research\data\rendered\ptbxl\MI\16730.png,MI,MI,0.9746,1
C:\Users\taimo\OneDrive\Documents 1\work\ecg-synthetic-research\data\rendered\ptbxl\MI\16733.png,MI,MI,0.922,1
C:\Users\taimo\OneDrive\Documents 1\work\ecg-synthetic-research\data\rendered\ptbxl\MI\16749.png,MI,MI,0.9546,1
C:\Users\taimo\OneDrive\Documents 1\work\ecg-synthetic-research\data\rendered\ptbxl\MI\16884.png,MI,MI,0.992,1
C:\Users\taimo\OneDrive\Documents 1\work\ecg-synthetic-research\data\rendered\ptbxl\MI\16924.png,MI,MI,0.92,1
C:\Users\taimo\OneDrive\Documents 1\work\ecg-synthetic-research\data\rendered\ptbxl\MI\16981.png,MI,MI,0.899,1
C:\Users\taimo\OneDrive\Documents 1\work\ecg-synthetic-research\data\rendered\ptbxl\MI\17043.png,MI,MI,0.988,1
C:\Users\taimo\OneDrive\Documents 1\work\ecg-synthetic-research\data\rendered\ptbxl\MI\17148.png,MI,MI,0.797,1
C:\Users\taimo\OneDrive\Documents 1\work\ecg-synthetic-research\data\rendered\ptbxl\MI\17173.png,MI,MI,0.9863,1
C:\Users\taimo\OneDrive\Documents 1\work\ecg-synthetic-research\data\rendered\ptbxl\MI\17221.png,MI,MI,0.9365,1
C:\Users\taimo\OneDrive\Documents 1\work\ecg-synthetic-research\data\rendered\ptbxl\MI\17250.png,MI,MI,0.9673,1
C:\Users\taimo\OneDrive\Documents 1\work\ecg-synthetic-research\data\rendered\ptbxl\MI\17381.png,MI,MI,0.829,1
C:\Users\taimo\OneDrive\Documents 1\work\ecg-synthetic-research\data\rendered\ptbxl\MI\17419.png,MI,NORM,0.802,0
C:\Users\taimo\OneDrive\Documents 1\work\ecg-synthetic-research\data\rendered\ptbxl\MI\17464.png,MI,MI,0.9116,1
C:\Users\taimo\OneDrive\Documents 1\work\ecg-synthetic-research\data\rendered\ptbxl\MI\17484.png,MI,MI,0.99,1
C:\Users\taimo\OneDrive\Documents 1\work\ecg-synthetic-research\data\rendered\ptbxl\MI\17535.png,MI,MI,0.866,1
C:\Users\taimo\OneDrive\Documents 1\work\ecg-synthetic-research\data\rendered\ptbxl\MI\17558.png,MI,MI,0.8896,1
C:\Users\taimo\OneDrive\Documents 1\work\ecg-synthetic-research\data\rendered\ptbxl\MI\17559.png,MI,MI,0.9873,1
C:\Users\taimo\OneDrive\Documents 1\work\ecg-synthetic-research\data\rendered\ptbxl\MI\17721.png,MI,AFIB,0.888,0
C:\Users\taimo\OneDrive\Documents 1\work\ecg-synthetic-research\data\rendered\ptbxl\MI\17772.png,MI,MI,0.513,1
C:\Users\taimo\OneDrive\Documents 1\work\ecg-synthetic-research\data\rendered\ptbxl\MI\17787.png,MI,MI,0.663,1
C:\Users\taimo\OneDrive\Documents 1\work\ecg-synthetic-research\data\rendered\ptbxl\MI\17898.png,MI,MI,0.7,1
C:\Users\taimo\OneDrive\Documents 1\work\ecg-synthetic-research\data\rendered\ptbxl\MI\18020.png,MI,MI,0.9604,1
C:\Users\taimo\OneDrive\Documents 1\work\ecg-synthetic-research\data\rendered\ptbxl\MI\18033.png,MI,MI,0.992,1
C:\Users\taimo\OneDrive\Documents 1\work\ecg-synthetic-research\data\rendered\ptbxl\MI\18046.png,MI,MI,0.76,1
C:\Users\taimo\OneDrive\Documents 1\work\ecg-synthetic-research\data\rendered\ptbxl\MI\18107.png,MI,NORM,0.5723,0
C:\Users\taimo\OneDrive\Documents 1\work\ecg-synthetic-research\data\rendered\ptbxl\MI\18170.png,MI,MI,0.967,1
C:\Users\taimo\OneDrive\Documents 1\work\ecg-synthetic-research\data\rendered\ptbxl\MI\18223.png,MI,MI,0.835,1
C:\Users\taimo\OneDrive\Documents 1\work\ecg-synthetic-research\data\rendered\ptbxl\MI\18308.png,MI,NORM,0.6724,0
C:\Users\taimo\OneDrive\Documents 1\work\ecg-synthetic-research\data\rendered\ptbxl\MI\18418.png,MI,NORM,0.7466,0
C:\Users\taimo\OneDrive\Documents 1\work\ecg-synthetic-research\data\rendered\ptbxl\MI\18506.png,MI,MI,0.956,1
C:\Users\taimo\OneDrive\Documents 1\work\ecg-synthetic-research\data\rendered\ptbxl\MI\18602.png,MI,MI,0.962,1
C:\Users\taimo\OneDrive\Documents 1\work\ecg-synthetic-research\data\rendered\ptbxl\MI\18723.png,MI,MI,0.9414,1
C:\Users\taimo\OneDrive\Documents 1\work\ecg-synthetic-research\data\rendered\ptbxl\MI\18791.png,MI,MI,0.904,1
C:\Users\taimo\OneDrive\Documents 1\work\ecg-synthetic-research\data\rendered\ptbxl\MI\18850.png,MI,MI,0.5693,1
C:\Users\taimo\OneDrive\Documents 1\work\ecg-synthetic-research\data\rendered\ptbxl\MI\18876.png,MI,MI,0.999,1
C:\Users\taimo\OneDrive\Documents 1\work\ecg-synthetic-research\data\rendered\ptbxl\MI\18883.png,MI,MI,0.9717,1
C:\Users\taimo\OneDrive\Documents 1\work\ecg-synthetic-research\data\rendered\ptbxl\MI\18895.png,MI,MI,0.981,1
C:\Users\taimo\OneDrive\Documents 1\work\ecg-synthetic-research\data\rendered\ptbxl\MI\18905.png,MI,MI,0.949,1
C:\Users\taimo\OneDrive\Documents 1\work\ecg-synthetic-research\data\rendered\ptbxl\MI\19026.png,MI,MI,0.927,1
C:\Users\taimo\OneDrive\Documents 1\work\ecg-synthetic-research\data\rendered\ptbxl\MI\19156.png,MI,MI,0.981,1
C:\Users\taimo\OneDrive\Documents 1\work\ecg-synthetic-research\data\rendered\ptbxl\MI\19264.png,MI,MI,0.9683,1
C:\Users\taimo\OneDrive\Documents 1\work\ecg-synthetic-research\data\rendered\ptbxl\MI\19269.png,MI,MI,0.9717,1
C:\Users\taimo\OneDrive\Documents 1\work\ecg-synthetic-research\data\rendered\ptbxl\MI\19301.png,MI,MI,0.812,1
C:\Users\taimo\OneDrive\Documents 1\work\ecg-synthetic-research\data\rendered\ptbxl\MI\19360.png,MI,MI,0.8984,1
C:\Users\taimo\OneDrive\Documents 1\work\ecg-synthetic-research\data\rendered\ptbxl\MI\19401.png,MI,MI,0.7173,1
C:\Users\taimo\OneDrive\Documents 1\work\ecg-synthetic-research\data\rendered\ptbxl\MI\19455.png,MI,MI,0.99,1
C:\Users\taimo\OneDrive\Documents 1\work\ecg-synthetic-research\data\rendered\ptbxl\MI\19462.png,MI,MI,0.986,1
C:\Users\taimo\OneDrive\Documents 1\work\ecg-synthetic-research\data\rendered\ptbxl\MI\19464.png,MI,NORM,0.6943,0
C:\Users\taimo\OneDrive\Documents 1\work\ecg-synthetic-research\data\rendered\ptbxl\MI\19465.png,MI,MI,0.974,1
C:\Users\taimo\OneDrive\Documents 1\work\ecg-synthetic-research\data\rendered\ptbxl\MI\19483.png,MI,MI,0.8394,1
C:\Users\taimo\OneDrive\Documents 1\work\ecg-synthetic-research\data\rendered\ptbxl\MI\19511.png,MI,MI,0.977,1
C:\Users\taimo\OneDrive\Documents 1\work\ecg-synthetic-research\data\rendered\ptbxl\MI\19515.png,MI,MI,0.982,1
C:\Users\taimo\OneDrive\Documents 1\work\ecg-synthetic-research\data\rendered\ptbxl\MI\19570.png,MI,MI,0.8945,1
C:\Users\taimo\OneDrive\Documents 1\work\ecg-synthetic-research\data\rendered\ptbxl\MI\19589.png,MI,MI,0.877,1
C:\Users\taimo\OneDrive\Documents 1\work\ecg-synthetic-research\data\rendered\ptbxl\MI\19682.png,MI,NORM,0.6357,0
C:\Users\taimo\OneDrive\Documents 1\work\ecg-synthetic-research\data\rendered\ptbxl\MI\19700.png,MI,NORM,0.715,0
C:\Users\taimo\OneDrive\Documents 1\work\ecg-synthetic-research\data\rendered\ptbxl\MI\19756.png,MI,MI,0.841,1
C:\Users\taimo\OneDrive\Documents 1\work\ecg-synthetic-research\data\rendered\ptbxl\MI\19773.png,MI,MI,0.7427,1
C:\Users\taimo\OneDrive\Documents 1\work\ecg-synthetic-research\data\rendered\ptbxl\MI\19832.png,MI,MI,0.9575,1
C:\Users\taimo\OneDrive\Documents 1\work\ecg-synthetic-research\data\rendered\ptbxl\MI\19871.png,MI,AFIB,0.602,0
C:\Users\taimo\OneDrive\Documents 1\work\ecg-synthetic-research\data\rendered\ptbxl\MI\19876.png,MI,AFIB,0.664,0
C:\Users\taimo\OneDrive\Documents 1\work\ecg-synthetic-research\data\rendered\ptbxl\MI\19879.png,MI,MI,0.9346,1
C:\Users\taimo\OneDrive\Documents 1\work\ecg-synthetic-research\data\rendered\ptbxl\MI\19900.png,MI,MI,0.976,1
C:\Users\taimo\OneDrive\Documents 1\work\ecg-synthetic-research\data\rendered\ptbxl\MI\19911.png,MI,MI,0.9775,1
C:\Users\taimo\OneDrive\Documents 1\work\ecg-synthetic-research\data\rendered\ptbxl\MI\19912.png,MI,MI,0.9463,1
C:\Users\taimo\OneDrive\Documents 1\work\ecg-synthetic-research\data\rendered\ptbxl\MI\20039.png,MI,MI,0.986,1
C:\Users\taimo\OneDrive\Documents 1\work\ecg-synthetic-research\data\rendered\ptbxl\MI\20046.png,MI,MI,0.891,1
C:\Users\taimo\OneDrive\Documents 1\work\ecg-synthetic-research\data\rendered\ptbxl\MI\20097.png,MI,MI,0.9844,1
C:\Users\taimo\OneDrive\Documents 1\work\ecg-synthetic-research\data\rendered\ptbxl\MI\20154.png,MI,MI,0.9277,1
C:\Users\taimo\OneDrive\Documents 1\work\ecg-synthetic-research\data\rendered\ptbxl\MI\20230.png,MI,MI,0.9653,1
C:\Users\taimo\OneDrive\Documents 1\work\ecg-synthetic-research\data\rendered\ptbxl\MI\20317.png,MI,MI,0.955,1
C:\Users\taimo\OneDrive\Documents 1\work\ecg-synthetic-research\data\rendered\ptbxl\MI\20357.png,MI,MI,0.911,1
C:\Users\taimo\OneDrive\Documents 1\work\ecg-synthetic-research\data\rendered\ptbxl\MI\20381.png,MI,NORM,0.6484,0
C:\Users\taimo\OneDrive\Documents 1\work\ecg-synthetic-research\data\rendered\ptbxl\MI\20433.png,MI,MI,0.759,1
C:\Users\taimo\OneDrive\Documents 1\work\ecg-synthetic-research\data\rendered\ptbxl\MI\20446.png,MI,MI,0.96,1
C:\Users\taimo\OneDrive\Documents 1\work\ecg-synthetic-research\data\rendered\ptbxl\MI\20451.png,MI,MI,0.996,1
C:\Users\taimo\OneDrive\Documents 1\work\ecg-synthetic-research\data\rendered\ptbxl\MI\20468.png,MI,MI,0.8643,1
C:\Users\taimo\OneDrive\Documents 1\work\ecg-synthetic-research\data\rendered\ptbxl\MI\20474.png,MI,MI,0.9253,1
C:\Users\taimo\OneDrive\Documents 1\work\ecg-synthetic-research\data\rendered\ptbxl\MI\20508.png,MI,MI,0.9443,1
C:\Users\taimo\OneDrive\Documents 1\work\ecg-synthetic-research\data\rendered\ptbxl\MI\20536.png,MI,MI,0.9517,1
C:\Users\taimo\OneDrive\Documents 1\work\ecg-synthetic-research\data\rendered\ptbxl\MI\20539.png,MI,MI,0.8267,1
C:\Users\taimo\OneDrive\Documents 1\work\ecg-synthetic-research\data\rendered\ptbxl\MI\20577.png,MI,MI,0.978,1
C:\Users\taimo\OneDrive\Documents 1\work\ecg-synthetic-research\data\rendered\ptbxl\MI\20584.png,MI,NORM,0.6045,0
C:\Users\taimo\OneDrive\Documents 1\work\ecg-synthetic-research\data\rendered\ptbxl\MI\20611.png,MI,TACHY,0.7476,0
C:\Users\taimo\OneDrive\Documents 1\work\ecg-synthetic-research\data\rendered\ptbxl\MI\20711.png,MI,MI,0.9746,1
C:\Users\taimo\OneDrive\Documents 1\work\ecg-synthetic-research\data\rendered\ptbxl\MI\20744.png,MI,MI,0.994,1
C:\Users\taimo\OneDrive\Documents 1\work\ecg-synthetic-research\data\rendered\ptbxl\MI\20779.png,MI,MI,0.888,1
C:\Users\taimo\OneDrive\Documents 1\work\ecg-synthetic-research\data\rendered\ptbxl\MI\20819.png,MI,MI,0.948,1
C:\Users\taimo\OneDrive\Documents 1\work\ecg-synthetic-research\data\rendered\ptbxl\MI\20837.png,MI,MI,0.958,1
C:\Users\taimo\OneDrive\Documents 1\work\ecg-synthetic-research\data\rendered\ptbxl\MI\20902.png,MI,MI,0.986,1
C:\Users\taimo\OneDrive\Documents 1\work\ecg-synthetic-research\data\rendered\ptbxl\MI\20946.png,MI,MI,0.989,1
C:\Users\taimo\OneDrive\Documents 1\work\ecg-synthetic-research\data\rendered\ptbxl\MI\20948.png,MI,NORM,0.72,0
C:\Users\taimo\OneDrive\Documents 1\work\ecg-synthetic-research\data\rendered\ptbxl\MI\20973.png,MI,MI,0.953,1
C:\Users\taimo\OneDrive\Documents 1\work\ecg-synthetic-research\data\rendered\ptbxl\MI\20976.png,MI,MI,0.911,1
C:\Users\taimo\OneDrive\Documents 1\work\ecg-synthetic-research\data\rendered\ptbxl\MI\21090.png,MI,MI,0.9917,1
C:\Users\taimo\OneDrive\Documents 1\work\ecg-synthetic-research\data\rendered\ptbxl\MI\21120.png,MI,MI,0.9556,1
C:\Users\taimo\OneDrive\Documents 1\work\ecg-synthetic-research\data\rendered\ptbxl\MI\21165.png,MI,MI,0.994,1
C:\Users\taimo\OneDrive\Documents 1\work\ecg-synthetic-research\data\rendered\ptbxl\MI\21235.png,MI,MI,0.959,1
C:\Users\taimo\OneDrive\Documents 1\work\ecg-synthetic-research\data\rendered\ptbxl\MI\21268.png,MI,MI,0.8247,1
C:\Users\taimo\OneDrive\Documents 1\work\ecg-synthetic-research\data\rendered\ptbxl\MI\21279.png,MI,MI,0.9966,1
C:\Users\taimo\OneDrive\Documents 1\work\ecg-synthetic-research\data\rendered\ptbxl\MI\21324.png,MI,MI,0.9707,1
C:\Users\taimo\OneDrive\Documents 1\work\ecg-synthetic-research\data\rendered\ptbxl\MI\21596.png,MI,MI,0.968,1
C:\Users\taimo\OneDrive\Documents 1\work\ecg-synthetic-research\data\rendered\ptbxl\MI\21610.png,MI,MI,0.7046,1
C:\Users\taimo\OneDrive\Documents 1\work\ecg-synthetic-research\data\rendered\ptbxl\MI\21624.png,MI,MI,0.748,1
C:\Users\taimo\OneDrive\Documents 1\work\ecg-synthetic-research\data\rendered\ptbxl\MI\21654.png,MI,MI,0.97,1
C:\Users\taimo\OneDrive\Documents 1\work\ecg-synthetic-research\data\rendered\ptbxl\MI\21762.png,MI,MI,0.8457,1
C:\Users\taimo\OneDrive\Documents 1\work\ecg-synthetic-research\data\rendered\ptbxl\MI\21793.png,MI,MI,0.9014,1
C:\Users\taimo\OneDrive\Documents 1\work\ecg-synthetic-research\data\rendered\ptbxl\AFIB\00351.png,AFIB,AFIB,0.93,1
C:\Users\taimo\OneDrive\Documents 1\work\ecg-synthetic-research\data\rendered\ptbxl\AFIB\00428.png,AFIB,AFIB,0.759,1
C:\Users\taimo\OneDrive\Documents 1\work\ecg-synthetic-research\data\rendered\ptbxl\AFIB\00557.png,AFIB,AFIB,0.9985,1
C:\Users\taimo\OneDrive\Documents 1\work\ecg-synthetic-research\data\rendered\ptbxl\AFIB\00637.png,AFIB,AFIB,0.7847,1
C:\Users\taimo\OneDrive\Documents 1\work\ecg-synthetic-research\data\rendered\ptbxl\AFIB\00656.png,AFIB,AFIB,0.996,1
C:\Users\taimo\OneDrive\Documents 1\work\ecg-synthetic-research\data\rendered\ptbxl\AFIB\00674.png,AFIB,AFIB,0.7866,1
C:\Users\taimo\OneDrive\Documents 1\work\ecg-synthetic-research\data\rendered\ptbxl\AFIB\00697.png,AFIB,AFIB,0.9946,1
C:\Users\taimo\OneDrive\Documents 1\work\ecg-synthetic-research\data\rendered\ptbxl\AFIB\00858.png,AFIB,TACHY,0.811,0
C:\Users\taimo\OneDrive\Documents 1\work\ecg-synthetic-research\data\rendered\ptbxl\AFIB\00908.png,AFIB,AFIB,0.9946,1
C:\Users\taimo\OneDrive\Documents 1\work\ecg-synthetic-research\data\rendered\ptbxl\AFIB\01026.png,AFIB,TACHY,0.372,0
C:\Users\taimo\OneDrive\Documents 1\work\ecg-synthetic-research\data\rendered\ptbxl\AFIB\01229.png,AFIB,AFIB,0.999,1
C:\Users\taimo\OneDrive\Documents 1\work\ecg-synthetic-research\data\rendered\ptbxl\AFIB\01817.png,AFIB,AFIB,0.987,1
C:\Users\taimo\OneDrive\Documents 1\work\ecg-synthetic-research\data\rendered\ptbxl\AFIB\01858.png,AFIB,TACHY,0.6104,0
C:\Users\taimo\OneDrive\Documents 1\work\ecg-synthetic-research\data\rendered\ptbxl\AFIB\01977.png,AFIB,AFIB,0.905,1
C:\Users\taimo\OneDrive\Documents 1\work\ecg-synthetic-research\data\rendered\ptbxl\AFIB\02001.png,AFIB,AFIB,0.999,1
C:\Users\taimo\OneDrive\Documents 1\work\ecg-synthetic-research\data\rendered\ptbxl\AFIB\02125.png,AFIB,AFIB,0.9985,1
C:\Users\taimo\OneDrive\Documents 1\work\ecg-synthetic-research\data\rendered\ptbxl\AFIB\02153.png,AFIB,AFIB,0.6055,1
C:\Users\taimo\OneDrive\Documents 1\work\ecg-synthetic-research\data\rendered\ptbxl\AFIB\02245.png,AFIB,AFIB,0.866,1
C:\Users\taimo\OneDrive\Documents 1\work\ecg-synthetic-research\data\rendered\ptbxl\AFIB\02430.png,AFIB,TACHY,0.4685,0
C:\Users\taimo\OneDrive\Documents 1\work\ecg-synthetic-research\data\rendered\ptbxl\AFIB\02527.png,AFIB,AFIB,0.9937,1
C:\Users\taimo\OneDrive\Documents 1\work\ecg-synthetic-research\data\rendered\ptbxl\AFIB\02739.png,AFIB,TACHY,0.7856,0
C:\Users\taimo\OneDrive\Documents 1\work\ecg-synthetic-research\data\rendered\ptbxl\AFIB\02795.png,AFIB,TACHY,0.8687,0
C:\Users\taimo\OneDrive\Documents 1\work\ecg-synthetic-research\data\rendered\ptbxl\AFIB\02823.png,AFIB,AFIB,0.9556,1
C:\Users\taimo\OneDrive\Documents 1\work\ecg-synthetic-research\data\rendered\ptbxl\AFIB\02825.png,AFIB,AFIB,0.929,1
C:\Users\taimo\OneDrive\Documents 1\work\ecg-synthetic-research\data\rendered\ptbxl\AFIB\03001.png,AFIB,AFIB,0.8164,1
C:\Users\taimo\OneDrive\Documents 1\work\ecg-synthetic-research\data\rendered\ptbxl\AFIB\03025.png,AFIB,AFIB,0.999,1
C:\Users\taimo\OneDrive\Documents 1\work\ecg-synthetic-research\data\rendered\ptbxl\AFIB\03074.png,AFIB,AFIB,0.9526,1
C:\Users\taimo\OneDrive\Documents 1\work\ecg-synthetic-research\data\rendered\ptbxl\AFIB\03097.png,AFIB,AFIB,0.968,1
C:\Users\taimo\OneDrive\Documents 1\work\ecg-synthetic-research\data\rendered\ptbxl\AFIB\03270.png,AFIB,AFIB,0.841,1
C:\Users\taimo\OneDrive\Documents 1\work\ecg-synthetic-research\data\rendered\ptbxl\AFIB\03295.png,AFIB,AFIB,0.997,1
C:\Users\taimo\OneDrive\Documents 1\work\ecg-synthetic-research\data\rendered\ptbxl\AFIB\03368.png,AFIB,MI,0.531,0
C:\Users\taimo\OneDrive\Documents 1\work\ecg-synthetic-research\data\rendered\ptbxl\AFIB\03423.png,AFIB,AFIB,0.983,1
C:\Users\taimo\OneDrive\Documents 1\work\ecg-synthetic-research\data\rendered\ptbxl\AFIB\03426.png,AFIB,AFIB,0.9985,1
C:\Users\taimo\OneDrive\Documents 1\work\ecg-synthetic-research\data\rendered\ptbxl\AFIB\03431.png,AFIB,AFIB,0.957,1
C:\Users\taimo\OneDrive\Documents 1\work\ecg-synthetic-research\data\rendered\ptbxl\AFIB\03433.png,AFIB,AFIB,0.9824,1
C:\Users\taimo\OneDrive\Documents 1\work\ecg-synthetic-research\data\rendered\ptbxl\AFIB\03517.png,AFIB,AFIB,0.9834,1
C:\Users\taimo\OneDrive\Documents 1\work\ecg-synthetic-research\data\rendered\ptbxl\AFIB\03541.png,AFIB,AFIB,0.989,1
C:\Users\taimo\OneDrive\Documents 1\work\ecg-synthetic-research\data\rendered\ptbxl\AFIB\03681.png,AFIB,AFIB,0.8813,1
C:\Users\taimo\OneDrive\Documents 1\work\ecg-synthetic-research\data\rendered\ptbxl\AFIB\04072.png,AFIB,AFIB,0.997,1
C:\Users\taimo\OneDrive\Documents 1\work\ecg-synthetic-research\data\rendered\ptbxl\AFIB\04154.png,AFIB,AFIB,0.9526,1
C:\Users\taimo\OneDrive\Documents 1\work\ecg-synthetic-research\data\rendered\ptbxl\AFIB\04248.png,AFIB,MI,0.7197,0
C:\Users\taimo\OneDrive\Documents 1\work\ecg-synthetic-research\data\rendered\ptbxl\AFIB\04332.png,AFIB,AFIB,0.9585,1
C:\Users\taimo\OneDrive\Documents 1\work\ecg-synthetic-research\data\rendered\ptbxl\AFIB\04335.png,AFIB,AFIB,0.995,1
C:\Users\taimo\OneDrive\Documents 1\work\ecg-synthetic-research\data\rendered\ptbxl\AFIB\04368.png,AFIB,AFIB,0.5146,1
C:\Users\taimo\OneDrive\Documents 1\work\ecg-synthetic-research\data\rendered\ptbxl\AFIB\04412.png,AFIB,AFIB,0.749,1
C:\Users\taimo\OneDrive\Documents 1\work\ecg-synthetic-research\data\rendered\ptbxl\AFIB\04424.png,AFIB,NORM,0.5303,0
C:\Users\taimo\OneDrive\Documents 1\work\ecg-synthetic-research\data\rendered\ptbxl\AFIB\04525.png,AFIB,AFIB,0.992,1
C:\Users\taimo\OneDrive\Documents 1\work\ecg-synthetic-research\data\rendered\ptbxl\AFIB\04660.png,AFIB,AFIB,0.9946,1
C:\Users\taimo\OneDrive\Documents 1\work\ecg-synthetic-research\data\rendered\ptbxl\AFIB\04899.png,AFIB,AFIB,0.7896,1
C:\Users\taimo\OneDrive\Documents 1\work\ecg-synthetic-research\data\rendered\ptbxl\AFIB\04965.png,AFIB,AFIB,0.9697,1
C:\Users\taimo\OneDrive\Documents 1\work\ecg-synthetic-research\data\rendered\ptbxl\AFIB\05132.png,AFIB,AFIB,0.9985,1
C:\Users\taimo\OneDrive\Documents 1\work\ecg-synthetic-research\data\rendered\ptbxl\AFIB\05156.png,AFIB,AFIB,0.536,1
C:\Users\taimo\OneDrive\Documents 1\work\ecg-synthetic-research\data\rendered\ptbxl\AFIB\05252.png,AFIB,TACHY,0.6157,0
C:\Users\taimo\OneDrive\Documents 1\work\ecg-synthetic-research\data\rendered\ptbxl\AFIB\05260.png,AFIB,AFIB,0.9834,1
C:\Users\taimo\OneDrive\Documents 1\work\ecg-synthetic-research\data\rendered\ptbxl\AFIB\05322.png,AFIB,AFIB,0.92,1
C:\Users\taimo\OneDrive\Documents 1\work\ecg-synthetic-research\data\rendered\ptbxl\AFIB\05339.png,AFIB,AFIB,0.7266,1
C:\Users\taimo\OneDrive\Documents 1\work\ecg-synthetic-research\data\rendered\ptbxl\AFIB\05419.png,AFIB,AFIB,0.996,1
C:\Users\taimo\OneDrive\Documents 1\work\ecg-synthetic-research\data\rendered\ptbxl\AFIB\05575.png,AFIB,AFIB,0.9985,1
C:\Users\taimo\OneDrive\Documents 1\work\ecg-synthetic-research\data\rendered\ptbxl\AFIB\05650.png,AFIB,AFIB,0.9995,1
C:\Users\taimo\OneDrive\Documents 1\work\ecg-synthetic-research\data\rendered\ptbxl\AFIB\05776.png,AFIB,AFIB,0.9995,1
C:\Users\taimo\OneDrive\Documents 1\work\ecg-synthetic-research\data\rendered\ptbxl\AFIB\05833.png,AFIB,AFIB,0.9883,1
C:\Users\taimo\OneDrive\Documents 1\work\ecg-synthetic-research\data\rendered\ptbxl\AFIB\06086.png,AFIB,AFIB,0.9985,1
C:\Users\taimo\OneDrive\Documents 1\work\ecg-synthetic-research\data\rendered\ptbxl\AFIB\06142.png,AFIB,AFIB,0.998,1
C:\Users\taimo\OneDrive\Documents 1\work\ecg-synthetic-research\data\rendered\ptbxl\AFIB\06186.png,AFIB,AFIB,0.871,1
C:\Users\taimo\OneDrive\Documents 1\work\ecg-synthetic-research\data\rendered\ptbxl\AFIB\06205.png,AFIB,TACHY,0.555,0
C:\Users\taimo\OneDrive\Documents 1\work\ecg-synthetic-research\data\rendered\ptbxl\AFIB\06371.png,AFIB,AFIB,0.992,1
C:\Users\taimo\OneDrive\Documents 1\work\ecg-synthetic-research\data\rendered\ptbxl\AFIB\06398.png,AFIB,AFIB,0.987,1
C:\Users\taimo\OneDrive\Documents 1\work\ecg-synthetic-research\data\rendered\ptbxl\AFIB\06460.png,AFIB,AFIB,0.9995,1
C:\Users\taimo\OneDrive\Documents 1\work\ecg-synthetic-research\data\rendered\ptbxl\AFIB\06478.png,AFIB,AFIB,0.9526,1
C:\Users\taimo\OneDrive\Documents 1\work\ecg-synthetic-research\data\rendered\ptbxl\AFIB\06504.png,AFIB,AFIB,0.9824,1
C:\Users\taimo\OneDrive\Documents 1\work\ecg-synthetic-research\data\rendered\ptbxl\AFIB\06505.png,AFIB,AFIB,0.9756,1
C:\Users\taimo\OneDrive\Documents 1\work\ecg-synthetic-research\data\rendered\ptbxl\AFIB\06530.png,AFIB,AFIB,0.924,1
C:\Users\taimo\OneDrive\Documents 1\work\ecg-synthetic-research\data\rendered\ptbxl\AFIB\06576.png,AFIB,AFIB,0.9946,1
C:\Users\taimo\OneDrive\Documents 1\work\ecg-synthetic-research\data\rendered\ptbxl\AFIB\06627.png,AFIB,AFIB,0.9995,1
C:\Users\taimo\OneDrive\Documents 1\work\ecg-synthetic-research\data\rendered\ptbxl\AFIB\06704.png,AFIB,AFIB,0.998,1
C:\Users\taimo\OneDrive\Documents 1\work\ecg-synthetic-research\data\rendered\ptbxl\AFIB\06846.png,AFIB,AFIB,0.9795,1
C:\Users\taimo\OneDrive\Documents 1\work\ecg-synthetic-research\data\rendered\ptbxl\AFIB\06908.png,AFIB,AFIB,0.9805,1
C:\Users\taimo\OneDrive\Documents 1\work\ecg-synthetic-research\data\rendered\ptbxl\AFIB\07012.png,AFIB,AFIB,0.7734,1
C:\Users\taimo\OneDrive\Documents 1\work\ecg-synthetic-research\data\rendered\ptbxl\AFIB\07024.png,AFIB,AFIB,0.8823,1
C:\Users\taimo\OneDrive\Documents 1\work\ecg-synthetic-research\data\rendered\ptbxl\AFIB\07104.png,AFIB,AFIB,0.933,1
C:\Users\taimo\OneDrive\Documents 1\work\ecg-synthetic-research\data\rendered\ptbxl\AFIB\07139.png,AFIB,AFIB,0.9985,1
C:\Users\taimo\OneDrive\Documents 1\work\ecg-synthetic-research\data\rendered\ptbxl\AFIB\07159.png,AFIB,AFIB,0.887,1
C:\Users\taimo\OneDrive\Documents 1\work\ecg-synthetic-research\data\rendered\ptbxl\AFIB\07160.png,AFIB,TACHY,0.7925,0
C:\Users\taimo\OneDrive\Documents 1\work\ecg-synthetic-research\data\rendered\ptbxl\AFIB\07239.png,AFIB,AFIB,0.982,1
C:\Users\taimo\OneDrive\Documents 1\work\ecg-synthetic-research\data\rendered\ptbxl\AFIB\07248.png,AFIB,AFIB,0.9995,1
C:\Users\taimo\OneDrive\Documents 1\work\ecg-synthetic-research\data\rendered\ptbxl\AFIB\07281.png,AFIB,AFIB,0.9663,1
C:\Users\taimo\OneDrive\Documents 1\work\ecg-synthetic-research\data\rendered\ptbxl\AFIB\07311.png,AFIB,AFIB,0.971,1
C:\Users\taimo\OneDrive\Documents 1\work\ecg-synthetic-research\data\rendered\ptbxl\AFIB\07339.png,AFIB,AFIB,0.6763,1
C:\Users\taimo\OneDrive\Documents 1\work\ecg-synthetic-research\data\rendered\ptbxl\AFIB\07342.png,AFIB,AFIB,0.7886,1
C:\Users\taimo\OneDrive\Documents 1\work\ecg-synthetic-research\data\rendered\ptbxl\AFIB\07350.png,AFIB,AFIB,0.734,1
C:\Users\taimo\OneDrive\Documents 1\work\ecg-synthetic-research\data\rendered\ptbxl\AFIB\07365.png,AFIB,AFIB,0.8228,1
C:\Users\taimo\OneDrive\Documents 1\work\ecg-synthetic-research\data\rendered\ptbxl\AFIB\07379.png,AFIB,MI,0.509,0
C:\Users\taimo\OneDrive\Documents 1\work\ecg-synthetic-research\data\rendered\ptbxl\AFIB\07387.png,AFIB,AFIB,0.7954,1
C:\Users\taimo\OneDrive\Documents 1\work\ecg-synthetic-research\data\rendered\ptbxl\AFIB\07418.png,AFIB,AFIB,0.882,1
C:\Users\taimo\OneDrive\Documents 1\work\ecg-synthetic-research\data\rendered\ptbxl\AFIB\07450.png,AFIB,AFIB,0.9907,1
C:\Users\taimo\OneDrive\Documents 1\work\ecg-synthetic-research\data\rendered\ptbxl\AFIB\07474.png,AFIB,AFIB,0.743,1
C:\Users\taimo\OneDrive\Documents 1\work\ecg-synthetic-research\data\rendered\ptbxl\AFIB\07488.png,AFIB,AFIB,0.9995,1
C:\Users\taimo\OneDrive\Documents 1\work\ecg-synthetic-research\data\rendered\ptbxl\AFIB\07492.png,AFIB,AFIB,0.9346,1
C:\Users\taimo\OneDrive\Documents 1\work\ecg-synthetic-research\data\rendered\ptbxl\AFIB\07497.png,AFIB,AFIB,0.8843,1
C:\Users\taimo\OneDrive\Documents 1\work\ecg-synthetic-research\data\rendered\ptbxl\AFIB\07512.png,AFIB,AFIB,0.946,1
C:\Users\taimo\OneDrive\Documents 1\work\ecg-synthetic-research\data\rendered\ptbxl\AFIB\07515.png,AFIB,AFIB,0.9937,1
C:\Users\taimo\OneDrive\Documents 1\work\ecg-synthetic-research\data\rendered\ptbxl\AFIB\07525.png,AFIB,AFIB,0.999,1
C:\Users\taimo\OneDrive\Documents 1\work\ecg-synthetic-research\data\rendered\ptbxl\AFIB\07567.png,AFIB,AFIB,0.592,1
C:\Users\taimo\OneDrive\Documents 1\work\ecg-synthetic-research\data\rendered\ptbxl\AFIB\07573.png,AFIB,AFIB,0.9956,1
C:\Users\taimo\OneDrive\Documents 1\work\ecg-synthetic-research\data\rendered\ptbxl\AFIB\07607.png,AFIB,AFIB,0.9995,1
C:\Users\taimo\OneDrive\Documents 1\work\ecg-synthetic-research\data\rendered\ptbxl\AFIB\07774.png,AFIB,AFIB,0.719,1
C:\Users\taimo\OneDrive\Documents 1\work\ecg-synthetic-research\data\rendered\ptbxl\AFIB\08092.png,AFIB,AFIB,0.981,1
C:\Users\taimo\OneDrive\Documents 1\work\ecg-synthetic-research\data\rendered\ptbxl\AFIB\08276.png,AFIB,AFIB,0.9976,1
C:\Users\taimo\OneDrive\Documents 1\work\ecg-synthetic-research\data\rendered\ptbxl\AFIB\08308.png,AFIB,AFIB,0.9707,1
C:\Users\taimo\OneDrive\Documents 1\work\ecg-synthetic-research\data\rendered\ptbxl\AFIB\08328.png,AFIB,AFIB,0.9946,1
C:\Users\taimo\OneDrive\Documents 1\work\ecg-synthetic-research\data\rendered\ptbxl\AFIB\08392.png,AFIB,AFIB,0.5757,1
C:\Users\taimo\OneDrive\Documents 1\work\ecg-synthetic-research\data\rendered\ptbxl\AFIB\08405.png,AFIB,AFIB,0.9976,1
C:\Users\taimo\OneDrive\Documents 1\work\ecg-synthetic-research\data\rendered\ptbxl\AFIB\08408.png,AFIB,AFIB,0.8516,1
C:\Users\taimo\OneDrive\Documents 1\work\ecg-synthetic-research\data\rendered\ptbxl\AFIB\08448.png,AFIB,AFIB,0.696,1
C:\Users\taimo\OneDrive\Documents 1\work\ecg-synthetic-research\data\rendered\ptbxl\AFIB\08452.png,AFIB,AFIB,0.968,1
C:\Users\taimo\OneDrive\Documents 1\work\ecg-synthetic-research\data\rendered\ptbxl\AFIB\08525.png,AFIB,AFIB,0.9976,1
C:\Users\taimo\OneDrive\Documents 1\work\ecg-synthetic-research\data\rendered\ptbxl\AFIB\08550.png,AFIB,AFIB,0.982,1
C:\Users\taimo\OneDrive\Documents 1\work\ecg-synthetic-research\data\rendered\ptbxl\AFIB\08602.png,AFIB,AFIB,0.983,1
C:\Users\taimo\OneDrive\Documents 1\work\ecg-synthetic-research\data\rendered\ptbxl\AFIB\08604.png,AFIB,AFIB,0.994,1
C:\Users\taimo\OneDrive\Documents 1\work\ecg-synthetic-research\data\rendered\ptbxl\AFIB\08832.png,AFIB,MI,0.639,0
C:\Users\taimo\OneDrive\Documents 1\work\ecg-synthetic-research\data\rendered\ptbxl\AFIB\08866.png,AFIB,AFIB,0.9937,1
C:\Users\taimo\OneDrive\Documents 1\work\ecg-synthetic-research\data\rendered\ptbxl\AFIB\09012.png,AFIB,AFIB,0.9937,1
C:\Users\taimo\OneDrive\Documents 1\work\ecg-synthetic-research\data\rendered\ptbxl\AFIB\09095.png,AFIB,AFIB,0.9976,1
C:\Users\taimo\OneDrive\Documents 1\work\ecg-synthetic-research\data\rendered\ptbxl\AFIB\09289.png,AFIB,AFIB,0.997,1
C:\Users\taimo\OneDrive\Documents 1\work\ecg-synthetic-research\data\rendered\ptbxl\AFIB\09387.png,AFIB,AFIB,0.987,1
C:\Users\taimo\OneDrive\Documents 1\work\ecg-synthetic-research\data\rendered\ptbxl\AFIB\09424.png,AFIB,AFIB,0.9385,1
C:\Users\taimo\OneDrive\Documents 1\work\ecg-synthetic-research\data\rendered\ptbxl\AFIB\09485.png,AFIB,AFIB,0.876,1
C:\Users\taimo\OneDrive\Documents 1\work\ecg-synthetic-research\data\rendered\ptbxl\AFIB\09549.png,AFIB,AFIB,0.974,1
C:\Users\taimo\OneDrive\Documents 1\work\ecg-synthetic-research\data\rendered\ptbxl\AFIB\09708.png,AFIB,AFIB,0.917,1
C:\Users\taimo\OneDrive\Documents 1\work\ecg-synthetic-research\data\rendered\ptbxl\AFIB\09986.png,AFIB,AFIB,0.858,1
C:\Users\taimo\OneDrive\Documents 1\work\ecg-synthetic-research\data\rendered\ptbxl\AFIB\10054.png,AFIB,AFIB,0.9927,1
C:\Users\taimo\OneDrive\Documents 1\work\ecg-synthetic-research\data\rendered\ptbxl\AFIB\10092.png,AFIB,AFIB,0.9795,1
C:\Users\taimo\OneDrive\Documents 1\work\ecg-synthetic-research\data\rendered\ptbxl\AFIB\10177.png,AFIB,AFIB,0.847,1
C:\Users\taimo\OneDrive\Documents 1\work\ecg-synthetic-research\data\rendered\ptbxl\AFIB\10219.png,AFIB,AFIB,0.9805,1
C:\Users\taimo\OneDrive\Documents 1\work\ecg-synthetic-research\data\rendered\ptbxl\AFIB\10224.png,AFIB,AFIB,0.948,1
C:\Users\taimo\OneDrive\Documents 1\work\ecg-synthetic-research\data\rendered\ptbxl\AFIB\10304.png,AFIB,AFIB,0.937,1
C:\Users\taimo\OneDrive\Documents 1\work\ecg-synthetic-research\data\rendered\ptbxl\AFIB\10342.png,AFIB,AFIB,0.9863,1
C:\Users\taimo\OneDrive\Documents 1\work\ecg-synthetic-research\data\rendered\ptbxl\AFIB\10353.png,AFIB,AFIB,0.884,1
C:\Users\taimo\OneDrive\Documents 1\work\ecg-synthetic-research\data\rendered\ptbxl\AFIB\10399.png,AFIB,AFIB,0.9834,1
C:\Users\taimo\OneDrive\Documents 1\work\ecg-synthetic-research\data\rendered\ptbxl\AFIB\10473.png,AFIB,AFIB,0.9795,1
C:\Users\taimo\OneDrive\Documents 1\work\ecg-synthetic-research\data\rendered\ptbxl\AFIB\10564.png,AFIB,AFIB,0.9966,1
C:\Users\taimo\OneDrive\Documents 1\work\ecg-synthetic-research\data\rendered\ptbxl\AFIB\10637.png,AFIB,AFIB,0.6074,1
C:\Users\taimo\OneDrive\Documents 1\work\ecg-synthetic-research\data\rendered\ptbxl\AFIB\10752.png,AFIB,TACHY,0.949,0
C:\Users\taimo\OneDrive\Documents 1\work\ecg-synthetic-research\data\rendered\ptbxl\AFIB\10894.png,AFIB,AFIB,0.9844,1
C:\Users\taimo\OneDrive\Documents 1\work\ecg-synthetic-research\data\rendered\ptbxl\AFIB\10895.png,AFIB,AFIB,0.974,1
C:\Users\taimo\OneDrive\Documents 1\work\ecg-synthetic-research\data\rendered\ptbxl\AFIB\10927.png,AFIB,AFIB,0.999,1
C:\Users\taimo\OneDrive\Documents 1\work\ecg-synthetic-research\data\rendered\ptbxl\AFIB\11024.png,AFIB,AFIB,0.9844,1
C:\Users\taimo\OneDrive\Documents 1\work\ecg-synthetic-research\data\rendered\ptbxl\AFIB\11239.png,AFIB,AFIB,0.9966,1
C:\Users\taimo\OneDrive\Documents 1\work\ecg-synthetic-research\data\rendered\ptbxl\AFIB\11349.png,AFIB,AFIB,0.918,1
C:\Users\taimo\OneDrive\Documents 1\work\ecg-synthetic-research\data\rendered\ptbxl\AFIB\11389.png,AFIB,AFIB,0.8965,1
C:\Users\taimo\OneDrive\Documents 1\work\ecg-synthetic-research\data\rendered\ptbxl\AFIB\11413.png,AFIB,AFIB,0.9854,1
C:\Users\taimo\OneDrive\Documents 1\work\ecg-synthetic-research\data\rendered\ptbxl\AFIB\11447.png,AFIB,AFIB,0.965,1
C:\Users\taimo\OneDrive\Documents 1\work\ecg-synthetic-research\data\rendered\ptbxl\AFIB\11481.png,AFIB,AFIB,0.9995,1
C:\Users\taimo\OneDrive\Documents 1\work\ecg-synthetic-research\data\rendered\ptbxl\AFIB\11494.png,AFIB,AFIB,0.9985,1
C:\Users\taimo\OneDrive\Documents 1\work\ecg-synthetic-research\data\rendered\ptbxl\AFIB\11597.png,AFIB,AFIB,0.993,1
C:\Users\taimo\OneDrive\Documents 1\work\ecg-synthetic-research\data\rendered\ptbxl\AFIB\11620.png,AFIB,AFIB,0.9946,1
C:\Users\taimo\OneDrive\Documents 1\work\ecg-synthetic-research\data\rendered\ptbxl\AFIB\11686.png,AFIB,AFIB,0.996,1
C:\Users\taimo\OneDrive\Documents 1\work\ecg-synthetic-research\data\rendered\ptbxl\AFIB\11776.png,AFIB,AFIB,0.9946,1
C:\Users\taimo\OneDrive\Documents 1\work\ecg-synthetic-research\data\rendered\ptbxl\AFIB\11849.png,AFIB,AFIB,0.99,1
C:\Users\taimo\OneDrive\Documents 1\work\ecg-synthetic-research\data\rendered\ptbxl\AFIB\11886.png,AFIB,AFIB,0.9995,1
C:\Users\taimo\OneDrive\Documents 1\work\ecg-synthetic-research\data\rendered\ptbxl\AFIB\12205.png,AFIB,AFIB,0.991,1
C:\Users\taimo\OneDrive\Documents 1\work\ecg-synthetic-research\data\rendered\ptbxl\AFIB\12244.png,AFIB,AFIB,0.737,1
C:\Users\taimo\OneDrive\Documents 1\work\ecg-synthetic-research\data\rendered\ptbxl\AFIB\12286.png,AFIB,AFIB,0.9897,1
C:\Users\taimo\OneDrive\Documents 1\work\ecg-synthetic-research\data\rendered\ptbxl\AFIB\12569.png,AFIB,AFIB,0.94,1
C:\Users\taimo\OneDrive\Documents 1\work\ecg-synthetic-research\data\rendered\ptbxl\AFIB\12602.png,AFIB,AFIB,0.933,1
C:\Users\taimo\OneDrive\Documents 1\work\ecg-synthetic-research\data\rendered\ptbxl\AFIB\12663.png,AFIB,NORM,0.6016,0
C:\Users\taimo\OneDrive\Documents 1\work\ecg-synthetic-research\data\rendered\ptbxl\AFIB\12847.png,AFIB,AFIB,0.972,1
C:\Users\taimo\OneDrive\Documents 1\work\ecg-synthetic-research\data\rendered\ptbxl\AFIB\12948.png,AFIB,AFIB,0.851,1
C:\Users\taimo\OneDrive\Documents 1\work\ecg-synthetic-research\data\rendered\ptbxl\AFIB\12958.png,AFIB,AFIB,0.5684,1
C:\Users\taimo\OneDrive\Documents 1\work\ecg-synthetic-research\data\rendered\ptbxl\AFIB\13068.png,AFIB,AFIB,0.9995,1
C:\Users\taimo\OneDrive\Documents 1\work\ecg-synthetic-research\data\rendered\ptbxl\AFIB\13199.png,AFIB,AFIB,0.993,1
C:\Users\taimo\OneDrive\Documents 1\work\ecg-synthetic-research\data\rendered\ptbxl\AFIB\13201.png,AFIB,AFIB,0.963,1
C:\Users\taimo\OneDrive\Documents 1\work\ecg-synthetic-research\data\rendered\ptbxl\AFIB\13325.png,AFIB,AFIB,0.9995,1
C:\Users\taimo\OneDrive\Documents 1\work\ecg-synthetic-research\data\rendered\ptbxl\AFIB\13387.png,AFIB,AFIB,0.9995,1
C:\Users\taimo\OneDrive\Documents 1\work\ecg-synthetic-research\data\rendered\ptbxl\AFIB\13420.png,AFIB,AFIB,0.9995,1
C:\Users\taimo\OneDrive\Documents 1\work\ecg-synthetic-research\data\rendered\ptbxl\AFIB\13530.png,AFIB,TACHY,0.543,0
C:\Users\taimo\OneDrive\Documents 1\work\ecg-synthetic-research\data\rendered\ptbxl\AFIB\13724.png,AFIB,AFIB,0.992,1
C:\Users\taimo\OneDrive\Documents 1\work\ecg-synthetic-research\data\rendered\ptbxl\AFIB\13832.png,AFIB,AFIB,0.982,1
C:\Users\taimo\OneDrive\Documents 1\work\ecg-synthetic-research\data\rendered\ptbxl\AFIB\13987.png,AFIB,AFIB,0.994,1
C:\Users\taimo\OneDrive\Documents 1\work\ecg-synthetic-research\data\rendered\ptbxl\AFIB\14087.png,AFIB,AFIB,0.8613,1
C:\Users\taimo\OneDrive\Documents 1\work\ecg-synthetic-research\data\rendered\ptbxl\AFIB\14130.png,AFIB,AFIB,0.9927,1
C:\Users\taimo\OneDrive\Documents 1\work\ecg-synthetic-research\data\rendered\ptbxl\AFIB\14201.png,AFIB,AFIB,0.907,1
C:\Users\taimo\OneDrive\Documents 1\work\ecg-synthetic-research\data\rendered\ptbxl\AFIB\14379.png,AFIB,AFIB,0.966,1
C:\Users\taimo\OneDrive\Documents 1\work\ecg-synthetic-research\data\rendered\ptbxl\AFIB\14474.png,AFIB,AFIB,0.998,1
C:\Users\taimo\OneDrive\Documents 1\work\ecg-synthetic-research\data\rendered\ptbxl\AFIB\14529.png,AFIB,AFIB,0.946,1
C:\Users\taimo\OneDrive\Documents 1\work\ecg-synthetic-research\data\rendered\ptbxl\AFIB\14792.png,AFIB,AFIB,0.995,1
C:\Users\taimo\OneDrive\Documents 1\work\ecg-synthetic-research\data\rendered\ptbxl\AFIB\14853.png,AFIB,AFIB,0.91,1
C:\Users\taimo\OneDrive\Documents 1\work\ecg-synthetic-research\data\rendered\ptbxl\AFIB\14872.png,AFIB,MI,0.438,0
C:\Users\taimo\OneDrive\Documents 1\work\ecg-synthetic-research\data\rendered\ptbxl\AFIB\14879.png,AFIB,AFIB,0.9995,1
C:\Users\taimo\OneDrive\Documents 1\work\ecg-synthetic-research\data\rendered\ptbxl\AFIB\14984.png,AFIB,AFIB,0.9937,1
C:\Users\taimo\OneDrive\Documents 1\work\ecg-synthetic-research\data\rendered\ptbxl\AFIB\15091.png,AFIB,AFIB,0.9717,1
C:\Users\taimo\OneDrive\Documents 1\work\ecg-synthetic-research\data\rendered\ptbxl\AFIB\15178.png,AFIB,AFIB,1.0,1
C:\Users\taimo\OneDrive\Documents 1\work\ecg-synthetic-research\data\rendered\ptbxl\AFIB\15243.png,AFIB,AFIB,1.0,1
C:\Users\taimo\OneDrive\Documents 1\work\ecg-synthetic-research\data\rendered\ptbxl\AFIB\15341.png,AFIB,AFIB,0.929,1
C:\Users\taimo\OneDrive\Documents 1\work\ecg-synthetic-research\data\rendered\ptbxl\AFIB\15439.png,AFIB,AFIB,0.829,1
C:\Users\taimo\OneDrive\Documents 1\work\ecg-synthetic-research\data\rendered\ptbxl\AFIB\15478.png,AFIB,AFIB,0.972,1
C:\Users\taimo\OneDrive\Documents 1\work\ecg-synthetic-research\data\rendered\ptbxl\AFIB\15676.png,AFIB,MI,0.8447,0
C:\Users\taimo\OneDrive\Documents 1\work\ecg-synthetic-research\data\rendered\ptbxl\AFIB\15800.png,AFIB,AFIB,0.992,1
C:\Users\taimo\OneDrive\Documents 1\work\ecg-synthetic-research\data\rendered\ptbxl\AFIB\15846.png,AFIB,AFIB,0.889,1
C:\Users\taimo\OneDrive\Documents 1\work\ecg-synthetic-research\data\rendered\ptbxl\AFIB\15870.png,AFIB,AFIB,0.982,1
C:\Users\taimo\OneDrive\Documents 1\work\ecg-synthetic-research\data\rendered\ptbxl\AFIB\15951.png,AFIB,AFIB,0.9883,1
C:\Users\taimo\OneDrive\Documents 1\work\ecg-synthetic-research\data\rendered\ptbxl\AFIB\15993.png,AFIB,AFIB,0.9893,1
C:\Users\taimo\OneDrive\Documents 1\work\ecg-synthetic-research\data\rendered\ptbxl\AFIB\15996.png,AFIB,AFIB,0.999,1
C:\Users\taimo\OneDrive\Documents 1\work\ecg-synthetic-research\data\rendered\ptbxl\AFIB\16235.png,AFIB,AFIB,0.985,1
C:\Users\taimo\OneDrive\Documents 1\work\ecg-synthetic-research\data\rendered\ptbxl\AFIB\16401.png,AFIB,AFIB,0.943,1
C:\Users\taimo\OneDrive\Documents 1\work\ecg-synthetic-research\data\rendered\ptbxl\AFIB\16497.png,AFIB,AFIB,0.991,1
C:\Users\taimo\OneDrive\Documents 1\work\ecg-synthetic-research\data\rendered\ptbxl\AFIB\16509.png,AFIB,AFIB,0.9976,1
C:\Users\taimo\OneDrive\Documents 1\work\ecg-synthetic-research\data\rendered\ptbxl\AFIB\16591.png,AFIB,AFIB,0.992,1
C:\Users\taimo\OneDrive\Documents 1\work\ecg-synthetic-research\data\rendered\ptbxl\AFIB\16606.png,AFIB,AFIB,0.996,1
C:\Users\taimo\OneDrive\Documents 1\work\ecg-synthetic-research\data\rendered\ptbxl\AFIB\16739.png,AFIB,AFIB,0.6133,1
C:\Users\taimo\OneDrive\Documents 1\work\ecg-synthetic-research\data\rendered\ptbxl\AFIB\16843.png,AFIB,AFIB,0.673,1
C:\Users\taimo\OneDrive\Documents 1\work\ecg-synthetic-research\data\rendered\ptbxl\AFIB\16851.png,AFIB,AFIB,0.9805,1
C:\Users\taimo\OneDrive\Documents 1\work\ecg-synthetic-research\data\rendered\ptbxl\AFIB\16876.png,AFIB,AFIB,0.9995,1
C:\Users\taimo\OneDrive\Documents 1\work\ecg-synthetic-research\data\rendered\ptbxl\AFIB\16926.png,AFIB,AFIB,0.993,1
C:\Users\taimo\OneDrive\Documents 1\work\ecg-synthetic-research\data\rendered\ptbxl\AFIB\17034.png,AFIB,AFIB,0.9634,1
C:\Users\taimo\OneDrive\Documents 1\work\ecg-synthetic-research\data\rendered\ptbxl\AFIB\17092.png,AFIB,AFIB,0.9863,1
C:\Users\taimo\OneDrive\Documents 1\work\ecg-synthetic-research\data\rendered\ptbxl\AFIB\17218.png,AFIB,AFIB,0.908,1
C:\Users\taimo\OneDrive\Documents 1\work\ecg-synthetic-research\data\rendered\ptbxl\AFIB\17288.png,AFIB,AFIB,0.831,1
C:\Users\taimo\OneDrive\Documents 1\work\ecg-synthetic-research\data\rendered\ptbxl\AFIB\17360.png,AFIB,AFIB,0.8545,1
C:\Users\taimo\OneDrive\Documents 1\work\ecg-synthetic-research\data\rendered\ptbxl\AFIB\17515.png,AFIB,AFIB,0.9985,1
C:\Users\taimo\OneDrive\Documents 1\work\ecg-synthetic-research\data\rendered\ptbxl\AFIB\17539.png,AFIB,TACHY,0.4204,0
C:\Users\taimo\OneDrive\Documents 1\work\ecg-synthetic-research\data\rendered\ptbxl\AFIB\17552.png,AFIB,AFIB,0.993,1
C:\Users\taimo\OneDrive\Documents 1\work\ecg-synthetic-research\data\rendered\ptbxl\AFIB\17633.png,AFIB,AFIB,0.996,1
C:\Users\taimo\OneDrive\Documents 1\work\ecg-synthetic-research\data\rendered\ptbxl\AFIB\17657.png,AFIB,AFIB,0.986,1
C:\Users\taimo\OneDrive\Documents 1\work\ecg-synthetic-research\data\rendered\ptbxl\AFIB\17716.png,AFIB,AFIB,0.977,1
C:\Users\taimo\OneDrive\Documents 1\work\ecg-synthetic-research\data\rendered\ptbxl\AFIB\17763.png,AFIB,AFIB,0.9004,1
C:\Users\taimo\OneDrive\Documents 1\work\ecg-synthetic-research\data\rendered\ptbxl\AFIB\17789.png,AFIB,AFIB,0.961,1
C:\Users\taimo\OneDrive\Documents 1\work\ecg-synthetic-research\data\rendered\ptbxl\AFIB\18071.png,AFIB,AFIB,0.9756,1
C:\Users\taimo\OneDrive\Documents 1\work\ecg-synthetic-research\data\rendered\ptbxl\AFIB\18412.png,AFIB,AFIB,0.997,1
C:\Users\taimo\OneDrive\Documents 1\work\ecg-synthetic-research\data\rendered\ptbxl\AFIB\18479.png,AFIB,AFIB,0.649,1
C:\Users\taimo\OneDrive\Documents 1\work\ecg-synthetic-research\data\rendered\ptbxl\AFIB\18521.png,AFIB,AFIB,0.7456,1
C:\Users\taimo\OneDrive\Documents 1\work\ecg-synthetic-research\data\rendered\ptbxl\AFIB\18920.png,AFIB,AFIB,0.9956,1
C:\Users\taimo\OneDrive\Documents 1\work\ecg-synthetic-research\data\rendered\ptbxl\AFIB\18966.png,AFIB,AFIB,1.0,1
C:\Users\taimo\OneDrive\Documents 1\work\ecg-synthetic-research\data\rendered\ptbxl\AFIB\19170.png,AFIB,TACHY,0.8374,0
C:\Users\taimo\OneDrive\Documents 1\work\ecg-synthetic-research\data\rendered\ptbxl\AFIB\19216.png,AFIB,AFIB,0.7104,1
C:\Users\taimo\OneDrive\Documents 1\work\ecg-synthetic-research\data\rendered\ptbxl\AFIB\19243.png,AFIB,MI,0.4924,0
C:\Users\taimo\OneDrive\Documents 1\work\ecg-synthetic-research\data\rendered\ptbxl\AFIB\19328.png,AFIB,AFIB,0.934,1
C:\Users\taimo\OneDrive\Documents 1\work\ecg-synthetic-research\data\rendered\ptbxl\AFIB\19406.png,AFIB,AFIB,0.974,1
C:\Users\taimo\OneDrive\Documents 1\work\ecg-synthetic-research\data\rendered\ptbxl\AFIB\19518.png,AFIB,AFIB,0.993,1
C:\Users\taimo\OneDrive\Documents 1\work\ecg-synthetic-research\data\rendered\ptbxl\AFIB\19802.png,AFIB,NORM,0.626,0
C:\Users\taimo\OneDrive\Documents 1\work\ecg-synthetic-research\data\rendered\ptbxl\AFIB\19836.png,AFIB,TACHY,0.4734,0
C:\Users\taimo\OneDrive\Documents 1\work\ecg-synthetic-research\data\rendered\ptbxl\AFIB\19896.png,AFIB,AFIB,0.9717,1
C:\Users\taimo\OneDrive\Documents 1\work\ecg-synthetic-research\data\rendered\ptbxl\AFIB\19939.png,AFIB,AFIB,0.9995,1
C:\Users\taimo\OneDrive\Documents 1\work\ecg-synthetic-research\data\rendered\ptbxl\AFIB\19976.png,AFIB,AFIB,0.6934,1
C:\Users\taimo\OneDrive\Documents 1\work\ecg-synthetic-research\data\rendered\ptbxl\AFIB\20084.png,AFIB,AFIB,0.9995,1
C:\Users\taimo\OneDrive\Documents 1\work\ecg-synthetic-research\data\rendered\ptbxl\AFIB\20183.png,AFIB,AFIB,0.6226,1
C:\Users\taimo\OneDrive\Documents 1\work\ecg-synthetic-research\data\rendered\ptbxl\AFIB\20320.png,AFIB,AFIB,0.9995,1
C:\Users\taimo\OneDrive\Documents 1\work\ecg-synthetic-research\data\rendered\ptbxl\AFIB\20378.png,AFIB,MI,0.9395,0
C:\Users\taimo\OneDrive\Documents 1\work\ecg-synthetic-research\data\rendered\ptbxl\AFIB\20440.png,AFIB,AFIB,0.969,1
C:\Users\taimo\OneDrive\Documents 1\work\ecg-synthetic-research\data\rendered\ptbxl\AFIB\20448.png,AFIB,AFIB,0.994,1
C:\Users\taimo\OneDrive\Documents 1\work\ecg-synthetic-research\data\rendered\ptbxl\AFIB\20656.png,AFIB,TACHY,0.96,0
C:\Users\taimo\OneDrive\Documents 1\work\ecg-synthetic-research\data\rendered\ptbxl\AFIB\20667.png,AFIB,AFIB,0.9966,1
C:\Users\taimo\OneDrive\Documents 1\work\ecg-synthetic-research\data\rendered\ptbxl\AFIB\20721.png,AFIB,AFIB,0.999,1
C:\Users\taimo\OneDrive\Documents 1\work\ecg-synthetic-research\data\rendered\ptbxl\AFIB\20769.png,AFIB,AFIB,0.989,1
C:\Users\taimo\OneDrive\Documents 1\work\ecg-synthetic-research\data\rendered\ptbxl\AFIB\20923.png,AFIB,AFIB,0.987,1
C:\Users\taimo\OneDrive\Documents 1\work\ecg-synthetic-research\data\rendered\ptbxl\AFIB\21006.png,AFIB,AFIB,0.884,1
C:\Users\taimo\OneDrive\Documents 1\work\ecg-synthetic-research\data\rendered\ptbxl\AFIB\21096.png,AFIB,AFIB,0.9927,1
C:\Users\taimo\OneDrive\Documents 1\work\ecg-synthetic-research\data\rendered\ptbxl\AFIB\21162.png,AFIB,AFIB,0.88,1
C:\Users\taimo\OneDrive\Documents 1\work\ecg-synthetic-research\data\rendered\ptbxl\AFIB\21333.png,AFIB,AFIB,0.9985,1
C:\Users\taimo\OneDrive\Documents 1\work\ecg-synthetic-research\data\rendered\ptbxl\AFIB\21336.png,AFIB,AFIB,0.95,1
C:\Users\taimo\OneDrive\Documents 1\work\ecg-synthetic-research\data\rendered\ptbxl\AFIB\21337.png,AFIB,AFIB,1.0,1
C:\Users\taimo\OneDrive\Documents 1\work\ecg-synthetic-research\data\rendered\ptbxl\AFIB\21427.png,AFIB,AFIB,0.9995,1
C:\Users\taimo\OneDrive\Documents 1\work\ecg-synthetic-research\data\rendered\ptbxl\AFIB\21431.png,AFIB,AFIB,0.9233,1
C:\Users\taimo\OneDrive\Documents 1\work\ecg-synthetic-research\data\rendered\ptbxl\AFIB\21543.png,AFIB,AFIB,0.998,1
C:\Users\taimo\OneDrive\Documents 1\work\ecg-synthetic-research\data\rendered\ptbxl\AFIB\21601.png,AFIB,AFIB,0.994,1
C:\Users\taimo\OneDrive\Documents 1\work\ecg-synthetic-research\data\rendered\ptbxl\AFIB\21621.png,AFIB,AFIB,0.9966,1
C:\Users\taimo\OneDrive\Documents 1\work\ecg-synthetic-research\data\rendered\ptbxl\AFIB\21703.png,AFIB,MI,0.836,0
C:\Users\taimo\OneDrive\Documents 1\work\ecg-synthetic-research\data\rendered\ptbxl\AFIB\21779.png,AFIB,AFIB,0.9937,1
C:\Users\taimo\OneDrive\Documents 1\work\ecg-synthetic-research\data\rendered\ptbxl\TACHY\00626.png,TACHY,MI,0.657,0
C:\Users\taimo\OneDrive\Documents 1\work\ecg-synthetic-research\data\rendered\ptbxl\TACHY\00746.png,TACHY,TACHY,0.832,1
C:\Users\taimo\OneDrive\Documents 1\work\ecg-synthetic-research\data\rendered\ptbxl\TACHY\00807.png,TACHY,TACHY,0.949,1
C:\Users\taimo\OneDrive\Documents 1\work\ecg-synthetic-research\data\rendered\ptbxl\TACHY\00816.png,TACHY,NORM,0.613,0
C:\Users\taimo\OneDrive\Documents 1\work\ecg-synthetic-research\data\rendered\ptbxl\TACHY\01219.png,TACHY,TACHY,0.9517,1
C:\Users\taimo\OneDrive\Documents 1\work\ecg-synthetic-research\data\rendered\ptbxl\TACHY\01877.png,TACHY,NORM,0.3894,0
C:\Users\taimo\OneDrive\Documents 1\work\ecg-synthetic-research\data\rendered\ptbxl\TACHY\02039.png,TACHY,TACHY,0.951,1
C:\Users\taimo\OneDrive\Documents 1\work\ecg-synthetic-research\data\rendered\ptbxl\TACHY\02051.png,TACHY,MI,0.5103,0
C:\Users\taimo\OneDrive\Documents 1\work\ecg-synthetic-research\data\rendered\ptbxl\TACHY\02160.png,TACHY,TACHY,0.978,1
C:\Users\taimo\OneDrive\Documents 1\work\ecg-synthetic-research\data\rendered\ptbxl\TACHY\02387.png,TACHY,TACHY,0.891,1
C:\Users\taimo\OneDrive\Documents 1\work\ecg-synthetic-research\data\rendered\ptbxl\TACHY\03123.png,TACHY,TACHY,0.801,1
C:\Users\taimo\OneDrive\Documents 1\work\ecg-synthetic-research\data\rendered\ptbxl\TACHY\03246.png,TACHY,TACHY,0.6255,1
C:\Users\taimo\OneDrive\Documents 1\work\ecg-synthetic-research\data\rendered\ptbxl\TACHY\04182.png,TACHY,TACHY,0.7466,1
C:\Users\taimo\OneDrive\Documents 1\work\ecg-synthetic-research\data\rendered\ptbxl\TACHY\04320.png,TACHY,TACHY,0.855,1
C:\Users\taimo\OneDrive\Documents 1\work\ecg-synthetic-research\data\rendered\ptbxl\TACHY\04568.png,TACHY,TACHY,0.9526,1
C:\Users\taimo\OneDrive\Documents 1\work\ecg-synthetic-research\data\rendered\ptbxl\TACHY\04857.png,TACHY,TACHY,0.858,1
C:\Users\taimo\OneDrive\Documents 1\work\ecg-synthetic-research\data\rendered\ptbxl\TACHY\04932.png,TACHY,TACHY,0.856,1
C:\Users\taimo\OneDrive\Documents 1\work\ecg-synthetic-research\data\rendered\ptbxl\TACHY\05123.png,TACHY,TACHY,0.8975,1
C:\Users\taimo\OneDrive\Documents 1\work\ecg-synthetic-research\data\rendered\ptbxl\TACHY\05292.png,TACHY,TACHY,0.9575,1
C:\Users\taimo\OneDrive\Documents 1\work\ecg-synthetic-research\data\rendered\ptbxl\TACHY\05861.png,TACHY,MI,0.5864,0
C:\Users\taimo\OneDrive\Documents 1\work\ecg-synthetic-research\data\rendered\ptbxl\TACHY\05967.png,TACHY,NORM,0.702,0
C:\Users\taimo\OneDrive\Documents 1\work\ecg-synthetic-research\data\rendered\ptbxl\TACHY\06428.png,TACHY,TACHY,0.977,1
C:\Users\taimo\OneDrive\Documents 1\work\ecg-synthetic-research\data\rendered\ptbxl\TACHY\06822.png,TACHY,NORM,0.5938,0
C:\Users\taimo\OneDrive\Documents 1\work\ecg-synthetic-research\data\rendered\ptbxl\TACHY\06997.png,TACHY,TACHY,0.975,1
C:\Users\taimo\OneDrive\Documents 1\work\ecg-synthetic-research\data\rendered\ptbxl\TACHY\07055.png,TACHY,TACHY,0.8345,1
C:\Users\taimo\OneDrive\Documents 1\work\ecg-synthetic-research\data\rendered\ptbxl\TACHY\07075.png,TACHY,TACHY,0.6904,1
C:\Users\taimo\OneDrive\Documents 1\work\ecg-synthetic-research\data\rendered\ptbxl\TACHY\07195.png,TACHY,TACHY,0.918,1
C:\Users\taimo\OneDrive\Documents 1\work\ecg-synthetic-research\data\rendered\ptbxl\TACHY\07223.png,TACHY,TACHY,0.75,1
C:\Users\taimo\OneDrive\Documents 1\work\ecg-synthetic-research\data\rendered\ptbxl\TACHY\07227.png,TACHY,TACHY,0.966,1
C:\Users\taimo\OneDrive\Documents 1\work\ecg-synthetic-research\data\rendered\ptbxl\TACHY\07252.png,TACHY,TACHY,0.8604,1
C:\Users\taimo\OneDrive\Documents 1\work\ecg-synthetic-research\data\rendered\ptbxl\TACHY\07315.png,TACHY,TACHY,0.952,1
C:\Users\taimo\OneDrive\Documents 1\work\ecg-synthetic-research\data\rendered\ptbxl\TACHY\07349.png,TACHY,MI,0.6235,0
C:\Users\taimo\OneDrive\Documents 1\work\ecg-synthetic-research\data\rendered\ptbxl\TACHY\07426.png,TACHY,TACHY,0.8115,1
C:\Users\taimo\OneDrive\Documents 1\work\ecg-synthetic-research\data\rendered\ptbxl\TACHY\08272.png,TACHY,TACHY,0.9473,1
C:\Users\taimo\OneDrive\Documents 1\work\ecg-synthetic-research\data\rendered\ptbxl\TACHY\08385.png,TACHY,TACHY,0.947,1
C:\Users\taimo\OneDrive\Documents 1\work\ecg-synthetic-research\data\rendered\ptbxl\TACHY\08423.png,TACHY,TACHY,0.5513,1
C:\Users\taimo\OneDrive\Documents 1\work\ecg-synthetic-research\data\rendered\ptbxl\TACHY\08499.png,TACHY,TACHY,0.932,1
C:\Users\taimo\OneDrive\Documents 1\work\ecg-synthetic-research\data\rendered\ptbxl\TACHY\08946.png,TACHY,TACHY,0.898,1
C:\Users\taimo\OneDrive\Documents 1\work\ecg-synthetic-research\data\rendered\ptbxl\TACHY\08975.png,TACHY,TACHY,0.731,1
C:\Users\taimo\OneDrive\Documents 1\work\ecg-synthetic-research\data\rendered\ptbxl\TACHY\09388.png,TACHY,TACHY,0.8726,1
C:\Users\taimo\OneDrive\Documents 1\work\ecg-synthetic-research\data\rendered\ptbxl\TACHY\09398.png,TACHY,TACHY,0.522,1
C:\Users\taimo\OneDrive\Documents 1\work\ecg-synthetic-research\data\rendered\ptbxl\TACHY\10344.png,TACHY,TACHY,0.554,1
C:\Users\taimo\OneDrive\Documents 1\work\ecg-synthetic-research\data\rendered\ptbxl\TACHY\10355.png,TACHY,MI,0.7666,0
C:\Users\taimo\OneDrive\Documents 1\work\ecg-synthetic-research\data\rendered\ptbxl\TACHY\10649.png,TACHY,MI,0.926,0
C:\Users\taimo\OneDrive\Documents 1\work\ecg-synthetic-research\data\rendered\ptbxl\TACHY\10753.png,TACHY,TACHY,0.9805,1
C:\Users\taimo\OneDrive\Documents 1\work\ecg-synthetic-research\data\rendered\ptbxl\TACHY\10765.png,TACHY,TACHY,0.8545,1
C:\Users\taimo\OneDrive\Documents 1\work\ecg-synthetic-research\data\rendered\ptbxl\TACHY\10912.png,TACHY,TACHY,0.9033,1
C:\Users\taimo\OneDrive\Documents 1\work\ecg-synthetic-research\data\rendered\ptbxl\TACHY\10980.png,TACHY,TACHY,0.8154,1
C:\Users\taimo\OneDrive\Documents 1\work\ecg-synthetic-research\data\rendered\ptbxl\TACHY\11251.png,TACHY,MI,0.528,0
C:\Users\taimo\OneDrive\Documents 1\work\ecg-synthetic-research\data\rendered\ptbxl\TACHY\11535.png,TACHY,TACHY,0.7974,1
C:\Users\taimo\OneDrive\Documents 1\work\ecg-synthetic-research\data\rendered\ptbxl\TACHY\11573.png,TACHY,TACHY,0.968,1
C:\Users\taimo\OneDrive\Documents 1\work\ecg-synthetic-research\data\rendered\ptbxl\TACHY\11738.png,TACHY,TACHY,0.936,1
C:\Users\taimo\OneDrive\Documents 1\work\ecg-synthetic-research\data\rendered\ptbxl\TACHY\11954.png,TACHY,NORM,0.593,0
C:\Users\taimo\OneDrive\Documents 1\work\ecg-synthetic-research\data\rendered\ptbxl\TACHY\12003.png,TACHY,TACHY,0.965,1
C:\Users\taimo\OneDrive\Documents 1\work\ecg-synthetic-research\data\rendered\ptbxl\TACHY\12068.png,TACHY,TACHY,0.9014,1
C:\Users\taimo\OneDrive\Documents 1\work\ecg-synthetic-research\data\rendered\ptbxl\TACHY\12203.png,TACHY,TACHY,0.8477,1
C:\Users\taimo\OneDrive\Documents 1\work\ecg-synthetic-research\data\rendered\ptbxl\TACHY\12346.png,TACHY,TACHY,0.811,1
C:\Users\taimo\OneDrive\Documents 1\work\ecg-synthetic-research\data\rendered\ptbxl\TACHY\12537.png,TACHY,TACHY,0.4814,1
C:\Users\taimo\OneDrive\Documents 1\work\ecg-synthetic-research\data\rendered\ptbxl\TACHY\12714.png,TACHY,TACHY,0.886,1
C:\Users\taimo\OneDrive\Documents 1\work\ecg-synthetic-research\data\rendered\ptbxl\TACHY\12726.png,TACHY,NORM,0.769,0
C:\Users\taimo\OneDrive\Documents 1\work\ecg-synthetic-research\data\rendered\ptbxl\TACHY\12874.png,TACHY,TACHY,0.8027,1
C:\Users\taimo\OneDrive\Documents 1\work\ecg-synthetic-research\data\rendered\ptbxl\TACHY\12963.png,TACHY,AFIB,0.924,0
C:\Users\taimo\OneDrive\Documents 1\work\ecg-synthetic-research\data\rendered\ptbxl\TACHY\12993.png,TACHY,TACHY,0.7183,1
C:\Users\taimo\OneDrive\Documents 1\work\ecg-synthetic-research\data\rendered\ptbxl\TACHY\13143.png,TACHY,TACHY,0.864,1
C:\Users\taimo\OneDrive\Documents 1\work\ecg-synthetic-research\data\rendered\ptbxl\TACHY\13618.png,TACHY,TACHY,0.861,1
C:\Users\taimo\OneDrive\Documents 1\work\ecg-synthetic-research\data\rendered\ptbxl\TACHY\14472.png,TACHY,TACHY,0.9614,1
C:\Users\taimo\OneDrive\Documents 1\work\ecg-synthetic-research\data\rendered\ptbxl\TACHY\14701.png,TACHY,TACHY,0.914,1
C:\Users\taimo\OneDrive\Documents 1\work\ecg-synthetic-research\data\rendered\ptbxl\TACHY\14799.png,TACHY,TACHY,0.9478,1
C:\Users\taimo\OneDrive\Documents 1\work\ecg-synthetic-research\data\rendered\ptbxl\TACHY\15069.png,TACHY,TACHY,0.9604,1
C:\Users\taimo\OneDrive\Documents 1\work\ecg-synthetic-research\data\rendered\ptbxl\TACHY\15108.png,TACHY,TACHY,0.6094,1
C:\Users\taimo\OneDrive\Documents 1\work\ecg-synthetic-research\data\rendered\ptbxl\TACHY\15399.png,TACHY,TACHY,0.7666,1
C:\Users\taimo\OneDrive\Documents 1\work\ecg-synthetic-research\data\rendered\ptbxl\TACHY\15535.png,TACHY,TACHY,0.733,1
C:\Users\taimo\OneDrive\Documents 1\work\ecg-synthetic-research\data\rendered\ptbxl\TACHY\16229.png,TACHY,AFIB,0.694,0
C:\Users\taimo\OneDrive\Documents 1\work\ecg-synthetic-research\data\rendered\ptbxl\TACHY\16611.png,TACHY,TACHY,0.934,1
C:\Users\taimo\OneDrive\Documents 1\work\ecg-synthetic-research\data\rendered\ptbxl\TACHY\16626.png,TACHY,TACHY,0.544,1
C:\Users\taimo\OneDrive\Documents 1\work\ecg-synthetic-research\data\rendered\ptbxl\TACHY\16800.png,TACHY,MI,0.6875,0
C:\Users\taimo\OneDrive\Documents 1\work\ecg-synthetic-research\data\rendered\ptbxl\TACHY\16928.png,TACHY,TACHY,0.94,1
C:\Users\taimo\OneDrive\Documents 1\work\ecg-synthetic-research\data\rendered\ptbxl\TACHY\17295.png,TACHY,TACHY,0.9604,1
C:\Users\taimo\OneDrive\Documents 1\work\ecg-synthetic-research\data\rendered\ptbxl\TACHY\17408.png,TACHY,TACHY,0.898,1
C:\Users\taimo\OneDrive\Documents 1\work\ecg-synthetic-research\data\rendered\ptbxl\TACHY\17418.png,TACHY,MI,0.5283,0
C:\Users\taimo\OneDrive\Documents 1\work\ecg-synthetic-research\data\rendered\ptbxl\TACHY\18116.png,TACHY,TACHY,0.7046,1
C:\Users\taimo\OneDrive\Documents 1\work\ecg-synthetic-research\data\rendered\ptbxl\TACHY\18178.png,TACHY,TACHY,0.501,1
C:\Users\taimo\OneDrive\Documents 1\work\ecg-synthetic-research\data\rendered\ptbxl\TACHY\18829.png,TACHY,TACHY,0.9663,1
C:\Users\taimo\OneDrive\Documents 1\work\ecg-synthetic-research\data\rendered\ptbxl\TACHY\18877.png,TACHY,TACHY,0.9634,1
C:\Users\taimo\OneDrive\Documents 1\work\ecg-synthetic-research\data\rendered\ptbxl\TACHY\18914.png,TACHY,TACHY,0.9854,1
C:\Users\taimo\OneDrive\Documents 1\work\ecg-synthetic-research\data\rendered\ptbxl\TACHY\19610.png,TACHY,TACHY,0.9014,1
C:\Users\taimo\OneDrive\Documents 1\work\ecg-synthetic-research\data\rendered\ptbxl\TACHY\19665.png,TACHY,TACHY,0.9707,1
C:\Users\taimo\OneDrive\Documents 1\work\ecg-synthetic-research\data\rendered\ptbxl\TACHY\19861.png,TACHY,TACHY,0.996,1
C:\Users\taimo\OneDrive\Documents 1\work\ecg-synthetic-research\data\rendered\ptbxl\TACHY\20010.png,TACHY,TACHY,0.8813,1
C:\Users\taimo\OneDrive\Documents 1\work\ecg-synthetic-research\data\rendered\ptbxl\TACHY\20028.png,TACHY,TACHY,0.9487,1
C:\Users\taimo\OneDrive\Documents 1\work\ecg-synthetic-research\data\rendered\ptbxl\TACHY\20209.png,TACHY,TACHY,0.735,1
C:\Users\taimo\OneDrive\Documents 1\work\ecg-synthetic-research\data\rendered\ptbxl\TACHY\20254.png,TACHY,TACHY,0.8823,1
C:\Users\taimo\OneDrive\Documents 1\work\ecg-synthetic-research\data\rendered\ptbxl\TACHY\20616.png,TACHY,TACHY,0.9604,1
C:\Users\taimo\OneDrive\Documents 1\work\ecg-synthetic-research\data\rendered\ptbxl\TACHY\21213.png,TACHY,TACHY,0.752,1
C:\Users\taimo\OneDrive\Documents 1\work\ecg-synthetic-research\data\rendered\ptbxl\TACHY\21323.png,TACHY,TACHY,0.6187,1
C:\Users\taimo\OneDrive\Documents 1\work\ecg-synthetic-research\data\rendered\ptbxl\TACHY\21325.png,TACHY,MI,0.7803,0
C:\Users\taimo\OneDrive\Documents 1\work\ecg-synthetic-research\data\rendered\ptbxl\TACHY\21633.png,TACHY,TACHY,0.962,1
C:\Users\taimo\OneDrive\Documents 1\work\ecg-synthetic-research\data\rendered\ptbxl\TACHY\21778.png,TACHY,TACHY,0.504,1
C:\Users\taimo\OneDrive\Documents 1\work\ecg-synthetic-research\data\rendered\ptbxl\TACHY\21792.png,TACHY,TACHY,0.9473,1
C:\Users\taimo\OneDrive\Documents 1\work\ecg-synthetic-research\data\rendered\imagen_clean\NORM\nano_NORM_NORM_01_000.png,NORM,NORM,0.836,1
C:\Users\taimo\OneDrive\Documents 1\work\ecg-synthetic-research\data\rendered\imagen_clean\NORM\nano_NORM_NORM_01_004.png,NORM,NORM,0.884,1
C:\Users\taimo\OneDrive\Documents 1\work\ecg-synthetic-research\data\rendered\imagen_clean\NORM\nano_NORM_NORM_01_008.png,NORM,NORM,0.941,1
C:\Users\taimo\OneDrive\Documents 1\work\ecg-synthetic-research\data\rendered\imagen_clean\NORM\nano_NORM_NORM_01_012.png,NORM,NORM,0.8486,1
C:\Users\taimo\OneDrive\Documents 1\work\ecg-synthetic-research\data\rendered\imagen_clean\NORM\nano_NORM_NORM_01_016.png,NORM,NORM,0.9727,1
C:\Users\taimo\OneDrive\Documents 1\work\ecg-synthetic-research\data\rendered\imagen_clean\NORM\nano_NORM_NORM_02_000.png,NORM,NORM,0.9585,1
C:\Users\taimo\OneDrive\Documents 1\work\ecg-synthetic-research\data\rendered\imagen_clean\NORM\nano_NORM_NORM_02_004.png,NORM,NORM,0.9834,1
C:\Users\taimo\OneDrive\Documents 1\work\ecg-synthetic-research\data\rendered\imagen_clean\NORM\nano_NORM_NORM_02_008.png,NORM,NORM,0.8916,1
C:\Users\taimo\OneDrive\Documents 1\work\ecg-synthetic-research\data\rendered\imagen_clean\NORM\nano_NORM_NORM_02_012.png,NORM,MI,0.66,0
C:\Users\taimo\OneDrive\Documents 1\work\ecg-synthetic-research\data\rendered\imagen_clean\NORM\nano_NORM_NORM_02_016.png,NORM,NORM,0.9785,1
C:\Users\taimo\OneDrive\Documents 1\work\ecg-synthetic-research\data\rendered\imagen_clean\NORM\nano_NORM_NORM_03_000.png,NORM,NORM,0.708,1
C:\Users\taimo\OneDrive\Documents 1\work\ecg-synthetic-research\data\rendered\imagen_clean\NORM\nano_NORM_NORM_03_004.png,NORM,NORM,0.7603,1
C:\Users\taimo\OneDrive\Documents 1\work\ecg-synthetic-research\data\rendered\imagen_clean\NORM\nano_NORM_NORM_03_008.png,NORM,NORM,0.955,1
C:\Users\taimo\OneDrive\Documents 1\work\ecg-synthetic-research\data\rendered\imagen_clean\NORM\nano_NORM_NORM_03_012.png,NORM,NORM,0.558,1
C:\Users\taimo\OneDrive\Documents 1\work\ecg-synthetic-research\data\rendered\imagen_clean\NORM\nano_NORM_NORM_03_016.png,NORM,NORM,0.902,1
C:\Users\taimo\OneDrive\Documents 1\work\ecg-synthetic-research\data\rendered\imagen_clean\NORM\nano_NORM_NORM_04_000.png,NORM,NORM,0.9526,1
C:\Users\taimo\OneDrive\Documents 1\work\ecg-synthetic-research\data\rendered\imagen_clean\NORM\nano_NORM_NORM_04_004.png,NORM,NORM,0.9077,1
C:\Users\taimo\OneDrive\Documents 1\work\ecg-synthetic-research\data\rendered\imagen_clean\NORM\nano_NORM_NORM_04_008.png,NORM,NORM,0.982,1
C:\Users\taimo\OneDrive\Documents 1\work\ecg-synthetic-research\data\rendered\imagen_clean\NORM\nano_NORM_NORM_04_012.png,NORM,NORM,0.9756,1
C:\Users\taimo\OneDrive\Documents 1\work\ecg-synthetic-research\data\rendered\imagen_clean\NORM\nano_NORM_NORM_04_016.png,NORM,NORM,0.6724,1
C:\Users\taimo\OneDrive\Documents 1\work\ecg-synthetic-research\data\rendered\imagen_clean\NORM\nano_NORM_NORM_05_000.png,NORM,NORM,0.7954,1
C:\Users\taimo\OneDrive\Documents 1\work\ecg-synthetic-research\data\rendered\imagen_clean\NORM\nano_NORM_NORM_05_004.png,NORM,NORM,0.9287,1
C:\Users\taimo\OneDrive\Documents 1\work\ecg-synthetic-research\data\rendered\imagen_clean\NORM\nano_NORM_NORM_05_008.png,NORM,NORM,0.716,1
C:\Users\taimo\OneDrive\Documents 1\work\ecg-synthetic-research\data\rendered\imagen_clean\NORM\nano_NORM_NORM_05_012.png,NORM,NORM,0.8726,1
C:\Users\taimo\OneDrive\Documents 1\work\ecg-synthetic-research\data\rendered\imagen_clean\NORM\nano_NORM_NORM_05_016.png,NORM,NORM,0.95,1
C:\Users\taimo\OneDrive\Documents 1\work\ecg-synthetic-research\data\rendered\imagen_clean\NORM\nano_NORM_NORM_06_000.png,NORM,NORM,0.9683,1
C:\Users\taimo\OneDrive\Documents 1\work\ecg-synthetic-research\data\rendered\imagen_clean\NORM\nano_NORM_NORM_06_004.png,NORM,NORM,0.9814,1
C:\Users\taimo\OneDrive\Documents 1\work\ecg-synthetic-research\data\rendered\imagen_clean\NORM\nano_NORM_NORM_06_008.png,NORM,NORM,0.9395,1
C:\Users\taimo\OneDrive\Documents 1\work\ecg-synthetic-research\data\rendered\imagen_clean\NORM\nano_NORM_NORM_06_012.png,NORM,NORM,0.975,1
C:\Users\taimo\OneDrive\Documents 1\work\ecg-synthetic-research\data\rendered\imagen_clean\NORM\nano_NORM_NORM_06_016.png,NORM,NORM,0.973,1
C:\Users\taimo\OneDrive\Documents 1\work\ecg-synthetic-research\data\rendered\imagen_clean\NORM\nano_NORM_NORM_07_000.png,NORM,NORM,0.9766,1
C:\Users\taimo\OneDrive\Documents 1\work\ecg-synthetic-research\data\rendered\imagen_clean\NORM\nano_NORM_NORM_07_004.png,NORM,NORM,0.7954,1
C:\Users\taimo\OneDrive\Documents 1\work\ecg-synthetic-research\data\rendered\imagen_clean\NORM\nano_NORM_NORM_07_008.png,NORM,NORM,0.9805,1
C:\Users\taimo\OneDrive\Documents 1\work\ecg-synthetic-research\data\rendered\imagen_clean\NORM\nano_NORM_NORM_07_012.png,NORM,NORM,0.6846,1
C:\Users\taimo\OneDrive\Documents 1\work\ecg-synthetic-research\data\rendered\imagen_clean\NORM\nano_NORM_NORM_07_016.png,NORM,NORM,0.546,1
C:\Users\taimo\OneDrive\Documents 1\work\ecg-synthetic-research\data\rendered\imagen_clean\NORM\nano_NORM_NORM_08_000.png,NORM,NORM,0.9585,1
C:\Users\taimo\OneDrive\Documents 1\work\ecg-synthetic-research\data\rendered\imagen_clean\NORM\nano_NORM_NORM_08_004.png,NORM,NORM,0.9575,1
C:\Users\taimo\OneDrive\Documents 1\work\ecg-synthetic-research\data\rendered\imagen_clean\NORM\nano_NORM_NORM_08_008.png,NORM,NORM,0.914,1
C:\Users\taimo\OneDrive\Documents 1\work\ecg-synthetic-research\data\rendered\imagen_clean\NORM\nano_NORM_NORM_08_012.png,NORM,NORM,0.9536,1
C:\Users\taimo\OneDrive\Documents 1\work\ecg-synthetic-research\data\rendered\imagen_clean\NORM\nano_NORM_NORM_08_016.png,NORM,NORM,0.989,1
C:\Users\taimo\OneDrive\Documents 1\work\ecg-synthetic-research\data\rendered\imagen_clean\MI\nano_MI_MI_01_000.png,MI,MI,0.9927,1
C:\Users\taimo\OneDrive\Documents 1\work\ecg-synthetic-research\data\rendered\imagen_clean\MI\nano_MI_MI_01_004.png,MI,MI,0.979,1
C:\Users\taimo\OneDrive\Documents 1\work\ecg-synthetic-research\data\rendered\imagen_clean\MI\nano_MI_MI_01_008.png,MI,MI,0.9644,1
C:\Users\taimo\OneDrive\Documents 1\work\ecg-synthetic-research\data\rendered\imagen_clean\MI\nano_MI_MI_01_012.png,MI,MI,0.9956,1
C:\Users\taimo\OneDrive\Documents 1\work\ecg-synthetic-research\data\rendered\imagen_clean\MI\nano_MI_MI_01_016.png,MI,MI,0.948,1
C:\Users\taimo\OneDrive\Documents 1\work\ecg-synthetic-research\data\rendered\imagen_clean\MI\nano_MI_MI_02_000.png,MI,NORM,0.874,0
C:\Users\taimo\OneDrive\Documents 1\work\ecg-synthetic-research\data\rendered\imagen_clean\MI\nano_MI_MI_02_004.png,MI,MI,0.6274,1
C:\Users\taimo\OneDrive\Documents 1\work\ecg-synthetic-research\data\rendered\imagen_clean\MI\nano_MI_MI_02_008.png,MI,MI,0.9614,1
C:\Users\taimo\OneDrive\Documents 1\work\ecg-synthetic-research\data\rendered\imagen_clean\MI\nano_MI_MI_02_012.png,MI,MI,0.9614,1
C:\Users\taimo\OneDrive\Documents 1\work\ecg-synthetic-research\data\rendered\imagen_clean\MI\nano_MI_MI_02_016.png,MI,MI,0.8984,1
C:\Users\taimo\OneDrive\Documents 1\work\ecg-synthetic-research\data\rendered\imagen_clean\MI\nano_MI_MI_03_000.png,MI,MI,0.987,1
C:\Users\taimo\OneDrive\Documents 1\work\ecg-synthetic-research\data\rendered\imagen_clean\MI\nano_MI_MI_03_004.png,MI,MI,0.9023,1
C:\Users\taimo\OneDrive\Documents 1\work\ecg-synthetic-research\data\rendered\imagen_clean\MI\nano_MI_MI_03_008.png,MI,MI,0.9814,1
C:\Users\taimo\OneDrive\Documents 1\work\ecg-synthetic-research\data\rendered\imagen_clean\MI\nano_MI_MI_03_012.png,MI,MI,0.987,1
C:\Users\taimo\OneDrive\Documents 1\work\ecg-synthetic-research\data\rendered\imagen_clean\MI\nano_MI_MI_03_016.png,MI,MI,0.6396,1
C:\Users\taimo\OneDrive\Documents 1\work\ecg-synthetic-research\data\rendered\imagen_clean\MI\nano_MI_MI_04_000.png,MI,MI,0.99,1
C:\Users\taimo\OneDrive\Documents 1\work\ecg-synthetic-research\data\rendered\imagen_clean\MI\nano_MI_MI_04_004.png,MI,MI,0.9883,1
C:\Users\taimo\OneDrive\Documents 1\work\ecg-synthetic-research\data\rendered\imagen_clean\MI\nano_MI_MI_04_008.png,MI,MI,0.985,1
C:\Users\taimo\OneDrive\Documents 1\work\ecg-synthetic-research\data\rendered\imagen_clean\MI\nano_MI_MI_04_012.png,MI,MI,0.738,1
C:\Users\taimo\OneDrive\Documents 1\work\ecg-synthetic-research\data\rendered\imagen_clean\MI\nano_MI_MI_04_016.png,MI,MI,0.997,1
C:\Users\taimo\OneDrive\Documents 1\work\ecg-synthetic-research\data\rendered\imagen_clean\MI\nano_MI_MI_05_000.png,MI,MI,0.9424,1
C:\Users\taimo\OneDrive\Documents 1\work\ecg-synthetic-research\data\rendered\imagen_clean\MI\nano_MI_MI_05_004.png,MI,MI,0.9824,1
C:\Users\taimo\OneDrive\Documents 1\work\ecg-synthetic-research\data\rendered\imagen_clean\MI\nano_MI_MI_05_008.png,MI,AFIB,0.4988,0
C:\Users\taimo\OneDrive\Documents 1\work\ecg-synthetic-research\data\rendered\imagen_clean\MI\nano_MI_MI_05_012.png,MI,MI,0.989,1
C:\Users\taimo\OneDrive\Documents 1\work\ecg-synthetic-research\data\rendered\imagen_clean\MI\nano_MI_MI_05_016.png,MI,MI,0.9907,1
C:\Users\taimo\OneDrive\Documents 1\work\ecg-synthetic-research\data\rendered\imagen_clean\MI\nano_MI_MI_06_000.png,MI,MI,0.9814,1
C:\Users\taimo\OneDrive\Documents 1\work\ecg-synthetic-research\data\rendered\imagen_clean\MI\nano_MI_MI_06_004.png,MI,MI,0.8657,1
C:\Users\taimo\OneDrive\Documents 1\work\ecg-synthetic-research\data\rendered\imagen_clean\MI\nano_MI_MI_06_008.png,MI,MI,0.955,1
C:\Users\taimo\OneDrive\Documents 1\work\ecg-synthetic-research\data\rendered\imagen_clean\MI\nano_MI_MI_06_012.png,MI,MI,0.9824,1
C:\Users\taimo\OneDrive\Documents 1\work\ecg-synthetic-research\data\rendered\imagen_clean\MI\nano_MI_MI_06_016.png,MI,MI,0.9814,1
C:\Users\taimo\OneDrive\Documents 1\work\ecg-synthetic-research\data\rendered\imagen_clean\MI\nano_MI_MI_07_000.png,MI,MI,0.9395,1
C:\Users\taimo\OneDrive\Documents 1\work\ecg-synthetic-research\data\rendered\imagen_clean\MI\nano_MI_MI_07_004.png,MI,MI,0.824,1
C:\Users\taimo\OneDrive\Documents 1\work\ecg-synthetic-research\data\rendered\imagen_clean\MI\nano_MI_MI_07_008.png,MI,MI,0.901,1
C:\Users\taimo\OneDrive\Documents 1\work\ecg-synthetic-research\data\rendered\imagen_clean\MI\nano_MI_MI_07_012.png,MI,NORM,0.7373,0
C:\Users\taimo\OneDrive\Documents 1\work\ecg-synthetic-research\data\rendered\imagen_clean\MI\nano_MI_MI_07_016.png,MI,MI,0.895,1
C:\Users\taimo\OneDrive\Documents 1\work\ecg-synthetic-research\data\rendered\imagen_clean\MI\nano_MI_MI_08_000.png,MI,MI,0.763,1
C:\Users\taimo\OneDrive\Documents 1\work\ecg-synthetic-research\data\rendered\imagen_clean\MI\nano_MI_MI_08_004.png,MI,MI,0.868,1
C:\Users\taimo\OneDrive\Documents 1\work\ecg-synthetic-research\data\rendered\imagen_clean\MI\nano_MI_MI_08_008.png,MI,MI,0.615,1
C:\Users\taimo\OneDrive\Documents 1\work\ecg-synthetic-research\data\rendered\imagen_clean\MI\nano_MI_MI_08_012.png,MI,MI,0.9214,1
C:\Users\taimo\OneDrive\Documents 1\work\ecg-synthetic-research\data\rendered\imagen_clean\MI\nano_MI_MI_08_016.png,MI,MI,0.973,1
C:\Users\taimo\OneDrive\Documents 1\work\ecg-synthetic-research\data\rendered\imagen_clean\AFIB\nano_AFIB_AFIB_01_000.png,AFIB,TACHY,0.93,0
C:\Users\taimo\OneDrive\Documents 1\work\ecg-synthetic-research\data\rendered\imagen_clean\AFIB\nano_AFIB_AFIB_01_004.png,AFIB,AFIB,0.9873,1
C:\Users\taimo\OneDrive\Documents 1\work\ecg-synthetic-research\data\rendered\imagen_clean\AFIB\nano_AFIB_AFIB_01_008.png,AFIB,AFIB,1.0,1
C:\Users\taimo\OneDrive\Documents 1\work\ecg-synthetic-research\data\rendered\imagen_clean\AFIB\nano_AFIB_AFIB_01_012.png,AFIB,AFIB,0.971,1
C:\Users\taimo\OneDrive\Documents 1\work\ecg-synthetic-research\data\rendered\imagen_clean\AFIB\nano_AFIB_AFIB_01_016.png,AFIB,AFIB,0.8643,1
C:\Users\taimo\OneDrive\Documents 1\work\ecg-synthetic-research\data\rendered\imagen_clean\AFIB\nano_AFIB_AFIB_02_000.png,AFIB,AFIB,1.0,1
C:\Users\taimo\OneDrive\Documents 1\work\ecg-synthetic-research\data\rendered\imagen_clean\AFIB\nano_AFIB_AFIB_02_004.png,AFIB,AFIB,0.975,1
C:\Users\taimo\OneDrive\Documents 1\work\ecg-synthetic-research\data\rendered\imagen_clean\AFIB\nano_AFIB_AFIB_02_008.png,AFIB,TACHY,0.593,0
C:\Users\taimo\OneDrive\Documents 1\work\ecg-synthetic-research\data\rendered\imagen_clean\AFIB\nano_AFIB_AFIB_02_012.png,AFIB,TACHY,0.888,0
C:\Users\taimo\OneDrive\Documents 1\work\ecg-synthetic-research\data\rendered\imagen_clean\AFIB\nano_AFIB_AFIB_02_016.png,AFIB,TACHY,0.9434,0
C:\Users\taimo\OneDrive\Documents 1\work\ecg-synthetic-research\data\rendered\imagen_clean\AFIB\nano_AFIB_AFIB_03_000.png,AFIB,AFIB,1.0,1
C:\Users\taimo\OneDrive\Documents 1\work\ecg-synthetic-research\data\rendered\imagen_clean\AFIB\nano_AFIB_AFIB_03_004.png,AFIB,AFIB,0.465,1
C:\Users\taimo\OneDrive\Documents 1\work\ecg-synthetic-research\data\rendered\imagen_clean\AFIB\nano_AFIB_AFIB_03_008.png,AFIB,NORM,0.591,0
C:\Users\taimo\OneDrive\Documents 1\work\ecg-synthetic-research\data\rendered\imagen_clean\AFIB\nano_AFIB_AFIB_03_012.png,AFIB,AFIB,0.996,1
C:\Users\taimo\OneDrive\Documents 1\work\ecg-synthetic-research\data\rendered\imagen_clean\AFIB\nano_AFIB_AFIB_03_016.png,AFIB,AFIB,0.9937,1
C:\Users\taimo\OneDrive\Documents 1\work\ecg-synthetic-research\data\rendered\imagen_clean\AFIB\nano_AFIB_AFIB_04_000.png,AFIB,AFIB,0.877,1
C:\Users\taimo\OneDrive\Documents 1\work\ecg-synthetic-research\data\rendered\imagen_clean\AFIB\nano_AFIB_AFIB_04_004.png,AFIB,AFIB,0.9927,1
C:\Users\taimo\OneDrive\Documents 1\work\ecg-synthetic-research\data\rendered\imagen_clean\AFIB\nano_AFIB_AFIB_04_008.png,AFIB,AFIB,0.783,1
C:\Users\taimo\OneDrive\Documents 1\work\ecg-synthetic-research\data\rendered\imagen_clean\AFIB\nano_AFIB_AFIB_04_012.png,AFIB,NORM,0.9424,0
C:\Users\taimo\OneDrive\Documents 1\work\ecg-synthetic-research\data\rendered\imagen_clean\AFIB\nano_AFIB_AFIB_04_016.png,AFIB,AFIB,0.9,1
C:\Users\taimo\OneDrive\Documents 1\work\ecg-synthetic-research\data\rendered\imagen_clean\AFIB\nano_AFIB_AFIB_05_000.png,AFIB,AFIB,1.0,1
C:\Users\taimo\OneDrive\Documents 1\work\ecg-synthetic-research\data\rendered\imagen_clean\AFIB\nano_AFIB_AFIB_05_004.png,AFIB,AFIB,0.9375,1
C:\Users\taimo\OneDrive\Documents 1\work\ecg-synthetic-research\data\rendered\imagen_clean\AFIB\nano_AFIB_AFIB_05_008.png,AFIB,AFIB,0.9995,1
C:\Users\taimo\OneDrive\Documents 1\work\ecg-synthetic-research\data\rendered\imagen_clean\AFIB\nano_AFIB_AFIB_05_012.png,AFIB,AFIB,0.999,1
C:\Users\taimo\OneDrive\Documents 1\work\ecg-synthetic-research\data\rendered\imagen_clean\AFIB\nano_AFIB_AFIB_05_016.png,AFIB,AFIB,0.9995,1
C:\Users\taimo\OneDrive\Documents 1\work\ecg-synthetic-research\data\rendered\imagen_clean\AFIB\nano_AFIB_AFIB_06_000.png,AFIB,AFIB,1.0,1
C:\Users\taimo\OneDrive\Documents 1\work\ecg-synthetic-research\data\rendered\imagen_clean\AFIB\nano_AFIB_AFIB_06_004.png,AFIB,AFIB,0.9995,1
C:\Users\taimo\OneDrive\Documents 1\work\ecg-synthetic-research\data\rendered\imagen_clean\AFIB\nano_AFIB_AFIB_06_008.png,AFIB,AFIB,1.0,1
C:\Users\taimo\OneDrive\Documents 1\work\ecg-synthetic-research\data\rendered\imagen_clean\AFIB\nano_AFIB_AFIB_06_012.png,AFIB,AFIB,0.588,1
C:\Users\taimo\OneDrive\Documents 1\work\ecg-synthetic-research\data\rendered\imagen_clean\AFIB\nano_AFIB_AFIB_06_016.png,AFIB,TACHY,0.855,0
C:\Users\taimo\OneDrive\Documents 1\work\ecg-synthetic-research\data\rendered\imagen_clean\AFIB\nano_AFIB_AFIB_07_000.png,AFIB,TACHY,0.9897,0
C:\Users\taimo\OneDrive\Documents 1\work\ecg-synthetic-research\data\rendered\imagen_clean\AFIB\nano_AFIB_AFIB_07_004.png,AFIB,AFIB,0.999,1
C:\Users\taimo\OneDrive\Documents 1\work\ecg-synthetic-research\data\rendered\imagen_clean\AFIB\nano_AFIB_AFIB_07_008.png,AFIB,AFIB,0.981,1
C:\Users\taimo\OneDrive\Documents 1\work\ecg-synthetic-research\data\rendered\imagen_clean\AFIB\nano_AFIB_AFIB_07_012.png,AFIB,AFIB,1.0,1
C:\Users\taimo\OneDrive\Documents 1\work\ecg-synthetic-research\data\rendered\imagen_clean\AFIB\nano_AFIB_AFIB_07_016.png,AFIB,AFIB,1.0,1
C:\Users\taimo\OneDrive\Documents 1\work\ecg-synthetic-research\data\rendered\imagen_clean\AFIB\nano_AFIB_AFIB_08_000.png,AFIB,AFIB,0.648,1
C:\Users\taimo\OneDrive\Documents 1\work\ecg-synthetic-research\data\rendered\imagen_clean\AFIB\nano_AFIB_AFIB_08_004.png,AFIB,AFIB,0.992,1
C:\Users\taimo\OneDrive\Documents 1\work\ecg-synthetic-research\data\rendered\imagen_clean\AFIB\nano_AFIB_AFIB_08_008.png,AFIB,AFIB,0.8896,1
C:\Users\taimo\OneDrive\Documents 1\work\ecg-synthetic-research\data\rendered\imagen_clean\AFIB\nano_AFIB_AFIB_08_012.png,AFIB,AFIB,0.9995,1
C:\Users\taimo\OneDrive\Documents 1\work\ecg-synthetic-research\data\rendered\imagen_clean\AFIB\nano_AFIB_AFIB_08_016.png,AFIB,NORM,0.5854,0
C:\Users\taimo\OneDrive\Documents 1\work\ecg-synthetic-research\data\rendered\imagen_clean\TACHY\nano_TACHY_TACHY_01_000.png,TACHY,TACHY,0.997,1
C:\Users\taimo\OneDrive\Documents 1\work\ecg-synthetic-research\data\rendered\imagen_clean\TACHY\nano_TACHY_TACHY_01_004.png,TACHY,TACHY,0.9927,1
C:\Users\taimo\OneDrive\Documents 1\work\ecg-synthetic-research\data\rendered\imagen_clean\TACHY\nano_TACHY_TACHY_01_008.png,TACHY,TACHY,0.984,1
C:\Users\taimo\OneDrive\Documents 1\work\ecg-synthetic-research\data\rendered\imagen_clean\TACHY\nano_TACHY_TACHY_01_012.png,TACHY,TACHY,0.9707,1
C:\Users\taimo\OneDrive\Documents 1\work\ecg-synthetic-research\data\rendered\imagen_clean\TACHY\nano_TACHY_TACHY_01_016.png,TACHY,TACHY,0.991,1
C:\Users\taimo\OneDrive\Documents 1\work\ecg-synthetic-research\data\rendered\imagen_clean\TACHY\nano_TACHY_TACHY_02_000.png,TACHY,TACHY,0.991,1
C:\Users\taimo\OneDrive\Documents 1\work\ecg-synthetic-research\data\rendered\imagen_clean\TACHY\nano_TACHY_TACHY_02_004.png,TACHY,TACHY,0.9775,1
C:\Users\taimo\OneDrive\Documents 1\work\ecg-synthetic-research\data\rendered\imagen_clean\TACHY\nano_TACHY_TACHY_02_010.png,TACHY,TACHY,0.9937,1
C:\Users\taimo\OneDrive\Documents 1\work\ecg-synthetic-research\data\rendered\imagen_clean\TACHY\nano_TACHY_TACHY_02_014.png,TACHY,TACHY,0.9688,1
C:\Users\taimo\OneDrive\Documents 1\work\ecg-synthetic-research\data\rendered\imagen_clean\TACHY\nano_TACHY_TACHY_02_018.png,TACHY,TACHY,0.9893,1
C:\Users\taimo\OneDrive\Documents 1\work\ecg-synthetic-research\data\rendered\imagen_clean\TACHY\nano_TACHY_TACHY_03_002.png,TACHY,TACHY,0.995,1
C:\Users\taimo\OneDrive\Documents 1\work\ecg-synthetic-research\data\rendered\imagen_clean\TACHY\nano_TACHY_TACHY_03_006.png,TACHY,TACHY,0.9927,1
C:\Users\taimo\OneDrive\Documents 1\work\ecg-synthetic-research\data\rendered\imagen_clean\TACHY\nano_TACHY_TACHY_03_010.png,TACHY,TACHY,0.9946,1
C:\Users\taimo\OneDrive\Documents 1\work\ecg-synthetic-research\data\rendered\imagen_clean\TACHY\nano_TACHY_TACHY_03_014.png,TACHY,TACHY,0.999,1
C:\Users\taimo\OneDrive\Documents 1\work\ecg-synthetic-research\data\rendered\imagen_clean\TACHY\nano_TACHY_TACHY_03_018.png,TACHY,TACHY,0.9985,1
C:\Users\taimo\OneDrive\Documents 1\work\ecg-synthetic-research\data\rendered\imagen_clean\TACHY\nano_TACHY_TACHY_04_002.png,TACHY,TACHY,0.6553,1
C:\Users\taimo\OneDrive\Documents 1\work\ecg-synthetic-research\data\rendered\imagen_clean\TACHY\nano_TACHY_TACHY_04_006.png,TACHY,TACHY,0.998,1
C:\Users\taimo\OneDrive\Documents 1\work\ecg-synthetic-research\data\rendered\imagen_clean\TACHY\nano_TACHY_TACHY_04_010.png,TACHY,TACHY,0.8833,1
C:\Users\taimo\OneDrive\Documents 1\work\ecg-synthetic-research\data\rendered\imagen_clean\TACHY\nano_TACHY_TACHY_04_014.png,TACHY,TACHY,0.9946,1
C:\Users\taimo\OneDrive\Documents 1\work\ecg-synthetic-research\data\rendered\imagen_clean\TACHY\nano_TACHY_TACHY_04_018.png,TACHY,TACHY,0.9775,1
C:\Users\taimo\OneDrive\Documents 1\work\ecg-synthetic-research\data\rendered\imagen_clean\TACHY\nano_TACHY_TACHY_05_002.png,TACHY,TACHY,0.9937,1
C:\Users\taimo\OneDrive\Documents 1\work\ecg-synthetic-research\data\rendered\imagen_clean\TACHY\nano_TACHY_TACHY_05_006.png,TACHY,TACHY,0.9854,1
C:\Users\taimo\OneDrive\Documents 1\work\ecg-synthetic-research\data\rendered\imagen_clean\TACHY\nano_TACHY_TACHY_05_010.png,TACHY,TACHY,0.994,1
C:\Users\taimo\OneDrive\Documents 1\work\ecg-synthetic-research\data\rendered\imagen_clean\TACHY\nano_TACHY_TACHY_05_014.png,TACHY,TACHY,0.9873,1
C:\Users\taimo\OneDrive\Documents 1\work\ecg-synthetic-research\data\rendered\imagen_clean\TACHY\nano_TACHY_TACHY_05_018.png,TACHY,TACHY,0.996,1
C:\Users\taimo\OneDrive\Documents 1\work\ecg-synthetic-research\data\rendered\imagen_clean\TACHY\nano_TACHY_TACHY_06_002.png,TACHY,TACHY,0.998,1
C:\Users\taimo\OneDrive\Documents 1\work\ecg-synthetic-research\data\rendered\imagen_clean\TACHY\nano_TACHY_TACHY_06_006.png,TACHY,TACHY,0.874,1
C:\Users\taimo\OneDrive\Documents 1\work\ecg-synthetic-research\data\rendered\imagen_clean\TACHY\nano_TACHY_TACHY_06_010.png,TACHY,TACHY,0.8643,1
C:\Users\taimo\OneDrive\Documents 1\work\ecg-synthetic-research\data\rendered\imagen_clean\TACHY\nano_TACHY_TACHY_06_014.png,TACHY,TACHY,0.9546,1
C:\Users\taimo\OneDrive\Documents 1\work\ecg-synthetic-research\data\rendered\imagen_clean\TACHY\nano_TACHY_TACHY_06_018.png,TACHY,TACHY,0.8076,1
C:\Users\taimo\OneDrive\Documents 1\work\ecg-synthetic-research\data\rendered\imagen_clean\TACHY\nano_TACHY_TACHY_07_002.png,TACHY,TACHY,0.819,1
C:\Users\taimo\OneDrive\Documents 1\work\ecg-synthetic-research\data\rendered\imagen_clean\TACHY\nano_TACHY_TACHY_07_006.png,TACHY,TACHY,0.9985,1
C:\Users\taimo\OneDrive\Documents 1\work\ecg-synthetic-research\data\rendered\imagen_clean\TACHY\nano_TACHY_TACHY_07_010.png,TACHY,TACHY,0.884,1
C:\Users\taimo\OneDrive\Documents 1\work\ecg-synthetic-research\data\rendered\imagen_clean\TACHY\nano_TACHY_TACHY_07_014.png,TACHY,TACHY,0.4639,1
C:\Users\taimo\OneDrive\Documents 1\work\ecg-synthetic-research\data\rendered\imagen_clean\TACHY\nano_TACHY_TACHY_07_018.png,TACHY,TACHY,0.9844,1
C:\Users\taimo\OneDrive\Documents 1\work\ecg-synthetic-research\data\rendered\imagen_clean\TACHY\nano_TACHY_TACHY_08_002.png,TACHY,TACHY,0.9995,1
C:\Users\taimo\OneDrive\Documents 1\work\ecg-synthetic-research\data\rendered\imagen_clean\TACHY\nano_TACHY_TACHY_08_006.png,TACHY,TACHY,0.9634,1
C:\Users\taimo\OneDrive\Documents 1\work\ecg-synthetic-research\data\rendered\imagen_clean\TACHY\nano_TACHY_TACHY_08_010.png,TACHY,NORM,0.6816,0
C:\Users\taimo\OneDrive\Documents 1\work\ecg-synthetic-research\data\rendered\imagen_clean\TACHY\nano_TACHY_TACHY_08_014.png,TACHY,TACHY,0.999,1
C:\Users\taimo\OneDrive\Documents 1\work\ecg-synthetic-research\data\rendered\imagen_clean\TACHY\nano_TACHY_TACHY_08_018.png,TACHY,TACHY,0.996,1
C:\Users\taimo\OneDrive\Documents 1\work\ecg-synthetic-research\data\rendered\neurokit2\NORM\SYN_NSR_00528.png,NORM,NORM,0.954,1
C:\Users\taimo\OneDrive\Documents 1\work\ecg-synthetic-research\data\rendered\neurokit2\NORM\SYN_NSR_01757.png,NORM,NORM,0.993,1
C:\Users\taimo\OneDrive\Documents 1\work\ecg-synthetic-research\data\rendered\neurokit2\NORM\SYN_NSR_03410.png,NORM,NORM,0.9937,1
C:\Users\taimo\OneDrive\Documents 1\work\ecg-synthetic-research\data\rendered\neurokit2\NORM\SYN_NSR_03859.png,NORM,NORM,0.982,1
C:\Users\taimo\OneDrive\Documents 1\work\ecg-synthetic-research\data\rendered\neurokit2\NORM\SYN_NSR_00595.png,NORM,NORM,0.9526,1
C:\Users\taimo\OneDrive\Documents 1\work\ecg-synthetic-research\data\rendered\neurokit2\NORM\SYN_NSR_03591.png,NORM,NORM,0.9897,1
C:\Users\taimo\OneDrive\Documents 1\work\ecg-synthetic-research\data\rendered\neurokit2\NORM\SYN_NSR_03888.png,NORM,NORM,0.9854,1
C:\Users\taimo\OneDrive\Documents 1\work\ecg-synthetic-research\data\rendered\neurokit2\NORM\SYN_NSR_02300.png,NORM,NORM,0.98,1
C:\Users\taimo\OneDrive\Documents 1\work\ecg-synthetic-research\data\rendered\neurokit2\NORM\SYN_NSR_02384.png,NORM,NORM,0.9883,1
C:\Users\taimo\OneDrive\Documents 1\work\ecg-synthetic-research\data\rendered\neurokit2\NORM\SYN_NSR_02457.png,NORM,NORM,0.9946,1
C:\Users\taimo\OneDrive\Documents 1\work\ecg-synthetic-research\data\rendered\neurokit2\NORM\SYN_NSR_03048.png,NORM,NORM,0.9795,1
C:\Users\taimo\OneDrive\Documents 1\work\ecg-synthetic-research\data\rendered\neurokit2\NORM\SYN_NSR_01988.png,NORM,NORM,0.9937,1
C:\Users\taimo\OneDrive\Documents 1\work\ecg-synthetic-research\data\rendered\neurokit2\NORM\SYN_NSR_01056.png,NORM,NORM,0.9907,1
C:\Users\taimo\OneDrive\Documents 1\work\ecg-synthetic-research\data\rendered\neurokit2\NORM\SYN_NSR_00568.png,NORM,NORM,0.9956,1
C:\Users\taimo\OneDrive\Documents 1\work\ecg-synthetic-research\data\rendered\neurokit2\NORM\SYN_NSR_03225.png,NORM,NORM,0.9946,1
C:\Users\taimo\OneDrive\Documents 1\work\ecg-synthetic-research\data\rendered\neurokit2\NORM\SYN_NSR_02579.png,NORM,NORM,0.9814,1
C:\Users\taimo\OneDrive\Documents 1\work\ecg-synthetic-research\data\rendered\neurokit2\NORM\SYN_NSR_03783.png,NORM,NORM,0.991,1
C:\Users\taimo\OneDrive\Documents 1\work\ecg-synthetic-research\data\rendered\neurokit2\NORM\SYN_NSR_01262.png,NORM,NORM,0.9897,1
C:\Users\taimo\OneDrive\Documents 1\work\ecg-synthetic-research\data\rendered\neurokit2\NORM\SYN_NSR_00890.png,NORM,NORM,0.982,1
C:\Users\taimo\OneDrive\Documents 1\work\ecg-synthetic-research\data\rendered\neurokit2\NORM\SYN_NSR_00394.png,NORM,NORM,0.9917,1
C:\Users\taimo\OneDrive\Documents 1\work\ecg-synthetic-research\data\rendered\neurokit2\NORM\SYN_NSR_01488.png,NORM,NORM,0.986,1
C:\Users\taimo\OneDrive\Documents 1\work\ecg-synthetic-research\data\rendered\neurokit2\NORM\SYN_NSR_03540.png,NORM,NORM,0.991,1
C:\Users\taimo\OneDrive\Documents 1\work\ecg-synthetic-research\data\rendered\neurokit2\NORM\SYN_NSR_01425.png,NORM,NORM,0.9946,1
C:\Users\taimo\OneDrive\Documents 1\work\ecg-synthetic-research\data\rendered\neurokit2\NORM\SYN_NSR_01993.png,NORM,NORM,0.9854,1
C:\Users\taimo\OneDrive\Documents 1\work\ecg-synthetic-research\data\rendered\neurokit2\NORM\SYN_NSR_01553.png,NORM,NORM,0.9937,1
C:\Users\taimo\OneDrive\Documents 1\work\ecg-synthetic-research\data\rendered\neurokit2\NORM\SYN_NSR_02296.png,NORM,NORM,0.981,1
C:\Users\taimo\OneDrive\Documents 1\work\ecg-synthetic-research\data\rendered\neurokit2\NORM\SYN_NSR_00034.png,NORM,NORM,0.977,1
C:\Users\taimo\OneDrive\Documents 1\work\ecg-synthetic-research\data\rendered\neurokit2\NORM\SYN_NSR_03302.png,NORM,NORM,0.9624,1
C:\Users\taimo\OneDrive\Documents 1\work\ecg-synthetic-research\data\rendered\neurokit2\NORM\SYN_NSR_01243.png,NORM,NORM,0.9956,1
C:\Users\taimo\OneDrive\Documents 1\work\ecg-synthetic-research\data\rendered\neurokit2\NORM\SYN_NSR_00671.png,NORM,NORM,0.978,1
C:\Users\taimo\OneDrive\Documents 1\work\ecg-synthetic-research\data\rendered\neurokit2\NORM\SYN_NSR_01557.png,NORM,NORM,0.988,1
C:\Users\taimo\OneDrive\Documents 1\work\ecg-synthetic-research\data\rendered\neurokit2\NORM\SYN_NSR_01745.png,NORM,NORM,0.978,1
C:\Users\taimo\OneDrive\Documents 1\work\ecg-synthetic-research\data\rendered\neurokit2\NORM\SYN_NSR_02980.png,NORM,NORM,0.9883,1
C:\Users\taimo\OneDrive\Documents 1\work\ecg-synthetic-research\data\rendered\neurokit2\NORM\SYN_NSR_01627.png,NORM,NORM,0.9897,1
C:\Users\taimo\OneDrive\Documents 1\work\ecg-synthetic-research\data\rendered\neurokit2\NORM\SYN_NSR_00600.png,NORM,NORM,0.9907,1
C:\Users\taimo\OneDrive\Documents 1\work\ecg-synthetic-research\data\rendered\neurokit2\NORM\SYN_NSR_01115.png,NORM,NORM,0.99,1
C:\Users\taimo\OneDrive\Documents 1\work\ecg-synthetic-research\data\rendered\neurokit2\NORM\SYN_NSR_02500.png,NORM,NORM,0.996,1
C:\Users\taimo\OneDrive\Documents 1\work\ecg-synthetic-research\data\rendered\neurokit2\NORM\SYN_NSR_01879.png,NORM,NORM,0.989,1
C:\Users\taimo\OneDrive\Documents 1\work\ecg-synthetic-research\data\rendered\neurokit2\NORM\SYN_NSR_03059.png,NORM,NORM,0.983,1
C:\Users\taimo\OneDrive\Documents 1\work\ecg-synthetic-research\data\rendered\neurokit2\NORM\SYN_NSR_02794.png,NORM,NORM,0.983,1
C:\Users\taimo\OneDrive\Documents 1\work\ecg-synthetic-research\data\rendered\neurokit2\NORM\SYN_NSR_02359.png,NORM,NORM,0.991,1
C:\Users\taimo\OneDrive\Documents 1\work\ecg-synthetic-research\data\rendered\neurokit2\NORM\SYN_NSR_01211.png,NORM,NORM,0.9795,1
C:\Users\taimo\OneDrive\Documents 1\work\ecg-synthetic-research\data\rendered\neurokit2\NORM\SYN_NSR_01293.png,NORM,NORM,0.9883,1
C:\Users\taimo\OneDrive\Documents 1\work\ecg-synthetic-research\data\rendered\neurokit2\NORM\SYN_NSR_02904.png,NORM,NORM,0.987,1
C:\Users\taimo\OneDrive\Documents 1\work\ecg-synthetic-research\data\rendered\neurokit2\NORM\SYN_NSR_02454.png,NORM,NORM,0.9907,1
C:\Users\taimo\OneDrive\Documents 1\work\ecg-synthetic-research\data\rendered\neurokit2\NORM\SYN_NSR_03573.png,NORM,NORM,0.995,1
C:\Users\taimo\OneDrive\Documents 1\work\ecg-synthetic-research\data\rendered\neurokit2\NORM\SYN_NSR_03394.png,NORM,NORM,0.9927,1
C:\Users\taimo\OneDrive\Documents 1\work\ecg-synthetic-research\data\rendered\neurokit2\NORM\SYN_NSR_02120.png,NORM,NORM,0.9844,1
C:\Users\taimo\OneDrive\Documents 1\work\ecg-synthetic-research\data\rendered\neurokit2\NORM\SYN_NSR_01331.png,NORM,NORM,0.988,1
C:\Users\taimo\OneDrive\Documents 1\work\ecg-synthetic-research\data\rendered\neurokit2\NORM\SYN_NSR_00299.png,NORM,NORM,0.99,1
C:\Users\taimo\OneDrive\Documents 1\work\ecg-synthetic-research\data\rendered\neurokit2\NORM\SYN_NSR_01576.png,NORM,NORM,0.9663,1
C:\Users\taimo\OneDrive\Documents 1\work\ecg-synthetic-research\data\rendered\neurokit2\NORM\SYN_NSR_00024.png,NORM,NORM,0.992,1
C:\Users\taimo\OneDrive\Documents 1\work\ecg-synthetic-research\data\rendered\neurokit2\NORM\SYN_NSR_01085.png,NORM,NORM,0.9873,1
C:\Users\taimo\OneDrive\Documents 1\work\ecg-synthetic-research\data\rendered\neurokit2\NORM\SYN_NSR_01273.png,NORM,NORM,0.9863,1
C:\Users\taimo\OneDrive\Documents 1\work\ecg-synthetic-research\data\rendered\neurokit2\NORM\SYN_NSR_00599.png,NORM,NORM,0.9844,1
C:\Users\taimo\OneDrive\Documents 1\work\ecg-synthetic-research\data\rendered\neurokit2\NORM\SYN_NSR_02122.png,NORM,NORM,0.9883,1
C:\Users\taimo\OneDrive\Documents 1\work\ecg-synthetic-research\data\rendered\neurokit2\NORM\SYN_NSR_03645.png,NORM,NORM,0.993,1
C:\Users\taimo\OneDrive\Documents 1\work\ecg-synthetic-research\data\rendered\neurokit2\NORM\SYN_NSR_01567.png,NORM,NORM,0.9644,1
C:\Users\taimo\OneDrive\Documents 1\work\ecg-synthetic-research\data\rendered\neurokit2\NORM\SYN_NSR_00409.png,NORM,NORM,0.993,1
C:\Users\taimo\OneDrive\Documents 1\work\ecg-synthetic-research\data\rendered\neurokit2\NORM\SYN_NSR_00316.png,NORM,NORM,0.988,1
C:\Users\taimo\OneDrive\Documents 1\work\ecg-synthetic-research\data\rendered\neurokit2\NORM\SYN_NSR_02733.png,NORM,NORM,0.9824,1
C:\Users\taimo\OneDrive\Documents 1\work\ecg-synthetic-research\data\rendered\neurokit2\NORM\SYN_NSR_03116.png,NORM,NORM,0.985,1
C:\Users\taimo\OneDrive\Documents 1\work\ecg-synthetic-research\data\rendered\neurokit2\NORM\SYN_NSR_01455.png,NORM,NORM,0.917,1
C:\Users\taimo\OneDrive\Documents 1\work\ecg-synthetic-research\data\rendered\neurokit2\NORM\SYN_NSR_02017.png,NORM,NORM,0.987,1
C:\Users\taimo\OneDrive\Documents 1\work\ecg-synthetic-research\data\rendered\neurokit2\NORM\SYN_NSR_03779.png,NORM,NORM,0.9927,1
C:\Users\taimo\OneDrive\Documents 1\work\ecg-synthetic-research\data\rendered\neurokit2\NORM\SYN_NSR_01024.png,NORM,NORM,0.9897,1
C:\Users\taimo\OneDrive\Documents 1\work\ecg-synthetic-research\data\rendered\neurokit2\NORM\SYN_NSR_03226.png,NORM,NORM,0.9927,1
C:\Users\taimo\OneDrive\Documents 1\work\ecg-synthetic-research\data\rendered\neurokit2\NORM\SYN_NSR_00487.png,NORM,NORM,0.982,1
C:\Users\taimo\OneDrive\Documents 1\work\ecg-synthetic-research\data\rendered\neurokit2\NORM\SYN_NSR_02438.png,NORM,NORM,0.9873,1
C:\Users\taimo\OneDrive\Documents 1\work\ecg-synthetic-research\data\rendered\neurokit2\NORM\SYN_NSR_01742.png,NORM,NORM,0.988,1
C:\Users\taimo\OneDrive\Documents 1\work\ecg-synthetic-research\data\rendered\neurokit2\NORM\SYN_NSR_00052.png,NORM,NORM,0.986,1
C:\Users\taimo\OneDrive\Documents 1\work\ecg-synthetic-research\data\rendered\neurokit2\NORM\SYN_NSR_01689.png,NORM,NORM,0.987,1
C:\Users\taimo\OneDrive\Documents 1\work\ecg-synthetic-research\data\rendered\neurokit2\NORM\SYN_NSR_02761.png,NORM,NORM,0.971,1
C:\Users\taimo\OneDrive\Documents 1\work\ecg-synthetic-research\data\rendered\neurokit2\NORM\SYN_NSR_01065.png,NORM,NORM,0.9927,1
C:\Users\taimo\OneDrive\Documents 1\work\ecg-synthetic-research\data\rendered\neurokit2\NORM\SYN_NSR_01654.png,NORM,NORM,0.9893,1
C:\Users\taimo\OneDrive\Documents 1\work\ecg-synthetic-research\data\rendered\neurokit2\NORM\SYN_NSR_00565.png,NORM,NORM,0.9927,1
C:\Users\taimo\OneDrive\Documents 1\work\ecg-synthetic-research\data\rendered\neurokit2\NORM\SYN_NSR_00215.png,NORM,NORM,0.992,1
C:\Users\taimo\OneDrive\Documents 1\work\ecg-synthetic-research\data\rendered\neurokit2\NORM\SYN_NSR_03027.png,NORM,NORM,0.9946,1
C:\Users\taimo\OneDrive\Documents 1\work\ecg-synthetic-research\data\rendered\neurokit2\NORM\SYN_NSR_03976.png,NORM,NORM,0.9907,1
C:\Users\taimo\OneDrive\Documents 1\work\ecg-synthetic-research\data\rendered\neurokit2\NORM\SYN_NSR_00753.png,NORM,NORM,0.991,1
C:\Users\taimo\OneDrive\Documents 1\work\ecg-synthetic-research\data\rendered\neurokit2\NORM\SYN_NSR_00045.png,NORM,NORM,0.9893,1
C:\Users\taimo\OneDrive\Documents 1\work\ecg-synthetic-research\data\rendered\neurokit2\NORM\SYN_NSR_02399.png,NORM,NORM,0.9736,1
C:\Users\taimo\OneDrive\Documents 1\work\ecg-synthetic-research\data\rendered\neurokit2\NORM\SYN_NSR_00811.png,NORM,NORM,0.99,1
C:\Users\taimo\OneDrive\Documents 1\work\ecg-synthetic-research\data\rendered\neurokit2\NORM\SYN_NSR_03809.png,NORM,NORM,0.991,1
C:\Users\taimo\OneDrive\Documents 1\work\ecg-synthetic-research\data\rendered\neurokit2\NORM\SYN_NSR_00257.png,NORM,NORM,0.992,1
C:\Users\taimo\OneDrive\Documents 1\work\ecg-synthetic-research\data\rendered\neurokit2\NORM\SYN_NSR_00577.png,NORM,NORM,0.995,1
C:\Users\taimo\OneDrive\Documents 1\work\ecg-synthetic-research\data\rendered\neurokit2\NORM\SYN_NSR_03737.png,NORM,NORM,0.976,1
C:\Users\taimo\OneDrive\Documents 1\work\ecg-synthetic-research\data\rendered\neurokit2\NORM\SYN_NSR_00292.png,NORM,NORM,0.983,1
C:\Users\taimo\OneDrive\Documents 1\work\ecg-synthetic-research\data\rendered\neurokit2\NORM\SYN_NSR_01511.png,NORM,NORM,0.99,1
C:\Users\taimo\OneDrive\Documents 1\work\ecg-synthetic-research\data\rendered\neurokit2\NORM\SYN_NSR_00264.png,NORM,NORM,0.9854,1
C:\Users\taimo\OneDrive\Documents 1\work\ecg-synthetic-research\data\rendered\neurokit2\NORM\SYN_NSR_00765.png,NORM,NORM,0.989,1
C:\Users\taimo\OneDrive\Documents 1\work\ecg-synthetic-research\data\rendered\neurokit2\NORM\SYN_NSR_01294.png,NORM,NORM,0.992,1
C:\Users\taimo\OneDrive\Documents 1\work\ecg-synthetic-research\data\rendered\neurokit2\NORM\SYN_NSR_00545.png,NORM,NORM,0.986,1
C:\Users\taimo\OneDrive\Documents 1\work\ecg-synthetic-research\data\rendered\neurokit2\NORM\SYN_NSR_01729.png,NORM,NORM,0.971,1
C:\Users\taimo\OneDrive\Documents 1\work\ecg-synthetic-research\data\rendered\neurokit2\NORM\SYN_NSR_02025.png,NORM,NORM,0.9893,1
C:\Users\taimo\OneDrive\Documents 1\work\ecg-synthetic-research\data\rendered\neurokit2\NORM\SYN_NSR_01589.png,NORM,NORM,0.9937,1
C:\Users\taimo\OneDrive\Documents 1\work\ecg-synthetic-research\data\rendered\neurokit2\NORM\SYN_NSR_03839.png,NORM,NORM,0.992,1
C:\Users\taimo\OneDrive\Documents 1\work\ecg-synthetic-research\data\rendered\neurokit2\NORM\SYN_NSR_00433.png,NORM,NORM,0.985,1
C:\Users\taimo\OneDrive\Documents 1\work\ecg-synthetic-research\data\rendered\neurokit2\NORM\SYN_NSR_02892.png,NORM,NORM,0.9946,1
C:\Users\taimo\OneDrive\Documents 1\work\ecg-synthetic-research\data\rendered\neurokit2\NORM\SYN_NSR_01806.png,NORM,NORM,0.979,1
C:\Users\taimo\OneDrive\Documents 1\work\ecg-synthetic-research\data\rendered\neurokit2\NORM\SYN_NSR_01946.png,NORM,NORM,0.992,1
C:\Users\taimo\OneDrive\Documents 1\work\ecg-synthetic-research\data\rendered\neurokit2\NORM\SYN_NSR_00175.png,NORM,NORM,0.9907,1
C:\Users\taimo\OneDrive\Documents 1\work\ecg-synthetic-research\data\rendered\neurokit2\NORM\SYN_NSR_00991.png,NORM,NORM,0.9897,1
C:\Users\taimo\OneDrive\Documents 1\work\ecg-synthetic-research\data\rendered\neurokit2\NORM\SYN_NSR_01427.png,NORM,NORM,0.9814,1
C:\Users\taimo\OneDrive\Documents 1\work\ecg-synthetic-research\data\rendered\neurokit2\NORM\SYN_NSR_02963.png,NORM,NORM,0.995,1
C:\Users\taimo\OneDrive\Documents 1\work\ecg-synthetic-research\data\rendered\neurokit2\NORM\SYN_NSR_00228.png,NORM,NORM,0.994,1
C:\Users\taimo\OneDrive\Documents 1\work\ecg-synthetic-research\data\rendered\neurokit2\NORM\SYN_NSR_00352.png,NORM,NORM,0.975,1
C:\Users\taimo\OneDrive\Documents 1\work\ecg-synthetic-research\data\rendered\neurokit2\NORM\SYN_NSR_01201.png,NORM,NORM,0.992,1
C:\Users\taimo\OneDrive\Documents 1\work\ecg-synthetic-research\data\rendered\neurokit2\NORM\SYN_NSR_01378.png,NORM,NORM,0.9897,1
C:\Users\taimo\OneDrive\Documents 1\work\ecg-synthetic-research\data\rendered\neurokit2\NORM\SYN_NSR_01069.png,NORM,NORM,0.9854,1
C:\Users\taimo\OneDrive\Documents 1\work\ecg-synthetic-research\data\rendered\neurokit2\NORM\SYN_NSR_01414.png,NORM,NORM,0.994,1
C:\Users\taimo\OneDrive\Documents 1\work\ecg-synthetic-research\data\rendered\neurokit2\NORM\SYN_NSR_00140.png,NORM,NORM,0.994,1
C:\Users\taimo\OneDrive\Documents 1\work\ecg-synthetic-research\data\rendered\neurokit2\NORM\SYN_NSR_00267.png,NORM,NORM,0.97,1
C:\Users\taimo\OneDrive\Documents 1\work\ecg-synthetic-research\data\rendered\neurokit2\NORM\SYN_NSR_00064.png,NORM,NORM,0.9883,1
C:\Users\taimo\OneDrive\Documents 1\work\ecg-synthetic-research\data\rendered\neurokit2\NORM\SYN_NSR_02683.png,NORM,NORM,0.9697,1
C:\Users\taimo\OneDrive\Documents 1\work\ecg-synthetic-research\data\rendered\neurokit2\NORM\SYN_NSR_03993.png,NORM,NORM,0.985,1
C:\Users\taimo\OneDrive\Documents 1\work\ecg-synthetic-research\data\rendered\neurokit2\NORM\SYN_NSR_00777.png,NORM,NORM,0.9893,1
C:\Users\taimo\OneDrive\Documents 1\work\ecg-synthetic-research\data\rendered\neurokit2\NORM\SYN_NSR_00970.png,NORM,NORM,0.9873,1
C:\Users\taimo\OneDrive\Documents 1\work\ecg-synthetic-research\data\rendered\neurokit2\NORM\SYN_NSR_00865.png,NORM,NORM,0.9834,1
C:\Users\taimo\OneDrive\Documents 1\work\ecg-synthetic-research\data\rendered\neurokit2\NORM\SYN_NSR_03493.png,NORM,NORM,0.9873,1
C:\Users\taimo\OneDrive\Documents 1\work\ecg-synthetic-research\data\rendered\neurokit2\NORM\SYN_NSR_01462.png,NORM,NORM,0.985,1
C:\Users\taimo\OneDrive\Documents 1\work\ecg-synthetic-research\data\rendered\neurokit2\NORM\SYN_NSR_00359.png,NORM,NORM,0.9883,1
C:\Users\taimo\OneDrive\Documents 1\work\ecg-synthetic-research\data\rendered\neurokit2\NORM\SYN_NSR_01030.png,NORM,NORM,0.99,1
C:\Users\taimo\OneDrive\Documents 1\work\ecg-synthetic-research\data\rendered\neurokit2\NORM\SYN_NSR_01771.png,NORM,NORM,0.9263,1
C:\Users\taimo\OneDrive\Documents 1\work\ecg-synthetic-research\data\rendered\neurokit2\NORM\SYN_NSR_02628.png,NORM,NORM,0.987,1
C:\Users\taimo\OneDrive\Documents 1\work\ecg-synthetic-research\data\rendered\neurokit2\NORM\SYN_NSR_01399.png,NORM,NORM,0.9873,1
C:\Users\taimo\OneDrive\Documents 1\work\ecg-synthetic-research\data\rendered\neurokit2\NORM\SYN_NSR_03285.png,NORM,NORM,0.9854,1
C:\Users\taimo\OneDrive\Documents 1\work\ecg-synthetic-research\data\rendered\neurokit2\NORM\SYN_NSR_03053.png,NORM,NORM,0.933,1
C:\Users\taimo\OneDrive\Documents 1\work\ecg-synthetic-research\data\rendered\neurokit2\NORM\SYN_NSR_01111.png,NORM,NORM,0.9897,1
C:\Users\taimo\OneDrive\Documents 1\work\ecg-synthetic-research\data\rendered\neurokit2\NORM\SYN_NSR_00077.png,NORM,NORM,0.986,1
C:\Users\taimo\OneDrive\Documents 1\work\ecg-synthetic-research\data\rendered\neurokit2\NORM\SYN_NSR_00734.png,NORM,NORM,0.9824,1
C:\Users\taimo\OneDrive\Documents 1\work\ecg-synthetic-research\data\rendered\neurokit2\NORM\SYN_NSR_02731.png,NORM,NORM,0.992,1
C:\Users\taimo\OneDrive\Documents 1\work\ecg-synthetic-research\data\rendered\neurokit2\NORM\SYN_NSR_03473.png,NORM,NORM,0.9775,1
C:\Users\taimo\OneDrive\Documents 1\work\ecg-synthetic-research\data\rendered\neurokit2\NORM\SYN_NSR_00430.png,NORM,NORM,0.981,1
C:\Users\taimo\OneDrive\Documents 1\work\ecg-synthetic-research\data\rendered\neurokit2\NORM\SYN_NSR_02717.png,NORM,NORM,0.9844,1
C:\Users\taimo\OneDrive\Documents 1\work\ecg-synthetic-research\data\rendered\neurokit2\NORM\SYN_NSR_00031.png,NORM,NORM,0.987,1
C:\Users\taimo\OneDrive\Documents 1\work\ecg-synthetic-research\data\rendered\neurokit2\NORM\SYN_NSR_03858.png,NORM,NORM,0.9927,1
C:\Users\taimo\OneDrive\Documents 1\work\ecg-synthetic-research\data\rendered\neurokit2\NORM\SYN_NSR_02667.png,NORM,NORM,0.9785,1
C:\Users\taimo\OneDrive\Documents 1\work\ecg-synthetic-research\data\rendered\neurokit2\NORM\SYN_NSR_00444.png,NORM,NORM,0.9814,1
C:\Users\taimo\OneDrive\Documents 1\work\ecg-synthetic-research\data\rendered\neurokit2\NORM\SYN_NSR_02970.png,NORM,NORM,0.9805,1
C:\Users\taimo\OneDrive\Documents 1\work\ecg-synthetic-research\data\rendered\neurokit2\NORM\SYN_NSR_00290.png,NORM,NORM,0.981,1
C:\Users\taimo\OneDrive\Documents 1\work\ecg-synthetic-research\data\rendered\neurokit2\NORM\SYN_NSR_03941.png,NORM,NORM,0.9883,1
C:\Users\taimo\OneDrive\Documents 1\work\ecg-synthetic-research\data\rendered\neurokit2\NORM\SYN_NSR_01736.png,NORM,NORM,0.9883,1
C:\Users\taimo\OneDrive\Documents 1\work\ecg-synthetic-research\data\rendered\neurokit2\NORM\SYN_NSR_00451.png,NORM,NORM,0.981,1
C:\Users\taimo\OneDrive\Documents 1\work\ecg-synthetic-research\data\rendered\neurokit2\NORM\SYN_NSR_00786.png,NORM,NORM,0.9893,1
C:\Users\taimo\OneDrive\Documents 1\work\ecg-synthetic-research\data\rendered\neurokit2\NORM\SYN_NSR_03388.png,NORM,NORM,0.9946,1
C:\Users\taimo\OneDrive\Documents 1\work\ecg-synthetic-research\data\rendered\neurokit2\NORM\SYN_NSR_02370.png,NORM,NORM,0.9795,1
C:\Users\taimo\OneDrive\Documents 1\work\ecg-synthetic-research\data\rendered\neurokit2\NORM\SYN_NSR_01996.png,NORM,NORM,0.992,1
C:\Users\taimo\OneDrive\Documents 1\work\ecg-synthetic-research\data\rendered\neurokit2\NORM\SYN_NSR_03378.png,NORM,NORM,0.991,1
C:\Users\taimo\OneDrive\Documents 1\work\ecg-synthetic-research\data\rendered\neurokit2\NORM\SYN_NSR_01346.png,NORM,NORM,0.9937,1
C:\Users\taimo\OneDrive\Documents 1\work\ecg-synthetic-research\data\rendered\neurokit2\NORM\SYN_NSR_02093.png,NORM,NORM,0.992,1
C:\Users\taimo\OneDrive\Documents 1\work\ecg-synthetic-research\data\rendered\neurokit2\NORM\SYN_NSR_01741.png,NORM,NORM,0.991,1
C:\Users\taimo\OneDrive\Documents 1\work\ecg-synthetic-research\data\rendered\neurokit2\NORM\SYN_NSR_02856.png,NORM,NORM,0.9946,1
C:\Users\taimo\OneDrive\Documents 1\work\ecg-synthetic-research\data\rendered\neurokit2\NORM\SYN_NSR_03571.png,NORM,NORM,0.991,1
C:\Users\taimo\OneDrive\Documents 1\work\ecg-synthetic-research\data\rendered\neurokit2\NORM\SYN_NSR_01910.png,NORM,NORM,0.992,1
C:\Users\taimo\OneDrive\Documents 1\work\ecg-synthetic-research\data\rendered\neurokit2\NORM\SYN_NSR_00412.png,NORM,NORM,0.9946,1
C:\Users\taimo\OneDrive\Documents 1\work\ecg-synthetic-research\data\rendered\neurokit2\NORM\SYN_NSR_01075.png,NORM,NORM,0.989,1
C:\Users\taimo\OneDrive\Documents 1\work\ecg-synthetic-research\data\rendered\neurokit2\NORM\SYN_NSR_00153.png,NORM,NORM,0.9893,1
C:\Users\taimo\OneDrive\Documents 1\work\ecg-synthetic-research\data\rendered\neurokit2\NORM\SYN_NSR_00103.png,NORM,NORM,0.985,1
C:\Users\taimo\OneDrive\Documents 1\work\ecg-synthetic-research\data\rendered\neurokit2\NORM\SYN_NSR_03352.png,NORM,NORM,0.9927,1
C:\Users\taimo\OneDrive\Documents 1\work\ecg-synthetic-research\data\rendered\neurokit2\NORM\SYN_NSR_02841.png,NORM,NORM,0.9927,1
C:\Users\taimo\OneDrive\Documents 1\work\ecg-synthetic-research\data\rendered\neurokit2\NORM\SYN_NSR_02520.png,NORM,NORM,0.9814,1
C:\Users\taimo\OneDrive\Documents 1\work\ecg-synthetic-research\data\rendered\neurokit2\NORM\SYN_NSR_00756.png,NORM,NORM,0.989,1
C:\Users\taimo\OneDrive\Documents 1\work\ecg-synthetic-research\data\rendered\neurokit2\NORM\SYN_NSR_02644.png,NORM,NORM,0.9946,1
C:\Users\taimo\OneDrive\Documents 1\work\ecg-synthetic-research\data\rendered\neurokit2\NORM\SYN_NSR_03780.png,NORM,NORM,0.992,1
C:\Users\taimo\OneDrive\Documents 1\work\ecg-synthetic-research\data\rendered\neurokit2\NORM\SYN_NSR_03963.png,NORM,NORM,0.9824,1
C:\Users\taimo\OneDrive\Documents 1\work\ecg-synthetic-research\data\rendered\neurokit2\NORM\SYN_NSR_02184.png,NORM,NORM,0.987,1
C:\Users\taimo\OneDrive\Documents 1\work\ecg-synthetic-research\data\rendered\neurokit2\NORM\SYN_NSR_00555.png,NORM,NORM,0.981,1
C:\Users\taimo\OneDrive\Documents 1\work\ecg-synthetic-research\data\rendered\neurokit2\NORM\SYN_NSR_03432.png,NORM,NORM,0.988,1
C:\Users\taimo\OneDrive\Documents 1\work\ecg-synthetic-research\data\rendered\neurokit2\NORM\SYN_NSR_00812.png,NORM,NORM,0.9927,1
C:\Users\taimo\OneDrive\Documents 1\work\ecg-synthetic-research\data\rendered\neurokit2\NORM\SYN_NSR_01660.png,NORM,NORM,0.9883,1
C:\Users\taimo\OneDrive\Documents 1\work\ecg-synthetic-research\data\rendered\neurokit2\NORM\SYN_NSR_01449.png,NORM,NORM,0.9927,1
C:\Users\taimo\OneDrive\Documents 1\work\ecg-synthetic-research\data\rendered\neurokit2\NORM\SYN_NSR_01058.png,NORM,NORM,0.9917,1
C:\Users\taimo\OneDrive\Documents 1\work\ecg-synthetic-research\data\rendered\neurokit2\NORM\SYN_NSR_03433.png,NORM,NORM,0.9907,1
C:\Users\taimo\OneDrive\Documents 1\work\ecg-synthetic-research\data\rendered\neurokit2\NORM\SYN_NSR_00924.png,NORM,NORM,0.9946,1
C:\Users\taimo\OneDrive\Documents 1\work\ecg-synthetic-research\data\rendered\neurokit2\NORM\SYN_NSR_03279.png,NORM,NORM,0.995,1
C:\Users\taimo\OneDrive\Documents 1\work\ecg-synthetic-research\data\rendered\neurokit2\NORM\SYN_NSR_01421.png,NORM,NORM,0.9634,1
C:\Users\taimo\OneDrive\Documents 1\work\ecg-synthetic-research\data\rendered\neurokit2\NORM\SYN_NSR_03186.png,NORM,NORM,0.9937,1
C:\Users\taimo\OneDrive\Documents 1\work\ecg-synthetic-research\data\rendered\neurokit2\NORM\SYN_NSR_03159.png,NORM,NORM,0.975,1
C:\Users\taimo\OneDrive\Documents 1\work\ecg-synthetic-research\data\rendered\neurokit2\NORM\SYN_NSR_02177.png,NORM,NORM,0.967,1
C:\Users\taimo\OneDrive\Documents 1\work\ecg-synthetic-research\data\rendered\neurokit2\NORM\SYN_NSR_03058.png,NORM,NORM,0.979,1
C:\Users\taimo\OneDrive\Documents 1\work\ecg-synthetic-research\data\rendered\neurokit2\NORM\SYN_NSR_03653.png,NORM,NORM,0.993,1
C:\Users\taimo\OneDrive\Documents 1\work\ecg-synthetic-research\data\rendered\neurokit2\NORM\SYN_NSR_00480.png,NORM,NORM,0.9946,1
C:\Users\taimo\OneDrive\Documents 1\work\ecg-synthetic-research\data\rendered\neurokit2\NORM\SYN_NSR_01770.png,NORM,NORM,0.9814,1
C:\Users\taimo\OneDrive\Documents 1\work\ecg-synthetic-research\data\rendered\neurokit2\NORM\SYN_NSR_01941.png,NORM,NORM,0.9863,1
C:\Users\taimo\OneDrive\Documents 1\work\ecg-synthetic-research\data\rendered\neurokit2\NORM\SYN_NSR_00469.png,NORM,NORM,0.9917,1
C:\Users\taimo\OneDrive\Documents 1\work\ecg-synthetic-research\data\rendered\neurokit2\NORM\SYN_NSR_02079.png,NORM,NORM,0.995,1
C:\Users\taimo\OneDrive\Documents 1\work\ecg-synthetic-research\data\rendered\neurokit2\NORM\SYN_NSR_00062.png,NORM,NORM,0.973,1
C:\Users\taimo\OneDrive\Documents 1\work\ecg-synthetic-research\data\rendered\neurokit2\NORM\SYN_NSR_00255.png,NORM,NORM,0.992,1
C:\Users\taimo\OneDrive\Documents 1\work\ecg-synthetic-research\data\rendered\neurokit2\NORM\SYN_NSR_00916.png,NORM,NORM,0.9746,1
C:\Users\taimo\OneDrive\Documents 1\work\ecg-synthetic-research\data\rendered\neurokit2\NORM\SYN_NSR_01872.png,NORM,NORM,0.991,1
C:\Users\taimo\OneDrive\Documents 1\work\ecg-synthetic-research\data\rendered\neurokit2\NORM\SYN_NSR_02409.png,NORM,NORM,0.9873,1
C:\Users\taimo\OneDrive\Documents 1\work\ecg-synthetic-research\data\rendered\neurokit2\NORM\SYN_NSR_01808.png,NORM,NORM,0.9907,1
C:\Users\taimo\OneDrive\Documents 1\work\ecg-synthetic-research\data\rendered\neurokit2\NORM\SYN_NSR_03033.png,NORM,NORM,0.9795,1
C:\Users\taimo\OneDrive\Documents 1\work\ecg-synthetic-research\data\rendered\neurokit2\NORM\SYN_NSR_03580.png,NORM,NORM,0.9844,1
C:\Users\taimo\OneDrive\Documents 1\work\ecg-synthetic-research\data\rendered\neurokit2\NORM\SYN_NSR_02348.png,NORM,NORM,0.9966,1
C:\Users\taimo\OneDrive\Documents 1\work\ecg-synthetic-research\data\rendered\neurokit2\NORM\SYN_NSR_02649.png,NORM,NORM,0.974,1
C:\Users\taimo\OneDrive\Documents 1\work\ecg-synthetic-research\data\rendered\neurokit2\NORM\SYN_NSR_00284.png,NORM,NORM,0.98,1
C:\Users\taimo\OneDrive\Documents 1\work\ecg-synthetic-research\data\rendered\neurokit2\NORM\SYN_NSR_00622.png,NORM,NORM,0.9863,1
C:\Users\taimo\OneDrive\Documents 1\work\ecg-synthetic-research\data\rendered\neurokit2\NORM\SYN_NSR_01643.png,NORM,NORM,0.992,1
C:\Users\taimo\OneDrive\Documents 1\work\ecg-synthetic-research\data\rendered\neurokit2\NORM\SYN_NSR_02992.png,NORM,NORM,0.983,1
C:\Users\taimo\OneDrive\Documents 1\work\ecg-synthetic-research\data\rendered\neurokit2\NORM\SYN_NSR_03564.png,NORM,NORM,0.994,1
C:\Users\taimo\OneDrive\Documents 1\work\ecg-synthetic-research\data\rendered\neurokit2\NORM\SYN_NSR_01109.png,NORM,NORM,0.9785,1
C:\Users\taimo\OneDrive\Documents 1\work\ecg-synthetic-research\data\rendered\neurokit2\NORM\SYN_NSR_01602.png,NORM,NORM,0.983,1
C:\Users\taimo\OneDrive\Documents 1\work\ecg-synthetic-research\data\rendered\neurokit2\NORM\SYN_NSR_00219.png,NORM,NORM,0.981,1
C:\Users\taimo\OneDrive\Documents 1\work\ecg-synthetic-research\data\rendered\neurokit2\NORM\SYN_NSR_03324.png,NORM,NORM,0.9873,1
C:\Users\taimo\OneDrive\Documents 1\work\ecg-synthetic-research\data\rendered\neurokit2\NORM\SYN_NSR_01905.png,NORM,NORM,0.985,1
C:\Users\taimo\OneDrive\Documents 1\work\ecg-synthetic-research\data\rendered\neurokit2\NORM\SYN_NSR_02830.png,NORM,NORM,0.989,1
C:\Users\taimo\OneDrive\Documents 1\work\ecg-synthetic-research\data\rendered\neurokit2\NORM\SYN_NSR_01205.png,NORM,NORM,0.9814,1
C:\Users\taimo\OneDrive\Documents 1\work\ecg-synthetic-research\data\rendered\neurokit2\NORM\SYN_NSR_00806.png,NORM,NORM,0.9946,1
C:\Users\taimo\OneDrive\Documents 1\work\ecg-synthetic-research\data\rendered\neurokit2\NORM\SYN_NSR_00579.png,NORM,NORM,0.9814,1
C:\Users\taimo\OneDrive\Documents 1\work\ecg-synthetic-research\data\rendered\neurokit2\NORM\SYN_NSR_00001.png,NORM,NORM,0.9717,1
C:\Users\taimo\OneDrive\Documents 1\work\ecg-synthetic-research\data\rendered\neurokit2\NORM\SYN_NSR_00965.png,NORM,NORM,0.9883,1
C:\Users\taimo\OneDrive\Documents 1\work\ecg-synthetic-research\data\rendered\neurokit2\NORM\SYN_NSR_01426.png,NORM,NORM,0.981,1
C:\Users\taimo\OneDrive\Documents 1\work\ecg-synthetic-research\data\rendered\neurokit2\NORM\SYN_NSR_03794.png,NORM,NORM,0.9746,1
C:\Users\taimo\OneDrive\Documents 1\work\ecg-synthetic-research\data\rendered\neurokit2\NORM\SYN_NSR_01968.png,NORM,NORM,0.977,1
C:\Users\taimo\OneDrive\Documents 1\work\ecg-synthetic-research\data\rendered\neurokit2\NORM\SYN_NSR_00176.png,NORM,NORM,0.9873,1
C:\Users\taimo\OneDrive\Documents 1\work\ecg-synthetic-research\data\rendered\neurokit2\NORM\SYN_NSR_02485.png,NORM,NORM,0.9907,1
C:\Users\taimo\OneDrive\Documents 1\work\ecg-synthetic-research\data\rendered\neurokit2\NORM\SYN_NSR_00692.png,NORM,NORM,0.9946,1
C:\Users\taimo\OneDrive\Documents 1\work\ecg-synthetic-research\data\rendered\neurokit2\NORM\SYN_NSR_00218.png,NORM,NORM,0.9956,1
C:\Users\taimo\OneDrive\Documents 1\work\ecg-synthetic-research\data\rendered\neurokit2\NORM\SYN_NSR_03112.png,NORM,NORM,0.99,1
C:\Users\taimo\OneDrive\Documents 1\work\ecg-synthetic-research\data\rendered\neurokit2\NORM\SYN_NSR_03470.png,NORM,NORM,0.989,1
C:\Users\taimo\OneDrive\Documents 1\work\ecg-synthetic-research\data\rendered\neurokit2\NORM\SYN_NSR_02826.png,NORM,NORM,0.996,1
C:\Users\taimo\OneDrive\Documents 1\work\ecg-synthetic-research\data\rendered\neurokit2\NORM\SYN_NSR_00377.png,NORM,NORM,0.986,1
C:\Users\taimo\OneDrive\Documents 1\work\ecg-synthetic-research\data\rendered\neurokit2\NORM\SYN_NSR_00434.png,NORM,NORM,0.992,1
C:\Users\taimo\OneDrive\Documents 1\work\ecg-synthetic-research\data\rendered\neurokit2\NORM\SYN_NSR_02397.png,NORM,NORM,0.988,1
C:\Users\taimo\OneDrive\Documents 1\work\ecg-synthetic-research\data\rendered\neurokit2\NORM\SYN_NSR_00645.png,NORM,NORM,0.9883,1
C:\Users\taimo\OneDrive\Documents 1\work\ecg-synthetic-research\data\rendered\neurokit2\NORM\SYN_NSR_01428.png,NORM,NORM,0.993,1
C:\Users\taimo\OneDrive\Documents 1\work\ecg-synthetic-research\data\rendered\neurokit2\NORM\SYN_NSR_01165.png,NORM,NORM,0.989,1
C:\Users\taimo\OneDrive\Documents 1\work\ecg-synthetic-research\data\rendered\neurokit2\NORM\SYN_NSR_03816.png,NORM,NORM,0.98,1
C:\Users\taimo\OneDrive\Documents 1\work\ecg-synthetic-research\data\rendered\neurokit2\NORM\SYN_NSR_01190.png,NORM,NORM,0.9834,1
C:\Users\taimo\OneDrive\Documents 1\work\ecg-synthetic-research\data\rendered\neurokit2\NORM\SYN_NSR_00533.png,NORM,NORM,0.9854,1
C:\Users\taimo\OneDrive\Documents 1\work\ecg-synthetic-research\data\rendered\neurokit2\NORM\SYN_NSR_00950.png,NORM,NORM,0.9946,1
C:\Users\taimo\OneDrive\Documents 1\work\ecg-synthetic-research\data\rendered\neurokit2\NORM\SYN_NSR_02224.png,NORM,NORM,0.987,1
C:\Users\taimo\OneDrive\Documents 1\work\ecg-synthetic-research\data\rendered\neurokit2\NORM\SYN_NSR_01766.png,NORM,NORM,0.992,1
C:\Users\taimo\OneDrive\Documents 1\work\ecg-synthetic-research\data\rendered\neurokit2\NORM\SYN_NSR_01515.png,NORM,NORM,0.976,1
C:\Users\taimo\OneDrive\Documents 1\work\ecg-synthetic-research\data\rendered\neurokit2\NORM\SYN_NSR_00928.png,NORM,NORM,0.994,1
C:\Users\taimo\OneDrive\Documents 1\work\ecg-synthetic-research\data\rendered\neurokit2\NORM\SYN_NSR_00220.png,NORM,NORM,0.9883,1
C:\Users\taimo\OneDrive\Documents 1\work\ecg-synthetic-research\data\rendered\neurokit2\NORM\SYN_NSR_02165.png,NORM,NORM,0.9707,1
C:\Users\taimo\OneDrive\Documents 1\work\ecg-synthetic-research\data\rendered\neurokit2\NORM\SYN_NSR_03843.png,NORM,NORM,0.979,1
C:\Users\taimo\OneDrive\Documents 1\work\ecg-synthetic-research\data\rendered\neurokit2\NORM\SYN_NSR_03234.png,NORM,NORM,0.977,1
C:\Users\taimo\OneDrive\Documents 1\work\ecg-synthetic-research\data\rendered\neurokit2\NORM\SYN_NSR_01624.png,NORM,NORM,0.972,1
C:\Users\taimo\OneDrive\Documents 1\work\ecg-synthetic-research\data\rendered\neurokit2\NORM\SYN_NSR_02092.png,NORM,NORM,0.987,1
C:\Users\taimo\OneDrive\Documents 1\work\ecg-synthetic-research\data\rendered\neurokit2\NORM\SYN_NSR_02553.png,NORM,NORM,0.9946,1
C:\Users\taimo\OneDrive\Documents 1\work\ecg-synthetic-research\data\rendered\neurokit2\NORM\SYN_NSR_01951.png,NORM,NORM,0.9824,1
C:\Users\taimo\OneDrive\Documents 1\work\ecg-synthetic-research\data\rendered\neurokit2\NORM\SYN_NSR_00508.png,NORM,NORM,0.9917,1
C:\Users\taimo\OneDrive\Documents 1\work\ecg-synthetic-research\data\rendered\neurokit2\NORM\SYN_NSR_03055.png,NORM,NORM,0.984,1
C:\Users\taimo\OneDrive\Documents 1\work\ecg-synthetic-research\data\rendered\neurokit2\NORM\SYN_NSR_03118.png,NORM,NORM,0.972,1
C:\Users\taimo\OneDrive\Documents 1\work\ecg-synthetic-research\data\rendered\neurokit2\NORM\SYN_NSR_03854.png,NORM,NORM,0.9883,1
C:\Users\taimo\OneDrive\Documents 1\work\ecg-synthetic-research\data\rendered\neurokit2\NORM\SYN_NSR_00679.png,NORM,NORM,0.8286,1
C:\Users\taimo\OneDrive\Documents 1\work\ecg-synthetic-research\data\rendered\neurokit2\NORM\SYN_NSR_00097.png,NORM,NORM,0.99,1
C:\Users\taimo\OneDrive\Documents 1\work\ecg-synthetic-research\data\rendered\neurokit2\NORM\SYN_NSR_01229.png,NORM,NORM,0.991,1
C:\Users\taimo\OneDrive\Documents 1\work\ecg-synthetic-research\data\rendered\neurokit2\NORM\SYN_NSR_02750.png,NORM,NORM,0.9897,1
C:\Users\taimo\OneDrive\Documents 1\work\ecg-synthetic-research\data\rendered\neurokit2\NORM\SYN_NSR_01611.png,NORM,NORM,0.9863,1
C:\Users\taimo\OneDrive\Documents 1\work\ecg-synthetic-research\data\rendered\neurokit2\NORM\SYN_NSR_01223.png,NORM,NORM,0.9785,1
C:\Users\taimo\OneDrive\Documents 1\work\ecg-synthetic-research\data\rendered\neurokit2\NORM\SYN_NSR_02339.png,NORM,NORM,0.986,1
C:\Users\taimo\OneDrive\Documents 1\work\ecg-synthetic-research\data\rendered\neurokit2\NORM\SYN_NSR_02383.png,NORM,NORM,0.9917,1
C:\Users\taimo\OneDrive\Documents 1\work\ecg-synthetic-research\data\rendered\neurokit2\NORM\SYN_NSR_02836.png,NORM,NORM,0.9873,1
C:\Users\taimo\OneDrive\Documents 1\work\ecg-synthetic-research\data\rendered\neurokit2\NORM\SYN_NSR_02182.png,NORM,NORM,0.988,1
C:\Users\taimo\OneDrive\Documents 1\work\ecg-synthetic-research\data\rendered\neurokit2\NORM\SYN_NSR_00571.png,NORM,NORM,0.9907,1
C:\Users\taimo\OneDrive\Documents 1\work\ecg-synthetic-research\data\rendered\neurokit2\NORM\SYN_NSR_03039.png,NORM,NORM,0.9854,1
C:\Users\taimo\OneDrive\Documents 1\work\ecg-synthetic-research\data\rendered\neurokit2\NORM\SYN_NSR_01072.png,NORM,NORM,0.9927,1
C:\Users\taimo\OneDrive\Documents 1\work\ecg-synthetic-research\data\rendered\neurokit2\NORM\SYN_NSR_00966.png,NORM,NORM,0.991,1
C:\Users\taimo\OneDrive\Documents 1\work\ecg-synthetic-research\data\rendered\neurokit2\NORM\SYN_NSR_03369.png,NORM,NORM,0.981,1
C:\Users\taimo\OneDrive\Documents 1\work\ecg-synthetic-research\data\rendered\neurokit2\NORM\SYN_NSR_03538.png,NORM,NORM,0.9883,1
C:\Users\taimo\OneDrive\Documents 1\work\ecg-synthetic-research\data\rendered\neurokit2\NORM\SYN_NSR_02633.png,NORM,NORM,0.986,1
C:\Users\taimo\OneDrive\Documents 1\work\ecg-synthetic-research\data\rendered\neurokit2\NORM\SYN_NSR_01392.png,NORM,NORM,0.983,1
C:\Users\taimo\OneDrive\Documents 1\work\ecg-synthetic-research\data\rendered\neurokit2\NORM\SYN_NSR_01919.png,NORM,NORM,0.9946,1
C:\Users\taimo\OneDrive\Documents 1\work\ecg-synthetic-research\data\rendered\neurokit2\NORM\SYN_NSR_03713.png,NORM,NORM,0.9883,1
C:\Users\taimo\OneDrive\Documents 1\work\ecg-synthetic-research\data\rendered\neurokit2\NORM\SYN_NSR_00142.png,NORM,NORM,0.986,1
C:\Users\taimo\OneDrive\Documents 1\work\ecg-synthetic-research\data\rendered\neurokit2\NORM\SYN_NSR_01789.png,NORM,NORM,0.988,1
C:\Users\taimo\OneDrive\Documents 1\work\ecg-synthetic-research\data\rendered\neurokit2\NORM\SYN_NSR_00196.png,NORM,NORM,0.993,1
C:\Users\taimo\OneDrive\Documents 1\work\ecg-synthetic-research\data\rendered\neurokit2\NORM\SYN_NSR_00841.png,NORM,NORM,0.9907,1
C:\Users\taimo\OneDrive\Documents 1\work\ecg-synthetic-research\data\rendered\neurokit2\NORM\SYN_NSR_00632.png,NORM,NORM,0.991,1
C:\Users\taimo\OneDrive\Documents 1\work\ecg-synthetic-research\data\rendered\neurokit2\NORM\SYN_NSR_02081.png,NORM,NORM,0.9907,1
C:\Users\taimo\OneDrive\Documents 1\work\ecg-synthetic-research\data\rendered\neurokit2\NORM\SYN_NSR_01833.png,NORM,NORM,0.997,1
C:\Users\taimo\OneDrive\Documents 1\work\ecg-synthetic-research\data\rendered\neurokit2\NORM\SYN_NSR_02000.png,NORM,NORM,0.9907,1
C:\Users\taimo\OneDrive\Documents 1\work\ecg-synthetic-research\data\rendered\neurokit2\NORM\SYN_NSR_03662.png,NORM,NORM,0.988,1
C:\Users\taimo\OneDrive\Documents 1\work\ecg-synthetic-research\data\rendered\neurokit2\NORM\SYN_NSR_00638.png,NORM,NORM,0.986,1
C:\Users\taimo\OneDrive\Documents 1\work\ecg-synthetic-research\data\rendered\neurokit2\NORM\SYN_NSR_01098.png,NORM,NORM,0.9937,1
C:\Users\taimo\OneDrive\Documents 1\work\ecg-synthetic-research\data\rendered\neurokit2\NORM\SYN_NSR_00922.png,NORM,NORM,0.979,1
C:\Users\taimo\OneDrive\Documents 1\work\ecg-synthetic-research\data\rendered\neurokit2\NORM\SYN_NSR_02367.png,NORM,NORM,0.995,1
C:\Users\taimo\OneDrive\Documents 1\work\ecg-synthetic-research\data\rendered\neurokit2\NORM\SYN_NSR_01323.png,NORM,NORM,0.9917,1
C:\Users\taimo\OneDrive\Documents 1\work\ecg-synthetic-research\data\rendered\neurokit2\NORM\SYN_NSR_03934.png,NORM,NORM,0.9927,1
C:\Users\taimo\OneDrive\Documents 1\work\ecg-synthetic-research\data\rendered\neurokit2\NORM\SYN_NSR_02678.png,NORM,NORM,0.989,1
C:\Users\taimo\OneDrive\Documents 1\work\ecg-synthetic-research\data\rendered\neurokit2\NORM\SYN_NSR_02442.png,NORM,NORM,0.9956,1
C:\Users\taimo\OneDrive\Documents 1\work\ecg-synthetic-research\data\rendered\neurokit2\NORM\SYN_NSR_02197.png,NORM,NORM,0.9893,1
C:\Users\taimo\OneDrive\Documents 1\work\ecg-synthetic-research\data\rendered\neurokit2\NORM\SYN_NSR_02964.png,NORM,NORM,0.9946,1
C:\Users\taimo\OneDrive\Documents 1\work\ecg-synthetic-research\data\rendered\neurokit2\NORM\SYN_NSR_01289.png,NORM,NORM,0.983,1
C:\Users\taimo\OneDrive\Documents 1\work\ecg-synthetic-research\data\rendered\neurokit2\NORM\SYN_NSR_00868.png,NORM,NORM,0.9917,1
C:\Users\taimo\OneDrive\Documents 1\work\ecg-synthetic-research\data\rendered\neurokit2\NORM\SYN_NSR_03021.png,NORM,NORM,0.9907,1
C:\Users\taimo\OneDrive\Documents 1\work\ecg-synthetic-research\data\rendered\neurokit2\NORM\SYN_NSR_03675.png,NORM,NORM,0.9834,1
C:\Users\taimo\OneDrive\Documents 1\work\ecg-synthetic-research\data\rendered\neurokit2\NORM\SYN_NSR_03671.png,NORM,NORM,0.983,1
C:\Users\taimo\OneDrive\Documents 1\work\ecg-synthetic-research\data\rendered\neurokit2\NORM\SYN_NSR_00766.png,NORM,NORM,0.98,1
C:\Users\taimo\OneDrive\Documents 1\work\ecg-synthetic-research\data\rendered\neurokit2\NORM\SYN_NSR_02660.png,NORM,NORM,0.9917,1
C:\Users\taimo\OneDrive\Documents 1\work\ecg-synthetic-research\data\rendered\neurokit2\NORM\SYN_NSR_00583.png,NORM,NORM,0.9775,1
C:\Users\taimo\OneDrive\Documents 1\work\ecg-synthetic-research\data\rendered\neurokit2\NORM\SYN_NSR_00941.png,NORM,NORM,0.9824,1
C:\Users\taimo\OneDrive\Documents 1\work\ecg-synthetic-research\data\rendered\neurokit2\NORM\SYN_NSR_02311.png,NORM,NORM,0.975,1
C:\Users\taimo\OneDrive\Documents 1\work\ecg-synthetic-research\data\rendered\neurokit2\NORM\SYN_NSR_01601.png,NORM,NORM,0.9897,1
C:\Users\taimo\OneDrive\Documents 1\work\ecg-synthetic-research\data\rendered\neurokit2\NORM\SYN_NSR_00536.png,NORM,NORM,0.988,1
C:\Users\taimo\OneDrive\Documents 1\work\ecg-synthetic-research\data\rendered\neurokit2\NORM\SYN_NSR_00698.png,NORM,NORM,0.976,1
C:\Users\taimo\OneDrive\Documents 1\work\ecg-synthetic-research\data\rendered\neurokit2\NORM\SYN_NSR_03625.png,NORM,NORM,0.9824,1
C:\Users\taimo\OneDrive\Documents 1\work\ecg-synthetic-research\data\rendered\neurokit2\NORM\SYN_NSR_01847.png,NORM,NORM,0.994,1
C:\Users\taimo\OneDrive\Documents 1\work\ecg-synthetic-research\data\rendered\neurokit2\NORM\SYN_NSR_00234.png,NORM,NORM,0.9854,1
C:\Users\taimo\OneDrive\Documents 1\work\ecg-synthetic-research\data\rendered\neurokit2\NORM\SYN_NSR_01724.png,NORM,NORM,0.994,1
C:\Users\taimo\OneDrive\Documents 1\work\ecg-synthetic-research\data\rendered\neurokit2\NORM\SYN_NSR_02743.png,NORM,NORM,0.9927,1
C:\Users\taimo\OneDrive\Documents 1\work\ecg-synthetic-research\data\rendered\neurokit2\NORM\SYN_NSR_00473.png,NORM,NORM,0.9795,1
C:\Users\taimo\OneDrive\Documents 1\work\ecg-synthetic-research\data\rendered\neurokit2\NORM\SYN_NSR_03277.png,NORM,NORM,0.9883,1
C:\Users\taimo\OneDrive\Documents 1\work\ecg-synthetic-research\data\rendered\neurokit2\NORM\SYN_NSR_00136.png,NORM,NORM,0.9946,1
C:\Users\taimo\OneDrive\Documents 1\work\ecg-synthetic-research\data\rendered\neurokit2\NORM\SYN_NSR_01054.png,NORM,NORM,0.9966,1
C:\Users\taimo\OneDrive\Documents 1\work\ecg-synthetic-research\data\rendered\neurokit2\NORM\SYN_NSR_02953.png,NORM,NORM,0.993,1
C:\Users\taimo\OneDrive\Documents 1\work\ecg-synthetic-research\data\rendered\neurokit2\NORM\SYN_NSR_03950.png,NORM,NORM,0.985,1
C:\Users\taimo\OneDrive\Documents 1\work\ecg-synthetic-research\data\rendered\neurokit2\NORM\SYN_NSR_00283.png,NORM,NORM,0.991,1
C:\Users\taimo\OneDrive\Documents 1\work\ecg-synthetic-research\data\rendered\neurokit2\NORM\SYN_NSR_03795.png,NORM,NORM,0.9897,1
C:\Users\taimo\OneDrive\Documents 1\work\ecg-synthetic-research\data\rendered\neurokit2\NORM\SYN_NSR_03510.png,NORM,NORM,0.9775,1
C:\Users\taimo\OneDrive\Documents 1\work\ecg-synthetic-research\data\rendered\neurokit2\NORM\SYN_NSR_03169.png,NORM,NORM,0.988,1
C:\Users\taimo\OneDrive\Documents 1\work\ecg-synthetic-research\data\rendered\neurokit2\NORM\SYN_NSR_02899.png,NORM,NORM,0.9956,1
C:\Users\taimo\OneDrive\Documents 1\work\ecg-synthetic-research\data\rendered\neurokit2\NORM\SYN_NSR_02298.png,NORM,NORM,0.99,1
C:\Users\taimo\OneDrive\Documents 1\work\ecg-synthetic-research\data\rendered\neurokit2\NORM\SYN_NSR_01652.png,NORM,NORM,0.9736,1
C:\Users\taimo\OneDrive\Documents 1\work\ecg-synthetic-research\data\rendered\neurokit2\NORM\SYN_NSR_00888.png,NORM,NORM,0.978,1
C:\Users\taimo\OneDrive\Documents 1\work\ecg-synthetic-research\data\rendered\neurokit2\NORM\SYN_NSR_00414.png,NORM,NORM,0.9717,1
C:\Users\taimo\OneDrive\Documents 1\work\ecg-synthetic-research\data\rendered\neurokit2\NORM\SYN_NSR_01804.png,NORM,NORM,0.994,1
C:\Users\taimo\OneDrive\Documents 1\work\ecg-synthetic-research\data\rendered\neurokit2\NORM\SYN_NSR_00273.png,NORM,NORM,0.961,1
C:\Users\taimo\OneDrive\Documents 1\work\ecg-synthetic-research\data\rendered\neurokit2\NORM\SYN_NSR_03237.png,NORM,NORM,0.9854,1
C:\Users\taimo\OneDrive\Documents 1\work\ecg-synthetic-research\data\rendered\neurokit2\NORM\SYN_NSR_01862.png,NORM,NORM,0.99,1
C:\Users\taimo\OneDrive\Documents 1\work\ecg-synthetic-research\data\rendered\neurokit2\NORM\SYN_NSR_02412.png,NORM,NORM,0.992,1
C:\Users\taimo\OneDrive\Documents 1\work\ecg-synthetic-research\data\rendered\neurokit2\NORM\SYN_NSR_01954.png,NORM,NORM,0.986,1
C:\Users\taimo\OneDrive\Documents 1\work\ecg-synthetic-research\data\rendered\neurokit2\NORM\SYN_NSR_03707.png,NORM,NORM,0.991,1
C:\Users\taimo\OneDrive\Documents 1\work\ecg-synthetic-research\data\rendered\neurokit2\NORM\SYN_NSR_03428.png,NORM,NORM,0.9717,1
C:\Users\taimo\OneDrive\Documents 1\work\ecg-synthetic-research\data\rendered\neurokit2\NORM\SYN_NSR_02692.png,NORM,NORM,0.994,1
C:\Users\taimo\OneDrive\Documents 1\work\ecg-synthetic-research\data\rendered\neurokit2\NORM\SYN_NSR_03015.png,NORM,NORM,0.9893,1
C:\Users\taimo\OneDrive\Documents 1\work\ecg-synthetic-research\data\rendered\neurokit2\NORM\SYN_NSR_01285.png,NORM,NORM,0.9946,1
C:\Users\taimo\OneDrive\Documents 1\work\ecg-synthetic-research\data\rendered\neurokit2\NORM\SYN_NSR_00499.png,NORM,NORM,0.9883,1
C:\Users\taimo\OneDrive\Documents 1\work\ecg-synthetic-research\data\rendered\neurokit2\NORM\SYN_NSR_01252.png,NORM,NORM,0.9897,1
C:\Users\taimo\OneDrive\Documents 1\work\ecg-synthetic-research\data\rendered\neurokit2\NORM\SYN_NSR_02640.png,NORM,NORM,0.995,1
C:\Users\taimo\OneDrive\Documents 1\work\ecg-synthetic-research\data\rendered\neurokit2\NORM\SYN_NSR_01469.png,NORM,NORM,0.98,1
C:\Users\taimo\OneDrive\Documents 1\work\ecg-synthetic-research\data\rendered\neurokit2\NORM\SYN_NSR_01911.png,NORM,NORM,0.992,1
C:\Users\taimo\OneDrive\Documents 1\work\ecg-synthetic-research\data\rendered\neurokit2\NORM\SYN_NSR_02046.png,NORM,NORM,0.9917,1
C:\Users\taimo\OneDrive\Documents 1\work\ecg-synthetic-research\data\rendered\neurokit2\NORM\SYN_NSR_00856.png,NORM,NORM,0.995,1
C:\Users\taimo\OneDrive\Documents 1\work\ecg-synthetic-research\data\rendered\neurokit2\NORM\SYN_NSR_00200.png,NORM,NORM,0.983,1
C:\Users\taimo\OneDrive\Documents 1\work\ecg-synthetic-research\data\rendered\neurokit2\NORM\SYN_NSR_02406.png,NORM,NORM,0.988,1
C:\Users\taimo\OneDrive\Documents 1\work\ecg-synthetic-research\data\rendered\neurokit2\NORM\SYN_NSR_00232.png,NORM,NORM,0.9863,1
C:\Users\taimo\OneDrive\Documents 1\work\ecg-synthetic-research\data\rendered\neurokit2\NORM\SYN_NSR_02651.png,NORM,NORM,0.9844,1
C:\Users\taimo\OneDrive\Documents 1\work\ecg-synthetic-research\data\rendered\neurokit2\NORM\SYN_NSR_01628.png,NORM,NORM,0.987,1
C:\Users\taimo\OneDrive\Documents 1\work\ecg-synthetic-research\data\rendered\neurokit2\NORM\SYN_NSR_00192.png,NORM,NORM,0.9897,1
C:\Users\taimo\OneDrive\Documents 1\work\ecg-synthetic-research\data\rendered\neurokit2\NORM\SYN_NSR_02669.png,NORM,NORM,0.967,1
C:\Users\taimo\OneDrive\Documents 1\work\ecg-synthetic-research\data\rendered\neurokit2\NORM\SYN_NSR_03429.png,NORM,NORM,0.994,1
C:\Users\taimo\OneDrive\Documents 1\work\ecg-synthetic-research\data\rendered\neurokit2\NORM\SYN_NSR_02006.png,NORM,NORM,0.9795,1
C:\Users\taimo\OneDrive\Documents 1\work\ecg-synthetic-research\data\rendered\neurokit2\NORM\SYN_NSR_03902.png,NORM,NORM,0.9907,1
C:\Users\taimo\OneDrive\Documents 1\work\ecg-synthetic-research\data\rendered\neurokit2\NORM\SYN_NSR_00995.png,NORM,NORM,0.978,1
C:\Users\taimo\OneDrive\Documents 1\work\ecg-synthetic-research\data\rendered\neurokit2\NORM\SYN_NSR_03942.png,NORM,NORM,0.987,1
C:\Users\taimo\OneDrive\Documents 1\work\ecg-synthetic-research\data\rendered\neurokit2\NORM\SYN_NSR_03523.png,NORM,NORM,0.9814,1
C:\Users\taimo\OneDrive\Documents 1\work\ecg-synthetic-research\data\rendered\neurokit2\NORM\SYN_NSR_00901.png,NORM,NORM,0.9795,1
C:\Users\taimo\OneDrive\Documents 1\work\ecg-synthetic-research\data\rendered\neurokit2\NORM\SYN_NSR_03706.png,NORM,NORM,0.9966,1
C:\Users\taimo\OneDrive\Documents 1\work\ecg-synthetic-research\data\rendered\neurokit2\NORM\SYN_NSR_00510.png,NORM,NORM,0.9873,1
C:\Users\taimo\OneDrive\Documents 1\work\ecg-synthetic-research\data\rendered\neurokit2\NORM\SYN_NSR_02795.png,NORM,NORM,0.975,1
C:\Users\taimo\OneDrive\Documents 1\work\ecg-synthetic-research\data\rendered\neurokit2\NORM\SYN_NSR_00768.png,NORM,NORM,0.996,1
C:\Users\taimo\OneDrive\Documents 1\work\ecg-synthetic-research\data\rendered\neurokit2\NORM\SYN_NSR_00124.png,NORM,NORM,0.99,1
C:\Users\taimo\OneDrive\Documents 1\work\ecg-synthetic-research\data\rendered\neurokit2\NORM\SYN_NSR_00820.png,NORM,NORM,0.9893,1
C:\Users\taimo\OneDrive\Documents 1\work\ecg-synthetic-research\data\rendered\neurokit2\NORM\SYN_NSR_03514.png,NORM,NORM,0.981,1
C:\Users\taimo\OneDrive\Documents 1\work\ecg-synthetic-research\data\rendered\neurokit2\NORM\SYN_NSR_03491.png,NORM,NORM,0.9956,1
C:\Users\taimo\OneDrive\Documents 1\work\ecg-synthetic-research\data\rendered\neurokit2\NORM\SYN_NSR_03187.png,NORM,NORM,0.9844,1
C:\Users\taimo\OneDrive\Documents 1\work\ecg-synthetic-research\data\rendered\neurokit2\NORM\SYN_NSR_03307.png,NORM,NORM,0.9873,1
C:\Users\taimo\OneDrive\Documents 1\work\ecg-synthetic-research\data\rendered\neurokit2\NORM\SYN_NSR_03612.png,NORM,NORM,0.99,1
C:\Users\taimo\OneDrive\Documents 1\work\ecg-synthetic-research\data\rendered\neurokit2\NORM\SYN_NSR_03724.png,NORM,NORM,0.998,1
C:\Users\taimo\OneDrive\Documents 1\work\ecg-synthetic-research\data\rendered\neurokit2\NORM\SYN_NSR_01593.png,NORM,NORM,0.9927,1
C:\Users\taimo\OneDrive\Documents 1\work\ecg-synthetic-research\data\rendered\neurokit2\NORM\SYN_NSR_03652.png,NORM,NORM,0.9883,1
C:\Users\taimo\OneDrive\Documents 1\work\ecg-synthetic-research\data\rendered\neurokit2\NORM\SYN_NSR_03122.png,NORM,NORM,0.9814,1
C:\Users\taimo\OneDrive\Documents 1\work\ecg-synthetic-research\data\rendered\neurokit2\NORM\SYN_NSR_00543.png,NORM,NORM,0.9937,1
C:\Users\taimo\OneDrive\Documents 1\work\ecg-synthetic-research\data\rendered\neurokit2\NORM\SYN_NSR_01197.png,NORM,NORM,0.9956,1
C:\Users\taimo\OneDrive\Documents 1\work\ecg-synthetic-research\data\rendered\neurokit2\NORM\SYN_NSR_02250.png,NORM,NORM,0.992,1
C:\Users\taimo\OneDrive\Documents 1\work\ecg-synthetic-research\data\rendered\neurokit2\NORM\SYN_NSR_01776.png,NORM,NORM,0.9966,1
C:\Users\taimo\OneDrive\Documents 1\work\ecg-synthetic-research\data\rendered\neurokit2\NORM\SYN_NSR_00899.png,NORM,NORM,0.9893,1
C:\Users\taimo\OneDrive\Documents 1\work\ecg-synthetic-research\data\rendered\neurokit2\NORM\SYN_NSR_01502.png,NORM,NORM,0.9854,1
C:\Users\taimo\OneDrive\Documents 1\work\ecg-synthetic-research\data\rendered\neurokit2\NORM\SYN_NSR_02719.png,NORM,NORM,0.991,1
C:\Users\taimo\OneDrive\Documents 1\work\ecg-synthetic-research\data\rendered\neurokit2\MI\SYN_MI_00528.png,MI,MI,0.9946,1
C:\Users\taimo\OneDrive\Documents 1\work\ecg-synthetic-research\data\rendered\neurokit2\MI\SYN_MI_01757.png,MI,MI,0.92,1
C:\Users\taimo\OneDrive\Documents 1\work\ecg-synthetic-research\data\rendered\neurokit2\MI\SYN_MI_03410.png,MI,MI,0.986,1
C:\Users\taimo\OneDrive\Documents 1\work\ecg-synthetic-research\data\rendered\neurokit2\MI\SYN_MI_03859.png,MI,MI,0.989,1
C:\Users\taimo\OneDrive\Documents 1\work\ecg-synthetic-research\data\rendered\neurokit2\MI\SYN_MI_00595.png,MI,MI,0.995,1
C:\Users\taimo\OneDrive\Documents 1\work\ecg-synthetic-research\data\rendered\neurokit2\MI\SYN_MI_03591.png,MI,MI,0.988,1
C:\Users\taimo\OneDrive\Documents 1\work\ecg-synthetic-research\data\rendered\neurokit2\MI\SYN_MI_03888.png,MI,MI,0.9756,1
C:\Users\taimo\OneDrive\Documents 1\work\ecg-synthetic-research\data\rendered\neurokit2\MI\SYN_MI_02300.png,MI,MI,0.933,1
C:\Users\taimo\OneDrive\Documents 1\work\ecg-synthetic-research\data\rendered\neurokit2\MI\SYN_MI_02384.png,MI,MI,0.995,1
C:\Users\taimo\OneDrive\Documents 1\work\ecg-synthetic-research\data\rendered\neurokit2\MI\SYN_MI_02457.png,MI,MI,0.9917,1
C:\Users\taimo\OneDrive\Documents 1\work\ecg-synthetic-research\data\rendered\neurokit2\MI\SYN_MI_03048.png,MI,MI,0.994,1
C:\Users\taimo\OneDrive\Documents 1\work\ecg-synthetic-research\data\rendered\neurokit2\MI\SYN_MI_01988.png,MI,MI,0.969,1
C:\Users\taimo\OneDrive\Documents 1\work\ecg-synthetic-research\data\rendered\neurokit2\MI\SYN_MI_01056.png,MI,MI,0.997,1
C:\Users\taimo\OneDrive\Documents 1\work\ecg-synthetic-research\data\rendered\neurokit2\MI\SYN_MI_00568.png,MI,MI,0.994,1
C:\Users\taimo\OneDrive\Documents 1\work\ecg-synthetic-research\data\rendered\neurokit2\MI\SYN_MI_03225.png,MI,MI,0.9946,1
C:\Users\taimo\OneDrive\Documents 1\work\ecg-synthetic-research\data\rendered\neurokit2\MI\SYN_MI_02579.png,MI,MI,0.9946,1
C:\Users\taimo\OneDrive\Documents 1\work\ecg-synthetic-research\data\rendered\neurokit2\MI\SYN_MI_03783.png,MI,MI,0.994,1
C:\Users\taimo\OneDrive\Documents 1\work\ecg-synthetic-research\data\rendered\neurokit2\MI\SYN_MI_01262.png,MI,MI,0.9805,1
C:\Users\taimo\OneDrive\Documents 1\work\ecg-synthetic-research\data\rendered\neurokit2\MI\SYN_MI_00890.png,MI,MI,0.992,1
C:\Users\taimo\OneDrive\Documents 1\work\ecg-synthetic-research\data\rendered\neurokit2\MI\SYN_MI_00394.png,MI,MI,0.73,1
C:\Users\taimo\OneDrive\Documents 1\work\ecg-synthetic-research\data\rendered\neurokit2\MI\SYN_MI_01488.png,MI,MI,0.99,1
C:\Users\taimo\OneDrive\Documents 1\work\ecg-synthetic-research\data\rendered\neurokit2\MI\SYN_MI_03540.png,MI,MI,0.983,1
C:\Users\taimo\OneDrive\Documents 1\work\ecg-synthetic-research\data\rendered\neurokit2\MI\SYN_MI_01425.png,MI,MI,0.9937,1
C:\Users\taimo\OneDrive\Documents 1\work\ecg-synthetic-research\data\rendered\neurokit2\MI\SYN_MI_01993.png,MI,MI,0.974,1
C:\Users\taimo\OneDrive\Documents 1\work\ecg-synthetic-research\data\rendered\neurokit2\MI\SYN_MI_01553.png,MI,MI,0.9624,1
C:\Users\taimo\OneDrive\Documents 1\work\ecg-synthetic-research\data\rendered\neurokit2\MI\SYN_MI_02296.png,MI,MI,0.953,1
C:\Users\taimo\OneDrive\Documents 1\work\ecg-synthetic-research\data\rendered\neurokit2\MI\SYN_MI_00034.png,MI,MI,0.9946,1
C:\Users\taimo\OneDrive\Documents 1\work\ecg-synthetic-research\data\rendered\neurokit2\MI\SYN_MI_03302.png,MI,MI,0.9883,1
C:\Users\taimo\OneDrive\Documents 1\work\ecg-synthetic-research\data\rendered\neurokit2\MI\SYN_MI_01243.png,MI,MI,0.992,1
C:\Users\taimo\OneDrive\Documents 1\work\ecg-synthetic-research\data\rendered\neurokit2\MI\SYN_MI_00671.png,MI,MI,0.988,1
C:\Users\taimo\OneDrive\Documents 1\work\ecg-synthetic-research\data\rendered\neurokit2\MI\SYN_MI_01557.png,MI,MI,0.9683,1
C:\Users\taimo\OneDrive\Documents 1\work\ecg-synthetic-research\data\rendered\neurokit2\MI\SYN_MI_01745.png,MI,MI,0.9434,1
C:\Users\taimo\OneDrive\Documents 1\work\ecg-synthetic-research\data\rendered\neurokit2\MI\SYN_MI_02980.png,MI,MI,0.98,1
C:\Users\taimo\OneDrive\Documents 1\work\ecg-synthetic-research\data\rendered\neurokit2\MI\SYN_MI_01627.png,MI,MI,0.9937,1
C:\Users\taimo\OneDrive\Documents 1\work\ecg-synthetic-research\data\rendered\neurokit2\MI\SYN_MI_00600.png,MI,MI,0.9956,1
C:\Users\taimo\OneDrive\Documents 1\work\ecg-synthetic-research\data\rendered\neurokit2\MI\SYN_MI_01115.png,MI,MI,0.985,1
C:\Users\taimo\OneDrive\Documents 1\work\ecg-synthetic-research\data\rendered\neurokit2\MI\SYN_MI_02500.png,MI,MI,0.992,1
C:\Users\taimo\OneDrive\Documents 1\work\ecg-synthetic-research\data\rendered\neurokit2\MI\SYN_MI_01879.png,MI,MI,0.9854,1
C:\Users\taimo\OneDrive\Documents 1\work\ecg-synthetic-research\data\rendered\neurokit2\MI\SYN_MI_03059.png,MI,MI,0.993,1
C:\Users\taimo\OneDrive\Documents 1\work\ecg-synthetic-research\data\rendered\neurokit2\MI\SYN_MI_02794.png,MI,MI,0.9805,1
C:\Users\taimo\OneDrive\Documents 1\work\ecg-synthetic-research\data\rendered\neurokit2\MI\SYN_MI_02359.png,MI,MI,0.946,1
C:\Users\taimo\OneDrive\Documents 1\work\ecg-synthetic-research\data\rendered\neurokit2\MI\SYN_MI_01211.png,MI,MI,0.978,1
C:\Users\taimo\OneDrive\Documents 1\work\ecg-synthetic-research\data\rendered\neurokit2\MI\SYN_MI_01293.png,MI,MI,0.974,1
C:\Users\taimo\OneDrive\Documents 1\work\ecg-synthetic-research\data\rendered\neurokit2\MI\SYN_MI_02904.png,MI,MI,0.9917,1
C:\Users\taimo\OneDrive\Documents 1\work\ecg-synthetic-research\data\rendered\neurokit2\MI\SYN_MI_02454.png,MI,MI,0.995,1
C:\Users\taimo\OneDrive\Documents 1\work\ecg-synthetic-research\data\rendered\neurokit2\MI\SYN_MI_03573.png,MI,MI,0.991,1
C:\Users\taimo\OneDrive\Documents 1\work\ecg-synthetic-research\data\rendered\neurokit2\MI\SYN_MI_03394.png,MI,MI,0.973,1
C:\Users\taimo\OneDrive\Documents 1\work\ecg-synthetic-research\data\rendered\neurokit2\MI\SYN_MI_02120.png,MI,MI,0.9355,1
C:\Users\taimo\OneDrive\Documents 1\work\ecg-synthetic-research\data\rendered\neurokit2\MI\SYN_MI_01331.png,MI,MI,0.993,1
C:\Users\taimo\OneDrive\Documents 1\work\ecg-synthetic-research\data\rendered\neurokit2\MI\SYN_MI_00299.png,MI,MI,0.9966,1
C:\Users\taimo\OneDrive\Documents 1\work\ecg-synthetic-research\data\rendered\neurokit2\MI\SYN_MI_01576.png,MI,MI,0.9756,1
C:\Users\taimo\OneDrive\Documents 1\work\ecg-synthetic-research\data\rendered\neurokit2\MI\SYN_MI_00024.png,MI,MI,0.9937,1
C:\Users\taimo\OneDrive\Documents 1\work\ecg-synthetic-research\data\rendered\neurokit2\MI\SYN_MI_01085.png,MI,MI,0.972,1
C:\Users\taimo\OneDrive\Documents 1\work\ecg-synthetic-research\data\rendered\neurokit2\MI\SYN_MI_01273.png,MI,MI,0.9946,1
C:\Users\taimo\OneDrive\Documents 1\work\ecg-synthetic-research\data\rendered\neurokit2\MI\SYN_MI_00599.png,MI,MI,0.995,1
C:\Users\taimo\OneDrive\Documents 1\work\ecg-synthetic-research\data\rendered\neurokit2\MI\SYN_MI_02122.png,MI,MI,0.9614,1
C:\Users\taimo\OneDrive\Documents 1\work\ecg-synthetic-research\data\rendered\neurokit2\MI\SYN_MI_03645.png,MI,MI,0.9927,1
C:\Users\taimo\OneDrive\Documents 1\work\ecg-synthetic-research\data\rendered\neurokit2\MI\SYN_MI_01567.png,MI,MI,0.9927,1
C:\Users\taimo\OneDrive\Documents 1\work\ecg-synthetic-research\data\rendered\neurokit2\MI\SYN_MI_00409.png,MI,MI,0.9927,1
C:\Users\taimo\OneDrive\Documents 1\work\ecg-synthetic-research\data\rendered\neurokit2\MI\SYN_MI_00316.png,MI,MI,0.988,1
C:\Users\taimo\OneDrive\Documents 1\work\ecg-synthetic-research\data\rendered\neurokit2\MI\SYN_MI_02733.png,MI,MI,0.899,1
C:\Users\taimo\OneDrive\Documents 1\work\ecg-synthetic-research\data\rendered\neurokit2\MI\SYN_MI_03116.png,MI,MI,0.9697,1
C:\Users\taimo\OneDrive\Documents 1\work\ecg-synthetic-research\data\rendered\neurokit2\MI\SYN_MI_01455.png,MI,MI,0.987,1
C:\Users\taimo\OneDrive\Documents 1\work\ecg-synthetic-research\data\rendered\neurokit2\MI\SYN_MI_02017.png,MI,MI,0.976,1
C:\Users\taimo\OneDrive\Documents 1\work\ecg-synthetic-research\data\rendered\neurokit2\MI\SYN_MI_03779.png,MI,MI,0.9834,1
C:\Users\taimo\OneDrive\Documents 1\work\ecg-synthetic-research\data\rendered\neurokit2\MI\SYN_MI_01024.png,MI,MI,0.9917,1
C:\Users\taimo\OneDrive\Documents 1\work\ecg-synthetic-research\data\rendered\neurokit2\MI\SYN_MI_03226.png,MI,MI,0.9795,1
C:\Users\taimo\OneDrive\Documents 1\work\ecg-synthetic-research\data\rendered\neurokit2\MI\SYN_MI_00487.png,MI,MI,0.9873,1
C:\Users\taimo\OneDrive\Documents 1\work\ecg-synthetic-research\data\rendered\neurokit2\MI\SYN_MI_02438.png,MI,MI,0.993,1
C:\Users\taimo\OneDrive\Documents 1\work\ecg-synthetic-research\data\rendered\neurokit2\MI\SYN_MI_01742.png,MI,MI,0.991,1
C:\Users\taimo\OneDrive\Documents 1\work\ecg-synthetic-research\data\rendered\neurokit2\MI\SYN_MI_00052.png,MI,MI,0.994,1
C:\Users\taimo\OneDrive\Documents 1\work\ecg-synthetic-research\data\rendered\neurokit2\MI\SYN_MI_01689.png,MI,MI,0.9956,1
C:\Users\taimo\OneDrive\Documents 1\work\ecg-synthetic-research\data\rendered\neurokit2\MI\SYN_MI_02761.png,MI,MI,0.985,1
C:\Users\taimo\OneDrive\Documents 1\work\ecg-synthetic-research\data\rendered\neurokit2\MI\SYN_MI_01065.png,MI,MI,0.98,1
C:\Users\taimo\OneDrive\Documents 1\work\ecg-synthetic-research\data\rendered\neurokit2\MI\SYN_MI_01654.png,MI,MI,0.9844,1
C:\Users\taimo\OneDrive\Documents 1\work\ecg-synthetic-research\data\rendered\neurokit2\MI\SYN_MI_00565.png,MI,MI,0.854,1
C:\Users\taimo\OneDrive\Documents 1\work\ecg-synthetic-research\data\rendered\neurokit2\MI\SYN_MI_00215.png,MI,MI,0.781,1
C:\Users\taimo\OneDrive\Documents 1\work\ecg-synthetic-research\data\rendered\neurokit2\MI\SYN_MI_03027.png,MI,MI,0.9976,1
C:\Users\taimo\OneDrive\Documents 1\work\ecg-synthetic-research\data\rendered\neurokit2\MI\SYN_MI_03976.png,MI,MI,0.964,1
C:\Users\taimo\OneDrive\Documents 1\work\ecg-synthetic-research\data\rendered\neurokit2\MI\SYN_MI_00753.png,MI,MI,0.984,1
C:\Users\taimo\OneDrive\Documents 1\work\ecg-synthetic-research\data\rendered\neurokit2\MI\SYN_MI_00045.png,MI,MI,0.966,1
C:\Users\taimo\OneDrive\Documents 1\work\ecg-synthetic-research\data\rendered\neurokit2\MI\SYN_MI_02399.png,MI,MI,0.971,1
C:\Users\taimo\OneDrive\Documents 1\work\ecg-synthetic-research\data\rendered\neurokit2\MI\SYN_MI_00811.png,MI,MI,0.9653,1
C:\Users\taimo\OneDrive\Documents 1\work\ecg-synthetic-research\data\rendered\neurokit2\MI\SYN_MI_03809.png,MI,MI,0.9536,1
C:\Users\taimo\OneDrive\Documents 1\work\ecg-synthetic-research\data\rendered\neurokit2\MI\SYN_MI_00257.png,MI,MI,0.9644,1
C:\Users\taimo\OneDrive\Documents 1\work\ecg-synthetic-research\data\rendered\neurokit2\MI\SYN_MI_00577.png,MI,MI,0.9893,1
C:\Users\taimo\OneDrive\Documents 1\work\ecg-synthetic-research\data\rendered\neurokit2\MI\SYN_MI_03737.png,MI,MI,0.9507,1
C:\Users\taimo\OneDrive\Documents 1\work\ecg-synthetic-research\data\rendered\neurokit2\MI\SYN_MI_00292.png,MI,MI,0.99,1
C:\Users\taimo\OneDrive\Documents 1\work\ecg-synthetic-research\data\rendered\neurokit2\MI\SYN_MI_01511.png,MI,MI,0.974,1
C:\Users\taimo\OneDrive\Documents 1\work\ecg-synthetic-research\data\rendered\neurokit2\MI\SYN_MI_00264.png,MI,MI,0.966,1
C:\Users\taimo\OneDrive\Documents 1\work\ecg-synthetic-research\data\rendered\neurokit2\MI\SYN_MI_00765.png,MI,MI,0.9937,1
C:\Users\taimo\OneDrive\Documents 1\work\ecg-synthetic-research\data\rendered\neurokit2\MI\SYN_MI_01294.png,MI,MI,0.956,1
C:\Users\taimo\OneDrive\Documents 1\work\ecg-synthetic-research\data\rendered\neurokit2\MI\SYN_MI_00545.png,MI,MI,0.979,1
C:\Users\taimo\OneDrive\Documents 1\work\ecg-synthetic-research\data\rendered\neurokit2\MI\SYN_MI_01729.png,MI,MI,0.9673,1
C:\Users\taimo\OneDrive\Documents 1\work\ecg-synthetic-research\data\rendered\neurokit2\MI\SYN_MI_02025.png,MI,MI,0.99,1
C:\Users\taimo\OneDrive\Documents 1\work\ecg-synthetic-research\data\rendered\neurokit2\MI\SYN_MI_01589.png,MI,MI,0.981,1
C:\Users\taimo\OneDrive\Documents 1\work\ecg-synthetic-research\data\rendered\neurokit2\MI\SYN_MI_03839.png,MI,MI,0.9907,1
C:\Users\taimo\OneDrive\Documents 1\work\ecg-synthetic-research\data\rendered\neurokit2\MI\SYN_MI_00433.png,MI,MI,0.7725,1
C:\Users\taimo\OneDrive\Documents 1\work\ecg-synthetic-research\data\rendered\neurokit2\MI\SYN_MI_02892.png,MI,MI,0.9746,1
C:\Users\taimo\OneDrive\Documents 1\work\ecg-synthetic-research\data\rendered\neurokit2\MI\SYN_MI_01806.png,MI,MI,0.9785,1
C:\Users\taimo\OneDrive\Documents 1\work\ecg-synthetic-research\data\rendered\neurokit2\MI\SYN_MI_01946.png,MI,MI,0.8833,1
C:\Users\taimo\OneDrive\Documents 1\work\ecg-synthetic-research\data\rendered\neurokit2\MI\SYN_MI_00175.png,MI,MI,0.995,1
C:\Users\taimo\OneDrive\Documents 1\work\ecg-synthetic-research\data\rendered\neurokit2\MI\SYN_MI_00991.png,MI,MI,0.996,1
C:\Users\taimo\OneDrive\Documents 1\work\ecg-synthetic-research\data\rendered\neurokit2\MI\SYN_MI_01427.png,MI,MI,0.945,1
C:\Users\taimo\OneDrive\Documents 1\work\ecg-synthetic-research\data\rendered\neurokit2\MI\SYN_MI_02963.png,MI,MI,0.9873,1
C:\Users\taimo\OneDrive\Documents 1\work\ecg-synthetic-research\data\rendered\neurokit2\MI\SYN_MI_00228.png,MI,MI,0.995,1
C:\Users\taimo\OneDrive\Documents 1\work\ecg-synthetic-research\data\rendered\neurokit2\MI\SYN_MI_00352.png,MI,MI,0.9805,1
C:\Users\taimo\OneDrive\Documents 1\work\ecg-synthetic-research\data\rendered\neurokit2\MI\SYN_MI_01201.png,MI,MI,0.993,1
C:\Users\taimo\OneDrive\Documents 1\work\ecg-synthetic-research\data\rendered\neurokit2\MI\SYN_MI_01378.png,MI,MI,0.9937,1
C:\Users\taimo\OneDrive\Documents 1\work\ecg-synthetic-research\data\rendered\neurokit2\MI\SYN_MI_01069.png,MI,MI,0.859,1
C:\Users\taimo\OneDrive\Documents 1\work\ecg-synthetic-research\data\rendered\neurokit2\MI\SYN_MI_01414.png,MI,MI,0.9834,1
C:\Users\taimo\OneDrive\Documents 1\work\ecg-synthetic-research\data\rendered\neurokit2\MI\SYN_MI_00140.png,MI,MI,0.9946,1
C:\Users\taimo\OneDrive\Documents 1\work\ecg-synthetic-research\data\rendered\neurokit2\MI\SYN_MI_00267.png,MI,MI,0.992,1
C:\Users\taimo\OneDrive\Documents 1\work\ecg-synthetic-research\data\rendered\neurokit2\MI\SYN_MI_00064.png,MI,MI,0.9883,1
C:\Users\taimo\OneDrive\Documents 1\work\ecg-synthetic-research\data\rendered\neurokit2\MI\SYN_MI_02683.png,MI,MI,0.9854,1
C:\Users\taimo\OneDrive\Documents 1\work\ecg-synthetic-research\data\rendered\neurokit2\MI\SYN_MI_03993.png,MI,MI,0.9883,1
C:\Users\taimo\OneDrive\Documents 1\work\ecg-synthetic-research\data\rendered\neurokit2\MI\SYN_MI_00777.png,MI,MI,0.9907,1
C:\Users\taimo\OneDrive\Documents 1\work\ecg-synthetic-research\data\rendered\neurokit2\MI\SYN_MI_00970.png,MI,MI,0.9775,1
C:\Users\taimo\OneDrive\Documents 1\work\ecg-synthetic-research\data\rendered\neurokit2\MI\SYN_MI_00865.png,MI,MI,0.953,1
C:\Users\taimo\OneDrive\Documents 1\work\ecg-synthetic-research\data\rendered\neurokit2\MI\SYN_MI_03493.png,MI,MI,0.9116,1
C:\Users\taimo\OneDrive\Documents 1\work\ecg-synthetic-research\data\rendered\neurokit2\MI\SYN_MI_01462.png,MI,MI,0.9873,1
C:\Users\taimo\OneDrive\Documents 1\work\ecg-synthetic-research\data\rendered\neurokit2\MI\SYN_MI_00359.png,MI,MI,0.9907,1
C:\Users\taimo\OneDrive\Documents 1\work\ecg-synthetic-research\data\rendered\neurokit2\MI\SYN_MI_01030.png,MI,MI,0.997,1
C:\Users\taimo\OneDrive\Documents 1\work\ecg-synthetic-research\data\rendered\neurokit2\MI\SYN_MI_01771.png,MI,MI,0.895,1
C:\Users\taimo\OneDrive\Documents 1\work\ecg-synthetic-research\data\rendered\neurokit2\MI\SYN_MI_02628.png,MI,MI,0.9937,1
C:\Users\taimo\OneDrive\Documents 1\work\ecg-synthetic-research\data\rendered\neurokit2\MI\SYN_MI_01399.png,MI,MI,0.9307,1
C:\Users\taimo\OneDrive\Documents 1\work\ecg-synthetic-research\data\rendered\neurokit2\MI\SYN_MI_03285.png,MI,MI,0.955,1
C:\Users\taimo\OneDrive\Documents 1\work\ecg-synthetic-research\data\rendered\neurokit2\MI\SYN_MI_03053.png,MI,MI,0.9272,1
C:\Users\taimo\OneDrive\Documents 1\work\ecg-synthetic-research\data\rendered\neurokit2\MI\SYN_MI_01111.png,MI,MI,0.9854,1
C:\Users\taimo\OneDrive\Documents 1\work\ecg-synthetic-research\data\rendered\neurokit2\MI\SYN_MI_00077.png,MI,MI,0.9897,1
C:\Users\taimo\OneDrive\Documents 1\work\ecg-synthetic-research\data\rendered\neurokit2\MI\SYN_MI_00734.png,MI,MI,0.985,1
C:\Users\taimo\OneDrive\Documents 1\work\ecg-synthetic-research\data\rendered\neurokit2\MI\SYN_MI_02731.png,MI,MI,0.987,1
C:\Users\taimo\OneDrive\Documents 1\work\ecg-synthetic-research\data\rendered\neurokit2\MI\SYN_MI_03473.png,MI,MI,0.9917,1
C:\Users\taimo\OneDrive\Documents 1\work\ecg-synthetic-research\data\rendered\neurokit2\MI\SYN_MI_00430.png,MI,MI,0.98,1
C:\Users\taimo\OneDrive\Documents 1\work\ecg-synthetic-research\data\rendered\neurokit2\MI\SYN_MI_02717.png,MI,MI,0.9775,1
C:\Users\taimo\OneDrive\Documents 1\work\ecg-synthetic-research\data\rendered\neurokit2\MI\SYN_MI_00031.png,MI,MI,0.982,1
C:\Users\taimo\OneDrive\Documents 1\work\ecg-synthetic-research\data\rendered\neurokit2\MI\SYN_MI_03858.png,MI,MI,0.9346,1
C:\Users\taimo\OneDrive\Documents 1\work\ecg-synthetic-research\data\rendered\neurokit2\MI\SYN_MI_02667.png,MI,MI,0.9966,1
C:\Users\taimo\OneDrive\Documents 1\work\ecg-synthetic-research\data\rendered\neurokit2\MI\SYN_MI_00444.png,MI,MI,0.9883,1
C:\Users\taimo\OneDrive\Documents 1\work\ecg-synthetic-research\data\rendered\neurokit2\MI\SYN_MI_02970.png,MI,MI,0.9966,1
C:\Users\taimo\OneDrive\Documents 1\work\ecg-synthetic-research\data\rendered\neurokit2\MI\SYN_MI_00290.png,MI,MI,0.996,1
C:\Users\taimo\OneDrive\Documents 1\work\ecg-synthetic-research\data\rendered\neurokit2\MI\SYN_MI_03941.png,MI,MI,0.995,1
C:\Users\taimo\OneDrive\Documents 1\work\ecg-synthetic-research\data\rendered\neurokit2\MI\SYN_MI_01736.png,MI,MI,0.9805,1
C:\Users\taimo\OneDrive\Documents 1\work\ecg-synthetic-research\data\rendered\neurokit2\MI\SYN_MI_00451.png,MI,MI,0.985,1
C:\Users\taimo\OneDrive\Documents 1\work\ecg-synthetic-research\data\rendered\neurokit2\MI\SYN_MI_00786.png,MI,MI,0.9785,1
C:\Users\taimo\OneDrive\Documents 1\work\ecg-synthetic-research\data\rendered\neurokit2\MI\SYN_MI_03388.png,MI,MI,0.9966,1
C:\Users\taimo\OneDrive\Documents 1\work\ecg-synthetic-research\data\rendered\neurokit2\MI\SYN_MI_02370.png,MI,MI,0.968,1
C:\Users\taimo\OneDrive\Documents 1\work\ecg-synthetic-research\data\rendered\neurokit2\MI\SYN_MI_01996.png,MI,MI,0.9917,1
C:\Users\taimo\OneDrive\Documents 1\work\ecg-synthetic-research\data\rendered\neurokit2\MI\SYN_MI_03378.png,MI,MI,0.9956,1
C:\Users\taimo\OneDrive\Documents 1\work\ecg-synthetic-research\data\rendered\neurokit2\MI\SYN_MI_01346.png,MI,MI,0.949,1
C:\Users\taimo\OneDrive\Documents 1\work\ecg-synthetic-research\data\rendered\neurokit2\MI\SYN_MI_02093.png,MI,MI,0.9873,1
C:\Users\taimo\OneDrive\Documents 1\work\ecg-synthetic-research\data\rendered\neurokit2\MI\SYN_MI_01741.png,MI,MI,0.9854,1
C:\Users\taimo\OneDrive\Documents 1\work\ecg-synthetic-research\data\rendered\neurokit2\MI\SYN_MI_02856.png,MI,MI,0.9966,1
C:\Users\taimo\OneDrive\Documents 1\work\ecg-synthetic-research\data\rendered\neurokit2\MI\SYN_MI_03571.png,MI,MI,0.962,1
C:\Users\taimo\OneDrive\Documents 1\work\ecg-synthetic-research\data\rendered\neurokit2\MI\SYN_MI_01910.png,MI,MI,0.985,1
C:\Users\taimo\OneDrive\Documents 1\work\ecg-synthetic-research\data\rendered\neurokit2\MI\SYN_MI_00412.png,MI,MI,0.998,1
C:\Users\taimo\OneDrive\Documents 1\work\ecg-synthetic-research\data\rendered\neurokit2\MI\SYN_MI_01075.png,MI,MI,0.9873,1
C:\Users\taimo\OneDrive\Documents 1\work\ecg-synthetic-research\data\rendered\neurokit2\MI\SYN_MI_00153.png,MI,MI,0.989,1
C:\Users\taimo\OneDrive\Documents 1\work\ecg-synthetic-research\data\rendered\neurokit2\MI\SYN_MI_00103.png,MI,MI,0.9863,1
C:\Users\taimo\OneDrive\Documents 1\work\ecg-synthetic-research\data\rendered\neurokit2\MI\SYN_MI_03352.png,MI,MI,0.995,1
C:\Users\taimo\OneDrive\Documents 1\work\ecg-synthetic-research\data\rendered\neurokit2\MI\SYN_MI_02841.png,MI,MI,0.9775,1
C:\Users\taimo\OneDrive\Documents 1\work\ecg-synthetic-research\data\rendered\neurokit2\MI\SYN_MI_02520.png,MI,MI,0.993,1
C:\Users\taimo\OneDrive\Documents 1\work\ecg-synthetic-research\data\rendered\neurokit2\MI\SYN_MI_00756.png,MI,MI,0.9526,1
C:\Users\taimo\OneDrive\Documents 1\work\ecg-synthetic-research\data\rendered\neurokit2\MI\SYN_MI_02644.png,MI,MI,0.9272,1
C:\Users\taimo\OneDrive\Documents 1\work\ecg-synthetic-research\data\rendered\neurokit2\MI\SYN_MI_03780.png,MI,MI,0.9937,1
C:\Users\taimo\OneDrive\Documents 1\work\ecg-synthetic-research\data\rendered\neurokit2\MI\SYN_MI_03963.png,MI,MI,0.9873,1
C:\Users\taimo\OneDrive\Documents 1\work\ecg-synthetic-research\data\rendered\neurokit2\MI\SYN_MI_02184.png,MI,MI,0.993,1
C:\Users\taimo\OneDrive\Documents 1\work\ecg-synthetic-research\data\rendered\neurokit2\MI\SYN_MI_00555.png,MI,MI,0.988,1
C:\Users\taimo\OneDrive\Documents 1\work\ecg-synthetic-research\data\rendered\neurokit2\MI\SYN_MI_03432.png,MI,MI,0.9863,1
C:\Users\taimo\OneDrive\Documents 1\work\ecg-synthetic-research\data\rendered\neurokit2\MI\SYN_MI_00812.png,MI,MI,0.994,1
C:\Users\taimo\OneDrive\Documents 1\work\ecg-synthetic-research\data\rendered\neurokit2\MI\SYN_MI_01660.png,MI,MI,0.9883,1
C:\Users\taimo\OneDrive\Documents 1\work\ecg-synthetic-research\data\rendered\neurokit2\MI\SYN_MI_01449.png,MI,MI,0.9863,1
C:\Users\taimo\OneDrive\Documents 1\work\ecg-synthetic-research\data\rendered\neurokit2\MI\SYN_MI_01058.png,MI,MI,0.9736,1
C:\Users\taimo\OneDrive\Documents 1\work\ecg-synthetic-research\data\rendered\neurokit2\MI\SYN_MI_03433.png,MI,MI,0.9956,1
C:\Users\taimo\OneDrive\Documents 1\work\ecg-synthetic-research\data\rendered\neurokit2\MI\SYN_MI_00924.png,MI,MI,0.967,1
C:\Users\taimo\OneDrive\Documents 1\work\ecg-synthetic-research\data\rendered\neurokit2\MI\SYN_MI_03279.png,MI,MI,0.9673,1
C:\Users\taimo\OneDrive\Documents 1\work\ecg-synthetic-research\data\rendered\neurokit2\MI\SYN_MI_01421.png,MI,MI,0.951,1
C:\Users\taimo\OneDrive\Documents 1\work\ecg-synthetic-research\data\rendered\neurokit2\MI\SYN_MI_03186.png,MI,MI,0.995,1
C:\Users\taimo\OneDrive\Documents 1\work\ecg-synthetic-research\data\rendered\neurokit2\MI\SYN_MI_03159.png,MI,MI,0.992,1
C:\Users\taimo\OneDrive\Documents 1\work\ecg-synthetic-research\data\rendered\neurokit2\MI\SYN_MI_02177.png,MI,MI,0.992,1
C:\Users\taimo\OneDrive\Documents 1\work\ecg-synthetic-research\data\rendered\neurokit2\MI\SYN_MI_03058.png,MI,MI,0.986,1
C:\Users\taimo\OneDrive\Documents 1\work\ecg-synthetic-research\data\rendered\neurokit2\MI\SYN_MI_03653.png,MI,MI,0.9746,1
C:\Users\taimo\OneDrive\Documents 1\work\ecg-synthetic-research\data\rendered\neurokit2\MI\SYN_MI_00480.png,MI,MI,0.9585,1
C:\Users\taimo\OneDrive\Documents 1\work\ecg-synthetic-research\data\rendered\neurokit2\MI\SYN_MI_01770.png,MI,MI,0.991,1
C:\Users\taimo\OneDrive\Documents 1\work\ecg-synthetic-research\data\rendered\neurokit2\MI\SYN_MI_01941.png,MI,MI,0.986,1
C:\Users\taimo\OneDrive\Documents 1\work\ecg-synthetic-research\data\rendered\neurokit2\MI\SYN_MI_00469.png,MI,MI,0.9966,1
C:\Users\taimo\OneDrive\Documents 1\work\ecg-synthetic-research\data\rendered\neurokit2\MI\SYN_MI_02079.png,MI,MI,0.988,1
C:\Users\taimo\OneDrive\Documents 1\work\ecg-synthetic-research\data\rendered\neurokit2\MI\SYN_MI_00062.png,MI,MI,0.993,1
C:\Users\taimo\OneDrive\Documents 1\work\ecg-synthetic-research\data\rendered\neurokit2\MI\SYN_MI_00255.png,MI,MI,0.926,1
C:\Users\taimo\OneDrive\Documents 1\work\ecg-synthetic-research\data\rendered\neurokit2\MI\SYN_MI_00916.png,MI,MI,0.998,1
C:\Users\taimo\OneDrive\Documents 1\work\ecg-synthetic-research\data\rendered\neurokit2\MI\SYN_MI_01872.png,MI,MI,0.9663,1
C:\Users\taimo\OneDrive\Documents 1\work\ecg-synthetic-research\data\rendered\neurokit2\MI\SYN_MI_02409.png,MI,MI,0.938,1
C:\Users\taimo\OneDrive\Documents 1\work\ecg-synthetic-research\data\rendered\neurokit2\MI\SYN_MI_01808.png,MI,MI,0.966,1
C:\Users\taimo\OneDrive\Documents 1\work\ecg-synthetic-research\data\rendered\neurokit2\MI\SYN_MI_03033.png,MI,MI,0.994,1
C:\Users\taimo\OneDrive\Documents 1\work\ecg-synthetic-research\data\rendered\neurokit2\MI\SYN_MI_03580.png,MI,MI,0.987,1
C:\Users\taimo\OneDrive\Documents 1\work\ecg-synthetic-research\data\rendered\neurokit2\MI\SYN_MI_02348.png,MI,MI,0.997,1
C:\Users\taimo\OneDrive\Documents 1\work\ecg-synthetic-research\data\rendered\neurokit2\MI\SYN_MI_02649.png,MI,MI,0.9585,1
C:\Users\taimo\OneDrive\Documents 1\work\ecg-synthetic-research\data\rendered\neurokit2\MI\SYN_MI_00284.png,MI,MI,0.983,1
C:\Users\taimo\OneDrive\Documents 1\work\ecg-synthetic-research\data\rendered\neurokit2\MI\SYN_MI_00622.png,MI,MI,0.979,1
C:\Users\taimo\OneDrive\Documents 1\work\ecg-synthetic-research\data\rendered\neurokit2\MI\SYN_MI_01643.png,MI,MI,0.922,1
C:\Users\taimo\OneDrive\Documents 1\work\ecg-synthetic-research\data\rendered\neurokit2\MI\SYN_MI_02992.png,MI,MI,0.995,1
C:\Users\taimo\OneDrive\Documents 1\work\ecg-synthetic-research\data\rendered\neurokit2\MI\SYN_MI_03564.png,MI,MI,0.9565,1
C:\Users\taimo\OneDrive\Documents 1\work\ecg-synthetic-research\data\rendered\neurokit2\MI\SYN_MI_01109.png,MI,MI,0.973,1
C:\Users\taimo\OneDrive\Documents 1\work\ecg-synthetic-research\data\rendered\neurokit2\MI\SYN_MI_01602.png,MI,MI,0.9897,1
C:\Users\taimo\OneDrive\Documents 1\work\ecg-synthetic-research\data\rendered\neurokit2\MI\SYN_MI_00219.png,MI,MI,0.9585,1
C:\Users\taimo\OneDrive\Documents 1\work\ecg-synthetic-research\data\rendered\neurokit2\MI\SYN_MI_03324.png,MI,MI,0.9927,1
C:\Users\taimo\OneDrive\Documents 1\work\ecg-synthetic-research\data\rendered\neurokit2\MI\SYN_MI_01905.png,MI,MI,0.977,1
C:\Users\taimo\OneDrive\Documents 1\work\ecg-synthetic-research\data\rendered\neurokit2\MI\SYN_MI_02830.png,MI,MI,0.9883,1
C:\Users\taimo\OneDrive\Documents 1\work\ecg-synthetic-research\data\rendered\neurokit2\MI\SYN_MI_01205.png,MI,MI,0.9956,1
C:\Users\taimo\OneDrive\Documents 1\work\ecg-synthetic-research\data\rendered\neurokit2\MI\SYN_MI_00806.png,MI,MI,0.9863,1
C:\Users\taimo\OneDrive\Documents 1\work\ecg-synthetic-research\data\rendered\neurokit2\MI\SYN_MI_00579.png,MI,MI,0.9365,1
C:\Users\taimo\OneDrive\Documents 1\work\ecg-synthetic-research\data\rendered\neurokit2\MI\SYN_MI_00001.png,MI,MI,0.9824,1
C:\Users\taimo\OneDrive\Documents 1\work\ecg-synthetic-research\data\rendered\neurokit2\MI\SYN_MI_00965.png,MI,MI,0.9707,1
C:\Users\taimo\OneDrive\Documents 1\work\ecg-synthetic-research\data\rendered\neurokit2\MI\SYN_MI_01426.png,MI,MI,0.997,1
C:\Users\taimo\OneDrive\Documents 1\work\ecg-synthetic-research\data\rendered\neurokit2\MI\SYN_MI_03794.png,MI,MI,0.9946,1
C:\Users\taimo\OneDrive\Documents 1\work\ecg-synthetic-research\data\rendered\neurokit2\MI\SYN_MI_01968.png,MI,MI,0.9736,1
C:\Users\taimo\OneDrive\Documents 1\work\ecg-synthetic-research\data\rendered\neurokit2\MI\SYN_MI_00176.png,MI,MI,0.98,1
C:\Users\taimo\OneDrive\Documents 1\work\ecg-synthetic-research\data\rendered\neurokit2\MI\SYN_MI_02485.png,MI,MI,0.986,1
C:\Users\taimo\OneDrive\Documents 1\work\ecg-synthetic-research\data\rendered\neurokit2\MI\SYN_MI_00692.png,MI,MI,0.9927,1
C:\Users\taimo\OneDrive\Documents 1\work\ecg-synthetic-research\data\rendered\neurokit2\MI\SYN_MI_00218.png,MI,MI,0.951,1
C:\Users\taimo\OneDrive\Documents 1\work\ecg-synthetic-research\data\rendered\neurokit2\MI\SYN_MI_03112.png,MI,MI,0.997,1
C:\Users\taimo\OneDrive\Documents 1\work\ecg-synthetic-research\data\rendered\neurokit2\MI\SYN_MI_03470.png,MI,MI,0.9844,1
C:\Users\taimo\OneDrive\Documents 1\work\ecg-synthetic-research\data\rendered\neurokit2\MI\SYN_MI_02826.png,MI,MI,0.992,1
C:\Users\taimo\OneDrive\Documents 1\work\ecg-synthetic-research\data\rendered\neurokit2\MI\SYN_MI_00377.png,MI,MI,0.977,1
C:\Users\taimo\OneDrive\Documents 1\work\ecg-synthetic-research\data\rendered\neurokit2\MI\SYN_MI_00434.png,MI,MI,0.985,1
C:\Users\taimo\OneDrive\Documents 1\work\ecg-synthetic-research\data\rendered\neurokit2\MI\SYN_MI_02397.png,MI,MI,0.995,1
C:\Users\taimo\OneDrive\Documents 1\work\ecg-synthetic-research\data\rendered\neurokit2\MI\SYN_MI_00645.png,MI,MI,0.7817,1
C:\Users\taimo\OneDrive\Documents 1\work\ecg-synthetic-research\data\rendered\neurokit2\MI\SYN_MI_01428.png,MI,MI,0.986,1
C:\Users\taimo\OneDrive\Documents 1\work\ecg-synthetic-research\data\rendered\neurokit2\MI\SYN_MI_01165.png,MI,MI,0.9927,1
C:\Users\taimo\OneDrive\Documents 1\work\ecg-synthetic-research\data\rendered\neurokit2\MI\SYN_MI_03816.png,MI,MI,0.9316,1
C:\Users\taimo\OneDrive\Documents 1\work\ecg-synthetic-research\data\rendered\neurokit2\MI\SYN_MI_01190.png,MI,MI,0.9893,1
C:\Users\taimo\OneDrive\Documents 1\work\ecg-synthetic-research\data\rendered\neurokit2\MI\SYN_MI_00533.png,MI,MI,0.9927,1
C:\Users\taimo\OneDrive\Documents 1\work\ecg-synthetic-research\data\rendered\neurokit2\MI\SYN_MI_00950.png,MI,MI,0.971,1
C:\Users\taimo\OneDrive\Documents 1\work\ecg-synthetic-research\data\rendered\neurokit2\MI\SYN_MI_02224.png,MI,MI,0.993,1
C:\Users\taimo\OneDrive\Documents 1\work\ecg-synthetic-research\data\rendered\neurokit2\MI\SYN_MI_01766.png,MI,MI,0.9053,1
C:\Users\taimo\OneDrive\Documents 1\work\ecg-synthetic-research\data\rendered\neurokit2\MI\SYN_MI_01515.png,MI,MI,0.9795,1
C:\Users\taimo\OneDrive\Documents 1\work\ecg-synthetic-research\data\rendered\neurokit2\MI\SYN_MI_00928.png,MI,MI,0.989,1
C:\Users\taimo\OneDrive\Documents 1\work\ecg-synthetic-research\data\rendered\neurokit2\MI\SYN_MI_00220.png,MI,MI,0.8745,1
C:\Users\taimo\OneDrive\Documents 1\work\ecg-synthetic-research\data\rendered\neurokit2\MI\SYN_MI_02165.png,MI,MI,0.978,1
C:\Users\taimo\OneDrive\Documents 1\work\ecg-synthetic-research\data\rendered\neurokit2\MI\SYN_MI_03843.png,MI,MI,0.925,1
C:\Users\taimo\OneDrive\Documents 1\work\ecg-synthetic-research\data\rendered\neurokit2\MI\SYN_MI_03234.png,MI,MI,0.988,1
C:\Users\taimo\OneDrive\Documents 1\work\ecg-synthetic-research\data\rendered\neurokit2\MI\SYN_MI_01624.png,MI,MI,0.9854,1
C:\Users\taimo\OneDrive\Documents 1\work\ecg-synthetic-research\data\rendered\neurokit2\MI\SYN_MI_02092.png,MI,MI,0.995,1
C:\Users\taimo\OneDrive\Documents 1\work\ecg-synthetic-research\data\rendered\neurokit2\MI\SYN_MI_02553.png,MI,MI,0.984,1
C:\Users\taimo\OneDrive\Documents 1\work\ecg-synthetic-research\data\rendered\neurokit2\MI\SYN_MI_01951.png,MI,MI,0.995,1
C:\Users\taimo\OneDrive\Documents 1\work\ecg-synthetic-research\data\rendered\neurokit2\MI\SYN_MI_00508.png,MI,MI,0.991,1
C:\Users\taimo\OneDrive\Documents 1\work\ecg-synthetic-research\data\rendered\neurokit2\MI\SYN_MI_03055.png,MI,MI,0.978,1
C:\Users\taimo\OneDrive\Documents 1\work\ecg-synthetic-research\data\rendered\neurokit2\MI\SYN_MI_03118.png,MI,MI,0.9854,1
C:\Users\taimo\OneDrive\Documents 1\work\ecg-synthetic-research\data\rendered\neurokit2\MI\SYN_MI_03854.png,MI,MI,0.964,1
C:\Users\taimo\OneDrive\Documents 1\work\ecg-synthetic-research\data\rendered\neurokit2\MI\SYN_MI_00679.png,MI,MI,0.947,1
C:\Users\taimo\OneDrive\Documents 1\work\ecg-synthetic-research\data\rendered\neurokit2\MI\SYN_MI_00097.png,MI,MI,0.993,1
C:\Users\taimo\OneDrive\Documents 1\work\ecg-synthetic-research\data\rendered\neurokit2\MI\SYN_MI_01229.png,MI,MI,0.943,1
C:\Users\taimo\OneDrive\Documents 1\work\ecg-synthetic-research\data\rendered\neurokit2\MI\SYN_MI_02750.png,MI,MI,0.986,1
C:\Users\taimo\OneDrive\Documents 1\work\ecg-synthetic-research\data\rendered\neurokit2\MI\SYN_MI_01611.png,MI,MI,0.9775,1
C:\Users\taimo\OneDrive\Documents 1\work\ecg-synthetic-research\data\rendered\neurokit2\MI\SYN_MI_01223.png,MI,MI,0.984,1
C:\Users\taimo\OneDrive\Documents 1\work\ecg-synthetic-research\data\rendered\neurokit2\MI\SYN_MI_02339.png,MI,MI,0.9365,1
C:\Users\taimo\OneDrive\Documents 1\work\ecg-synthetic-research\data\rendered\neurokit2\MI\SYN_MI_02383.png,MI,MI,0.997,1
C:\Users\taimo\OneDrive\Documents 1\work\ecg-synthetic-research\data\rendered\neurokit2\MI\SYN_MI_02836.png,MI,MI,0.9854,1
C:\Users\taimo\OneDrive\Documents 1\work\ecg-synthetic-research\data\rendered\neurokit2\MI\SYN_MI_02182.png,MI,MI,0.971,1
C:\Users\taimo\OneDrive\Documents 1\work\ecg-synthetic-research\data\rendered\neurokit2\MI\SYN_MI_00571.png,MI,MI,0.9873,1
C:\Users\taimo\OneDrive\Documents 1\work\ecg-synthetic-research\data\rendered\neurokit2\MI\SYN_MI_03039.png,MI,MI,0.994,1
C:\Users\taimo\OneDrive\Documents 1\work\ecg-synthetic-research\data\rendered\neurokit2\MI\SYN_MI_01072.png,MI,MI,0.9927,1
C:\Users\taimo\OneDrive\Documents 1\work\ecg-synthetic-research\data\rendered\neurokit2\MI\SYN_MI_00966.png,MI,MI,0.9766,1
C:\Users\taimo\OneDrive\Documents 1\work\ecg-synthetic-research\data\rendered\neurokit2\MI\SYN_MI_03369.png,MI,MI,0.992,1
C:\Users\taimo\OneDrive\Documents 1\work\ecg-synthetic-research\data\rendered\neurokit2\MI\SYN_MI_03538.png,MI,MI,0.914,1
C:\Users\taimo\OneDrive\Documents 1\work\ecg-synthetic-research\data\rendered\neurokit2\MI\SYN_MI_02633.png,MI,MI,0.993,1
C:\Users\taimo\OneDrive\Documents 1\work\ecg-synthetic-research\data\rendered\neurokit2\MI\SYN_MI_01392.png,MI,MI,0.9717,1
C:\Users\taimo\OneDrive\Documents 1\work\ecg-synthetic-research\data\rendered\neurokit2\MI\SYN_MI_01919.png,MI,MI,0.9697,1
C:\Users\taimo\OneDrive\Documents 1\work\ecg-synthetic-research\data\rendered\neurokit2\MI\SYN_MI_03713.png,MI,MI,0.997,1
C:\Users\taimo\OneDrive\Documents 1\work\ecg-synthetic-research\data\rendered\neurokit2\MI\SYN_MI_00142.png,MI,MI,0.8926,1
C:\Users\taimo\OneDrive\Documents 1\work\ecg-synthetic-research\data\rendered\neurokit2\MI\SYN_MI_01789.png,MI,MI,0.9854,1
C:\Users\taimo\OneDrive\Documents 1\work\ecg-synthetic-research\data\rendered\neurokit2\MI\SYN_MI_00196.png,MI,MI,0.9463,1
C:\Users\taimo\OneDrive\Documents 1\work\ecg-synthetic-research\data\rendered\neurokit2\MI\SYN_MI_00841.png,MI,MI,0.937,1
C:\Users\taimo\OneDrive\Documents 1\work\ecg-synthetic-research\data\rendered\neurokit2\MI\SYN_MI_00632.png,MI,MI,0.989,1
C:\Users\taimo\OneDrive\Documents 1\work\ecg-synthetic-research\data\rendered\neurokit2\MI\SYN_MI_02081.png,MI,MI,0.9585,1
C:\Users\taimo\OneDrive\Documents 1\work\ecg-synthetic-research\data\rendered\neurokit2\MI\SYN_MI_01833.png,MI,MI,0.9824,1
C:\Users\taimo\OneDrive\Documents 1\work\ecg-synthetic-research\data\rendered\neurokit2\MI\SYN_MI_02000.png,MI,MI,0.985,1
C:\Users\taimo\OneDrive\Documents 1\work\ecg-synthetic-research\data\rendered\neurokit2\MI\SYN_MI_03662.png,MI,MI,0.9927,1
C:\Users\taimo\OneDrive\Documents 1\work\ecg-synthetic-research\data\rendered\neurokit2\MI\SYN_MI_00638.png,MI,MI,0.995,1
C:\Users\taimo\OneDrive\Documents 1\work\ecg-synthetic-research\data\rendered\neurokit2\MI\SYN_MI_01098.png,MI,MI,0.982,1
C:\Users\taimo\OneDrive\Documents 1\work\ecg-synthetic-research\data\rendered\neurokit2\MI\SYN_MI_00922.png,MI,MI,0.982,1
C:\Users\taimo\OneDrive\Documents 1\work\ecg-synthetic-research\data\rendered\neurokit2\MI\SYN_MI_02367.png,MI,MI,0.9907,1
C:\Users\taimo\OneDrive\Documents 1\work\ecg-synthetic-research\data\rendered\neurokit2\MI\SYN_MI_01323.png,MI,MI,0.9624,1
C:\Users\taimo\OneDrive\Documents 1\work\ecg-synthetic-research\data\rendered\neurokit2\MI\SYN_MI_03934.png,MI,MI,0.9946,1
C:\Users\taimo\OneDrive\Documents 1\work\ecg-synthetic-research\data\rendered\neurokit2\MI\SYN_MI_02678.png,MI,MI,0.9546,1
C:\Users\taimo\OneDrive\Documents 1\work\ecg-synthetic-research\data\rendered\neurokit2\MI\SYN_MI_02442.png,MI,MI,0.9854,1
C:\Users\taimo\OneDrive\Documents 1\work\ecg-synthetic-research\data\rendered\neurokit2\MI\SYN_MI_02197.png,MI,MI,0.9707,1
C:\Users\taimo\OneDrive\Documents 1\work\ecg-synthetic-research\data\rendered\neurokit2\MI\SYN_MI_02964.png,MI,MI,0.987,1
C:\Users\taimo\OneDrive\Documents 1\work\ecg-synthetic-research\data\rendered\neurokit2\MI\SYN_MI_01289.png,MI,MI,0.9854,1
C:\Users\taimo\OneDrive\Documents 1\work\ecg-synthetic-research\data\rendered\neurokit2\MI\SYN_MI_00868.png,MI,MI,0.981,1
C:\Users\taimo\OneDrive\Documents 1\work\ecg-synthetic-research\data\rendered\neurokit2\MI\SYN_MI_03021.png,MI,MI,0.9424,1
C:\Users\taimo\OneDrive\Documents 1\work\ecg-synthetic-research\data\rendered\neurokit2\MI\SYN_MI_03675.png,MI,MI,0.994,1
C:\Users\taimo\OneDrive\Documents 1\work\ecg-synthetic-research\data\rendered\neurokit2\MI\SYN_MI_03671.png,MI,MI,0.959,1
C:\Users\taimo\OneDrive\Documents 1\work\ecg-synthetic-research\data\rendered\neurokit2\MI\SYN_MI_00766.png,MI,MI,0.992,1
C:\Users\taimo\OneDrive\Documents 1\work\ecg-synthetic-research\data\rendered\neurokit2\MI\SYN_MI_02660.png,MI,MI,0.988,1
C:\Users\taimo\OneDrive\Documents 1\work\ecg-synthetic-research\data\rendered\neurokit2\MI\SYN_MI_00583.png,MI,MI,0.9756,1
C:\Users\taimo\OneDrive\Documents 1\work\ecg-synthetic-research\data\rendered\neurokit2\MI\SYN_MI_00941.png,MI,MI,0.984,1
C:\Users\taimo\OneDrive\Documents 1\work\ecg-synthetic-research\data\rendered\neurokit2\MI\SYN_MI_02311.png,MI,MI,0.9956,1
C:\Users\taimo\OneDrive\Documents 1\work\ecg-synthetic-research\data\rendered\neurokit2\MI\SYN_MI_01601.png,MI,MI,0.993,1
C:\Users\taimo\OneDrive\Documents 1\work\ecg-synthetic-research\data\rendered\neurokit2\MI\SYN_MI_00536.png,MI,MI,0.989,1
C:\Users\taimo\OneDrive\Documents 1\work\ecg-synthetic-research\data\rendered\neurokit2\MI\SYN_MI_00698.png,MI,MI,0.981,1
C:\Users\taimo\OneDrive\Documents 1\work\ecg-synthetic-research\data\rendered\neurokit2\MI\SYN_MI_03625.png,MI,MI,0.9927,1
C:\Users\taimo\OneDrive\Documents 1\work\ecg-synthetic-research\data\rendered\neurokit2\MI\SYN_MI_01847.png,MI,MI,0.9795,1
C:\Users\taimo\OneDrive\Documents 1\work\ecg-synthetic-research\data\rendered\neurokit2\MI\SYN_MI_00234.png,MI,MI,0.993,1
C:\Users\taimo\OneDrive\Documents 1\work\ecg-synthetic-research\data\rendered\neurokit2\MI\SYN_MI_01724.png,MI,MI,0.993,1
C:\Users\taimo\OneDrive\Documents 1\work\ecg-synthetic-research\data\rendered\neurokit2\MI\SYN_MI_02743.png,MI,MI,0.999,1
C:\Users\taimo\OneDrive\Documents 1\work\ecg-synthetic-research\data\rendered\neurokit2\MI\SYN_MI_00473.png,MI,MI,0.9746,1
C:\Users\taimo\OneDrive\Documents 1\work\ecg-synthetic-research\data\rendered\neurokit2\MI\SYN_MI_03277.png,MI,MI,0.994,1
C:\Users\taimo\OneDrive\Documents 1\work\ecg-synthetic-research\data\rendered\neurokit2\MI\SYN_MI_00136.png,MI,MI,0.9854,1
C:\Users\taimo\OneDrive\Documents 1\work\ecg-synthetic-research\data\rendered\neurokit2\MI\SYN_MI_01054.png,MI,MI,0.9966,1
C:\Users\taimo\OneDrive\Documents 1\work\ecg-synthetic-research\data\rendered\neurokit2\MI\SYN_MI_02953.png,MI,MI,0.9893,1
C:\Users\taimo\OneDrive\Documents 1\work\ecg-synthetic-research\data\rendered\neurokit2\MI\SYN_MI_03950.png,MI,MI,0.971,1
C:\Users\taimo\OneDrive\Documents 1\work\ecg-synthetic-research\data\rendered\neurokit2\MI\SYN_MI_00283.png,MI,MI,0.997,1
C:\Users\taimo\OneDrive\Documents 1\work\ecg-synthetic-research\data\rendered\neurokit2\MI\SYN_MI_03795.png,MI,MI,0.988,1
C:\Users\taimo\OneDrive\Documents 1\work\ecg-synthetic-research\data\rendered\neurokit2\MI\SYN_MI_03510.png,MI,MI,0.995,1
C:\Users\taimo\OneDrive\Documents 1\work\ecg-synthetic-research\data\rendered\neurokit2\MI\SYN_MI_03169.png,MI,MI,0.981,1
C:\Users\taimo\OneDrive\Documents 1\work\ecg-synthetic-research\data\rendered\neurokit2\MI\SYN_MI_02899.png,MI,MI,0.987,1
C:\Users\taimo\OneDrive\Documents 1\work\ecg-synthetic-research\data\rendered\neurokit2\MI\SYN_MI_02298.png,MI,MI,0.9917,1
C:\Users\taimo\OneDrive\Documents 1\work\ecg-synthetic-research\data\rendered\neurokit2\MI\SYN_MI_01652.png,MI,MI,0.9907,1
C:\Users\taimo\OneDrive\Documents 1\work\ecg-synthetic-research\data\rendered\neurokit2\MI\SYN_MI_00888.png,MI,MI,0.989,1
C:\Users\taimo\OneDrive\Documents 1\work\ecg-synthetic-research\data\rendered\neurokit2\MI\SYN_MI_00414.png,MI,MI,0.997,1
C:\Users\taimo\OneDrive\Documents 1\work\ecg-synthetic-research\data\rendered\neurokit2\MI\SYN_MI_01804.png,MI,MI,0.994,1
C:\Users\taimo\OneDrive\Documents 1\work\ecg-synthetic-research\data\rendered\neurokit2\MI\SYN_MI_00273.png,MI,MI,0.993,1
C:\Users\taimo\OneDrive\Documents 1\work\ecg-synthetic-research\data\rendered\neurokit2\MI\SYN_MI_03237.png,MI,MI,0.9634,1
C:\Users\taimo\OneDrive\Documents 1\work\ecg-synthetic-research\data\rendered\neurokit2\MI\SYN_MI_01862.png,MI,MI,0.992,1
C:\Users\taimo\OneDrive\Documents 1\work\ecg-synthetic-research\data\rendered\neurokit2\MI\SYN_MI_02412.png,MI,MI,0.992,1
C:\Users\taimo\OneDrive\Documents 1\work\ecg-synthetic-research\data\rendered\neurokit2\MI\SYN_MI_01954.png,MI,MI,0.9873,1
C:\Users\taimo\OneDrive\Documents 1\work\ecg-synthetic-research\data\rendered\neurokit2\MI\SYN_MI_03707.png,MI,MI,0.927,1
C:\Users\taimo\OneDrive\Documents 1\work\ecg-synthetic-research\data\rendered\neurokit2\MI\SYN_MI_03428.png,MI,MI,0.9717,1
C:\Users\taimo\OneDrive\Documents 1\work\ecg-synthetic-research\data\rendered\neurokit2\MI\SYN_MI_02692.png,MI,MI,0.976,1
C:\Users\taimo\OneDrive\Documents 1\work\ecg-synthetic-research\data\rendered\neurokit2\MI\SYN_MI_03015.png,MI,MI,0.996,1
C:\Users\taimo\OneDrive\Documents 1\work\ecg-synthetic-research\data\rendered\neurokit2\MI\SYN_MI_01285.png,MI,MI,0.953,1
C:\Users\taimo\OneDrive\Documents 1\work\ecg-synthetic-research\data\rendered\neurokit2\MI\SYN_MI_00499.png,MI,MI,0.9946,1
C:\Users\taimo\OneDrive\Documents 1\work\ecg-synthetic-research\data\rendered\neurokit2\MI\SYN_MI_01252.png,MI,MI,0.9854,1
C:\Users\taimo\OneDrive\Documents 1\work\ecg-synthetic-research\data\rendered\neurokit2\MI\SYN_MI_02640.png,MI,MI,0.992,1
C:\Users\taimo\OneDrive\Documents 1\work\ecg-synthetic-research\data\rendered\neurokit2\MI\SYN_MI_01469.png,MI,MI,0.9746,1
C:\Users\taimo\OneDrive\Documents 1\work\ecg-synthetic-research\data\rendered\neurokit2\MI\SYN_MI_01911.png,MI,MI,0.9746,1
C:\Users\taimo\OneDrive\Documents 1\work\ecg-synthetic-research\data\rendered\neurokit2\MI\SYN_MI_02046.png,MI,MI,0.9976,1
C:\Users\taimo\OneDrive\Documents 1\work\ecg-synthetic-research\data\rendered\neurokit2\MI\SYN_MI_00856.png,MI,MI,0.9854,1
C:\Users\taimo\OneDrive\Documents 1\work\ecg-synthetic-research\data\rendered\neurokit2\MI\SYN_MI_00200.png,MI,MI,0.907,1
C:\Users\taimo\OneDrive\Documents 1\work\ecg-synthetic-research\data\rendered\neurokit2\MI\SYN_MI_02406.png,MI,MI,0.9517,1
C:\Users\taimo\OneDrive\Documents 1\work\ecg-synthetic-research\data\rendered\neurokit2\MI\SYN_MI_00232.png,MI,MI,0.9434,1
C:\Users\taimo\OneDrive\Documents 1\work\ecg-synthetic-research\data\rendered\neurokit2\MI\SYN_MI_02651.png,MI,MI,0.98,1
C:\Users\taimo\OneDrive\Documents 1\work\ecg-synthetic-research\data\rendered\neurokit2\MI\SYN_MI_01628.png,MI,MI,0.989,1
C:\Users\taimo\OneDrive\Documents 1\work\ecg-synthetic-research\data\rendered\neurokit2\MI\SYN_MI_00192.png,MI,MI,0.974,1
C:\Users\taimo\OneDrive\Documents 1\work\ecg-synthetic-research\data\rendered\neurokit2\MI\SYN_MI_02669.png,MI,MI,0.987,1
C:\Users\taimo\OneDrive\Documents 1\work\ecg-synthetic-research\data\rendered\neurokit2\MI\SYN_MI_03429.png,MI,MI,0.821,1
C:\Users\taimo\OneDrive\Documents 1\work\ecg-synthetic-research\data\rendered\neurokit2\MI\SYN_MI_02006.png,MI,MI,0.9834,1
C:\Users\taimo\OneDrive\Documents 1\work\ecg-synthetic-research\data\rendered\neurokit2\MI\SYN_MI_03902.png,MI,MI,0.994,1
C:\Users\taimo\OneDrive\Documents 1\work\ecg-synthetic-research\data\rendered\neurokit2\MI\SYN_MI_00995.png,MI,MI,0.995,1
C:\Users\taimo\OneDrive\Documents 1\work\ecg-synthetic-research\data\rendered\neurokit2\MI\SYN_MI_03942.png,MI,MI,0.9844,1
C:\Users\taimo\OneDrive\Documents 1\work\ecg-synthetic-research\data\rendered\neurokit2\MI\SYN_MI_03523.png,MI,MI,0.9683,1
C:\Users\taimo\OneDrive\Documents 1\work\ecg-synthetic-research\data\rendered\neurokit2\MI\SYN_MI_00901.png,MI,MI,0.8735,1
C:\Users\taimo\OneDrive\Documents 1\work\ecg-synthetic-research\data\rendered\neurokit2\MI\SYN_MI_03706.png,MI,MI,0.985,1
C:\Users\taimo\OneDrive\Documents 1\work\ecg-synthetic-research\data\rendered\neurokit2\MI\SYN_MI_00510.png,MI,MI,0.994,1
C:\Users\taimo\OneDrive\Documents 1\work\ecg-synthetic-research\data\rendered\neurokit2\MI\SYN_MI_02795.png,MI,MI,0.9966,1
C:\Users\taimo\OneDrive\Documents 1\work\ecg-synthetic-research\data\rendered\neurokit2\MI\SYN_MI_00768.png,MI,MI,0.9077,1
C:\Users\taimo\OneDrive\Documents 1\work\ecg-synthetic-research\data\rendered\neurokit2\MI\SYN_MI_00124.png,MI,MI,0.996,1
C:\Users\taimo\OneDrive\Documents 1\work\ecg-synthetic-research\data\rendered\neurokit2\MI\SYN_MI_00820.png,MI,MI,0.9805,1
C:\Users\taimo\OneDrive\Documents 1\work\ecg-synthetic-research\data\rendered\neurokit2\MI\SYN_MI_03514.png,MI,MI,0.994,1
C:\Users\taimo\OneDrive\Documents 1\work\ecg-synthetic-research\data\rendered\neurokit2\MI\SYN_MI_03491.png,MI,MI,0.982,1
C:\Users\taimo\OneDrive\Documents 1\work\ecg-synthetic-research\data\rendered\neurokit2\MI\SYN_MI_03187.png,MI,MI,0.9717,1
C:\Users\taimo\OneDrive\Documents 1\work\ecg-synthetic-research\data\rendered\neurokit2\MI\SYN_MI_03307.png,MI,MI,0.9805,1
C:\Users\taimo\OneDrive\Documents 1\work\ecg-synthetic-research\data\rendered\neurokit2\MI\SYN_MI_03612.png,MI,MI,0.9897,1
C:\Users\taimo\OneDrive\Documents 1\work\ecg-synthetic-research\data\rendered\neurokit2\MI\SYN_MI_03724.png,MI,MI,0.9883,1
C:\Users\taimo\OneDrive\Documents 1\work\ecg-synthetic-research\data\rendered\neurokit2\MI\SYN_MI_01593.png,MI,MI,0.9336,1
C:\Users\taimo\OneDrive\Documents 1\work\ecg-synthetic-research\data\rendered\neurokit2\MI\SYN_MI_03652.png,MI,MI,0.976,1
C:\Users\taimo\OneDrive\Documents 1\work\ecg-synthetic-research\data\rendered\neurokit2\MI\SYN_MI_03122.png,MI,MI,0.988,1
C:\Users\taimo\OneDrive\Documents 1\work\ecg-synthetic-research\data\rendered\neurokit2\MI\SYN_MI_00543.png,MI,MI,0.991,1
C:\Users\taimo\OneDrive\Documents 1\work\ecg-synthetic-research\data\rendered\neurokit2\MI\SYN_MI_01197.png,MI,MI,0.9976,1
C:\Users\taimo\OneDrive\Documents 1\work\ecg-synthetic-research\data\rendered\neurokit2\MI\SYN_MI_02250.png,MI,MI,0.9336,1
C:\Users\taimo\OneDrive\Documents 1\work\ecg-synthetic-research\data\rendered\neurokit2\MI\SYN_MI_01776.png,MI,MI,0.996,1
C:\Users\taimo\OneDrive\Documents 1\work\ecg-synthetic-research\data\rendered\neurokit2\MI\SYN_MI_00899.png,MI,MI,0.981,1
C:\Users\taimo\OneDrive\Documents 1\work\ecg-synthetic-research\data\rendered\neurokit2\MI\SYN_MI_01502.png,MI,MI,0.987,1
C:\Users\taimo\OneDrive\Documents 1\work\ecg-synthetic-research\data\rendered\neurokit2\MI\SYN_MI_02719.png,MI,MI,0.9814,1
C:\Users\taimo\OneDrive\Documents 1\work\ecg-synthetic-research\data\rendered\neurokit2\AFIB\SYN_AFIB_00528.png,AFIB,AFIB,0.999,1
C:\Users\taimo\OneDrive\Documents 1\work\ecg-synthetic-research\data\rendered\neurokit2\AFIB\SYN_AFIB_01757.png,AFIB,AFIB,0.998,1
C:\Users\taimo\OneDrive\Documents 1\work\ecg-synthetic-research\data\rendered\neurokit2\AFIB\SYN_AFIB_03410.png,AFIB,AFIB,0.997,1
C:\Users\taimo\OneDrive\Documents 1\work\ecg-synthetic-research\data\rendered\neurokit2\AFIB\SYN_AFIB_03859.png,AFIB,AFIB,0.999,1
C:\Users\taimo\OneDrive\Documents 1\work\ecg-synthetic-research\data\rendered\neurokit2\AFIB\SYN_AFIB_00595.png,AFIB,AFIB,0.992,1
C:\Users\taimo\OneDrive\Documents 1\work\ecg-synthetic-research\data\rendered\neurokit2\AFIB\SYN_AFIB_03591.png,AFIB,AFIB,0.9976,1
C:\Users\taimo\OneDrive\Documents 1\work\ecg-synthetic-research\data\rendered\neurokit2\AFIB\SYN_AFIB_03888.png,AFIB,AFIB,0.9956,1
C:\Users\taimo\OneDrive\Documents 1\work\ecg-synthetic-research\data\rendered\neurokit2\AFIB\SYN_AFIB_02300.png,AFIB,AFIB,0.997,1
C:\Users\taimo\OneDrive\Documents 1\work\ecg-synthetic-research\data\rendered\neurokit2\AFIB\SYN_AFIB_02384.png,AFIB,AFIB,0.994,1
C:\Users\taimo\OneDrive\Documents 1\work\ecg-synthetic-research\data\rendered\neurokit2\AFIB\SYN_AFIB_02457.png,AFIB,AFIB,0.998,1
C:\Users\taimo\OneDrive\Documents 1\work\ecg-synthetic-research\data\rendered\neurokit2\AFIB\SYN_AFIB_03048.png,AFIB,AFIB,0.997,1
C:\Users\taimo\OneDrive\Documents 1\work\ecg-synthetic-research\data\rendered\neurokit2\AFIB\SYN_AFIB_01988.png,AFIB,AFIB,0.9995,1
C:\Users\taimo\OneDrive\Documents 1\work\ecg-synthetic-research\data\rendered\neurokit2\AFIB\SYN_AFIB_01056.png,AFIB,AFIB,0.9985,1
C:\Users\taimo\OneDrive\Documents 1\work\ecg-synthetic-research\data\rendered\neurokit2\AFIB\SYN_AFIB_00568.png,AFIB,AFIB,1.0,1
C:\Users\taimo\OneDrive\Documents 1\work\ecg-synthetic-research\data\rendered\neurokit2\AFIB\SYN_AFIB_03225.png,AFIB,AFIB,0.9985,1
C:\Users\taimo\OneDrive\Documents 1\work\ecg-synthetic-research\data\rendered\neurokit2\AFIB\SYN_AFIB_02579.png,AFIB,AFIB,0.995,1
C:\Users\taimo\OneDrive\Documents 1\work\ecg-synthetic-research\data\rendered\neurokit2\AFIB\SYN_AFIB_03783.png,AFIB,AFIB,0.9966,1
C:\Users\taimo\OneDrive\Documents 1\work\ecg-synthetic-research\data\rendered\neurokit2\AFIB\SYN_AFIB_01262.png,AFIB,AFIB,0.999,1
C:\Users\taimo\OneDrive\Documents 1\work\ecg-synthetic-research\data\rendered\neurokit2\AFIB\SYN_AFIB_00890.png,AFIB,AFIB,0.999,1
C:\Users\taimo\OneDrive\Documents 1\work\ecg-synthetic-research\data\rendered\neurokit2\AFIB\SYN_AFIB_00394.png,AFIB,AFIB,0.9966,1
C:\Users\taimo\OneDrive\Documents 1\work\ecg-synthetic-research\data\rendered\neurokit2\AFIB\SYN_AFIB_01488.png,AFIB,AFIB,0.991,1
C:\Users\taimo\OneDrive\Documents 1\work\ecg-synthetic-research\data\rendered\neurokit2\AFIB\SYN_AFIB_03540.png,AFIB,AFIB,0.9956,1
C:\Users\taimo\OneDrive\Documents 1\work\ecg-synthetic-research\data\rendered\neurokit2\AFIB\SYN_AFIB_01425.png,AFIB,AFIB,0.999,1
C:\Users\taimo\OneDrive\Documents 1\work\ecg-synthetic-research\data\rendered\neurokit2\AFIB\SYN_AFIB_01993.png,AFIB,AFIB,0.9976,1
C:\Users\taimo\OneDrive\Documents 1\work\ecg-synthetic-research\data\rendered\neurokit2\AFIB\SYN_AFIB_01553.png,AFIB,AFIB,0.997,1
C:\Users\taimo\OneDrive\Documents 1\work\ecg-synthetic-research\data\rendered\neurokit2\AFIB\SYN_AFIB_02296.png,AFIB,AFIB,0.997,1
C:\Users\taimo\OneDrive\Documents 1\work\ecg-synthetic-research\data\rendered\neurokit2\AFIB\SYN_AFIB_00034.png,AFIB,AFIB,0.997,1
C:\Users\taimo\OneDrive\Documents 1\work\ecg-synthetic-research\data\rendered\neurokit2\AFIB\SYN_AFIB_03302.png,AFIB,AFIB,0.999,1
C:\Users\taimo\OneDrive\Documents 1\work\ecg-synthetic-research\data\rendered\neurokit2\AFIB\SYN_AFIB_01243.png,AFIB,AFIB,0.9995,1
C:\Users\taimo\OneDrive\Documents 1\work\ecg-synthetic-research\data\rendered\neurokit2\AFIB\SYN_AFIB_00671.png,AFIB,AFIB,0.987,1
C:\Users\taimo\OneDrive\Documents 1\work\ecg-synthetic-research\data\rendered\neurokit2\AFIB\SYN_AFIB_01557.png,AFIB,AFIB,0.9956,1
C:\Users\taimo\OneDrive\Documents 1\work\ecg-synthetic-research\data\rendered\neurokit2\AFIB\SYN_AFIB_01745.png,AFIB,AFIB,0.9863,1
C:\Users\taimo\OneDrive\Documents 1\work\ecg-synthetic-research\data\rendered\neurokit2\AFIB\SYN_AFIB_02980.png,AFIB,AFIB,0.9985,1
C:\Users\taimo\OneDrive\Documents 1\work\ecg-synthetic-research\data\rendered\neurokit2\AFIB\SYN_AFIB_01627.png,AFIB,AFIB,0.9995,1
C:\Users\taimo\OneDrive\Documents 1\work\ecg-synthetic-research\data\rendered\neurokit2\AFIB\SYN_AFIB_00600.png,AFIB,AFIB,0.998,1
C:\Users\taimo\OneDrive\Documents 1\work\ecg-synthetic-research\data\rendered\neurokit2\AFIB\SYN_AFIB_01115.png,AFIB,AFIB,0.999,1
C:\Users\taimo\OneDrive\Documents 1\work\ecg-synthetic-research\data\rendered\neurokit2\AFIB\SYN_AFIB_02500.png,AFIB,AFIB,0.999,1
C:\Users\taimo\OneDrive\Documents 1\work\ecg-synthetic-research\data\rendered\neurokit2\AFIB\SYN_AFIB_01879.png,AFIB,AFIB,0.9985,1
C:\Users\taimo\OneDrive\Documents 1\work\ecg-synthetic-research\data\rendered\neurokit2\AFIB\SYN_AFIB_03059.png,AFIB,AFIB,0.9937,1
C:\Users\taimo\OneDrive\Documents 1\work\ecg-synthetic-research\data\rendered\neurokit2\AFIB\SYN_AFIB_02794.png,AFIB,AFIB,0.9995,1
C:\Users\taimo\OneDrive\Documents 1\work\ecg-synthetic-research\data\rendered\neurokit2\AFIB\SYN_AFIB_02359.png,AFIB,AFIB,0.9985,1
C:\Users\taimo\OneDrive\Documents 1\work\ecg-synthetic-research\data\rendered\neurokit2\AFIB\SYN_AFIB_01211.png,AFIB,AFIB,0.9985,1
C:\Users\taimo\OneDrive\Documents 1\work\ecg-synthetic-research\data\rendered\neurokit2\AFIB\SYN_AFIB_01293.png,AFIB,AFIB,0.9976,1
C:\Users\taimo\OneDrive\Documents 1\work\ecg-synthetic-research\data\rendered\neurokit2\AFIB\SYN_AFIB_02904.png,AFIB,AFIB,0.998,1
C:\Users\taimo\OneDrive\Documents 1\work\ecg-synthetic-research\data\rendered\neurokit2\AFIB\SYN_AFIB_02454.png,AFIB,AFIB,0.9985,1
C:\Users\taimo\OneDrive\Documents 1\work\ecg-synthetic-research\data\rendered\neurokit2\AFIB\SYN_AFIB_03573.png,AFIB,AFIB,0.997,1
C:\Users\taimo\OneDrive\Documents 1\work\ecg-synthetic-research\data\rendered\neurokit2\AFIB\SYN_AFIB_03394.png,AFIB,AFIB,0.999,1
C:\Users\taimo\OneDrive\Documents 1\work\ecg-synthetic-research\data\rendered\neurokit2\AFIB\SYN_AFIB_02120.png,AFIB,AFIB,0.997,1
C:\Users\taimo\OneDrive\Documents 1\work\ecg-synthetic-research\data\rendered\neurokit2\AFIB\SYN_AFIB_01331.png,AFIB,AFIB,0.9985,1
C:\Users\taimo\OneDrive\Documents 1\work\ecg-synthetic-research\data\rendered\neurokit2\AFIB\SYN_AFIB_00299.png,AFIB,AFIB,0.9985,1
C:\Users\taimo\OneDrive\Documents 1\work\ecg-synthetic-research\data\rendered\neurokit2\AFIB\SYN_AFIB_01576.png,AFIB,AFIB,0.999,1
C:\Users\taimo\OneDrive\Documents 1\work\ecg-synthetic-research\data\rendered\neurokit2\AFIB\SYN_AFIB_00024.png,AFIB,AFIB,0.9927,1
C:\Users\taimo\OneDrive\Documents 1\work\ecg-synthetic-research\data\rendered\neurokit2\AFIB\SYN_AFIB_01085.png,AFIB,AFIB,0.994,1
C:\Users\taimo\OneDrive\Documents 1\work\ecg-synthetic-research\data\rendered\neurokit2\AFIB\SYN_AFIB_01273.png,AFIB,AFIB,0.9937,1
C:\Users\taimo\OneDrive\Documents 1\work\ecg-synthetic-research\data\rendered\neurokit2\AFIB\SYN_AFIB_00599.png,AFIB,AFIB,0.999,1
C:\Users\taimo\OneDrive\Documents 1\work\ecg-synthetic-research\data\rendered\neurokit2\AFIB\SYN_AFIB_02122.png,AFIB,AFIB,0.999,1
C:\Users\taimo\OneDrive\Documents 1\work\ecg-synthetic-research\data\rendered\neurokit2\AFIB\SYN_AFIB_03645.png,AFIB,AFIB,0.9976,1
C:\Users\taimo\OneDrive\Documents 1\work\ecg-synthetic-research\data\rendered\neurokit2\AFIB\SYN_AFIB_01567.png,AFIB,AFIB,0.9995,1
C:\Users\taimo\OneDrive\Documents 1\work\ecg-synthetic-research\data\rendered\neurokit2\AFIB\SYN_AFIB_00409.png,AFIB,AFIB,0.995,1
C:\Users\taimo\OneDrive\Documents 1\work\ecg-synthetic-research\data\rendered\neurokit2\AFIB\SYN_AFIB_00316.png,AFIB,AFIB,0.999,1
C:\Users\taimo\OneDrive\Documents 1\work\ecg-synthetic-research\data\rendered\neurokit2\AFIB\SYN_AFIB_02733.png,AFIB,AFIB,0.999,1
C:\Users\taimo\OneDrive\Documents 1\work\ecg-synthetic-research\data\rendered\neurokit2\AFIB\SYN_AFIB_03116.png,AFIB,AFIB,0.7715,1
C:\Users\taimo\OneDrive\Documents 1\work\ecg-synthetic-research\data\rendered\neurokit2\AFIB\SYN_AFIB_01455.png,AFIB,AFIB,0.999,1
C:\Users\taimo\OneDrive\Documents 1\work\ecg-synthetic-research\data\rendered\neurokit2\AFIB\SYN_AFIB_02017.png,AFIB,AFIB,0.9976,1
C:\Users\taimo\OneDrive\Documents 1\work\ecg-synthetic-research\data\rendered\neurokit2\AFIB\SYN_AFIB_03779.png,AFIB,AFIB,0.9966,1
C:\Users\taimo\OneDrive\Documents 1\work\ecg-synthetic-research\data\rendered\neurokit2\AFIB\SYN_AFIB_01024.png,AFIB,AFIB,0.9995,1
C:\Users\taimo\OneDrive\Documents 1\work\ecg-synthetic-research\data\rendered\neurokit2\AFIB\SYN_AFIB_03226.png,AFIB,AFIB,0.999,1
C:\Users\taimo\OneDrive\Documents 1\work\ecg-synthetic-research\data\rendered\neurokit2\AFIB\SYN_AFIB_00487.png,AFIB,AFIB,0.9956,1
C:\Users\taimo\OneDrive\Documents 1\work\ecg-synthetic-research\data\rendered\neurokit2\AFIB\SYN_AFIB_02438.png,AFIB,AFIB,0.9976,1
C:\Users\taimo\OneDrive\Documents 1\work\ecg-synthetic-research\data\rendered\neurokit2\AFIB\SYN_AFIB_01742.png,AFIB,AFIB,0.998,1
C:\Users\taimo\OneDrive\Documents 1\work\ecg-synthetic-research\data\rendered\neurokit2\AFIB\SYN_AFIB_00052.png,AFIB,AFIB,0.98,1
C:\Users\taimo\OneDrive\Documents 1\work\ecg-synthetic-research\data\rendered\neurokit2\AFIB\SYN_AFIB_01689.png,AFIB,AFIB,0.996,1
C:\Users\taimo\OneDrive\Documents 1\work\ecg-synthetic-research\data\rendered\neurokit2\AFIB\SYN_AFIB_02761.png,AFIB,AFIB,1.0,1
C:\Users\taimo\OneDrive\Documents 1\work\ecg-synthetic-research\data\rendered\neurokit2\AFIB\SYN_AFIB_01065.png,AFIB,AFIB,0.9995,1
C:\Users\taimo\OneDrive\Documents 1\work\ecg-synthetic-research\data\rendered\neurokit2\AFIB\SYN_AFIB_01654.png,AFIB,AFIB,0.9995,1
C:\Users\taimo\OneDrive\Documents 1\work\ecg-synthetic-research\data\rendered\neurokit2\AFIB\SYN_AFIB_00565.png,AFIB,AFIB,0.995,1
C:\Users\taimo\OneDrive\Documents 1\work\ecg-synthetic-research\data\rendered\neurokit2\AFIB\SYN_AFIB_00215.png,AFIB,AFIB,0.998,1
C:\Users\taimo\OneDrive\Documents 1\work\ecg-synthetic-research\data\rendered\neurokit2\AFIB\SYN_AFIB_03027.png,AFIB,AFIB,0.9995,1
C:\Users\taimo\OneDrive\Documents 1\work\ecg-synthetic-research\data\rendered\neurokit2\AFIB\SYN_AFIB_03976.png,AFIB,AFIB,0.9985,1
C:\Users\taimo\OneDrive\Documents 1\work\ecg-synthetic-research\data\rendered\neurokit2\AFIB\SYN_AFIB_00753.png,AFIB,AFIB,0.9985,1
C:\Users\taimo\OneDrive\Documents 1\work\ecg-synthetic-research\data\rendered\neurokit2\AFIB\SYN_AFIB_00045.png,AFIB,AFIB,0.996,1
C:\Users\taimo\OneDrive\Documents 1\work\ecg-synthetic-research\data\rendered\neurokit2\AFIB\SYN_AFIB_02399.png,AFIB,AFIB,0.999,1
C:\Users\taimo\OneDrive\Documents 1\work\ecg-synthetic-research\data\rendered\neurokit2\AFIB\SYN_AFIB_00811.png,AFIB,AFIB,0.9966,1
C:\Users\taimo\OneDrive\Documents 1\work\ecg-synthetic-research\data\rendered\neurokit2\AFIB\SYN_AFIB_03809.png,AFIB,AFIB,0.9995,1
C:\Users\taimo\OneDrive\Documents 1\work\ecg-synthetic-research\data\rendered\neurokit2\AFIB\SYN_AFIB_00257.png,AFIB,AFIB,0.9897,1
C:\Users\taimo\OneDrive\Documents 1\work\ecg-synthetic-research\data\rendered\neurokit2\AFIB\SYN_AFIB_00577.png,AFIB,AFIB,0.9937,1
C:\Users\taimo\OneDrive\Documents 1\work\ecg-synthetic-research\data\rendered\neurokit2\AFIB\SYN_AFIB_03737.png,AFIB,AFIB,0.999,1
C:\Users\taimo\OneDrive\Documents 1\work\ecg-synthetic-research\data\rendered\neurokit2\AFIB\SYN_AFIB_00292.png,AFIB,AFIB,0.998,1
C:\Users\taimo\OneDrive\Documents 1\work\ecg-synthetic-research\data\rendered\neurokit2\AFIB\SYN_AFIB_01511.png,AFIB,AFIB,0.996,1
C:\Users\taimo\OneDrive\Documents 1\work\ecg-synthetic-research\data\rendered\neurokit2\AFIB\SYN_AFIB_00264.png,AFIB,AFIB,0.997,1
C:\Users\taimo\OneDrive\Documents 1\work\ecg-synthetic-research\data\rendered\neurokit2\AFIB\SYN_AFIB_00765.png,AFIB,AFIB,0.999,1
C:\Users\taimo\OneDrive\Documents 1\work\ecg-synthetic-research\data\rendered\neurokit2\AFIB\SYN_AFIB_01294.png,AFIB,AFIB,0.999,1
C:\Users\taimo\OneDrive\Documents 1\work\ecg-synthetic-research\data\rendered\neurokit2\AFIB\SYN_AFIB_00545.png,AFIB,AFIB,0.998,1
C:\Users\taimo\OneDrive\Documents 1\work\ecg-synthetic-research\data\rendered\neurokit2\AFIB\SYN_AFIB_01729.png,AFIB,AFIB,0.9976,1
C:\Users\taimo\OneDrive\Documents 1\work\ecg-synthetic-research\data\rendered\neurokit2\AFIB\SYN_AFIB_02025.png,AFIB,AFIB,0.9937,1
C:\Users\taimo\OneDrive\Documents 1\work\ecg-synthetic-research\data\rendered\neurokit2\AFIB\SYN_AFIB_01589.png,AFIB,AFIB,0.9966,1
C:\Users\taimo\OneDrive\Documents 1\work\ecg-synthetic-research\data\rendered\neurokit2\AFIB\SYN_AFIB_03839.png,AFIB,AFIB,0.9995,1
C:\Users\taimo\OneDrive\Documents 1\work\ecg-synthetic-research\data\rendered\neurokit2\AFIB\SYN_AFIB_00433.png,AFIB,AFIB,0.9966,1
C:\Users\taimo\OneDrive\Documents 1\work\ecg-synthetic-research\data\rendered\neurokit2\AFIB\SYN_AFIB_02892.png,AFIB,AFIB,0.999,1
C:\Users\taimo\OneDrive\Documents 1\work\ecg-synthetic-research\data\rendered\neurokit2\AFIB\SYN_AFIB_01806.png,AFIB,AFIB,0.999,1
C:\Users\taimo\OneDrive\Documents 1\work\ecg-synthetic-research\data\rendered\neurokit2\AFIB\SYN_AFIB_01946.png,AFIB,AFIB,0.998,1
C:\Users\taimo\OneDrive\Documents 1\work\ecg-synthetic-research\data\rendered\neurokit2\AFIB\SYN_AFIB_00175.png,AFIB,AFIB,0.999,1
C:\Users\taimo\OneDrive\Documents 1\work\ecg-synthetic-research\data\rendered\neurokit2\AFIB\SYN_AFIB_00991.png,AFIB,AFIB,0.9995,1
C:\Users\taimo\OneDrive\Documents 1\work\ecg-synthetic-research\data\rendered\neurokit2\AFIB\SYN_AFIB_01427.png,AFIB,AFIB,0.999,1
C:\Users\taimo\OneDrive\Documents 1\work\ecg-synthetic-research\data\rendered\neurokit2\AFIB\SYN_AFIB_02963.png,AFIB,AFIB,0.999,1
C:\Users\taimo\OneDrive\Documents 1\work\ecg-synthetic-research\data\rendered\neurokit2\AFIB\SYN_AFIB_00228.png,AFIB,AFIB,0.994,1
C:\Users\taimo\OneDrive\Documents 1\work\ecg-synthetic-research\data\rendered\neurokit2\AFIB\SYN_AFIB_00352.png,AFIB,AFIB,0.9995,1
C:\Users\taimo\OneDrive\Documents 1\work\ecg-synthetic-research\data\rendered\neurokit2\AFIB\SYN_AFIB_01201.png,AFIB,AFIB,0.9985,1
C:\Users\taimo\OneDrive\Documents 1\work\ecg-synthetic-research\data\rendered\neurokit2\AFIB\SYN_AFIB_01378.png,AFIB,AFIB,0.998,1
C:\Users\taimo\OneDrive\Documents 1\work\ecg-synthetic-research\data\rendered\neurokit2\AFIB\SYN_AFIB_01069.png,AFIB,AFIB,0.9985,1
C:\Users\taimo\OneDrive\Documents 1\work\ecg-synthetic-research\data\rendered\neurokit2\AFIB\SYN_AFIB_01414.png,AFIB,AFIB,0.999,1
C:\Users\taimo\OneDrive\Documents 1\work\ecg-synthetic-research\data\rendered\neurokit2\AFIB\SYN_AFIB_00140.png,AFIB,AFIB,0.9976,1
C:\Users\taimo\OneDrive\Documents 1\work\ecg-synthetic-research\data\rendered\neurokit2\AFIB\SYN_AFIB_00267.png,AFIB,AFIB,0.9966,1
C:\Users\taimo\OneDrive\Documents 1\work\ecg-synthetic-research\data\rendered\neurokit2\AFIB\SYN_AFIB_00064.png,AFIB,AFIB,0.998,1
C:\Users\taimo\OneDrive\Documents 1\work\ecg-synthetic-research\data\rendered\neurokit2\AFIB\SYN_AFIB_02683.png,AFIB,AFIB,0.987,1
C:\Users\taimo\OneDrive\Documents 1\work\ecg-synthetic-research\data\rendered\neurokit2\AFIB\SYN_AFIB_03993.png,AFIB,AFIB,0.9985,1
C:\Users\taimo\OneDrive\Documents 1\work\ecg-synthetic-research\data\rendered\neurokit2\AFIB\SYN_AFIB_00777.png,AFIB,AFIB,0.997,1
C:\Users\taimo\OneDrive\Documents 1\work\ecg-synthetic-research\data\rendered\neurokit2\AFIB\SYN_AFIB_00970.png,AFIB,AFIB,0.999,1
C:\Users\taimo\OneDrive\Documents 1\work\ecg-synthetic-research\data\rendered\neurokit2\AFIB\SYN_AFIB_00865.png,AFIB,AFIB,0.9985,1
C:\Users\taimo\OneDrive\Documents 1\work\ecg-synthetic-research\data\rendered\neurokit2\AFIB\SYN_AFIB_03493.png,AFIB,AFIB,0.996,1
C:\Users\taimo\OneDrive\Documents 1\work\ecg-synthetic-research\data\rendered\neurokit2\AFIB\SYN_AFIB_01462.png,AFIB,AFIB,0.9976,1
C:\Users\taimo\OneDrive\Documents 1\work\ecg-synthetic-research\data\rendered\neurokit2\AFIB\SYN_AFIB_00359.png,AFIB,AFIB,0.9966,1
C:\Users\taimo\OneDrive\Documents 1\work\ecg-synthetic-research\data\rendered\neurokit2\AFIB\SYN_AFIB_01030.png,AFIB,AFIB,0.9976,1
C:\Users\taimo\OneDrive\Documents 1\work\ecg-synthetic-research\data\rendered\neurokit2\AFIB\SYN_AFIB_01771.png,AFIB,AFIB,0.9873,1
C:\Users\taimo\OneDrive\Documents 1\work\ecg-synthetic-research\data\rendered\neurokit2\AFIB\SYN_AFIB_02628.png,AFIB,AFIB,0.9956,1
C:\Users\taimo\OneDrive\Documents 1\work\ecg-synthetic-research\data\rendered\neurokit2\AFIB\SYN_AFIB_01399.png,AFIB,AFIB,0.9985,1
C:\Users\taimo\OneDrive\Documents 1\work\ecg-synthetic-research\data\rendered\neurokit2\AFIB\SYN_AFIB_03285.png,AFIB,AFIB,0.9956,1
C:\Users\taimo\OneDrive\Documents 1\work\ecg-synthetic-research\data\rendered\neurokit2\AFIB\SYN_AFIB_03053.png,AFIB,AFIB,0.999,1
C:\Users\taimo\OneDrive\Documents 1\work\ecg-synthetic-research\data\rendered\neurokit2\AFIB\SYN_AFIB_01111.png,AFIB,AFIB,0.9956,1
C:\Users\taimo\OneDrive\Documents 1\work\ecg-synthetic-research\data\rendered\neurokit2\AFIB\SYN_AFIB_00077.png,AFIB,AFIB,0.9966,1
C:\Users\taimo\OneDrive\Documents 1\work\ecg-synthetic-research\data\rendered\neurokit2\AFIB\SYN_AFIB_00734.png,AFIB,AFIB,0.9966,1
C:\Users\taimo\OneDrive\Documents 1\work\ecg-synthetic-research\data\rendered\neurokit2\AFIB\SYN_AFIB_02731.png,AFIB,AFIB,0.997,1
C:\Users\taimo\OneDrive\Documents 1\work\ecg-synthetic-research\data\rendered\neurokit2\AFIB\SYN_AFIB_03473.png,AFIB,AFIB,0.9995,1
C:\Users\taimo\OneDrive\Documents 1\work\ecg-synthetic-research\data\rendered\neurokit2\AFIB\SYN_AFIB_00430.png,AFIB,AFIB,0.9985,1
C:\Users\taimo\OneDrive\Documents 1\work\ecg-synthetic-research\data\rendered\neurokit2\AFIB\SYN_AFIB_02717.png,AFIB,AFIB,0.998,1
C:\Users\taimo\OneDrive\Documents 1\work\ecg-synthetic-research\data\rendered\neurokit2\AFIB\SYN_AFIB_00031.png,AFIB,AFIB,0.993,1
C:\Users\taimo\OneDrive\Documents 1\work\ecg-synthetic-research\data\rendered\neurokit2\AFIB\SYN_AFIB_03858.png,AFIB,AFIB,0.9927,1
C:\Users\taimo\OneDrive\Documents 1\work\ecg-synthetic-research\data\rendered\neurokit2\AFIB\SYN_AFIB_02667.png,AFIB,AFIB,0.996,1
C:\Users\taimo\OneDrive\Documents 1\work\ecg-synthetic-research\data\rendered\neurokit2\AFIB\SYN_AFIB_00444.png,AFIB,AFIB,0.997,1
C:\Users\taimo\OneDrive\Documents 1\work\ecg-synthetic-research\data\rendered\neurokit2\AFIB\SYN_AFIB_02970.png,AFIB,AFIB,0.9995,1
C:\Users\taimo\OneDrive\Documents 1\work\ecg-synthetic-research\data\rendered\neurokit2\AFIB\SYN_AFIB_00290.png,AFIB,AFIB,0.999,1
C:\Users\taimo\OneDrive\Documents 1\work\ecg-synthetic-research\data\rendered\neurokit2\AFIB\SYN_AFIB_03941.png,AFIB,AFIB,0.9995,1
C:\Users\taimo\OneDrive\Documents 1\work\ecg-synthetic-research\data\rendered\neurokit2\AFIB\SYN_AFIB_01736.png,AFIB,AFIB,0.9976,1
C:\Users\taimo\OneDrive\Documents 1\work\ecg-synthetic-research\data\rendered\neurokit2\AFIB\SYN_AFIB_00451.png,AFIB,AFIB,0.992,1
C:\Users\taimo\OneDrive\Documents 1\work\ecg-synthetic-research\data\rendered\neurokit2\AFIB\SYN_AFIB_00786.png,AFIB,AFIB,0.996,1
C:\Users\taimo\OneDrive\Documents 1\work\ecg-synthetic-research\data\rendered\neurokit2\AFIB\SYN_AFIB_03388.png,AFIB,AFIB,0.993,1
C:\Users\taimo\OneDrive\Documents 1\work\ecg-synthetic-research\data\rendered\neurokit2\AFIB\SYN_AFIB_02370.png,AFIB,AFIB,0.9985,1
C:\Users\taimo\OneDrive\Documents 1\work\ecg-synthetic-research\data\rendered\neurokit2\AFIB\SYN_AFIB_01996.png,AFIB,AFIB,0.9937,1
C:\Users\taimo\OneDrive\Documents 1\work\ecg-synthetic-research\data\rendered\neurokit2\AFIB\SYN_AFIB_03378.png,AFIB,AFIB,0.992,1
C:\Users\taimo\OneDrive\Documents 1\work\ecg-synthetic-research\data\rendered\neurokit2\AFIB\SYN_AFIB_01346.png,AFIB,AFIB,0.999,1
C:\Users\taimo\OneDrive\Documents 1\work\ecg-synthetic-research\data\rendered\neurokit2\AFIB\SYN_AFIB_02093.png,AFIB,AFIB,0.9927,1
C:\Users\taimo\OneDrive\Documents 1\work\ecg-synthetic-research\data\rendered\neurokit2\AFIB\SYN_AFIB_01741.png,AFIB,AFIB,0.998,1
C:\Users\taimo\OneDrive\Documents 1\work\ecg-synthetic-research\data\rendered\neurokit2\AFIB\SYN_AFIB_02856.png,AFIB,AFIB,0.9956,1
C:\Users\taimo\OneDrive\Documents 1\work\ecg-synthetic-research\data\rendered\neurokit2\AFIB\SYN_AFIB_03571.png,AFIB,AFIB,0.9995,1
C:\Users\taimo\OneDrive\Documents 1\work\ecg-synthetic-research\data\rendered\neurokit2\AFIB\SYN_AFIB_01910.png,AFIB,AFIB,0.9985,1
C:\Users\taimo\OneDrive\Documents 1\work\ecg-synthetic-research\data\rendered\neurokit2\AFIB\SYN_AFIB_00412.png,AFIB,AFIB,0.996,1
C:\Users\taimo\OneDrive\Documents 1\work\ecg-synthetic-research\data\rendered\neurokit2\AFIB\SYN_AFIB_01075.png,AFIB,AFIB,0.998,1
C:\Users\taimo\OneDrive\Documents 1\work\ecg-synthetic-research\data\rendered\neurokit2\AFIB\SYN_AFIB_00153.png,AFIB,AFIB,0.998,1
C:\Users\taimo\OneDrive\Documents 1\work\ecg-synthetic-research\data\rendered\neurokit2\AFIB\SYN_AFIB_00103.png,AFIB,AFIB,0.9976,1
C:\Users\taimo\OneDrive\Documents 1\work\ecg-synthetic-research\data\rendered\neurokit2\AFIB\SYN_AFIB_03352.png,AFIB,AFIB,0.999,1
C:\Users\taimo\OneDrive\Documents 1\work\ecg-synthetic-research\data\rendered\neurokit2\AFIB\SYN_AFIB_02841.png,AFIB,AFIB,0.987,1
C:\Users\taimo\OneDrive\Documents 1\work\ecg-synthetic-research\data\rendered\neurokit2\AFIB\SYN_AFIB_02520.png,AFIB,AFIB,0.998,1
C:\Users\taimo\OneDrive\Documents 1\work\ecg-synthetic-research\data\rendered\neurokit2\AFIB\SYN_AFIB_00756.png,AFIB,AFIB,0.999,1
C:\Users\taimo\OneDrive\Documents 1\work\ecg-synthetic-research\data\rendered\neurokit2\AFIB\SYN_AFIB_02644.png,AFIB,AFIB,0.996,1
C:\Users\taimo\OneDrive\Documents 1\work\ecg-synthetic-research\data\rendered\neurokit2\AFIB\SYN_AFIB_03780.png,AFIB,AFIB,0.9956,1
C:\Users\taimo\OneDrive\Documents 1\work\ecg-synthetic-research\data\rendered\neurokit2\AFIB\SYN_AFIB_03963.png,AFIB,AFIB,0.9985,1
C:\Users\taimo\OneDrive\Documents 1\work\ecg-synthetic-research\data\rendered\neurokit2\AFIB\SYN_AFIB_02184.png,AFIB,AFIB,0.998,1
C:\Users\taimo\OneDrive\Documents 1\work\ecg-synthetic-research\data\rendered\neurokit2\AFIB\SYN_AFIB_00555.png,AFIB,AFIB,0.999,1
C:\Users\taimo\OneDrive\Documents 1\work\ecg-synthetic-research\data\rendered\neurokit2\AFIB\SYN_AFIB_03432.png,AFIB,AFIB,0.9995,1
C:\Users\taimo\OneDrive\Documents 1\work\ecg-synthetic-research\data\rendered\neurokit2\AFIB\SYN_AFIB_00812.png,AFIB,AFIB,0.9966,1
C:\Users\taimo\OneDrive\Documents 1\work\ecg-synthetic-research\data\rendered\neurokit2\AFIB\SYN_AFIB_01660.png,AFIB,AFIB,0.971,1
C:\Users\taimo\OneDrive\Documents 1\work\ecg-synthetic-research\data\rendered\neurokit2\AFIB\SYN_AFIB_01449.png,AFIB,AFIB,0.997,1
C:\Users\taimo\OneDrive\Documents 1\work\ecg-synthetic-research\data\rendered\neurokit2\AFIB\SYN_AFIB_01058.png,AFIB,AFIB,0.9966,1
C:\Users\taimo\OneDrive\Documents 1\work\ecg-synthetic-research\data\rendered\neurokit2\AFIB\SYN_AFIB_03433.png,AFIB,AFIB,0.9927,1
C:\Users\taimo\OneDrive\Documents 1\work\ecg-synthetic-research\data\rendered\neurokit2\AFIB\SYN_AFIB_00924.png,AFIB,AFIB,0.998,1
C:\Users\taimo\OneDrive\Documents 1\work\ecg-synthetic-research\data\rendered\neurokit2\AFIB\SYN_AFIB_03279.png,AFIB,AFIB,0.9956,1
C:\Users\taimo\OneDrive\Documents 1\work\ecg-synthetic-research\data\rendered\neurokit2\AFIB\SYN_AFIB_01421.png,AFIB,AFIB,0.998,1
C:\Users\taimo\OneDrive\Documents 1\work\ecg-synthetic-research\data\rendered\neurokit2\AFIB\SYN_AFIB_03186.png,AFIB,AFIB,0.979,1
C:\Users\taimo\OneDrive\Documents 1\work\ecg-synthetic-research\data\rendered\neurokit2\AFIB\SYN_AFIB_03159.png,AFIB,AFIB,0.999,1
C:\Users\taimo\OneDrive\Documents 1\work\ecg-synthetic-research\data\rendered\neurokit2\AFIB\SYN_AFIB_02177.png,AFIB,AFIB,0.9995,1
C:\Users\taimo\OneDrive\Documents 1\work\ecg-synthetic-research\data\rendered\neurokit2\AFIB\SYN_AFIB_03058.png,AFIB,AFIB,0.9893,1
C:\Users\taimo\OneDrive\Documents 1\work\ecg-synthetic-research\data\rendered\neurokit2\AFIB\SYN_AFIB_03653.png,AFIB,AFIB,0.998,1
C:\Users\taimo\OneDrive\Documents 1\work\ecg-synthetic-research\data\rendered\neurokit2\AFIB\SYN_AFIB_00480.png,AFIB,AFIB,0.9946,1
C:\Users\taimo\OneDrive\Documents 1\work\ecg-synthetic-research\data\rendered\neurokit2\AFIB\SYN_AFIB_01770.png,AFIB,AFIB,0.998,1
C:\Users\taimo\OneDrive\Documents 1\work\ecg-synthetic-research\data\rendered\neurokit2\AFIB\SYN_AFIB_01941.png,AFIB,AFIB,0.996,1
C:\Users\taimo\OneDrive\Documents 1\work\ecg-synthetic-research\data\rendered\neurokit2\AFIB\SYN_AFIB_00469.png,AFIB,AFIB,0.9976,1
C:\Users\taimo\OneDrive\Documents 1\work\ecg-synthetic-research\data\rendered\neurokit2\AFIB\SYN_AFIB_02079.png,AFIB,AFIB,0.9937,1
C:\Users\taimo\OneDrive\Documents 1\work\ecg-synthetic-research\data\rendered\neurokit2\AFIB\SYN_AFIB_00062.png,AFIB,AFIB,0.9824,1
C:\Users\taimo\OneDrive\Documents 1\work\ecg-synthetic-research\data\rendered\neurokit2\AFIB\SYN_AFIB_00255.png,AFIB,AFIB,0.9985,1
C:\Users\taimo\OneDrive\Documents 1\work\ecg-synthetic-research\data\rendered\neurokit2\AFIB\SYN_AFIB_00916.png,AFIB,AFIB,0.998,1
C:\Users\taimo\OneDrive\Documents 1\work\ecg-synthetic-research\data\rendered\neurokit2\AFIB\SYN_AFIB_01872.png,AFIB,AFIB,0.9985,1
C:\Users\taimo\OneDrive\Documents 1\work\ecg-synthetic-research\data\rendered\neurokit2\AFIB\SYN_AFIB_02409.png,AFIB,AFIB,0.9937,1
C:\Users\taimo\OneDrive\Documents 1\work\ecg-synthetic-research\data\rendered\neurokit2\AFIB\SYN_AFIB_01808.png,AFIB,AFIB,0.998,1
C:\Users\taimo\OneDrive\Documents 1\work\ecg-synthetic-research\data\rendered\neurokit2\AFIB\SYN_AFIB_03033.png,AFIB,AFIB,0.9995,1
C:\Users\taimo\OneDrive\Documents 1\work\ecg-synthetic-research\data\rendered\neurokit2\AFIB\SYN_AFIB_03580.png,AFIB,AFIB,0.9995,1
C:\Users\taimo\OneDrive\Documents 1\work\ecg-synthetic-research\data\rendered\neurokit2\AFIB\SYN_AFIB_02348.png,AFIB,AFIB,0.9985,1
C:\Users\taimo\OneDrive\Documents 1\work\ecg-synthetic-research\data\rendered\neurokit2\AFIB\SYN_AFIB_02649.png,AFIB,AFIB,0.996,1
C:\Users\taimo\OneDrive\Documents 1\work\ecg-synthetic-research\data\rendered\neurokit2\AFIB\SYN_AFIB_00284.png,AFIB,AFIB,0.999,1
C:\Users\taimo\OneDrive\Documents 1\work\ecg-synthetic-research\data\rendered\neurokit2\AFIB\SYN_AFIB_00622.png,AFIB,AFIB,0.995,1
C:\Users\taimo\OneDrive\Documents 1\work\ecg-synthetic-research\data\rendered\neurokit2\AFIB\SYN_AFIB_01643.png,AFIB,AFIB,0.9785,1
C:\Users\taimo\OneDrive\Documents 1\work\ecg-synthetic-research\data\rendered\neurokit2\AFIB\SYN_AFIB_02992.png,AFIB,AFIB,0.9976,1
C:\Users\taimo\OneDrive\Documents 1\work\ecg-synthetic-research\data\rendered\neurokit2\AFIB\SYN_AFIB_03564.png,AFIB,AFIB,0.993,1
C:\Users\taimo\OneDrive\Documents 1\work\ecg-synthetic-research\data\rendered\neurokit2\AFIB\SYN_AFIB_01109.png,AFIB,AFIB,0.9937,1
C:\Users\taimo\OneDrive\Documents 1\work\ecg-synthetic-research\data\rendered\neurokit2\AFIB\SYN_AFIB_01602.png,AFIB,AFIB,0.995,1
C:\Users\taimo\OneDrive\Documents 1\work\ecg-synthetic-research\data\rendered\neurokit2\AFIB\SYN_AFIB_00219.png,AFIB,AFIB,0.9985,1
C:\Users\taimo\OneDrive\Documents 1\work\ecg-synthetic-research\data\rendered\neurokit2\AFIB\SYN_AFIB_03324.png,AFIB,AFIB,0.9966,1
C:\Users\taimo\OneDrive\Documents 1\work\ecg-synthetic-research\data\rendered\neurokit2\AFIB\SYN_AFIB_01905.png,AFIB,AFIB,0.998,1
C:\Users\taimo\OneDrive\Documents 1\work\ecg-synthetic-research\data\rendered\neurokit2\AFIB\SYN_AFIB_02830.png,AFIB,AFIB,0.991,1
C:\Users\taimo\OneDrive\Documents 1\work\ecg-synthetic-research\data\rendered\neurokit2\AFIB\SYN_AFIB_01205.png,AFIB,AFIB,0.999,1
C:\Users\taimo\OneDrive\Documents 1\work\ecg-synthetic-research\data\rendered\neurokit2\AFIB\SYN_AFIB_00806.png,AFIB,AFIB,0.9985,1
C:\Users\taimo\OneDrive\Documents 1\work\ecg-synthetic-research\data\rendered\neurokit2\AFIB\SYN_AFIB_00579.png,AFIB,AFIB,0.9985,1
C:\Users\taimo\OneDrive\Documents 1\work\ecg-synthetic-research\data\rendered\neurokit2\AFIB\SYN_AFIB_00001.png,AFIB,AFIB,0.9956,1
C:\Users\taimo\OneDrive\Documents 1\work\ecg-synthetic-research\data\rendered\neurokit2\AFIB\SYN_AFIB_00965.png,AFIB,AFIB,0.999,1
C:\Users\taimo\OneDrive\Documents 1\work\ecg-synthetic-research\data\rendered\neurokit2\AFIB\SYN_AFIB_01426.png,AFIB,AFIB,0.996,1
C:\Users\taimo\OneDrive\Documents 1\work\ecg-synthetic-research\data\rendered\neurokit2\AFIB\SYN_AFIB_03794.png,AFIB,AFIB,0.9976,1
C:\Users\taimo\OneDrive\Documents 1\work\ecg-synthetic-research\data\rendered\neurokit2\AFIB\SYN_AFIB_01968.png,AFIB,AFIB,0.9897,1
C:\Users\taimo\OneDrive\Documents 1\work\ecg-synthetic-research\data\rendered\neurokit2\AFIB\SYN_AFIB_00176.png,AFIB,AFIB,0.9985,1
C:\Users\taimo\OneDrive\Documents 1\work\ecg-synthetic-research\data\rendered\neurokit2\AFIB\SYN_AFIB_02485.png,AFIB,AFIB,0.999,1
C:\Users\taimo\OneDrive\Documents 1\work\ecg-synthetic-research\data\rendered\neurokit2\AFIB\SYN_AFIB_00692.png,AFIB,AFIB,0.999,1
C:\Users\taimo\OneDrive\Documents 1\work\ecg-synthetic-research\data\rendered\neurokit2\AFIB\SYN_AFIB_00218.png,AFIB,AFIB,0.9995,1
C:\Users\taimo\OneDrive\Documents 1\work\ecg-synthetic-research\data\rendered\neurokit2\AFIB\SYN_AFIB_03112.png,AFIB,AFIB,0.999,1
C:\Users\taimo\OneDrive\Documents 1\work\ecg-synthetic-research\data\rendered\neurokit2\AFIB\SYN_AFIB_03470.png,AFIB,AFIB,0.996,1
C:\Users\taimo\OneDrive\Documents 1\work\ecg-synthetic-research\data\rendered\neurokit2\AFIB\SYN_AFIB_02826.png,AFIB,AFIB,0.9966,1
C:\Users\taimo\OneDrive\Documents 1\work\ecg-synthetic-research\data\rendered\neurokit2\AFIB\SYN_AFIB_00377.png,AFIB,AFIB,0.998,1
C:\Users\taimo\OneDrive\Documents 1\work\ecg-synthetic-research\data\rendered\neurokit2\AFIB\SYN_AFIB_00434.png,AFIB,AFIB,0.9995,1
C:\Users\taimo\OneDrive\Documents 1\work\ecg-synthetic-research\data\rendered\neurokit2\AFIB\SYN_AFIB_02397.png,AFIB,AFIB,0.999,1
C:\Users\taimo\OneDrive\Documents 1\work\ecg-synthetic-research\data\rendered\neurokit2\AFIB\SYN_AFIB_00645.png,AFIB,AFIB,0.998,1
C:\Users\taimo\OneDrive\Documents 1\work\ecg-synthetic-research\data\rendered\neurokit2\AFIB\SYN_AFIB_01428.png,AFIB,AFIB,0.998,1
C:\Users\taimo\OneDrive\Documents 1\work\ecg-synthetic-research\data\rendered\neurokit2\AFIB\SYN_AFIB_01165.png,AFIB,AFIB,0.9985,1
C:\Users\taimo\OneDrive\Documents 1\work\ecg-synthetic-research\data\rendered\neurokit2\AFIB\SYN_AFIB_03816.png,AFIB,AFIB,0.9927,1
C:\Users\taimo\OneDrive\Documents 1\work\ecg-synthetic-research\data\rendered\neurokit2\AFIB\SYN_AFIB_01190.png,AFIB,AFIB,0.998,1
C:\Users\taimo\OneDrive\Documents 1\work\ecg-synthetic-research\data\rendered\neurokit2\AFIB\SYN_AFIB_00533.png,AFIB,AFIB,0.993,1
C:\Users\taimo\OneDrive\Documents 1\work\ecg-synthetic-research\data\rendered\neurokit2\AFIB\SYN_AFIB_00950.png,AFIB,AFIB,0.9966,1
C:\Users\taimo\OneDrive\Documents 1\work\ecg-synthetic-research\data\rendered\neurokit2\AFIB\SYN_AFIB_02224.png,AFIB,AFIB,0.999,1
C:\Users\taimo\OneDrive\Documents 1\work\ecg-synthetic-research\data\rendered\neurokit2\AFIB\SYN_AFIB_01766.png,AFIB,AFIB,0.9976,1
C:\Users\taimo\OneDrive\Documents 1\work\ecg-synthetic-research\data\rendered\neurokit2\AFIB\SYN_AFIB_01515.png,AFIB,AFIB,0.999,1
C:\Users\taimo\OneDrive\Documents 1\work\ecg-synthetic-research\data\rendered\neurokit2\AFIB\SYN_AFIB_00928.png,AFIB,AFIB,0.9946,1
C:\Users\taimo\OneDrive\Documents 1\work\ecg-synthetic-research\data\rendered\neurokit2\AFIB\SYN_AFIB_00220.png,AFIB,AFIB,0.998,1
C:\Users\taimo\OneDrive\Documents 1\work\ecg-synthetic-research\data\rendered\neurokit2\AFIB\SYN_AFIB_02165.png,AFIB,AFIB,0.9985,1
C:\Users\taimo\OneDrive\Documents 1\work\ecg-synthetic-research\data\rendered\neurokit2\AFIB\SYN_AFIB_03843.png,AFIB,AFIB,0.9995,1
C:\Users\taimo\OneDrive\Documents 1\work\ecg-synthetic-research\data\rendered\neurokit2\AFIB\SYN_AFIB_03234.png,AFIB,AFIB,0.9966,1
C:\Users\taimo\OneDrive\Documents 1\work\ecg-synthetic-research\data\rendered\neurokit2\AFIB\SYN_AFIB_01624.png,AFIB,AFIB,0.998,1
C:\Users\taimo\OneDrive\Documents 1\work\ecg-synthetic-research\data\rendered\neurokit2\AFIB\SYN_AFIB_02092.png,AFIB,AFIB,0.988,1
C:\Users\taimo\OneDrive\Documents 1\work\ecg-synthetic-research\data\rendered\neurokit2\AFIB\SYN_AFIB_02553.png,AFIB,AFIB,0.999,1
C:\Users\taimo\OneDrive\Documents 1\work\ecg-synthetic-research\data\rendered\neurokit2\AFIB\SYN_AFIB_01951.png,AFIB,AFIB,0.995,1
C:\Users\taimo\OneDrive\Documents 1\work\ecg-synthetic-research\data\rendered\neurokit2\AFIB\SYN_AFIB_00508.png,AFIB,AFIB,0.995,1
C:\Users\taimo\OneDrive\Documents 1\work\ecg-synthetic-research\data\rendered\neurokit2\AFIB\SYN_AFIB_03055.png,AFIB,AFIB,0.998,1
C:\Users\taimo\OneDrive\Documents 1\work\ecg-synthetic-research\data\rendered\neurokit2\AFIB\SYN_AFIB_03118.png,AFIB,AFIB,0.992,1
C:\Users\taimo\OneDrive\Documents 1\work\ecg-synthetic-research\data\rendered\neurokit2\AFIB\SYN_AFIB_03854.png,AFIB,AFIB,0.998,1
C:\Users\taimo\OneDrive\Documents 1\work\ecg-synthetic-research\data\rendered\neurokit2\AFIB\SYN_AFIB_00679.png,AFIB,AFIB,0.9985,1
C:\Users\taimo\OneDrive\Documents 1\work\ecg-synthetic-research\data\rendered\neurokit2\AFIB\SYN_AFIB_00097.png,AFIB,AFIB,0.997,1
C:\Users\taimo\OneDrive\Documents 1\work\ecg-synthetic-research\data\rendered\neurokit2\AFIB\SYN_AFIB_01229.png,AFIB,AFIB,0.9976,1
C:\Users\taimo\OneDrive\Documents 1\work\ecg-synthetic-research\data\rendered\neurokit2\AFIB\SYN_AFIB_02750.png,AFIB,AFIB,0.998,1
C:\Users\taimo\OneDrive\Documents 1\work\ecg-synthetic-research\data\rendered\neurokit2\AFIB\SYN_AFIB_01611.png,AFIB,AFIB,0.9976,1
C:\Users\taimo\OneDrive\Documents 1\work\ecg-synthetic-research\data\rendered\neurokit2\AFIB\SYN_AFIB_01223.png,AFIB,AFIB,0.999,1
C:\Users\taimo\OneDrive\Documents 1\work\ecg-synthetic-research\data\rendered\neurokit2\AFIB\SYN_AFIB_02339.png,AFIB,AFIB,0.997,1
C:\Users\taimo\OneDrive\Documents 1\work\ecg-synthetic-research\data\rendered\neurokit2\AFIB\SYN_AFIB_02383.png,AFIB,AFIB,0.9985,1
C:\Users\taimo\OneDrive\Documents 1\work\ecg-synthetic-research\data\rendered\neurokit2\AFIB\SYN_AFIB_02836.png,AFIB,AFIB,0.9985,1
C:\Users\taimo\OneDrive\Documents 1\work\ecg-synthetic-research\data\rendered\neurokit2\AFIB\SYN_AFIB_02182.png,AFIB,AFIB,0.9946,1
C:\Users\taimo\OneDrive\Documents 1\work\ecg-synthetic-research\data\rendered\neurokit2\AFIB\SYN_AFIB_00571.png,AFIB,AFIB,0.998,1
C:\Users\taimo\OneDrive\Documents 1\work\ecg-synthetic-research\data\rendered\neurokit2\AFIB\SYN_AFIB_03039.png,AFIB,AFIB,0.9985,1
C:\Users\taimo\OneDrive\Documents 1\work\ecg-synthetic-research\data\rendered\neurokit2\AFIB\SYN_AFIB_01072.png,AFIB,AFIB,0.9985,1
C:\Users\taimo\OneDrive\Documents 1\work\ecg-synthetic-research\data\rendered\neurokit2\AFIB\SYN_AFIB_00966.png,AFIB,AFIB,0.9995,1
C:\Users\taimo\OneDrive\Documents 1\work\ecg-synthetic-research\data\rendered\neurokit2\AFIB\SYN_AFIB_03369.png,AFIB,AFIB,0.994,1
C:\Users\taimo\OneDrive\Documents 1\work\ecg-synthetic-research\data\rendered\neurokit2\AFIB\SYN_AFIB_03538.png,AFIB,AFIB,0.991,1
C:\Users\taimo\OneDrive\Documents 1\work\ecg-synthetic-research\data\rendered\neurokit2\AFIB\SYN_AFIB_02633.png,AFIB,AFIB,0.996,1
C:\Users\taimo\OneDrive\Documents 1\work\ecg-synthetic-research\data\rendered\neurokit2\AFIB\SYN_AFIB_01392.png,AFIB,AFIB,0.998,1
C:\Users\taimo\OneDrive\Documents 1\work\ecg-synthetic-research\data\rendered\neurokit2\AFIB\SYN_AFIB_01919.png,AFIB,AFIB,0.998,1
C:\Users\taimo\OneDrive\Documents 1\work\ecg-synthetic-research\data\rendered\neurokit2\AFIB\SYN_AFIB_03713.png,AFIB,AFIB,0.9995,1
C:\Users\taimo\OneDrive\Documents 1\work\ecg-synthetic-research\data\rendered\neurokit2\AFIB\SYN_AFIB_00142.png,AFIB,AFIB,0.999,1
C:\Users\taimo\OneDrive\Documents 1\work\ecg-synthetic-research\data\rendered\neurokit2\AFIB\SYN_AFIB_01789.png,AFIB,AFIB,0.977,1
C:\Users\taimo\OneDrive\Documents 1\work\ecg-synthetic-research\data\rendered\neurokit2\AFIB\SYN_AFIB_00196.png,AFIB,AFIB,0.9995,1
C:\Users\taimo\OneDrive\Documents 1\work\ecg-synthetic-research\data\rendered\neurokit2\AFIB\SYN_AFIB_00841.png,AFIB,AFIB,0.997,1
C:\Users\taimo\OneDrive\Documents 1\work\ecg-synthetic-research\data\rendered\neurokit2\AFIB\SYN_AFIB_00632.png,AFIB,AFIB,0.996,1
C:\Users\taimo\OneDrive\Documents 1\work\ecg-synthetic-research\data\rendered\neurokit2\AFIB\SYN_AFIB_02081.png,AFIB,AFIB,0.9976,1
C:\Users\taimo\OneDrive\Documents 1\work\ecg-synthetic-research\data\rendered\neurokit2\AFIB\SYN_AFIB_01833.png,AFIB,AFIB,0.9985,1
C:\Users\taimo\OneDrive\Documents 1\work\ecg-synthetic-research\data\rendered\neurokit2\AFIB\SYN_AFIB_02000.png,AFIB,AFIB,0.9985,1
C:\Users\taimo\OneDrive\Documents 1\work\ecg-synthetic-research\data\rendered\neurokit2\AFIB\SYN_AFIB_03662.png,AFIB,AFIB,0.9985,1
C:\Users\taimo\OneDrive\Documents 1\work\ecg-synthetic-research\data\rendered\neurokit2\AFIB\SYN_AFIB_00638.png,AFIB,AFIB,0.9985,1
C:\Users\taimo\OneDrive\Documents 1\work\ecg-synthetic-research\data\rendered\neurokit2\AFIB\SYN_AFIB_01098.png,AFIB,AFIB,0.999,1
C:\Users\taimo\OneDrive\Documents 1\work\ecg-synthetic-research\data\rendered\neurokit2\AFIB\SYN_AFIB_00922.png,AFIB,AFIB,0.9976,1
C:\Users\taimo\OneDrive\Documents 1\work\ecg-synthetic-research\data\rendered\neurokit2\AFIB\SYN_AFIB_02367.png,AFIB,AFIB,0.999,1
C:\Users\taimo\OneDrive\Documents 1\work\ecg-synthetic-research\data\rendered\neurokit2\AFIB\SYN_AFIB_01323.png,AFIB,AFIB,0.989,1
C:\Users\taimo\OneDrive\Documents 1\work\ecg-synthetic-research\data\rendered\neurokit2\AFIB\SYN_AFIB_03934.png,AFIB,AFIB,0.9966,1
C:\Users\taimo\OneDrive\Documents 1\work\ecg-synthetic-research\data\rendered\neurokit2\AFIB\SYN_AFIB_02678.png,AFIB,AFIB,0.999,1
C:\Users\taimo\OneDrive\Documents 1\work\ecg-synthetic-research\data\rendered\neurokit2\AFIB\SYN_AFIB_02442.png,AFIB,AFIB,0.9995,1
C:\Users\taimo\OneDrive\Documents 1\work\ecg-synthetic-research\data\rendered\neurokit2\AFIB\SYN_AFIB_02197.png,AFIB,AFIB,0.9883,1
C:\Users\taimo\OneDrive\Documents 1\work\ecg-synthetic-research\data\rendered\neurokit2\AFIB\SYN_AFIB_02964.png,AFIB,AFIB,0.998,1
C:\Users\taimo\OneDrive\Documents 1\work\ecg-synthetic-research\data\rendered\neurokit2\AFIB\SYN_AFIB_01289.png,AFIB,AFIB,0.9985,1
C:\Users\taimo\OneDrive\Documents 1\work\ecg-synthetic-research\data\rendered\neurokit2\AFIB\SYN_AFIB_00868.png,AFIB,AFIB,0.9985,1
C:\Users\taimo\OneDrive\Documents 1\work\ecg-synthetic-research\data\rendered\neurokit2\AFIB\SYN_AFIB_03021.png,AFIB,AFIB,1.0,1
C:\Users\taimo\OneDrive\Documents 1\work\ecg-synthetic-research\data\rendered\neurokit2\AFIB\SYN_AFIB_03675.png,AFIB,AFIB,0.9995,1
C:\Users\taimo\OneDrive\Documents 1\work\ecg-synthetic-research\data\rendered\neurokit2\AFIB\SYN_AFIB_03671.png,AFIB,AFIB,0.999,1
C:\Users\taimo\OneDrive\Documents 1\work\ecg-synthetic-research\data\rendered\neurokit2\AFIB\SYN_AFIB_00766.png,AFIB,AFIB,0.9976,1
C:\Users\taimo\OneDrive\Documents 1\work\ecg-synthetic-research\data\rendered\neurokit2\AFIB\SYN_AFIB_02660.png,AFIB,AFIB,0.9995,1
C:\Users\taimo\OneDrive\Documents 1\work\ecg-synthetic-research\data\rendered\neurokit2\AFIB\SYN_AFIB_00583.png,AFIB,AFIB,0.998,1
C:\Users\taimo\OneDrive\Documents 1\work\ecg-synthetic-research\data\rendered\neurokit2\AFIB\SYN_AFIB_00941.png,AFIB,AFIB,0.995,1
C:\Users\taimo\OneDrive\Documents 1\work\ecg-synthetic-research\data\rendered\neurokit2\AFIB\SYN_AFIB_02311.png,AFIB,AFIB,0.997,1
C:\Users\taimo\OneDrive\Documents 1\work\ecg-synthetic-research\data\rendered\neurokit2\AFIB\SYN_AFIB_01601.png,AFIB,AFIB,0.9985,1
C:\Users\taimo\OneDrive\Documents 1\work\ecg-synthetic-research\data\rendered\neurokit2\AFIB\SYN_AFIB_00536.png,AFIB,AFIB,0.995,1
C:\Users\taimo\OneDrive\Documents 1\work\ecg-synthetic-research\data\rendered\neurokit2\AFIB\SYN_AFIB_00698.png,AFIB,AFIB,0.999,1
C:\Users\taimo\OneDrive\Documents 1\work\ecg-synthetic-research\data\rendered\neurokit2\AFIB\SYN_AFIB_03625.png,AFIB,AFIB,0.991,1
C:\Users\taimo\OneDrive\Documents 1\work\ecg-synthetic-research\data\rendered\neurokit2\AFIB\SYN_AFIB_01847.png,AFIB,AFIB,0.999,1
C:\Users\taimo\OneDrive\Documents 1\work\ecg-synthetic-research\data\rendered\neurokit2\AFIB\SYN_AFIB_00234.png,AFIB,AFIB,0.988,1
C:\Users\taimo\OneDrive\Documents 1\work\ecg-synthetic-research\data\rendered\neurokit2\AFIB\SYN_AFIB_01724.png,AFIB,AFIB,0.998,1
C:\Users\taimo\OneDrive\Documents 1\work\ecg-synthetic-research\data\rendered\neurokit2\AFIB\SYN_AFIB_02743.png,AFIB,AFIB,0.9966,1
C:\Users\taimo\OneDrive\Documents 1\work\ecg-synthetic-research\data\rendered\neurokit2\AFIB\SYN_AFIB_00473.png,AFIB,AFIB,0.999,1
C:\Users\taimo\OneDrive\Documents 1\work\ecg-synthetic-research\data\rendered\neurokit2\AFIB\SYN_AFIB_03277.png,AFIB,AFIB,0.997,1
C:\Users\taimo\OneDrive\Documents 1\work\ecg-synthetic-research\data\rendered\neurokit2\AFIB\SYN_AFIB_00136.png,AFIB,AFIB,0.993,1
C:\Users\taimo\OneDrive\Documents 1\work\ecg-synthetic-research\data\rendered\neurokit2\AFIB\SYN_AFIB_01054.png,AFIB,AFIB,0.9976,1
C:\Users\taimo\OneDrive\Documents 1\work\ecg-synthetic-research\data\rendered\neurokit2\AFIB\SYN_AFIB_02953.png,AFIB,AFIB,0.9863,1
C:\Users\taimo\OneDrive\Documents 1\work\ecg-synthetic-research\data\rendered\neurokit2\AFIB\SYN_AFIB_03950.png,AFIB,AFIB,0.9976,1
C:\Users\taimo\OneDrive\Documents 1\work\ecg-synthetic-research\data\rendered\neurokit2\AFIB\SYN_AFIB_00283.png,AFIB,AFIB,0.998,1
C:\Users\taimo\OneDrive\Documents 1\work\ecg-synthetic-research\data\rendered\neurokit2\AFIB\SYN_AFIB_03795.png,AFIB,AFIB,0.993,1
C:\Users\taimo\OneDrive\Documents 1\work\ecg-synthetic-research\data\rendered\neurokit2\AFIB\SYN_AFIB_03510.png,AFIB,AFIB,0.9985,1
C:\Users\taimo\OneDrive\Documents 1\work\ecg-synthetic-research\data\rendered\neurokit2\AFIB\SYN_AFIB_03169.png,AFIB,AFIB,0.9985,1
C:\Users\taimo\OneDrive\Documents 1\work\ecg-synthetic-research\data\rendered\neurokit2\AFIB\SYN_AFIB_02899.png,AFIB,AFIB,0.9976,1
C:\Users\taimo\OneDrive\Documents 1\work\ecg-synthetic-research\data\rendered\neurokit2\AFIB\SYN_AFIB_02298.png,AFIB,AFIB,0.994,1
C:\Users\taimo\OneDrive\Documents 1\work\ecg-synthetic-research\data\rendered\neurokit2\AFIB\SYN_AFIB_01652.png,AFIB,AFIB,0.995,1
C:\Users\taimo\OneDrive\Documents 1\work\ecg-synthetic-research\data\rendered\neurokit2\AFIB\SYN_AFIB_00888.png,AFIB,AFIB,0.9956,1
C:\Users\taimo\OneDrive\Documents 1\work\ecg-synthetic-research\data\rendered\neurokit2\AFIB\SYN_AFIB_00414.png,AFIB,AFIB,0.998,1
C:\Users\taimo\OneDrive\Documents 1\work\ecg-synthetic-research\data\rendered\neurokit2\AFIB\SYN_AFIB_01804.png,AFIB,AFIB,0.999,1
C:\Users\taimo\OneDrive\Documents 1\work\ecg-synthetic-research\data\rendered\neurokit2\AFIB\SYN_AFIB_00273.png,AFIB,AFIB,0.9976,1
C:\Users\taimo\OneDrive\Documents 1\work\ecg-synthetic-research\data\rendered\neurokit2\AFIB\SYN_AFIB_03237.png,AFIB,AFIB,0.9976,1
C:\Users\taimo\OneDrive\Documents 1\work\ecg-synthetic-research\data\rendered\neurokit2\AFIB\SYN_AFIB_01862.png,AFIB,AFIB,0.9976,1
C:\Users\taimo\OneDrive\Documents 1\work\ecg-synthetic-research\data\rendered\neurokit2\AFIB\SYN_AFIB_02412.png,AFIB,AFIB,0.993,1
C:\Users\taimo\OneDrive\Documents 1\work\ecg-synthetic-research\data\rendered\neurokit2\AFIB\SYN_AFIB_01954.png,AFIB,AFIB,0.9995,1
C:\Users\taimo\OneDrive\Documents 1\work\ecg-synthetic-research\data\rendered\neurokit2\AFIB\SYN_AFIB_03707.png,AFIB,AFIB,0.9893,1
C:\Users\taimo\OneDrive\Documents 1\work\ecg-synthetic-research\data\rendered\neurokit2\AFIB\SYN_AFIB_03428.png,AFIB,AFIB,0.993,1
C:\Users\taimo\OneDrive\Documents 1\work\ecg-synthetic-research\data\rendered\neurokit2\AFIB\SYN_AFIB_02692.png,AFIB,AFIB,0.9937,1
C:\Users\taimo\OneDrive\Documents 1\work\ecg-synthetic-research\data\rendered\neurokit2\AFIB\SYN_AFIB_03015.png,AFIB,AFIB,1.0,1
C:\Users\taimo\OneDrive\Documents 1\work\ecg-synthetic-research\data\rendered\neurokit2\AFIB\SYN_AFIB_01285.png,AFIB,AFIB,0.9873,1
C:\Users\taimo\OneDrive\Documents 1\work\ecg-synthetic-research\data\rendered\neurokit2\AFIB\SYN_AFIB_00499.png,AFIB,AFIB,0.9976,1
C:\Users\taimo\OneDrive\Documents 1\work\ecg-synthetic-research\data\rendered\neurokit2\AFIB\SYN_AFIB_01252.png,AFIB,AFIB,0.998,1
C:\Users\taimo\OneDrive\Documents 1\work\ecg-synthetic-research\data\rendered\neurokit2\AFIB\SYN_AFIB_02640.png,AFIB,AFIB,0.997,1
C:\Users\taimo\OneDrive\Documents 1\work\ecg-synthetic-research\data\rendered\neurokit2\AFIB\SYN_AFIB_01469.png,AFIB,AFIB,0.9927,1
C:\Users\taimo\OneDrive\Documents 1\work\ecg-synthetic-research\data\rendered\neurokit2\AFIB\SYN_AFIB_01911.png,AFIB,AFIB,0.995,1
C:\Users\taimo\OneDrive\Documents 1\work\ecg-synthetic-research\data\rendered\neurokit2\AFIB\SYN_AFIB_02046.png,AFIB,AFIB,0.999,1
C:\Users\taimo\OneDrive\Documents 1\work\ecg-synthetic-research\data\rendered\neurokit2\AFIB\SYN_AFIB_00856.png,AFIB,AFIB,0.9976,1
C:\Users\taimo\OneDrive\Documents 1\work\ecg-synthetic-research\data\rendered\neurokit2\AFIB\SYN_AFIB_00200.png,AFIB,AFIB,0.9985,1
C:\Users\taimo\OneDrive\Documents 1\work\ecg-synthetic-research\data\rendered\neurokit2\AFIB\SYN_AFIB_02406.png,AFIB,AFIB,0.9966,1
C:\Users\taimo\OneDrive\Documents 1\work\ecg-synthetic-research\data\rendered\neurokit2\AFIB\SYN_AFIB_00232.png,AFIB,AFIB,0.998,1
C:\Users\taimo\OneDrive\Documents 1\work\ecg-synthetic-research\data\rendered\neurokit2\AFIB\SYN_AFIB_02651.png,AFIB,AFIB,0.995,1
C:\Users\taimo\OneDrive\Documents 1\work\ecg-synthetic-research\data\rendered\neurokit2\AFIB\SYN_AFIB_01628.png,AFIB,AFIB,0.995,1
C:\Users\taimo\OneDrive\Documents 1\work\ecg-synthetic-research\data\rendered\neurokit2\AFIB\SYN_AFIB_00192.png,AFIB,AFIB,0.998,1
C:\Users\taimo\OneDrive\Documents 1\work\ecg-synthetic-research\data\rendered\neurokit2\AFIB\SYN_AFIB_02669.png,AFIB,AFIB,0.994,1
C:\Users\taimo\OneDrive\Documents 1\work\ecg-synthetic-research\data\rendered\neurokit2\AFIB\SYN_AFIB_03429.png,AFIB,AFIB,0.999,1
C:\Users\taimo\OneDrive\Documents 1\work\ecg-synthetic-research\data\rendered\neurokit2\AFIB\SYN_AFIB_02006.png,AFIB,AFIB,0.9995,1
C:\Users\taimo\OneDrive\Documents 1\work\ecg-synthetic-research\data\rendered\neurokit2\AFIB\SYN_AFIB_03902.png,AFIB,AFIB,0.9976,1
C:\Users\taimo\OneDrive\Documents 1\work\ecg-synthetic-research\data\rendered\neurokit2\AFIB\SYN_AFIB_00995.png,AFIB,AFIB,0.998,1
C:\Users\taimo\OneDrive\Documents 1\work\ecg-synthetic-research\data\rendered\neurokit2\AFIB\SYN_AFIB_03942.png,AFIB,AFIB,0.998,1
C:\Users\taimo\OneDrive\Documents 1\work\ecg-synthetic-research\data\rendered\neurokit2\AFIB\SYN_AFIB_03523.png,AFIB,AFIB,0.998,1
C:\Users\taimo\OneDrive\Documents 1\work\ecg-synthetic-research\data\rendered\neurokit2\AFIB\SYN_AFIB_00901.png,AFIB,AFIB,0.999,1
C:\Users\taimo\OneDrive\Documents 1\work\ecg-synthetic-research\data\rendered\neurokit2\AFIB\SYN_AFIB_03706.png,AFIB,AFIB,0.998,1
C:\Users\taimo\OneDrive\Documents 1\work\ecg-synthetic-research\data\rendered\neurokit2\AFIB\SYN_AFIB_00510.png,AFIB,AFIB,0.962,1
C:\Users\taimo\OneDrive\Documents 1\work\ecg-synthetic-research\data\rendered\neurokit2\AFIB\SYN_AFIB_02795.png,AFIB,AFIB,0.999,1
C:\Users\taimo\OneDrive\Documents 1\work\ecg-synthetic-research\data\rendered\neurokit2\AFIB\SYN_AFIB_00768.png,AFIB,AFIB,0.9995,1
C:\Users\taimo\OneDrive\Documents 1\work\ecg-synthetic-research\data\rendered\neurokit2\AFIB\SYN_AFIB_00124.png,AFIB,AFIB,0.9995,1
C:\Users\taimo\OneDrive\Documents 1\work\ecg-synthetic-research\data\rendered\neurokit2\AFIB\SYN_AFIB_00820.png,AFIB,AFIB,0.9985,1
C:\Users\taimo\OneDrive\Documents 1\work\ecg-synthetic-research\data\rendered\neurokit2\AFIB\SYN_AFIB_03514.png,AFIB,AFIB,0.9966,1
C:\Users\taimo\OneDrive\Documents 1\work\ecg-synthetic-research\data\rendered\neurokit2\AFIB\SYN_AFIB_03491.png,AFIB,AFIB,0.9966,1
C:\Users\taimo\OneDrive\Documents 1\work\ecg-synthetic-research\data\rendered\neurokit2\AFIB\SYN_AFIB_03187.png,AFIB,AFIB,0.998,1
C:\Users\taimo\OneDrive\Documents 1\work\ecg-synthetic-research\data\rendered\neurokit2\AFIB\SYN_AFIB_03307.png,AFIB,AFIB,0.999,1
C:\Users\taimo\OneDrive\Documents 1\work\ecg-synthetic-research\data\rendered\neurokit2\AFIB\SYN_AFIB_03612.png,AFIB,AFIB,0.999,1
C:\Users\taimo\OneDrive\Documents 1\work\ecg-synthetic-research\data\rendered\neurokit2\AFIB\SYN_AFIB_03724.png,AFIB,AFIB,1.0,1
C:\Users\taimo\OneDrive\Documents 1\work\ecg-synthetic-research\data\rendered\neurokit2\AFIB\SYN_AFIB_01593.png,AFIB,AFIB,0.996,1
C:\Users\taimo\OneDrive\Documents 1\work\ecg-synthetic-research\data\rendered\neurokit2\AFIB\SYN_AFIB_03652.png,AFIB,AFIB,0.9995,1
C:\Users\taimo\OneDrive\Documents 1\work\ecg-synthetic-research\data\rendered\neurokit2\AFIB\SYN_AFIB_03122.png,AFIB,AFIB,0.998,1
C:\Users\taimo\OneDrive\Documents 1\work\ecg-synthetic-research\data\rendered\neurokit2\AFIB\SYN_AFIB_00543.png,AFIB,AFIB,0.999,1
C:\Users\taimo\OneDrive\Documents 1\work\ecg-synthetic-research\data\rendered\neurokit2\AFIB\SYN_AFIB_01197.png,AFIB,AFIB,0.9976,1
C:\Users\taimo\OneDrive\Documents 1\work\ecg-synthetic-research\data\rendered\neurokit2\AFIB\SYN_AFIB_02250.png,AFIB,AFIB,1.0,1
C:\Users\taimo\OneDrive\Documents 1\work\ecg-synthetic-research\data\rendered\neurokit2\AFIB\SYN_AFIB_01776.png,AFIB,AFIB,0.992,1
C:\Users\taimo\OneDrive\Documents 1\work\ecg-synthetic-research\data\rendered\neurokit2\AFIB\SYN_AFIB_00899.png,AFIB,AFIB,0.9956,1
C:\Users\taimo\OneDrive\Documents 1\work\ecg-synthetic-research\data\rendered\neurokit2\AFIB\SYN_AFIB_01502.png,AFIB,AFIB,0.9966,1
C:\Users\taimo\OneDrive\Documents 1\work\ecg-synthetic-research\data\rendered\neurokit2\AFIB\SYN_AFIB_02719.png,AFIB,AFIB,0.998,1
C:\Users\taimo\OneDrive\Documents 1\work\ecg-synthetic-research\data\rendered\neurokit2\TACHY\SYN_TACHY_00528.png,TACHY,TACHY,0.998,1
C:\Users\taimo\OneDrive\Documents 1\work\ecg-synthetic-research\data\rendered\neurokit2\TACHY\SYN_TACHY_01757.png,TACHY,TACHY,0.9976,1
C:\Users\taimo\OneDrive\Documents 1\work\ecg-synthetic-research\data\rendered\neurokit2\TACHY\SYN_TACHY_03410.png,TACHY,TACHY,0.9985,1
C:\Users\taimo\OneDrive\Documents 1\work\ecg-synthetic-research\data\rendered\neurokit2\TACHY\SYN_TACHY_03859.png,TACHY,TACHY,0.9897,1
C:\Users\taimo\OneDrive\Documents 1\work\ecg-synthetic-research\data\rendered\neurokit2\TACHY\SYN_TACHY_00595.png,TACHY,TACHY,0.9985,1
C:\Users\taimo\OneDrive\Documents 1\work\ecg-synthetic-research\data\rendered\neurokit2\TACHY\SYN_TACHY_03591.png,TACHY,TACHY,0.997,1
C:\Users\taimo\OneDrive\Documents 1\work\ecg-synthetic-research\data\rendered\neurokit2\TACHY\SYN_TACHY_03888.png,TACHY,TACHY,0.9883,1
C:\Users\taimo\OneDrive\Documents 1\work\ecg-synthetic-research\data\rendered\neurokit2\TACHY\SYN_TACHY_02300.png,TACHY,TACHY,0.9624,1
C:\Users\taimo\OneDrive\Documents 1\work\ecg-synthetic-research\data\rendered\neurokit2\TACHY\SYN_TACHY_02384.png,TACHY,TACHY,0.9976,1
C:\Users\taimo\OneDrive\Documents 1\work\ecg-synthetic-research\data\rendered\neurokit2\TACHY\SYN_TACHY_02457.png,TACHY,TACHY,0.998,1
C:\Users\taimo\OneDrive\Documents 1\work\ecg-synthetic-research\data\rendered\neurokit2\TACHY\SYN_TACHY_03048.png,TACHY,TACHY,0.9937,1
C:\Users\taimo\OneDrive\Documents 1\work\ecg-synthetic-research\data\rendered\neurokit2\TACHY\SYN_TACHY_01988.png,TACHY,TACHY,0.997,1
C:\Users\taimo\OneDrive\Documents 1\work\ecg-synthetic-research\data\rendered\neurokit2\TACHY\SYN_TACHY_01056.png,TACHY,TACHY,0.998,1
C:\Users\taimo\OneDrive\Documents 1\work\ecg-synthetic-research\data\rendered\neurokit2\TACHY\SYN_TACHY_00568.png,TACHY,TACHY,0.9985,1
C:\Users\taimo\OneDrive\Documents 1\work\ecg-synthetic-research\data\rendered\neurokit2\TACHY\SYN_TACHY_03225.png,TACHY,TACHY,0.995,1
C:\Users\taimo\OneDrive\Documents 1\work\ecg-synthetic-research\data\rendered\neurokit2\TACHY\SYN_TACHY_02579.png,TACHY,TACHY,0.9624,1
C:\Users\taimo\OneDrive\Documents 1\work\ecg-synthetic-research\data\rendered\neurokit2\TACHY\SYN_TACHY_03783.png,TACHY,TACHY,0.997,1
C:\Users\taimo\OneDrive\Documents 1\work\ecg-synthetic-research\data\rendered\neurokit2\TACHY\SYN_TACHY_01262.png,TACHY,TACHY,0.9883,1
C:\Users\taimo\OneDrive\Documents 1\work\ecg-synthetic-research\data\rendered\neurokit2\TACHY\SYN_TACHY_00890.png,TACHY,TACHY,0.9985,1
C:\Users\taimo\OneDrive\Documents 1\work\ecg-synthetic-research\data\rendered\neurokit2\TACHY\SYN_TACHY_00394.png,TACHY,TACHY,0.9995,1
C:\Users\taimo\OneDrive\Documents 1\work\ecg-synthetic-research\data\rendered\neurokit2\TACHY\SYN_TACHY_01488.png,TACHY,TACHY,0.998,1
C:\Users\taimo\OneDrive\Documents 1\work\ecg-synthetic-research\data\rendered\neurokit2\TACHY\SYN_TACHY_03540.png,TACHY,TACHY,0.9814,1
C:\Users\taimo\OneDrive\Documents 1\work\ecg-synthetic-research\data\rendered\neurokit2\TACHY\SYN_TACHY_01425.png,TACHY,TACHY,0.99,1
C:\Users\taimo\OneDrive\Documents 1\work\ecg-synthetic-research\data\rendered\neurokit2\TACHY\SYN_TACHY_01993.png,TACHY,TACHY,0.9937,1
C:\Users\taimo\OneDrive\Documents 1\work\ecg-synthetic-research\data\rendered\neurokit2\TACHY\SYN_TACHY_01553.png,TACHY,TACHY,0.999,1
C:\Users\taimo\OneDrive\Documents 1\work\ecg-synthetic-research\data\rendered\neurokit2\TACHY\SYN_TACHY_02296.png,TACHY,TACHY,0.9995,1
C:\Users\taimo\OneDrive\Documents 1\work\ecg-synthetic-research\data\rendered\neurokit2\TACHY\SYN_TACHY_00034.png,TACHY,TACHY,0.997,1
C:\Users\taimo\OneDrive\Documents 1\work\ecg-synthetic-research\data\rendered\neurokit2\TACHY\SYN_TACHY_03302.png,TACHY,TACHY,0.9985,1
C:\Users\taimo\OneDrive\Documents 1\work\ecg-synthetic-research\data\rendered\neurokit2\TACHY\SYN_TACHY_01243.png,TACHY,TACHY,0.9976,1
C:\Users\taimo\OneDrive\Documents 1\work\ecg-synthetic-research\data\rendered\neurokit2\TACHY\SYN_TACHY_00671.png,TACHY,TACHY,0.9976,1
C:\Users\taimo\OneDrive\Documents 1\work\ecg-synthetic-research\data\rendered\neurokit2\TACHY\SYN_TACHY_01557.png,TACHY,TACHY,0.991,1
C:\Users\taimo\OneDrive\Documents 1\work\ecg-synthetic-research\data\rendered\neurokit2\TACHY\SYN_TACHY_01745.png,TACHY,TACHY,0.9995,1
C:\Users\taimo\OneDrive\Documents 1\work\ecg-synthetic-research\data\rendered\neurokit2\TACHY\SYN_TACHY_02980.png,TACHY,TACHY,0.996,1
C:\Users\taimo\OneDrive\Documents 1\work\ecg-synthetic-research\data\rendered\neurokit2\TACHY\SYN_TACHY_01627.png,TACHY,TACHY,0.9844,1
C:\Users\taimo\OneDrive\Documents 1\work\ecg-synthetic-research\data\rendered\neurokit2\TACHY\SYN_TACHY_00600.png,TACHY,TACHY,0.9985,1
C:\Users\taimo\OneDrive\Documents 1\work\ecg-synthetic-research\data\rendered\neurokit2\TACHY\SYN_TACHY_01115.png,TACHY,TACHY,0.995,1
C:\Users\taimo\OneDrive\Documents 1\work\ecg-synthetic-research\data\rendered\neurokit2\TACHY\SYN_TACHY_02500.png,TACHY,TACHY,0.999,1
C:\Users\taimo\OneDrive\Documents 1\work\ecg-synthetic-research\data\rendered\neurokit2\TACHY\SYN_TACHY_01879.png,TACHY,TACHY,0.999,1
C:\Users\taimo\OneDrive\Documents 1\work\ecg-synthetic-research\data\rendered\neurokit2\TACHY\SYN_TACHY_03059.png,TACHY,TACHY,0.9985,1
C:\Users\taimo\OneDrive\Documents 1\work\ecg-synthetic-research\data\rendered\neurokit2\TACHY\SYN_TACHY_02794.png,TACHY,TACHY,0.9966,1
C:\Users\taimo\OneDrive\Documents 1\work\ecg-synthetic-research\data\rendered\neurokit2\TACHY\SYN_TACHY_02359.png,TACHY,TACHY,0.996,1
C:\Users\taimo\OneDrive\Documents 1\work\ecg-synthetic-research\data\rendered\neurokit2\TACHY\SYN_TACHY_01211.png,TACHY,TACHY,0.98,1
C:\Users\taimo\OneDrive\Documents 1\work\ecg-synthetic-research\data\rendered\neurokit2\TACHY\SYN_TACHY_01293.png,TACHY,TACHY,0.9937,1
C:\Users\taimo\OneDrive\Documents 1\work\ecg-synthetic-research\data\rendered\neurokit2\TACHY\SYN_TACHY_02904.png,TACHY,TACHY,0.99,1
C:\Users\taimo\OneDrive\Documents 1\work\ecg-synthetic-research\data\rendered\neurokit2\TACHY\SYN_TACHY_02454.png,TACHY,TACHY,0.9976,1
C:\Users\taimo\OneDrive\Documents 1\work\ecg-synthetic-research\data\rendered\neurokit2\TACHY\SYN_TACHY_03573.png,TACHY,TACHY,0.995,1
C:\Users\taimo\OneDrive\Documents 1\work\ecg-synthetic-research\data\rendered\neurokit2\TACHY\SYN_TACHY_03394.png,TACHY,TACHY,0.9985,1
C:\Users\taimo\OneDrive\Documents 1\work\ecg-synthetic-research\data\rendered\neurokit2\TACHY\SYN_TACHY_02120.png,TACHY,TACHY,0.99,1
C:\Users\taimo\OneDrive\Documents 1\work\ecg-synthetic-research\data\rendered\neurokit2\TACHY\SYN_TACHY_01331.png,TACHY,TACHY,0.9404,1
C:\Users\taimo\OneDrive\Documents 1\work\ecg-synthetic-research\data\rendered\neurokit2\TACHY\SYN_TACHY_00299.png,TACHY,TACHY,0.9277,1
C:\Users\taimo\OneDrive\Documents 1\work\ecg-synthetic-research\data\rendered\neurokit2\TACHY\SYN_TACHY_01576.png,TACHY,TACHY,0.987,1
C:\Users\taimo\OneDrive\Documents 1\work\ecg-synthetic-research\data\rendered\neurokit2\TACHY\SYN_TACHY_00024.png,TACHY,TACHY,0.9956,1
C:\Users\taimo\OneDrive\Documents 1\work\ecg-synthetic-research\data\rendered\neurokit2\TACHY\SYN_TACHY_01085.png,TACHY,TACHY,0.9956,1
C:\Users\taimo\OneDrive\Documents 1\work\ecg-synthetic-research\data\rendered\neurokit2\TACHY\SYN_TACHY_01273.png,TACHY,TACHY,0.996,1
C:\Users\taimo\OneDrive\Documents 1\work\ecg-synthetic-research\data\rendered\neurokit2\TACHY\SYN_TACHY_00599.png,TACHY,TACHY,0.994,1
C:\Users\taimo\OneDrive\Documents 1\work\ecg-synthetic-research\data\rendered\neurokit2\TACHY\SYN_TACHY_02122.png,TACHY,TACHY,0.999,1
C:\Users\taimo\OneDrive\Documents 1\work\ecg-synthetic-research\data\rendered\neurokit2\TACHY\SYN_TACHY_03645.png,TACHY,TACHY,0.9976,1
C:\Users\taimo\OneDrive\Documents 1\work\ecg-synthetic-research\data\rendered\neurokit2\TACHY\SYN_TACHY_01567.png,TACHY,TACHY,0.999,1
C:\Users\taimo\OneDrive\Documents 1\work\ecg-synthetic-research\data\rendered\neurokit2\TACHY\SYN_TACHY_00409.png,TACHY,TACHY,0.994,1
C:\Users\taimo\OneDrive\Documents 1\work\ecg-synthetic-research\data\rendered\neurokit2\TACHY\SYN_TACHY_00316.png,TACHY,TACHY,0.998,1
C:\Users\taimo\OneDrive\Documents 1\work\ecg-synthetic-research\data\rendered\neurokit2\TACHY\SYN_TACHY_02733.png,TACHY,TACHY,0.9946,1
C:\Users\taimo\OneDrive\Documents 1\work\ecg-synthetic-research\data\rendered\neurokit2\TACHY\SYN_TACHY_03116.png,TACHY,TACHY,0.9893,1
C:\Users\taimo\OneDrive\Documents 1\work\ecg-synthetic-research\data\rendered\neurokit2\TACHY\SYN_TACHY_01455.png,TACHY,TACHY,0.9385,1
C:\Users\taimo\OneDrive\Documents 1\work\ecg-synthetic-research\data\rendered\neurokit2\TACHY\SYN_TACHY_02017.png,TACHY,TACHY,0.9985,1
C:\Users\taimo\OneDrive\Documents 1\work\ecg-synthetic-research\data\rendered\neurokit2\TACHY\SYN_TACHY_03779.png,TACHY,TACHY,0.996,1
C:\Users\taimo\OneDrive\Documents 1\work\ecg-synthetic-research\data\rendered\neurokit2\TACHY\SYN_TACHY_01024.png,TACHY,TACHY,0.997,1
C:\Users\taimo\OneDrive\Documents 1\work\ecg-synthetic-research\data\rendered\neurokit2\TACHY\SYN_TACHY_03226.png,TACHY,TACHY,0.998,1
C:\Users\taimo\OneDrive\Documents 1\work\ecg-synthetic-research\data\rendered\neurokit2\TACHY\SYN_TACHY_00487.png,TACHY,TACHY,0.999,1
C:\Users\taimo\OneDrive\Documents 1\work\ecg-synthetic-research\data\rendered\neurokit2\TACHY\SYN_TACHY_02438.png,TACHY,TACHY,0.998,1
C:\Users\taimo\OneDrive\Documents 1\work\ecg-synthetic-research\data\rendered\neurokit2\TACHY\SYN_TACHY_01742.png,TACHY,TACHY,0.9995,1
C:\Users\taimo\OneDrive\Documents 1\work\ecg-synthetic-research\data\rendered\neurokit2\TACHY\SYN_TACHY_00052.png,TACHY,TACHY,0.9985,1
C:\Users\taimo\OneDrive\Documents 1\work\ecg-synthetic-research\data\rendered\neurokit2\TACHY\SYN_TACHY_01689.png,TACHY,TACHY,0.998,1
C:\Users\taimo\OneDrive\Documents 1\work\ecg-synthetic-research\data\rendered\neurokit2\TACHY\SYN_TACHY_02761.png,TACHY,TACHY,0.9985,1
C:\Users\taimo\OneDrive\Documents 1\work\ecg-synthetic-research\data\rendered\neurokit2\TACHY\SYN_TACHY_01065.png,TACHY,TACHY,0.992,1
C:\Users\taimo\OneDrive\Documents 1\work\ecg-synthetic-research\data\rendered\neurokit2\TACHY\SYN_TACHY_01654.png,TACHY,TACHY,0.9985,1
C:\Users\taimo\OneDrive\Documents 1\work\ecg-synthetic-research\data\rendered\neurokit2\TACHY\SYN_TACHY_00565.png,TACHY,TACHY,0.999,1
C:\Users\taimo\OneDrive\Documents 1\work\ecg-synthetic-research\data\rendered\neurokit2\TACHY\SYN_TACHY_00215.png,TACHY,TACHY,0.999,1
C:\Users\taimo\OneDrive\Documents 1\work\ecg-synthetic-research\data\rendered\neurokit2\TACHY\SYN_TACHY_03027.png,TACHY,TACHY,0.9937,1
C:\Users\taimo\OneDrive\Documents 1\work\ecg-synthetic-research\data\rendered\neurokit2\TACHY\SYN_TACHY_03976.png,TACHY,TACHY,0.9976,1
C:\Users\taimo\OneDrive\Documents 1\work\ecg-synthetic-research\data\rendered\neurokit2\TACHY\SYN_TACHY_00753.png,TACHY,TACHY,0.998,1
C:\Users\taimo\OneDrive\Documents 1\work\ecg-synthetic-research\data\rendered\neurokit2\TACHY\SYN_TACHY_00045.png,TACHY,TACHY,0.9976,1
C:\Users\taimo\OneDrive\Documents 1\work\ecg-synthetic-research\data\rendered\neurokit2\TACHY\SYN_TACHY_02399.png,TACHY,TACHY,0.9976,1
C:\Users\taimo\OneDrive\Documents 1\work\ecg-synthetic-research\data\rendered\neurokit2\TACHY\SYN_TACHY_00811.png,TACHY,TACHY,0.999,1
C:\Users\taimo\OneDrive\Documents 1\work\ecg-synthetic-research\data\rendered\neurokit2\TACHY\SYN_TACHY_03809.png,TACHY,TACHY,0.9927,1
C:\Users\taimo\OneDrive\Documents 1\work\ecg-synthetic-research\data\rendered\neurokit2\TACHY\SYN_TACHY_00257.png,TACHY,TACHY,0.9927,1
C:\Users\taimo\OneDrive\Documents 1\work\ecg-synthetic-research\data\rendered\neurokit2\TACHY\SYN_TACHY_00577.png,TACHY,TACHY,0.997,1
C:\Users\taimo\OneDrive\Documents 1\work\ecg-synthetic-research\data\rendered\neurokit2\TACHY\SYN_TACHY_03737.png,TACHY,TACHY,0.999,1
C:\Users\taimo\OneDrive\Documents 1\work\ecg-synthetic-research\data\rendered\neurokit2\TACHY\SYN_TACHY_00292.png,TACHY,TACHY,0.995,1
C:\Users\taimo\OneDrive\Documents 1\work\ecg-synthetic-research\data\rendered\neurokit2\TACHY\SYN_TACHY_01511.png,TACHY,TACHY,0.9956,1
C:\Users\taimo\OneDrive\Documents 1\work\ecg-synthetic-research\data\rendered\neurokit2\TACHY\SYN_TACHY_00264.png,TACHY,TACHY,0.997,1
C:\Users\taimo\OneDrive\Documents 1\work\ecg-synthetic-research\data\rendered\neurokit2\TACHY\SYN_TACHY_00765.png,TACHY,TACHY,0.9956,1
C:\Users\taimo\OneDrive\Documents 1\work\ecg-synthetic-research\data\rendered\neurokit2\TACHY\SYN_TACHY_01294.png,TACHY,TACHY,0.897,1
C:\Users\taimo\OneDrive\Documents 1\work\ecg-synthetic-research\data\rendered\neurokit2\TACHY\SYN_TACHY_00545.png,TACHY,TACHY,0.9976,1
C:\Users\taimo\OneDrive\Documents 1\work\ecg-synthetic-research\data\rendered\neurokit2\TACHY\SYN_TACHY_01729.png,TACHY,TACHY,0.988,1
C:\Users\taimo\OneDrive\Documents 1\work\ecg-synthetic-research\data\rendered\neurokit2\TACHY\SYN_TACHY_02025.png,TACHY,TACHY,0.996,1
C:\Users\taimo\OneDrive\Documents 1\work\ecg-synthetic-research\data\rendered\neurokit2\TACHY\SYN_TACHY_01589.png,TACHY,TACHY,0.9966,1
C:\Users\taimo\OneDrive\Documents 1\work\ecg-synthetic-research\data\rendered\neurokit2\TACHY\SYN_TACHY_03839.png,TACHY,TACHY,0.9976,1
C:\Users\taimo\OneDrive\Documents 1\work\ecg-synthetic-research\data\rendered\neurokit2\TACHY\SYN_TACHY_00433.png,TACHY,TACHY,0.9985,1
C:\Users\taimo\OneDrive\Documents 1\work\ecg-synthetic-research\data\rendered\neurokit2\TACHY\SYN_TACHY_02892.png,TACHY,TACHY,0.998,1
C:\Users\taimo\OneDrive\Documents 1\work\ecg-synthetic-research\data\rendered\neurokit2\TACHY\SYN_TACHY_01806.png,TACHY,TACHY,0.9907,1
C:\Users\taimo\OneDrive\Documents 1\work\ecg-synthetic-research\data\rendered\neurokit2\TACHY\SYN_TACHY_01946.png,TACHY,TACHY,0.994,1
C:\Users\taimo\OneDrive\Documents 1\work\ecg-synthetic-research\data\rendered\neurokit2\TACHY\SYN_TACHY_00175.png,TACHY,TACHY,0.9976,1
C:\Users\taimo\OneDrive\Documents 1\work\ecg-synthetic-research\data\rendered\neurokit2\TACHY\SYN_TACHY_00991.png,TACHY,TACHY,0.9995,1
C:\Users\taimo\OneDrive\Documents 1\work\ecg-synthetic-research\data\rendered\neurokit2\TACHY\SYN_TACHY_01427.png,TACHY,TACHY,0.9956,1
C:\Users\taimo\OneDrive\Documents 1\work\ecg-synthetic-research\data\rendered\neurokit2\TACHY\SYN_TACHY_02963.png,TACHY,TACHY,0.9985,1
C:\Users\taimo\OneDrive\Documents 1\work\ecg-synthetic-research\data\rendered\neurokit2\TACHY\SYN_TACHY_00228.png,TACHY,TACHY,0.997,1
C:\Users\taimo\OneDrive\Documents 1\work\ecg-synthetic-research\data\rendered\neurokit2\TACHY\SYN_TACHY_00352.png,TACHY,TACHY,0.9966,1
C:\Users\taimo\OneDrive\Documents 1\work\ecg-synthetic-research\data\rendered\neurokit2\TACHY\SYN_TACHY_01201.png,TACHY,TACHY,0.997,1
C:\Users\taimo\OneDrive\Documents 1\work\ecg-synthetic-research\data\rendered\neurokit2\TACHY\SYN_TACHY_01378.png,TACHY,TACHY,0.9985,1
C:\Users\taimo\OneDrive\Documents 1\work\ecg-synthetic-research\data\rendered\neurokit2\TACHY\SYN_TACHY_01069.png,TACHY,TACHY,0.997,1
C:\Users\taimo\OneDrive\Documents 1\work\ecg-synthetic-research\data\rendered\neurokit2\TACHY\SYN_TACHY_01414.png,TACHY,TACHY,0.9995,1
C:\Users\taimo\OneDrive\Documents 1\work\ecg-synthetic-research\data\rendered\neurokit2\TACHY\SYN_TACHY_00140.png,TACHY,TACHY,0.9927,1
C:\Users\taimo\OneDrive\Documents 1\work\ecg-synthetic-research\data\rendered\neurokit2\TACHY\SYN_TACHY_00267.png,TACHY,TACHY,0.9966,1
C:\Users\taimo\OneDrive\Documents 1\work\ecg-synthetic-research\data\rendered\neurokit2\TACHY\SYN_TACHY_00064.png,TACHY,TACHY,0.999,1
C:\Users\taimo\OneDrive\Documents 1\work\ecg-synthetic-research\data\rendered\neurokit2\TACHY\SYN_TACHY_02683.png,TACHY,TACHY,0.9985,1
C:\Users\taimo\OneDrive\Documents 1\work\ecg-synthetic-research\data\rendered\neurokit2\TACHY\SYN_TACHY_03993.png,TACHY,TACHY,0.996,1
C:\Users\taimo\OneDrive\Documents 1\work\ecg-synthetic-research\data\rendered\neurokit2\TACHY\SYN_TACHY_00777.png,TACHY,TACHY,0.9985,1
C:\Users\taimo\OneDrive\Documents 1\work\ecg-synthetic-research\data\rendered\neurokit2\TACHY\SYN_TACHY_00970.png,TACHY,TACHY,0.9995,1
C:\Users\taimo\OneDrive\Documents 1\work\ecg-synthetic-research\data\rendered\neurokit2\TACHY\SYN_TACHY_00865.png,TACHY,TACHY,0.9976,1
C:\Users\taimo\OneDrive\Documents 1\work\ecg-synthetic-research\data\rendered\neurokit2\TACHY\SYN_TACHY_03493.png,TACHY,TACHY,0.999,1
C:\Users\taimo\OneDrive\Documents 1\work\ecg-synthetic-research\data\rendered\neurokit2\TACHY\SYN_TACHY_01462.png,TACHY,TACHY,0.9976,1
C:\Users\taimo\OneDrive\Documents 1\work\ecg-synthetic-research\data\rendered\neurokit2\TACHY\SYN_TACHY_00359.png,TACHY,TACHY,0.993,1
C:\Users\taimo\OneDrive\Documents 1\work\ecg-synthetic-research\data\rendered\neurokit2\TACHY\SYN_TACHY_01030.png,TACHY,TACHY,0.9893,1
C:\Users\taimo\OneDrive\Documents 1\work\ecg-synthetic-research\data\rendered\neurokit2\TACHY\SYN_TACHY_01771.png,TACHY,TACHY,0.9917,1
C:\Users\taimo\OneDrive\Documents 1\work\ecg-synthetic-research\data\rendered\neurokit2\TACHY\SYN_TACHY_02628.png,TACHY,TACHY,0.9873,1
C:\Users\taimo\OneDrive\Documents 1\work\ecg-synthetic-research\data\rendered\neurokit2\TACHY\SYN_TACHY_01399.png,TACHY,TACHY,0.9985,1
C:\Users\taimo\OneDrive\Documents 1\work\ecg-synthetic-research\data\rendered\neurokit2\TACHY\SYN_TACHY_03285.png,TACHY,TACHY,0.997,1
C:\Users\taimo\OneDrive\Documents 1\work\ecg-synthetic-research\data\rendered\neurokit2\TACHY\SYN_TACHY_03053.png,TACHY,TACHY,0.9927,1
C:\Users\taimo\OneDrive\Documents 1\work\ecg-synthetic-research\data\rendered\neurokit2\TACHY\SYN_TACHY_01111.png,TACHY,TACHY,0.994,1
C:\Users\taimo\OneDrive\Documents 1\work\ecg-synthetic-research\data\rendered\neurokit2\TACHY\SYN_TACHY_00077.png,TACHY,TACHY,0.999,1
C:\Users\taimo\OneDrive\Documents 1\work\ecg-synthetic-research\data\rendered\neurokit2\TACHY\SYN_TACHY_00734.png,TACHY,TACHY,0.994,1
C:\Users\taimo\OneDrive\Documents 1\work\ecg-synthetic-research\data\rendered\neurokit2\TACHY\SYN_TACHY_02731.png,TACHY,TACHY,0.9727,1
C:\Users\taimo\OneDrive\Documents 1\work\ecg-synthetic-research\data\rendered\neurokit2\TACHY\SYN_TACHY_03473.png,TACHY,TACHY,0.998,1
C:\Users\taimo\OneDrive\Documents 1\work\ecg-synthetic-research\data\rendered\neurokit2\TACHY\SYN_TACHY_00430.png,TACHY,TACHY,0.9976,1
C:\Users\taimo\OneDrive\Documents 1\work\ecg-synthetic-research\data\rendered\neurokit2\TACHY\SYN_TACHY_02717.png,TACHY,TACHY,0.9985,1
C:\Users\taimo\OneDrive\Documents 1\work\ecg-synthetic-research\data\rendered\neurokit2\TACHY\SYN_TACHY_00031.png,TACHY,TACHY,0.9985,1
C:\Users\taimo\OneDrive\Documents 1\work\ecg-synthetic-research\data\rendered\neurokit2\TACHY\SYN_TACHY_03858.png,TACHY,TACHY,0.997,1
C:\Users\taimo\OneDrive\Documents 1\work\ecg-synthetic-research\data\rendered\neurokit2\TACHY\SYN_TACHY_02667.png,TACHY,TACHY,0.985,1
C:\Users\taimo\OneDrive\Documents 1\work\ecg-synthetic-research\data\rendered\neurokit2\TACHY\SYN_TACHY_00444.png,TACHY,TACHY,0.9976,1
C:\Users\taimo\OneDrive\Documents 1\work\ecg-synthetic-research\data\rendered\neurokit2\TACHY\SYN_TACHY_02970.png,TACHY,TACHY,0.9985,1
C:\Users\taimo\OneDrive\Documents 1\work\ecg-synthetic-research\data\rendered\neurokit2\TACHY\SYN_TACHY_00290.png,TACHY,TACHY,0.998,1
C:\Users\taimo\OneDrive\Documents 1\work\ecg-synthetic-research\data\rendered\neurokit2\TACHY\SYN_TACHY_03941.png,TACHY,TACHY,0.9897,1
C:\Users\taimo\OneDrive\Documents 1\work\ecg-synthetic-research\data\rendered\neurokit2\TACHY\SYN_TACHY_01736.png,TACHY,TACHY,0.9976,1
C:\Users\taimo\OneDrive\Documents 1\work\ecg-synthetic-research\data\rendered\neurokit2\TACHY\SYN_TACHY_00451.png,TACHY,TACHY,0.9976,1
C:\Users\taimo\OneDrive\Documents 1\work\ecg-synthetic-research\data\rendered\neurokit2\TACHY\SYN_TACHY_00786.png,TACHY,TACHY,0.999,1
C:\Users\taimo\OneDrive\Documents 1\work\ecg-synthetic-research\data\rendered\neurokit2\TACHY\SYN_TACHY_03388.png,TACHY,TACHY,0.997,1
C:\Users\taimo\OneDrive\Documents 1\work\ecg-synthetic-research\data\rendered\neurokit2\TACHY\SYN_TACHY_02370.png,TACHY,TACHY,0.994,1
C:\Users\taimo\OneDrive\Documents 1\work\ecg-synthetic-research\data\rendered\neurokit2\TACHY\SYN_TACHY_01996.png,TACHY,TACHY,0.998,1
C:\Users\taimo\OneDrive\Documents 1\work\ecg-synthetic-research\data\rendered\neurokit2\TACHY\SYN_TACHY_03378.png,TACHY,TACHY,0.986,1
C:\Users\taimo\OneDrive\Documents 1\work\ecg-synthetic-research\data\rendered\neurokit2\TACHY\SYN_TACHY_01346.png,TACHY,TACHY,0.998,1
C:\Users\taimo\OneDrive\Documents 1\work\ecg-synthetic-research\data\rendered\neurokit2\TACHY\SYN_TACHY_02093.png,TACHY,TACHY,0.9976,1
C:\Users\taimo\OneDrive\Documents 1\work\ecg-synthetic-research\data\rendered\neurokit2\TACHY\SYN_TACHY_01741.png,TACHY,TACHY,0.9966,1
C:\Users\taimo\OneDrive\Documents 1\work\ecg-synthetic-research\data\rendered\neurokit2\TACHY\SYN_TACHY_02856.png,TACHY,TACHY,0.995,1
C:\Users\taimo\OneDrive\Documents 1\work\ecg-synthetic-research\data\rendered\neurokit2\TACHY\SYN_TACHY_03571.png,TACHY,TACHY,0.8984,1
C:\Users\taimo\OneDrive\Documents 1\work\ecg-synthetic-research\data\rendered\neurokit2\TACHY\SYN_TACHY_01910.png,TACHY,TACHY,0.83,1
C:\Users\taimo\OneDrive\Documents 1\work\ecg-synthetic-research\data\rendered\neurokit2\TACHY\SYN_TACHY_00412.png,TACHY,TACHY,0.997,1
C:\Users\taimo\OneDrive\Documents 1\work\ecg-synthetic-research\data\rendered\neurokit2\TACHY\SYN_TACHY_01075.png,TACHY,TACHY,0.9956,1
C:\Users\taimo\OneDrive\Documents 1\work\ecg-synthetic-research\data\rendered\neurokit2\TACHY\SYN_TACHY_00153.png,TACHY,TACHY,0.997,1
C:\Users\taimo\OneDrive\Documents 1\work\ecg-synthetic-research\data\rendered\neurokit2\TACHY\SYN_TACHY_00103.png,TACHY,TACHY,0.9995,1
C:\Users\taimo\OneDrive\Documents 1\work\ecg-synthetic-research\data\rendered\neurokit2\TACHY\SYN_TACHY_03352.png,TACHY,TACHY,0.99,1
C:\Users\taimo\OneDrive\Documents 1\work\ecg-synthetic-research\data\rendered\neurokit2\TACHY\SYN_TACHY_02841.png,TACHY,TACHY,0.999,1
C:\Users\taimo\OneDrive\Documents 1\work\ecg-synthetic-research\data\rendered\neurokit2\TACHY\SYN_TACHY_02520.png,TACHY,TACHY,0.9805,1
C:\Users\taimo\OneDrive\Documents 1\work\ecg-synthetic-research\data\rendered\neurokit2\TACHY\SYN_TACHY_00756.png,TACHY,TACHY,0.9844,1
C:\Users\taimo\OneDrive\Documents 1\work\ecg-synthetic-research\data\rendered\neurokit2\TACHY\SYN_TACHY_02644.png,TACHY,TACHY,0.9985,1
C:\Users\taimo\OneDrive\Documents 1\work\ecg-synthetic-research\data\rendered\neurokit2\TACHY\SYN_TACHY_03780.png,TACHY,TACHY,0.9995,1
C:\Users\taimo\OneDrive\Documents 1\work\ecg-synthetic-research\data\rendered\neurokit2\TACHY\SYN_TACHY_03963.png,TACHY,TACHY,0.9976,1
C:\Users\taimo\OneDrive\Documents 1\work\ecg-synthetic-research\data\rendered\neurokit2\TACHY\SYN_TACHY_02184.png,TACHY,TACHY,0.998,1
C:\Users\taimo\OneDrive\Documents 1\work\ecg-synthetic-research\data\rendered\neurokit2\TACHY\SYN_TACHY_00555.png,TACHY,TACHY,0.9976,1
C:\Users\taimo\OneDrive\Documents 1\work\ecg-synthetic-research\data\rendered\neurokit2\TACHY\SYN_TACHY_03432.png,TACHY,TACHY,0.999,1
C:\Users\taimo\OneDrive\Documents 1\work\ecg-synthetic-research\data\rendered\neurokit2\TACHY\SYN_TACHY_00812.png,TACHY,TACHY,0.996,1
C:\Users\taimo\OneDrive\Documents 1\work\ecg-synthetic-research\data\rendered\neurokit2\TACHY\SYN_TACHY_01660.png,TACHY,TACHY,0.9976,1
C:\Users\taimo\OneDrive\Documents 1\work\ecg-synthetic-research\data\rendered\neurokit2\TACHY\SYN_TACHY_01449.png,TACHY,TACHY,0.999,1
C:\Users\taimo\OneDrive\Documents 1\work\ecg-synthetic-research\data\rendered\neurokit2\TACHY\SYN_TACHY_01058.png,TACHY,TACHY,0.9985,1
C:\Users\taimo\OneDrive\Documents 1\work\ecg-synthetic-research\data\rendered\neurokit2\TACHY\SYN_TACHY_03433.png,TACHY,TACHY,0.999,1
C:\Users\taimo\OneDrive\Documents 1\work\ecg-synthetic-research\data\rendered\neurokit2\TACHY\SYN_TACHY_00924.png,TACHY,TACHY,0.9976,1
C:\Users\taimo\OneDrive\Documents 1\work\ecg-synthetic-research\data\rendered\neurokit2\TACHY\SYN_TACHY_03279.png,TACHY,TACHY,0.9966,1
C:\Users\taimo\OneDrive\Documents 1\work\ecg-synthetic-research\data\rendered\neurokit2\TACHY\SYN_TACHY_01421.png,TACHY,TACHY,0.9946,1
C:\Users\taimo\OneDrive\Documents 1\work\ecg-synthetic-research\data\rendered\neurokit2\TACHY\SYN_TACHY_03186.png,TACHY,TACHY,0.9985,1
C:\Users\taimo\OneDrive\Documents 1\work\ecg-synthetic-research\data\rendered\neurokit2\TACHY\SYN_TACHY_03159.png,TACHY,TACHY,0.9893,1
C:\Users\taimo\OneDrive\Documents 1\work\ecg-synthetic-research\data\rendered\neurokit2\TACHY\SYN_TACHY_02177.png,TACHY,TACHY,0.994,1
C:\Users\taimo\OneDrive\Documents 1\work\ecg-synthetic-research\data\rendered\neurokit2\TACHY\SYN_TACHY_03058.png,TACHY,TACHY,0.997,1
C:\Users\taimo\OneDrive\Documents 1\work\ecg-synthetic-research\data\rendered\neurokit2\TACHY\SYN_TACHY_03653.png,TACHY,TACHY,0.9966,1
C:\Users\taimo\OneDrive\Documents 1\work\ecg-synthetic-research\data\rendered\neurokit2\TACHY\SYN_TACHY_00480.png,TACHY,TACHY,0.9985,1
C:\Users\taimo\OneDrive\Documents 1\work\ecg-synthetic-research\data\rendered\neurokit2\TACHY\SYN_TACHY_01770.png,TACHY,TACHY,0.995,1
C:\Users\taimo\OneDrive\Documents 1\work\ecg-synthetic-research\data\rendered\neurokit2\TACHY\SYN_TACHY_01941.png,TACHY,TACHY,0.999,1
C:\Users\taimo\OneDrive\Documents 1\work\ecg-synthetic-research\data\rendered\neurokit2\TACHY\SYN_TACHY_00469.png,TACHY,TACHY,0.99,1
C:\Users\taimo\OneDrive\Documents 1\work\ecg-synthetic-research\data\rendered\neurokit2\TACHY\SYN_TACHY_02079.png,TACHY,TACHY,0.9985,1
C:\Users\taimo\OneDrive\Documents 1\work\ecg-synthetic-research\data\rendered\neurokit2\TACHY\SYN_TACHY_00062.png,TACHY,TACHY,0.9463,1
C:\Users\taimo\OneDrive\Documents 1\work\ecg-synthetic-research\data\rendered\neurokit2\TACHY\SYN_TACHY_00255.png,TACHY,TACHY,0.991,1
C:\Users\taimo\OneDrive\Documents 1\work\ecg-synthetic-research\data\rendered\neurokit2\TACHY\SYN_TACHY_00916.png,TACHY,TACHY,0.9956,1
C:\Users\taimo\OneDrive\Documents 1\work\ecg-synthetic-research\data\rendered\neurokit2\TACHY\SYN_TACHY_01872.png,TACHY,TACHY,0.9956,1
C:\Users\taimo\OneDrive\Documents 1\work\ecg-synthetic-research\data\rendered\neurokit2\TACHY\SYN_TACHY_02409.png,TACHY,TACHY,0.997,1
C:\Users\taimo\OneDrive\Documents 1\work\ecg-synthetic-research\data\rendered\neurokit2\TACHY\SYN_TACHY_01808.png,TACHY,TACHY,0.995,1
C:\Users\taimo\OneDrive\Documents 1\work\ecg-synthetic-research\data\rendered\neurokit2\TACHY\SYN_TACHY_03033.png,TACHY,TACHY,0.9985,1
C:\Users\taimo\OneDrive\Documents 1\work\ecg-synthetic-research\data\rendered\neurokit2\TACHY\SYN_TACHY_03580.png,TACHY,TACHY,0.993,1
C:\Users\taimo\OneDrive\Documents 1\work\ecg-synthetic-research\data\rendered\neurokit2\TACHY\SYN_TACHY_02348.png,TACHY,TACHY,0.999,1
C:\Users\taimo\OneDrive\Documents 1\work\ecg-synthetic-research\data\rendered\neurokit2\TACHY\SYN_TACHY_02649.png,TACHY,TACHY,0.9956,1
C:\Users\taimo\OneDrive\Documents 1\work\ecg-synthetic-research\data\rendered\neurokit2\TACHY\SYN_TACHY_00284.png,TACHY,TACHY,0.9985,1
C:\Users\taimo\OneDrive\Documents 1\work\ecg-synthetic-research\data\rendered\neurokit2\TACHY\SYN_TACHY_00622.png,TACHY,TACHY,0.9985,1
C:\Users\taimo\OneDrive\Documents 1\work\ecg-synthetic-research\data\rendered\neurokit2\TACHY\SYN_TACHY_01643.png,TACHY,TACHY,0.9966,1
C:\Users\taimo\OneDrive\Documents 1\work\ecg-synthetic-research\data\rendered\neurokit2\TACHY\SYN_TACHY_02992.png,TACHY,TACHY,0.994,1
C:\Users\taimo\OneDrive\Documents 1\work\ecg-synthetic-research\data\rendered\neurokit2\TACHY\SYN_TACHY_03564.png,TACHY,TACHY,0.9976,1
C:\Users\taimo\OneDrive\Documents 1\work\ecg-synthetic-research\data\rendered\neurokit2\TACHY\SYN_TACHY_01109.png,TACHY,TACHY,0.999,1
C:\Users\taimo\OneDrive\Documents 1\work\ecg-synthetic-research\data\rendered\neurokit2\TACHY\SYN_TACHY_01602.png,TACHY,TACHY,0.9946,1
C:\Users\taimo\OneDrive\Documents 1\work\ecg-synthetic-research\data\rendered\neurokit2\TACHY\SYN_TACHY_00219.png,TACHY,TACHY,0.9985,1
C:\Users\taimo\OneDrive\Documents 1\work\ecg-synthetic-research\data\rendered\neurokit2\TACHY\SYN_TACHY_03324.png,TACHY,TACHY,0.998,1
C:\Users\taimo\OneDrive\Documents 1\work\ecg-synthetic-research\data\rendered\neurokit2\TACHY\SYN_TACHY_01905.png,TACHY,TACHY,0.998,1
C:\Users\taimo\OneDrive\Documents 1\work\ecg-synthetic-research\data\rendered\neurokit2\TACHY\SYN_TACHY_02830.png,TACHY,TACHY,0.9937,1
C:\Users\taimo\OneDrive\Documents 1\work\ecg-synthetic-research\data\rendered\neurokit2\TACHY\SYN_TACHY_01205.png,TACHY,TACHY,0.9956,1
C:\Users\taimo\OneDrive\Documents 1\work\ecg-synthetic-research\data\rendered\neurokit2\TACHY\SYN_TACHY_00806.png,TACHY,TACHY,0.9907,1
C:\Users\taimo\OneDrive\Documents 1\work\ecg-synthetic-research\data\rendered\neurokit2\TACHY\SYN_TACHY_00579.png,TACHY,TACHY,0.999,1
C:\Users\taimo\OneDrive\Documents 1\work\ecg-synthetic-research\data\rendered\neurokit2\TACHY\SYN_TACHY_00001.png,TACHY,TACHY,0.9897,1
C:\Users\taimo\OneDrive\Documents 1\work\ecg-synthetic-research\data\rendered\neurokit2\TACHY\SYN_TACHY_00965.png,TACHY,TACHY,0.9956,1
C:\Users\taimo\OneDrive\Documents 1\work\ecg-synthetic-research\data\rendered\neurokit2\TACHY\SYN_TACHY_01426.png,TACHY,TACHY,0.999,1
C:\Users\taimo\OneDrive\Documents 1\work\ecg-synthetic-research\data\rendered\neurokit2\TACHY\SYN_TACHY_03794.png,TACHY,TACHY,0.9976,1
C:\Users\taimo\OneDrive\Documents 1\work\ecg-synthetic-research\data\rendered\neurokit2\TACHY\SYN_TACHY_01968.png,TACHY,TACHY,0.998,1
C:\Users\taimo\OneDrive\Documents 1\work\ecg-synthetic-research\data\rendered\neurokit2\TACHY\SYN_TACHY_00176.png,TACHY,TACHY,0.975,1
C:\Users\taimo\OneDrive\Documents 1\work\ecg-synthetic-research\data\rendered\neurokit2\TACHY\SYN_TACHY_02485.png,TACHY,TACHY,0.9985,1
C:\Users\taimo\OneDrive\Documents 1\work\ecg-synthetic-research\data\rendered\neurokit2\TACHY\SYN_TACHY_00692.png,TACHY,TACHY,0.9985,1
C:\Users\taimo\OneDrive\Documents 1\work\ecg-synthetic-research\data\rendered\neurokit2\TACHY\SYN_TACHY_00218.png,TACHY,TACHY,0.996,1
C:\Users\taimo\OneDrive\Documents 1\work\ecg-synthetic-research\data\rendered\neurokit2\TACHY\SYN_TACHY_03112.png,TACHY,TACHY,0.9785,1
C:\Users\taimo\OneDrive\Documents 1\work\ecg-synthetic-research\data\rendered\neurokit2\TACHY\SYN_TACHY_03470.png,TACHY,TACHY,0.9976,1
C:\Users\taimo\OneDrive\Documents 1\work\ecg-synthetic-research\data\rendered\neurokit2\TACHY\SYN_TACHY_02826.png,TACHY,TACHY,0.999,1
C:\Users\taimo\OneDrive\Documents 1\work\ecg-synthetic-research\data\rendered\neurokit2\TACHY\SYN_TACHY_00377.png,TACHY,TACHY,0.998,1
C:\Users\taimo\OneDrive\Documents 1\work\ecg-synthetic-research\data\rendered\neurokit2\TACHY\SYN_TACHY_00434.png,TACHY,TACHY,0.997,1
C:\Users\taimo\OneDrive\Documents 1\work\ecg-synthetic-research\data\rendered\neurokit2\TACHY\SYN_TACHY_02397.png,TACHY,TACHY,0.998,1
C:\Users\taimo\OneDrive\Documents 1\work\ecg-synthetic-research\data\rendered\neurokit2\TACHY\SYN_TACHY_00645.png,TACHY,TACHY,0.9966,1
C:\Users\taimo\OneDrive\Documents 1\work\ecg-synthetic-research\data\rendered\neurokit2\TACHY\SYN_TACHY_01428.png,TACHY,TACHY,0.9883,1
C:\Users\taimo\OneDrive\Documents 1\work\ecg-synthetic-research\data\rendered\neurokit2\TACHY\SYN_TACHY_01165.png,TACHY,TACHY,0.9946,1
C:\Users\taimo\OneDrive\Documents 1\work\ecg-synthetic-research\data\rendered\neurokit2\TACHY\SYN_TACHY_03816.png,TACHY,TACHY,0.9966,1
C:\Users\taimo\OneDrive\Documents 1\work\ecg-synthetic-research\data\rendered\neurokit2\TACHY\SYN_TACHY_01190.png,TACHY,TACHY,0.9966,1
C:\Users\taimo\OneDrive\Documents 1\work\ecg-synthetic-research\data\rendered\neurokit2\TACHY\SYN_TACHY_00533.png,TACHY,TACHY,0.9985,1
C:\Users\taimo\OneDrive\Documents 1\work\ecg-synthetic-research\data\rendered\neurokit2\TACHY\SYN_TACHY_00950.png,TACHY,TACHY,0.995,1
C:\Users\taimo\OneDrive\Documents 1\work\ecg-synthetic-research\data\rendered\neurokit2\TACHY\SYN_TACHY_02224.png,TACHY,TACHY,0.997,1
C:\Users\taimo\OneDrive\Documents 1\work\ecg-synthetic-research\data\rendered\neurokit2\TACHY\SYN_TACHY_01766.png,TACHY,TACHY,0.998,1
C:\Users\taimo\OneDrive\Documents 1\work\ecg-synthetic-research\data\rendered\neurokit2\TACHY\SYN_TACHY_01515.png,TACHY,TACHY,0.9976,1
C:\Users\taimo\OneDrive\Documents 1\work\ecg-synthetic-research\data\rendered\neurokit2\TACHY\SYN_TACHY_00928.png,TACHY,TACHY,0.9985,1
C:\Users\taimo\OneDrive\Documents 1\work\ecg-synthetic-research\data\rendered\neurokit2\TACHY\SYN_TACHY_00220.png,TACHY,TACHY,0.9985,1
C:\Users\taimo\OneDrive\Documents 1\work\ecg-synthetic-research\data\rendered\neurokit2\TACHY\SYN_TACHY_02165.png,TACHY,TACHY,0.9976,1
C:\Users\taimo\OneDrive\Documents 1\work\ecg-synthetic-research\data\rendered\neurokit2\TACHY\SYN_TACHY_03843.png,TACHY,TACHY,0.997,1
C:\Users\taimo\OneDrive\Documents 1\work\ecg-synthetic-research\data\rendered\neurokit2\TACHY\SYN_TACHY_03234.png,TACHY,TACHY,0.9985,1
C:\Users\taimo\OneDrive\Documents 1\work\ecg-synthetic-research\data\rendered\neurokit2\TACHY\SYN_TACHY_01624.png,TACHY,TACHY,0.9985,1
C:\Users\taimo\OneDrive\Documents 1\work\ecg-synthetic-research\data\rendered\neurokit2\TACHY\SYN_TACHY_02092.png,TACHY,TACHY,0.9985,1
C:\Users\taimo\OneDrive\Documents 1\work\ecg-synthetic-research\data\rendered\neurokit2\TACHY\SYN_TACHY_02553.png,TACHY,TACHY,0.997,1
C:\Users\taimo\OneDrive\Documents 1\work\ecg-synthetic-research\data\rendered\neurokit2\TACHY\SYN_TACHY_01951.png,TACHY,TACHY,0.9937,1
C:\Users\taimo\OneDrive\Documents 1\work\ecg-synthetic-research\data\rendered\neurokit2\TACHY\SYN_TACHY_00508.png,TACHY,TACHY,0.9907,1
C:\Users\taimo\OneDrive\Documents 1\work\ecg-synthetic-research\data\rendered\neurokit2\TACHY\SYN_TACHY_03055.png,TACHY,TACHY,0.998,1
C:\Users\taimo\OneDrive\Documents 1\work\ecg-synthetic-research\data\rendered\neurokit2\TACHY\SYN_TACHY_03118.png,TACHY,TACHY,0.999,1
C:\Users\taimo\OneDrive\Documents 1\work\ecg-synthetic-research\data\rendered\neurokit2\TACHY\SYN_TACHY_03854.png,TACHY,TACHY,0.995,1
C:\Users\taimo\OneDrive\Documents 1\work\ecg-synthetic-research\data\rendered\neurokit2\TACHY\SYN_TACHY_00679.png,TACHY,TACHY,0.996,1
C:\Users\taimo\OneDrive\Documents 1\work\ecg-synthetic-research\data\rendered\neurokit2\TACHY\SYN_TACHY_00097.png,TACHY,TACHY,0.9966,1
C:\Users\taimo\OneDrive\Documents 1\work\ecg-synthetic-research\data\rendered\neurokit2\TACHY\SYN_TACHY_01229.png,TACHY,TACHY,0.9985,1
C:\Users\taimo\OneDrive\Documents 1\work\ecg-synthetic-research\data\rendered\neurokit2\TACHY\SYN_TACHY_02750.png,TACHY,TACHY,0.997,1
C:\Users\taimo\OneDrive\Documents 1\work\ecg-synthetic-research\data\rendered\neurokit2\TACHY\SYN_TACHY_01611.png,TACHY,TACHY,0.999,1
C:\Users\taimo\OneDrive\Documents 1\work\ecg-synthetic-research\data\rendered\neurokit2\TACHY\SYN_TACHY_01223.png,TACHY,TACHY,0.984,1
C:\Users\taimo\OneDrive\Documents 1\work\ecg-synthetic-research\data\rendered\neurokit2\TACHY\SYN_TACHY_02339.png,TACHY,TACHY,0.9966,1
C:\Users\taimo\OneDrive\Documents 1\work\ecg-synthetic-research\data\rendered\neurokit2\TACHY\SYN_TACHY_02383.png,TACHY,TACHY,0.984,1
C:\Users\taimo\OneDrive\Documents 1\work\ecg-synthetic-research\data\rendered\neurokit2\TACHY\SYN_TACHY_02836.png,TACHY,TACHY,0.997,1
C:\Users\taimo\OneDrive\Documents 1\work\ecg-synthetic-research\data\rendered\neurokit2\TACHY\SYN_TACHY_02182.png,TACHY,TACHY,0.9917,1
C:\Users\taimo\OneDrive\Documents 1\work\ecg-synthetic-research\data\rendered\neurokit2\TACHY\SYN_TACHY_00571.png,TACHY,TACHY,0.997,1
C:\Users\taimo\OneDrive\Documents 1\work\ecg-synthetic-research\data\rendered\neurokit2\TACHY\SYN_TACHY_03039.png,TACHY,TACHY,0.999,1
C:\Users\taimo\OneDrive\Documents 1\work\ecg-synthetic-research\data\rendered\neurokit2\TACHY\SYN_TACHY_01072.png,TACHY,TACHY,0.9976,1
C:\Users\taimo\OneDrive\Documents 1\work\ecg-synthetic-research\data\rendered\neurokit2\TACHY\SYN_TACHY_00966.png,TACHY,TACHY,0.996,1
C:\Users\taimo\OneDrive\Documents 1\work\ecg-synthetic-research\data\rendered\neurokit2\TACHY\SYN_TACHY_03369.png,TACHY,TACHY,0.9946,1
C:\Users\taimo\OneDrive\Documents 1\work\ecg-synthetic-research\data\rendered\neurokit2\TACHY\SYN_TACHY_03538.png,TACHY,TACHY,0.999,1
C:\Users\taimo\OneDrive\Documents 1\work\ecg-synthetic-research\data\rendered\neurokit2\TACHY\SYN_TACHY_02633.png,TACHY,TACHY,0.99,1
C:\Users\taimo\OneDrive\Documents 1\work\ecg-synthetic-research\data\rendered\neurokit2\TACHY\SYN_TACHY_01392.png,TACHY,TACHY,0.9995,1
C:\Users\taimo\OneDrive\Documents 1\work\ecg-synthetic-research\data\rendered\neurokit2\TACHY\SYN_TACHY_01919.png,TACHY,TACHY,0.998,1
C:\Users\taimo\OneDrive\Documents 1\work\ecg-synthetic-research\data\rendered\neurokit2\TACHY\SYN_TACHY_03713.png,TACHY,TACHY,0.997,1
C:\Users\taimo\OneDrive\Documents 1\work\ecg-synthetic-research\data\rendered\neurokit2\TACHY\SYN_TACHY_00142.png,TACHY,TACHY,0.9976,1
C:\Users\taimo\OneDrive\Documents 1\work\ecg-synthetic-research\data\rendered\neurokit2\TACHY\SYN_TACHY_01789.png,TACHY,TACHY,0.998,1
C:\Users\taimo\OneDrive\Documents 1\work\ecg-synthetic-research\data\rendered\neurokit2\TACHY\SYN_TACHY_00196.png,TACHY,TACHY,0.9917,1
C:\Users\taimo\OneDrive\Documents 1\work\ecg-synthetic-research\data\rendered\neurokit2\TACHY\SYN_TACHY_00841.png,TACHY,TACHY,0.9663,1
C:\Users\taimo\OneDrive\Documents 1\work\ecg-synthetic-research\data\rendered\neurokit2\TACHY\SYN_TACHY_00632.png,TACHY,TACHY,0.996,1
C:\Users\taimo\OneDrive\Documents 1\work\ecg-synthetic-research\data\rendered\neurokit2\TACHY\SYN_TACHY_02081.png,TACHY,TACHY,0.992,1
C:\Users\taimo\OneDrive\Documents 1\work\ecg-synthetic-research\data\rendered\neurokit2\TACHY\SYN_TACHY_01833.png,TACHY,TACHY,0.9966,1
C:\Users\taimo\OneDrive\Documents 1\work\ecg-synthetic-research\data\rendered\neurokit2\TACHY\SYN_TACHY_02000.png,TACHY,TACHY,0.998,1
C:\Users\taimo\OneDrive\Documents 1\work\ecg-synthetic-research\data\rendered\neurokit2\TACHY\SYN_TACHY_03662.png,TACHY,TACHY,0.993,1
C:\Users\taimo\OneDrive\Documents 1\work\ecg-synthetic-research\data\rendered\neurokit2\TACHY\SYN_TACHY_00638.png,TACHY,TACHY,0.9844,1
C:\Users\taimo\OneDrive\Documents 1\work\ecg-synthetic-research\data\rendered\neurokit2\TACHY\SYN_TACHY_01098.png,TACHY,TACHY,0.9927,1
C:\Users\taimo\OneDrive\Documents 1\work\ecg-synthetic-research\data\rendered\neurokit2\TACHY\SYN_TACHY_00922.png,TACHY,TACHY,0.9956,1
C:\Users\taimo\OneDrive\Documents 1\work\ecg-synthetic-research\data\rendered\neurokit2\TACHY\SYN_TACHY_02367.png,TACHY,TACHY,0.9946,1
C:\Users\taimo\OneDrive\Documents 1\work\ecg-synthetic-research\data\rendered\neurokit2\TACHY\SYN_TACHY_01323.png,TACHY,TACHY,0.995,1
C:\Users\taimo\OneDrive\Documents 1\work\ecg-synthetic-research\data\rendered\neurokit2\TACHY\SYN_TACHY_03934.png,TACHY,TACHY,0.996,1
C:\Users\taimo\OneDrive\Documents 1\work\ecg-synthetic-research\data\rendered\neurokit2\TACHY\SYN_TACHY_02678.png,TACHY,TACHY,0.9995,1
C:\Users\taimo\OneDrive\Documents 1\work\ecg-synthetic-research\data\rendered\neurokit2\TACHY\SYN_TACHY_02442.png,TACHY,TACHY,0.997,1
C:\Users\taimo\OneDrive\Documents 1\work\ecg-synthetic-research\data\rendered\neurokit2\TACHY\SYN_TACHY_02197.png,TACHY,TACHY,0.977,1
C:\Users\taimo\OneDrive\Documents 1\work\ecg-synthetic-research\data\rendered\neurokit2\TACHY\SYN_TACHY_02964.png,TACHY,TACHY,0.9927,1
C:\Users\taimo\OneDrive\Documents 1\work\ecg-synthetic-research\data\rendered\neurokit2\TACHY\SYN_TACHY_01289.png,TACHY,TACHY,0.9937,1
C:\Users\taimo\OneDrive\Documents 1\work\ecg-synthetic-research\data\rendered\neurokit2\TACHY\SYN_TACHY_00868.png,TACHY,TACHY,0.9863,1
C:\Users\taimo\OneDrive\Documents 1\work\ecg-synthetic-research\data\rendered\neurokit2\TACHY\SYN_TACHY_03021.png,TACHY,TACHY,0.999,1
C:\Users\taimo\OneDrive\Documents 1\work\ecg-synthetic-research\data\rendered\neurokit2\TACHY\SYN_TACHY_03675.png,TACHY,TACHY,0.997,1
C:\Users\taimo\OneDrive\Documents 1\work\ecg-synthetic-research\data\rendered\neurokit2\TACHY\SYN_TACHY_03671.png,TACHY,TACHY,0.981,1
C:\Users\taimo\OneDrive\Documents 1\work\ecg-synthetic-research\data\rendered\neurokit2\TACHY\SYN_TACHY_00766.png,TACHY,TACHY,0.9976,1
C:\Users\taimo\OneDrive\Documents 1\work\ecg-synthetic-research\data\rendered\neurokit2\TACHY\SYN_TACHY_02660.png,TACHY,TACHY,0.998,1
C:\Users\taimo\OneDrive\Documents 1\work\ecg-synthetic-research\data\rendered\neurokit2\TACHY\SYN_TACHY_00583.png,TACHY,TACHY,0.998,1
C:\Users\taimo\OneDrive\Documents 1\work\ecg-synthetic-research\data\rendered\neurokit2\TACHY\SYN_TACHY_00941.png,TACHY,TACHY,0.997,1
C:\Users\taimo\OneDrive\Documents 1\work\ecg-synthetic-research\data\rendered\neurokit2\TACHY\SYN_TACHY_02311.png,TACHY,TACHY,0.998,1
C:\Users\taimo\OneDrive\Documents 1\work\ecg-synthetic-research\data\rendered\neurokit2\TACHY\SYN_TACHY_01601.png,TACHY,TACHY,0.995,1
C:\Users\taimo\OneDrive\Documents 1\work\ecg-synthetic-research\data\rendered\neurokit2\TACHY\SYN_TACHY_00536.png,TACHY,TACHY,0.9985,1
C:\Users\taimo\OneDrive\Documents 1\work\ecg-synthetic-research\data\rendered\neurokit2\TACHY\SYN_TACHY_00698.png,TACHY,TACHY,0.997,1
C:\Users\taimo\OneDrive\Documents 1\work\ecg-synthetic-research\data\rendered\neurokit2\TACHY\SYN_TACHY_03625.png,TACHY,TACHY,0.9966,1
C:\Users\taimo\OneDrive\Documents 1\work\ecg-synthetic-research\data\rendered\neurokit2\TACHY\SYN_TACHY_01847.png,TACHY,TACHY,0.999,1
C:\Users\taimo\OneDrive\Documents 1\work\ecg-synthetic-research\data\rendered\neurokit2\TACHY\SYN_TACHY_00234.png,TACHY,TACHY,0.993,1
C:\Users\taimo\OneDrive\Documents 1\work\ecg-synthetic-research\data\rendered\neurokit2\TACHY\SYN_TACHY_01724.png,TACHY,TACHY,0.996,1
C:\Users\taimo\OneDrive\Documents 1\work\ecg-synthetic-research\data\rendered\neurokit2\TACHY\SYN_TACHY_02743.png,TACHY,TACHY,0.9824,1
C:\Users\taimo\OneDrive\Documents 1\work\ecg-synthetic-research\data\rendered\neurokit2\TACHY\SYN_TACHY_00473.png,TACHY,TACHY,0.9995,1
C:\Users\taimo\OneDrive\Documents 1\work\ecg-synthetic-research\data\rendered\neurokit2\TACHY\SYN_TACHY_03277.png,TACHY,TACHY,0.9956,1
C:\Users\taimo\OneDrive\Documents 1\work\ecg-synthetic-research\data\rendered\neurokit2\TACHY\SYN_TACHY_00136.png,TACHY,TACHY,0.9956,1
C:\Users\taimo\OneDrive\Documents 1\work\ecg-synthetic-research\data\rendered\neurokit2\TACHY\SYN_TACHY_01054.png,TACHY,TACHY,0.9946,1
C:\Users\taimo\OneDrive\Documents 1\work\ecg-synthetic-research\data\rendered\neurokit2\TACHY\SYN_TACHY_02953.png,TACHY,TACHY,0.996,1
C:\Users\taimo\OneDrive\Documents 1\work\ecg-synthetic-research\data\rendered\neurokit2\TACHY\SYN_TACHY_03950.png,TACHY,TACHY,0.9946,1
C:\Users\taimo\OneDrive\Documents 1\work\ecg-synthetic-research\data\rendered\neurokit2\TACHY\SYN_TACHY_00283.png,TACHY,TACHY,0.9985,1
C:\Users\taimo\OneDrive\Documents 1\work\ecg-synthetic-research\data\rendered\neurokit2\TACHY\SYN_TACHY_03795.png,TACHY,TACHY,0.998,1
C:\Users\taimo\OneDrive\Documents 1\work\ecg-synthetic-research\data\rendered\neurokit2\TACHY\SYN_TACHY_03510.png,TACHY,TACHY,0.998,1
C:\Users\taimo\OneDrive\Documents 1\work\ecg-synthetic-research\data\rendered\neurokit2\TACHY\SYN_TACHY_03169.png,TACHY,TACHY,0.9985,1
C:\Users\taimo\OneDrive\Documents 1\work\ecg-synthetic-research\data\rendered\neurokit2\TACHY\SYN_TACHY_02899.png,TACHY,TACHY,0.996,1
C:\Users\taimo\OneDrive\Documents 1\work\ecg-synthetic-research\data\rendered\neurokit2\TACHY\SYN_TACHY_02298.png,TACHY,TACHY,0.9917,1
C:\Users\taimo\OneDrive\Documents 1\work\ecg-synthetic-research\data\rendered\neurokit2\TACHY\SYN_TACHY_01652.png,TACHY,TACHY,0.9966,1
C:\Users\taimo\OneDrive\Documents 1\work\ecg-synthetic-research\data\rendered\neurokit2\TACHY\SYN_TACHY_00888.png,TACHY,TACHY,0.9995,1
C:\Users\taimo\OneDrive\Documents 1\work\ecg-synthetic-research\data\rendered\neurokit2\TACHY\SYN_TACHY_00414.png,TACHY,TACHY,0.998,1
C:\Users\taimo\OneDrive\Documents 1\work\ecg-synthetic-research\data\rendered\neurokit2\TACHY\SYN_TACHY_01804.png,TACHY,TACHY,0.9985,1
C:\Users\taimo\OneDrive\Documents 1\work\ecg-synthetic-research\data\rendered\neurokit2\TACHY\SYN_TACHY_00273.png,TACHY,TACHY,0.994,1
C:\Users\taimo\OneDrive\Documents 1\work\ecg-synthetic-research\data\rendered\neurokit2\TACHY\SYN_TACHY_03237.png,TACHY,TACHY,0.997,1
C:\Users\taimo\OneDrive\Documents 1\work\ecg-synthetic-research\data\rendered\neurokit2\TACHY\SYN_TACHY_01862.png,TACHY,TACHY,0.9976,1
C:\Users\taimo\OneDrive\Documents 1\work\ecg-synthetic-research\data\rendered\neurokit2\TACHY\SYN_TACHY_02412.png,TACHY,TACHY,0.9966,1
C:\Users\taimo\OneDrive\Documents 1\work\ecg-synthetic-research\data\rendered\neurokit2\TACHY\SYN_TACHY_01954.png,TACHY,TACHY,0.997,1
C:\Users\taimo\OneDrive\Documents 1\work\ecg-synthetic-research\data\rendered\neurokit2\TACHY\SYN_TACHY_03707.png,TACHY,TACHY,0.9976,1
C:\Users\taimo\OneDrive\Documents 1\work\ecg-synthetic-research\data\rendered\neurokit2\TACHY\SYN_TACHY_03428.png,TACHY,TACHY,0.989,1
C:\Users\taimo\OneDrive\Documents 1\work\ecg-synthetic-research\data\rendered\neurokit2\TACHY\SYN_TACHY_02692.png,TACHY,TACHY,0.9976,1
C:\Users\taimo\OneDrive\Documents 1\work\ecg-synthetic-research\data\rendered\neurokit2\TACHY\SYN_TACHY_03015.png,TACHY,TACHY,0.9985,1
C:\Users\taimo\OneDrive\Documents 1\work\ecg-synthetic-research\data\rendered\neurokit2\TACHY\SYN_TACHY_01285.png,TACHY,TACHY,0.9985,1
C:\Users\taimo\OneDrive\Documents 1\work\ecg-synthetic-research\data\rendered\neurokit2\TACHY\SYN_TACHY_00499.png,TACHY,TACHY,0.995,1
C:\Users\taimo\OneDrive\Documents 1\work\ecg-synthetic-research\data\rendered\neurokit2\TACHY\SYN_TACHY_01252.png,TACHY,TACHY,0.9985,1
C:\Users\taimo\OneDrive\Documents 1\work\ecg-synthetic-research\data\rendered\neurokit2\TACHY\SYN_TACHY_02640.png,TACHY,TACHY,0.9453,1
C:\Users\taimo\OneDrive\Documents 1\work\ecg-synthetic-research\data\rendered\neurokit2\TACHY\SYN_TACHY_01469.png,TACHY,TACHY,0.9956,1
C:\Users\taimo\OneDrive\Documents 1\work\ecg-synthetic-research\data\rendered\neurokit2\TACHY\SYN_TACHY_01911.png,TACHY,TACHY,0.998,1
C:\Users\taimo\OneDrive\Documents 1\work\ecg-synthetic-research\data\rendered\neurokit2\TACHY\SYN_TACHY_02046.png,TACHY,TACHY,0.997,1
C:\Users\taimo\OneDrive\Documents 1\work\ecg-synthetic-research\data\rendered\neurokit2\TACHY\SYN_TACHY_00856.png,TACHY,TACHY,0.9976,1
C:\Users\taimo\OneDrive\Documents 1\work\ecg-synthetic-research\data\rendered\neurokit2\TACHY\SYN_TACHY_00200.png,TACHY,TACHY,0.9985,1
C:\Users\taimo\OneDrive\Documents 1\work\ecg-synthetic-research\data\rendered\neurokit2\TACHY\SYN_TACHY_02406.png,TACHY,TACHY,0.996,1
C:\Users\taimo\OneDrive\Documents 1\work\ecg-synthetic-research\data\rendered\neurokit2\TACHY\SYN_TACHY_00232.png,TACHY,TACHY,0.997,1
C:\Users\taimo\OneDrive\Documents 1\work\ecg-synthetic-research\data\rendered\neurokit2\TACHY\SYN_TACHY_02651.png,TACHY,TACHY,0.999,1
C:\Users\taimo\OneDrive\Documents 1\work\ecg-synthetic-research\data\rendered\neurokit2\TACHY\SYN_TACHY_01628.png,TACHY,TACHY,0.996,1
C:\Users\taimo\OneDrive\Documents 1\work\ecg-synthetic-research\data\rendered\neurokit2\TACHY\SYN_TACHY_00192.png,TACHY,TACHY,0.96,1
C:\Users\taimo\OneDrive\Documents 1\work\ecg-synthetic-research\data\rendered\neurokit2\TACHY\SYN_TACHY_02669.png,TACHY,TACHY,0.9995,1
C:\Users\taimo\OneDrive\Documents 1\work\ecg-synthetic-research\data\rendered\neurokit2\TACHY\SYN_TACHY_03429.png,TACHY,TACHY,0.9966,1
C:\Users\taimo\OneDrive\Documents 1\work\ecg-synthetic-research\data\rendered\neurokit2\TACHY\SYN_TACHY_02006.png,TACHY,TACHY,0.999,1
C:\Users\taimo\OneDrive\Documents 1\work\ecg-synthetic-research\data\rendered\neurokit2\TACHY\SYN_TACHY_03902.png,TACHY,TACHY,0.997,1
C:\Users\taimo\OneDrive\Documents 1\work\ecg-synthetic-research\data\rendered\neurokit2\TACHY\SYN_TACHY_00995.png,TACHY,TACHY,0.998,1
C:\Users\taimo\OneDrive\Documents 1\work\ecg-synthetic-research\data\rendered\neurokit2\TACHY\SYN_TACHY_03942.png,TACHY,TACHY,0.995,1
C:\Users\taimo\OneDrive\Documents 1\work\ecg-synthetic-research\data\rendered\neurokit2\TACHY\SYN_TACHY_03523.png,TACHY,TACHY,0.9985,1
C:\Users\taimo\OneDrive\Documents 1\work\ecg-synthetic-research\data\rendered\neurokit2\TACHY\SYN_TACHY_00901.png,TACHY,TACHY,0.9956,1
C:\Users\taimo\OneDrive\Documents 1\work\ecg-synthetic-research\data\rendered\neurokit2\TACHY\SYN_TACHY_03706.png,TACHY,TACHY,0.9946,1
C:\Users\taimo\OneDrive\Documents 1\work\ecg-synthetic-research\data\rendered\neurokit2\TACHY\SYN_TACHY_00510.png,TACHY,TACHY,0.998,1
C:\Users\taimo\OneDrive\Documents 1\work\ecg-synthetic-research\data\rendered\neurokit2\TACHY\SYN_TACHY_02795.png,TACHY,TACHY,0.998,1
C:\Users\taimo\OneDrive\Documents 1\work\ecg-synthetic-research\data\rendered\neurokit2\TACHY\SYN_TACHY_00768.png,TACHY,TACHY,0.9937,1
C:\Users\taimo\OneDrive\Documents 1\work\ecg-synthetic-research\data\rendered\neurokit2\TACHY\SYN_TACHY_00124.png,TACHY,TACHY,0.978,1
C:\Users\taimo\OneDrive\Documents 1\work\ecg-synthetic-research\data\rendered\neurokit2\TACHY\SYN_TACHY_00820.png,TACHY,TACHY,0.999,1
C:\Users\taimo\OneDrive\Documents 1\work\ecg-synthetic-research\data\rendered\neurokit2\TACHY\SYN_TACHY_03514.png,TACHY,TACHY,0.998,1
C:\Users\taimo\OneDrive\Documents 1\work\ecg-synthetic-research\data\rendered\neurokit2\TACHY\SYN_TACHY_03491.png,TACHY,TACHY,0.9956,1
C:\Users\taimo\OneDrive\Documents 1\work\ecg-synthetic-research\data\rendered\neurokit2\TACHY\SYN_TACHY_03187.png,TACHY,TACHY,0.996,1
C:\Users\taimo\OneDrive\Documents 1\work\ecg-synthetic-research\data\rendered\neurokit2\TACHY\SYN_TACHY_03307.png,TACHY,TACHY,0.99,1
C:\Users\taimo\OneDrive\Documents 1\work\ecg-synthetic-research\data\rendered\neurokit2\TACHY\SYN_TACHY_03612.png,TACHY,TACHY,0.999,1
C:\Users\taimo\OneDrive\Documents 1\work\ecg-synthetic-research\data\rendered\neurokit2\TACHY\SYN_TACHY_03724.png,TACHY,TACHY,0.9985,1
C:\Users\taimo\OneDrive\Documents 1\work\ecg-synthetic-research\data\rendered\neurokit2\TACHY\SYN_TACHY_01593.png,TACHY,TACHY,0.9434,1
C:\Users\taimo\OneDrive\Documents 1\work\ecg-synthetic-research\data\rendered\neurokit2\TACHY\SYN_TACHY_03652.png,TACHY,TACHY,0.9966,1
C:\Users\taimo\OneDrive\Documents 1\work\ecg-synthetic-research\data\rendered\neurokit2\TACHY\SYN_TACHY_03122.png,TACHY,TACHY,0.997,1
C:\Users\taimo\OneDrive\Documents 1\work\ecg-synthetic-research\data\rendered\neurokit2\TACHY\SYN_TACHY_00543.png,TACHY,TACHY,0.997,1
C:\Users\taimo\OneDrive\Documents 1\work\ecg-synthetic-research\data\rendered\neurokit2\TACHY\SYN_TACHY_01197.png,TACHY,TACHY,0.9956,1
C:\Users\taimo\OneDrive\Documents 1\work\ecg-synthetic-research\data\rendered\neurokit2\TACHY\SYN_TACHY_02250.png,TACHY,TACHY,0.999,1
C:\Users\taimo\OneDrive\Documents 1\work\ecg-synthetic-research\data\rendered\neurokit2\TACHY\SYN_TACHY_00899.png,TACHY,TACHY,0.998,1
C:\Users\taimo\OneDrive\Documents 1\work\ecg-synthetic-research\data\rendered\neurokit2\TACHY\SYN_TACHY_01502.png,TACHY,TACHY,0.999,1
C:\Users\taimo\OneDrive\Documents 1\work\ecg-synthetic-research\data\rendered\neurokit2\TACHY\SYN_TACHY_02719.png,TACHY,TACHY,0.9966,1
