filepath,true_label,pred_label,confidence,correct
C:\Users\taimo\OneDrive\Documents 1\work\ecg-synthetic-research\data\rendered\ptbxl\NORM\00014.png,NORM,NORM,0.9040325,1
C:\Users\taimo\OneDrive\Documents 1\work\ecg-synthetic-research\data\rendered\ptbxl\NORM\00044.png,NORM,NORM,0.84200454,1
C:\Users\taimo\OneDrive\Documents 1\work\ecg-synthetic-research\data\rendered\ptbxl\NORM\00046.png,NORM,NORM,0.7865667,1
C:\Users\taimo\OneDrive\Documents 1\work\ecg-synthetic-research\data\rendered\ptbxl\NORM\00057.png,NORM,NORM,0.8213273,1
C:\Users\taimo\OneDrive\Documents 1\work\ecg-synthetic-research\data\rendered\ptbxl\NORM\00059.png,NORM,NORM,0.8297206,1
C:\Users\taimo\OneDrive\Documents 1\work\ecg-synthetic-research\data\rendered\ptbxl\NORM\00089.png,NORM,NORM,0.8613484,1
C:\Users\taimo\OneDrive\Documents 1\work\ecg-synthetic-research\data\rendered\ptbxl\NORM\00193.png,NORM,NORM,0.77737683,1
C:\Users\taimo\OneDrive\Documents 1\work\ecg-synthetic-research\data\rendered\ptbxl\NORM\00371.png,NORM,NORM,0.8975535,1
C:\Users\taimo\OneDrive\Documents 1\work\ecg-synthetic-research\data\rendered\ptbxl\NORM\00410.png,NORM,NORM,0.7248966,1
C:\Users\taimo\OneDrive\Documents 1\work\ecg-synthetic-research\data\rendered\ptbxl\NORM\00440.png,NORM,NORM,0.74584055,1
C:\Users\taimo\OneDrive\Documents 1\work\ecg-synthetic-research\data\rendered\ptbxl\NORM\00480.png,NORM,NORM,0.6745784,1
C:\Users\taimo\OneDrive\Documents 1\work\ecg-synthetic-research\data\rendered\ptbxl\NORM\00491.png,NORM,NORM,0.827681,1
C:\Users\taimo\OneDrive\Documents 1\work\ecg-synthetic-research\data\rendered\ptbxl\NORM\00539.png,NORM,NORM,0.81871957,1
C:\Users\taimo\OneDrive\Documents 1\work\ecg-synthetic-research\data\rendered\ptbxl\NORM\00574.png,NORM,NORM,0.7884565,1
C:\Users\taimo\OneDrive\Documents 1\work\ecg-synthetic-research\data\rendered\ptbxl\NORM\00582.png,NORM,NORM,0.8069425,1
C:\Users\taimo\OneDrive\Documents 1\work\ecg-synthetic-research\data\rendered\ptbxl\NORM\00584.png,NORM,NORM,0.65316457,1
C:\Users\taimo\OneDrive\Documents 1\work\ecg-synthetic-research\data\rendered\ptbxl\NORM\00603.png,NORM,MI,0.66702515,0
C:\Users\taimo\OneDrive\Documents 1\work\ecg-synthetic-research\data\rendered\ptbxl\NORM\00648.png,NORM,NORM,0.6373378,1
C:\Users\taimo\OneDrive\Documents 1\work\ecg-synthetic-research\data\rendered\ptbxl\NORM\00870.png,NORM,NORM,0.730208,1
C:\Users\taimo\OneDrive\Documents 1\work\ecg-synthetic-research\data\rendered\ptbxl\NORM\00925.png,NORM,NORM,0.50503707,1
C:\Users\taimo\OneDrive\Documents 1\work\ecg-synthetic-research\data\rendered\ptbxl\NORM\00999.png,NORM,NORM,0.785551,1
C:\Users\taimo\OneDrive\Documents 1\work\ecg-synthetic-research\data\rendered\ptbxl\NORM\01028.png,NORM,NORM,0.8914194,1
C:\Users\taimo\OneDrive\Documents 1\work\ecg-synthetic-research\data\rendered\ptbxl\NORM\01071.png,NORM,NORM,0.9157937,1
C:\Users\taimo\OneDrive\Documents 1\work\ecg-synthetic-research\data\rendered\ptbxl\NORM\01098.png,NORM,NORM,0.6651418,1
C:\Users\taimo\OneDrive\Documents 1\work\ecg-synthetic-research\data\rendered\ptbxl\NORM\01331.png,NORM,NORM,0.5966824,1
C:\Users\taimo\OneDrive\Documents 1\work\ecg-synthetic-research\data\rendered\ptbxl\NORM\01453.png,NORM,NORM,0.81983006,1
C:\Users\taimo\OneDrive\Documents 1\work\ecg-synthetic-research\data\rendered\ptbxl\NORM\01597.png,NORM,NORM,0.68672115,1
C:\Users\taimo\OneDrive\Documents 1\work\ecg-synthetic-research\data\rendered\ptbxl\NORM\01648.png,NORM,NORM,0.8078193,1
C:\Users\taimo\OneDrive\Documents 1\work\ecg-synthetic-research\data\rendered\ptbxl\NORM\01664.png,NORM,NORM,0.81195277,1
C:\Users\taimo\OneDrive\Documents 1\work\ecg-synthetic-research\data\rendered\ptbxl\NORM\01668.png,NORM,NORM,0.8760893,1
C:\Users\taimo\OneDrive\Documents 1\work\ecg-synthetic-research\data\rendered\ptbxl\NORM\01915.png,NORM,NORM,0.7591225,1
C:\Users\taimo\OneDrive\Documents 1\work\ecg-synthetic-research\data\rendered\ptbxl\NORM\01933.png,NORM,NORM,0.9029502,1
C:\Users\taimo\OneDrive\Documents 1\work\ecg-synthetic-research\data\rendered\ptbxl\NORM\01943.png,NORM,NORM,0.8227641,1
C:\Users\taimo\OneDrive\Documents 1\work\ecg-synthetic-research\data\rendered\ptbxl\NORM\01972.png,NORM,NORM,0.64134264,1
C:\Users\taimo\OneDrive\Documents 1\work\ecg-synthetic-research\data\rendered\ptbxl\NORM\01974.png,NORM,NORM,0.9164406,1
C:\Users\taimo\OneDrive\Documents 1\work\ecg-synthetic-research\data\rendered\ptbxl\NORM\02021.png,NORM,NORM,0.8455246,1
C:\Users\taimo\OneDrive\Documents 1\work\ecg-synthetic-research\data\rendered\ptbxl\NORM\02037.png,NORM,NORM,0.74429697,1
C:\Users\taimo\OneDrive\Documents 1\work\ecg-synthetic-research\data\rendered\ptbxl\NORM\02122.png,NORM,NORM,0.6959018,1
C:\Users\taimo\OneDrive\Documents 1\work\ecg-synthetic-research\data\rendered\ptbxl\NORM\02168.png,NORM,NORM,0.83537155,1
C:\Users\taimo\OneDrive\Documents 1\work\ecg-synthetic-research\data\rendered\ptbxl\NORM\02190.png,NORM,NORM,0.81398064,1
C:\Users\taimo\OneDrive\Documents 1\work\ecg-synthetic-research\data\rendered\ptbxl\NORM\02193.png,NORM,NORM,0.82483804,1
C:\Users\taimo\OneDrive\Documents 1\work\ecg-synthetic-research\data\rendered\ptbxl\NORM\02231.png,NORM,NORM,0.8743873,1
C:\Users\taimo\OneDrive\Documents 1\work\ecg-synthetic-research\data\rendered\ptbxl\NORM\02274.png,NORM,NORM,0.7719715,1
C:\Users\taimo\OneDrive\Documents 1\work\ecg-synthetic-research\data\rendered\ptbxl\NORM\02312.png,NORM,NORM,0.65636516,1
C:\Users\taimo\OneDrive\Documents 1\work\ecg-synthetic-research\data\rendered\ptbxl\NORM\02351.png,NORM,NORM,0.73882115,1
C:\Users\taimo\OneDrive\Documents 1\work\ecg-synthetic-research\data\rendered\ptbxl\NORM\02502.png,NORM,NORM,0.7115539,1
C:\Users\taimo\OneDrive\Documents 1\work\ecg-synthetic-research\data\rendered\ptbxl\NORM\02560.png,NORM,NORM,0.9061418,1
C:\Users\taimo\OneDrive\Documents 1\work\ecg-synthetic-research\data\rendered\ptbxl\NORM\02680.png,NORM,NORM,0.78193325,1
C:\Users\taimo\OneDrive\Documents 1\work\ecg-synthetic-research\data\rendered\ptbxl\NORM\02698.png,NORM,NORM,0.9399225,1
C:\Users\taimo\OneDrive\Documents 1\work\ecg-synthetic-research\data\rendered\ptbxl\NORM\02710.png,NORM,MI,0.6687514,0
C:\Users\taimo\OneDrive\Documents 1\work\ecg-synthetic-research\data\rendered\ptbxl\NORM\02712.png,NORM,NORM,0.59976757,1
C:\Users\taimo\OneDrive\Documents 1\work\ecg-synthetic-research\data\rendered\ptbxl\NORM\02773.png,NORM,NORM,0.73405474,1
C:\Users\taimo\OneDrive\Documents 1\work\ecg-synthetic-research\data\rendered\ptbxl\NORM\02813.png,NORM,NORM,0.6847206,1
C:\Users\taimo\OneDrive\Documents 1\work\ecg-synthetic-research\data\rendered\ptbxl\NORM\02854.png,NORM,NORM,0.7881887,1
C:\Users\taimo\OneDrive\Documents 1\work\ecg-synthetic-research\data\rendered\ptbxl\NORM\02857.png,NORM,NORM,0.87057734,1
C:\Users\taimo\OneDrive\Documents 1\work\ecg-synthetic-research\data\rendered\ptbxl\NORM\02877.png,NORM,NORM,0.8239092,1
C:\Users\taimo\OneDrive\Documents 1\work\ecg-synthetic-research\data\rendered\ptbxl\NORM\02888.png,NORM,NORM,0.8384665,1
C:\Users\taimo\OneDrive\Documents 1\work\ecg-synthetic-research\data\rendered\ptbxl\NORM\02939.png,NORM,NORM,0.8470747,1
C:\Users\taimo\OneDrive\Documents 1\work\ecg-synthetic-research\data\rendered\ptbxl\NORM\03024.png,NORM,NORM,0.9048939,1
C:\Users\taimo\OneDrive\Documents 1\work\ecg-synthetic-research\data\rendered\ptbxl\NORM\03036.png,NORM,NORM,0.7505734,1
C:\Users\taimo\OneDrive\Documents 1\work\ecg-synthetic-research\data\rendered\ptbxl\NORM\03111.png,NORM,NORM,0.89867336,1
C:\Users\taimo\OneDrive\Documents 1\work\ecg-synthetic-research\data\rendered\ptbxl\NORM\03114.png,NORM,NORM,0.80323607,1
C:\Users\taimo\OneDrive\Documents 1\work\ecg-synthetic-research\data\rendered\ptbxl\NORM\03128.png,NORM,NORM,0.64610374,1
C:\Users\taimo\OneDrive\Documents 1\work\ecg-synthetic-research\data\rendered\ptbxl\NORM\03182.png,NORM,NORM,0.8535116,1
C:\Users\taimo\OneDrive\Documents 1\work\ecg-synthetic-research\data\rendered\ptbxl\NORM\03194.png,NORM,NORM,0.67035586,1
C:\Users\taimo\OneDrive\Documents 1\work\ecg-synthetic-research\data\rendered\ptbxl\NORM\03235.png,NORM,NORM,0.83241606,1
C:\Users\taimo\OneDrive\Documents 1\work\ecg-synthetic-research\data\rendered\ptbxl\NORM\03286.png,NORM,NORM,0.7973661,1
C:\Users\taimo\OneDrive\Documents 1\work\ecg-synthetic-research\data\rendered\ptbxl\NORM\03370.png,NORM,NORM,0.7199308,1
C:\Users\taimo\OneDrive\Documents 1\work\ecg-synthetic-research\data\rendered\ptbxl\NORM\03402.png,NORM,NORM,0.7689572,1
C:\Users\taimo\OneDrive\Documents 1\work\ecg-synthetic-research\data\rendered\ptbxl\NORM\03414.png,NORM,NORM,0.7245046,1
C:\Users\taimo\OneDrive\Documents 1\work\ecg-synthetic-research\data\rendered\ptbxl\NORM\03533.png,NORM,NORM,0.65966296,1
C:\Users\taimo\OneDrive\Documents 1\work\ecg-synthetic-research\data\rendered\ptbxl\NORM\03625.png,NORM,NORM,0.7123104,1
C:\Users\taimo\OneDrive\Documents 1\work\ecg-synthetic-research\data\rendered\ptbxl\NORM\03753.png,NORM,NORM,0.73106056,1
C:\Users\taimo\OneDrive\Documents 1\work\ecg-synthetic-research\data\rendered\ptbxl\NORM\03758.png,NORM,NORM,0.7525958,1
C:\Users\taimo\OneDrive\Documents 1\work\ecg-synthetic-research\data\rendered\ptbxl\NORM\03843.png,NORM,NORM,0.8622695,1
C:\Users\taimo\OneDrive\Documents 1\work\ecg-synthetic-research\data\rendered\ptbxl\NORM\03896.png,NORM,NORM,0.5894447,1
C:\Users\taimo\OneDrive\Documents 1\work\ecg-synthetic-research\data\rendered\ptbxl\NORM\04103.png,NORM,NORM,0.7951407,1
C:\Users\taimo\OneDrive\Documents 1\work\ecg-synthetic-research\data\rendered\ptbxl\NORM\04163.png,NORM,NORM,0.63786095,1
C:\Users\taimo\OneDrive\Documents 1\work\ecg-synthetic-research\data\rendered\ptbxl\NORM\04186.png,NORM,NORM,0.47892365,1
C:\Users\taimo\OneDrive\Documents 1\work\ecg-synthetic-research\data\rendered\ptbxl\NORM\04201.png,NORM,NORM,0.47658008,1
C:\Users\taimo\OneDrive\Documents 1\work\ecg-synthetic-research\data\rendered\ptbxl\NORM\04243.png,NORM,NORM,0.8667898,1
C:\Users\taimo\OneDrive\Documents 1\work\ecg-synthetic-research\data\rendered\ptbxl\NORM\04340.png,NORM,NORM,0.82330185,1
C:\Users\taimo\OneDrive\Documents 1\work\ecg-synthetic-research\data\rendered\ptbxl\NORM\04378.png,NORM,NORM,0.6837082,1
C:\Users\taimo\OneDrive\Documents 1\work\ecg-synthetic-research\data\rendered\ptbxl\NORM\04385.png,NORM,NORM,0.7816869,1
C:\Users\taimo\OneDrive\Documents 1\work\ecg-synthetic-research\data\rendered\ptbxl\NORM\04389.png,NORM,NORM,0.8911966,1
C:\Users\taimo\OneDrive\Documents 1\work\ecg-synthetic-research\data\rendered\ptbxl\NORM\04473.png,NORM,NORM,0.8800429,1
C:\Users\taimo\OneDrive\Documents 1\work\ecg-synthetic-research\data\rendered\ptbxl\NORM\04474.png,NORM,NORM,0.8395309,1
C:\Users\taimo\OneDrive\Documents 1\work\ecg-synthetic-research\data\rendered\ptbxl\NORM\04520.png,NORM,NORM,0.8117327,1
C:\Users\taimo\OneDrive\Documents 1\work\ecg-synthetic-research\data\rendered\ptbxl\NORM\04613.png,NORM,NORM,0.8295807,1
C:\Users\taimo\OneDrive\Documents 1\work\ecg-synthetic-research\data\rendered\ptbxl\NORM\04616.png,NORM,NORM,0.8779255,1
C:\Users\taimo\OneDrive\Documents 1\work\ecg-synthetic-research\data\rendered\ptbxl\NORM\04789.png,NORM,NORM,0.64999187,1
C:\Users\taimo\OneDrive\Documents 1\work\ecg-synthetic-research\data\rendered\ptbxl\NORM\04902.png,NORM,NORM,0.82271767,1
C:\Users\taimo\OneDrive\Documents 1\work\ecg-synthetic-research\data\rendered\ptbxl\NORM\05001.png,NORM,NORM,0.5812068,1
C:\Users\taimo\OneDrive\Documents 1\work\ecg-synthetic-research\data\rendered\ptbxl\NORM\05007.png,NORM,NORM,0.81771934,1
C:\Users\taimo\OneDrive\Documents 1\work\ecg-synthetic-research\data\rendered\ptbxl\NORM\05039.png,NORM,NORM,0.6794913,1
C:\Users\taimo\OneDrive\Documents 1\work\ecg-synthetic-research\data\rendered\ptbxl\NORM\05134.png,NORM,NORM,0.9334637,1
C:\Users\taimo\OneDrive\Documents 1\work\ecg-synthetic-research\data\rendered\ptbxl\NORM\05172.png,NORM,NORM,0.66816384,1
C:\Users\taimo\OneDrive\Documents 1\work\ecg-synthetic-research\data\rendered\ptbxl\NORM\05206.png,NORM,NORM,0.8066363,1
C:\Users\taimo\OneDrive\Documents 1\work\ecg-synthetic-research\data\rendered\ptbxl\NORM\05230.png,NORM,NORM,0.7425584,1
C:\Users\taimo\OneDrive\Documents 1\work\ecg-synthetic-research\data\rendered\ptbxl\NORM\05267.png,NORM,NORM,0.7237211,1
C:\Users\taimo\OneDrive\Documents 1\work\ecg-synthetic-research\data\rendered\ptbxl\NORM\05346.png,NORM,NORM,0.6060258,1
C:\Users\taimo\OneDrive\Documents 1\work\ecg-synthetic-research\data\rendered\ptbxl\NORM\05370.png,NORM,NORM,0.5520365,1
C:\Users\taimo\OneDrive\Documents 1\work\ecg-synthetic-research\data\rendered\ptbxl\NORM\05442.png,NORM,NORM,0.7895996,1
C:\Users\taimo\OneDrive\Documents 1\work\ecg-synthetic-research\data\rendered\ptbxl\NORM\05471.png,NORM,NORM,0.8454097,1
C:\Users\taimo\OneDrive\Documents 1\work\ecg-synthetic-research\data\rendered\ptbxl\NORM\05484.png,NORM,NORM,0.70593697,1
C:\Users\taimo\OneDrive\Documents 1\work\ecg-synthetic-research\data\rendered\ptbxl\NORM\05530.png,NORM,NORM,0.580559,1
C:\Users\taimo\OneDrive\Documents 1\work\ecg-synthetic-research\data\rendered\ptbxl\NORM\05610.png,NORM,NORM,0.6662165,1
C:\Users\taimo\OneDrive\Documents 1\work\ecg-synthetic-research\data\rendered\ptbxl\NORM\05735.png,NORM,NORM,0.8120872,1
C:\Users\taimo\OneDrive\Documents 1\work\ecg-synthetic-research\data\rendered\ptbxl\NORM\05850.png,NORM,NORM,0.8766644,1
C:\Users\taimo\OneDrive\Documents 1\work\ecg-synthetic-research\data\rendered\ptbxl\NORM\05864.png,NORM,NORM,0.847896,1
C:\Users\taimo\OneDrive\Documents 1\work\ecg-synthetic-research\data\rendered\ptbxl\NORM\05948.png,NORM,NORM,0.65874845,1
C:\Users\taimo\OneDrive\Documents 1\work\ecg-synthetic-research\data\rendered\ptbxl\NORM\05961.png,NORM,NORM,0.7832153,1
C:\Users\taimo\OneDrive\Documents 1\work\ecg-synthetic-research\data\rendered\ptbxl\NORM\05969.png,NORM,NORM,0.52218235,1
C:\Users\taimo\OneDrive\Documents 1\work\ecg-synthetic-research\data\rendered\ptbxl\NORM\06002.png,NORM,NORM,0.80067855,1
C:\Users\taimo\OneDrive\Documents 1\work\ecg-synthetic-research\data\rendered\ptbxl\NORM\06087.png,NORM,NORM,0.66350496,1
C:\Users\taimo\OneDrive\Documents 1\work\ecg-synthetic-research\data\rendered\ptbxl\NORM\06188.png,NORM,NORM,0.8849144,1
C:\Users\taimo\OneDrive\Documents 1\work\ecg-synthetic-research\data\rendered\ptbxl\NORM\06311.png,NORM,NORM,0.86832374,1
C:\Users\taimo\OneDrive\Documents 1\work\ecg-synthetic-research\data\rendered\ptbxl\NORM\06385.png,NORM,NORM,0.66866267,1
C:\Users\taimo\OneDrive\Documents 1\work\ecg-synthetic-research\data\rendered\ptbxl\NORM\06399.png,NORM,NORM,0.62168205,1
C:\Users\taimo\OneDrive\Documents 1\work\ecg-synthetic-research\data\rendered\ptbxl\NORM\06436.png,NORM,NORM,0.8203187,1
C:\Users\taimo\OneDrive\Documents 1\work\ecg-synthetic-research\data\rendered\ptbxl\NORM\06481.png,NORM,NORM,0.80952466,1
C:\Users\taimo\OneDrive\Documents 1\work\ecg-synthetic-research\data\rendered\ptbxl\NORM\06535.png,NORM,NORM,0.7981529,1
C:\Users\taimo\OneDrive\Documents 1\work\ecg-synthetic-research\data\rendered\ptbxl\NORM\06541.png,NORM,NORM,0.5780473,1
C:\Users\taimo\OneDrive\Documents 1\work\ecg-synthetic-research\data\rendered\ptbxl\NORM\06549.png,NORM,NORM,0.5717663,1
C:\Users\taimo\OneDrive\Documents 1\work\ecg-synthetic-research\data\rendered\ptbxl\NORM\06618.png,NORM,NORM,0.8337698,1
C:\Users\taimo\OneDrive\Documents 1\work\ecg-synthetic-research\data\rendered\ptbxl\NORM\06623.png,NORM,NORM,0.64710945,1
C:\Users\taimo\OneDrive\Documents 1\work\ecg-synthetic-research\data\rendered\ptbxl\NORM\06641.png,NORM,NORM,0.531331,1
C:\Users\taimo\OneDrive\Documents 1\work\ecg-synthetic-research\data\rendered\ptbxl\NORM\06742.png,NORM,NORM,0.742247,1
C:\Users\taimo\OneDrive\Documents 1\work\ecg-synthetic-research\data\rendered\ptbxl\NORM\06865.png,NORM,NORM,0.69462186,1
C:\Users\taimo\OneDrive\Documents 1\work\ecg-synthetic-research\data\rendered\ptbxl\NORM\06899.png,NORM,NORM,0.84655565,1
C:\Users\taimo\OneDrive\Documents 1\work\ecg-synthetic-research\data\rendered\ptbxl\NORM\06923.png,NORM,NORM,0.61447614,1
C:\Users\taimo\OneDrive\Documents 1\work\ecg-synthetic-research\data\rendered\ptbxl\NORM\06928.png,NORM,NORM,0.77100354,1
C:\Users\taimo\OneDrive\Documents 1\work\ecg-synthetic-research\data\rendered\ptbxl\NORM\06960.png,NORM,NORM,0.7838006,1
C:\Users\taimo\OneDrive\Documents 1\work\ecg-synthetic-research\data\rendered\ptbxl\NORM\06978.png,NORM,NORM,0.81661016,1
C:\Users\taimo\OneDrive\Documents 1\work\ecg-synthetic-research\data\rendered\ptbxl\NORM\06980.png,NORM,NORM,0.7090023,1
C:\Users\taimo\OneDrive\Documents 1\work\ecg-synthetic-research\data\rendered\ptbxl\NORM\07032.png,NORM,NORM,0.8398343,1
C:\Users\taimo\OneDrive\Documents 1\work\ecg-synthetic-research\data\rendered\ptbxl\NORM\07051.png,NORM,NORM,0.75041664,1
C:\Users\taimo\OneDrive\Documents 1\work\ecg-synthetic-research\data\rendered\ptbxl\NORM\07269.png,NORM,NORM,0.58080286,1
C:\Users\taimo\OneDrive\Documents 1\work\ecg-synthetic-research\data\rendered\ptbxl\NORM\07479.png,NORM,TACHY,0.9355144,0
C:\Users\taimo\OneDrive\Documents 1\work\ecg-synthetic-research\data\rendered\ptbxl\NORM\07494.png,NORM,NORM,0.7831052,1
C:\Users\taimo\OneDrive\Documents 1\work\ecg-synthetic-research\data\rendered\ptbxl\NORM\07656.png,NORM,NORM,0.7874997,1
C:\Users\taimo\OneDrive\Documents 1\work\ecg-synthetic-research\data\rendered\ptbxl\NORM\07671.png,NORM,NORM,0.7308459,1
C:\Users\taimo\OneDrive\Documents 1\work\ecg-synthetic-research\data\rendered\ptbxl\NORM\07715.png,NORM,NORM,0.6177612,1
C:\Users\taimo\OneDrive\Documents 1\work\ecg-synthetic-research\data\rendered\ptbxl\NORM\07788.png,NORM,NORM,0.92221606,1
C:\Users\taimo\OneDrive\Documents 1\work\ecg-synthetic-research\data\rendered\ptbxl\NORM\07920.png,NORM,MI,0.49170038,0
C:\Users\taimo\OneDrive\Documents 1\work\ecg-synthetic-research\data\rendered\ptbxl\NORM\07969.png,NORM,NORM,0.90827334,1
C:\Users\taimo\OneDrive\Documents 1\work\ecg-synthetic-research\data\rendered\ptbxl\NORM\07989.png,NORM,NORM,0.90146434,1
C:\Users\taimo\OneDrive\Documents 1\work\ecg-synthetic-research\data\rendered\ptbxl\NORM\08219.png,NORM,NORM,0.7389758,1
C:\Users\taimo\OneDrive\Documents 1\work\ecg-synthetic-research\data\rendered\ptbxl\NORM\08268.png,NORM,NORM,0.5485571,1
C:\Users\taimo\OneDrive\Documents 1\work\ecg-synthetic-research\data\rendered\ptbxl\NORM\08422.png,NORM,NORM,0.6904293,1
C:\Users\taimo\OneDrive\Documents 1\work\ecg-synthetic-research\data\rendered\ptbxl\NORM\08486.png,NORM,NORM,0.7217029,1
C:\Users\taimo\OneDrive\Documents 1\work\ecg-synthetic-research\data\rendered\ptbxl\NORM\08493.png,NORM,NORM,0.8462067,1
C:\Users\taimo\OneDrive\Documents 1\work\ecg-synthetic-research\data\rendered\ptbxl\NORM\08511.png,NORM,NORM,0.72628206,1
C:\Users\taimo\OneDrive\Documents 1\work\ecg-synthetic-research\data\rendered\ptbxl\NORM\08839.png,NORM,NORM,0.6606833,1
C:\Users\taimo\OneDrive\Documents 1\work\ecg-synthetic-research\data\rendered\ptbxl\NORM\08857.png,NORM,NORM,0.8373484,1
C:\Users\taimo\OneDrive\Documents 1\work\ecg-synthetic-research\data\rendered\ptbxl\NORM\08917.png,NORM,NORM,0.63921666,1
C:\Users\taimo\OneDrive\Documents 1\work\ecg-synthetic-research\data\rendered\ptbxl\NORM\09137.png,NORM,NORM,0.5952367,1
C:\Users\taimo\OneDrive\Documents 1\work\ecg-synthetic-research\data\rendered\ptbxl\NORM\09164.png,NORM,NORM,0.77496046,1
C:\Users\taimo\OneDrive\Documents 1\work\ecg-synthetic-research\data\rendered\ptbxl\NORM\09272.png,NORM,NORM,0.6212524,1
C:\Users\taimo\OneDrive\Documents 1\work\ecg-synthetic-research\data\rendered\ptbxl\NORM\09292.png,NORM,NORM,0.7265437,1
C:\Users\taimo\OneDrive\Documents 1\work\ecg-synthetic-research\data\rendered\ptbxl\NORM\09304.png,NORM,NORM,0.9400157,1
C:\Users\taimo\OneDrive\Documents 1\work\ecg-synthetic-research\data\rendered\ptbxl\NORM\09310.png,NORM,NORM,0.7827595,1
C:\Users\taimo\OneDrive\Documents 1\work\ecg-synthetic-research\data\rendered\ptbxl\NORM\09355.png,NORM,NORM,0.70146215,1
C:\Users\taimo\OneDrive\Documents 1\work\ecg-synthetic-research\data\rendered\ptbxl\NORM\09390.png,NORM,NORM,0.85135615,1
C:\Users\taimo\OneDrive\Documents 1\work\ecg-synthetic-research\data\rendered\ptbxl\NORM\09436.png,NORM,NORM,0.7459008,1
C:\Users\taimo\OneDrive\Documents 1\work\ecg-synthetic-research\data\rendered\ptbxl\NORM\09487.png,NORM,NORM,0.77487534,1
C:\Users\taimo\OneDrive\Documents 1\work\ecg-synthetic-research\data\rendered\ptbxl\NORM\09499.png,NORM,NORM,0.7037999,1
C:\Users\taimo\OneDrive\Documents 1\work\ecg-synthetic-research\data\rendered\ptbxl\NORM\09526.png,NORM,NORM,0.8508288,1
C:\Users\taimo\OneDrive\Documents 1\work\ecg-synthetic-research\data\rendered\ptbxl\NORM\09604.png,NORM,NORM,0.8691382,1
C:\Users\taimo\OneDrive\Documents 1\work\ecg-synthetic-research\data\rendered\ptbxl\NORM\09702.png,NORM,NORM,0.9262941,1
C:\Users\taimo\OneDrive\Documents 1\work\ecg-synthetic-research\data\rendered\ptbxl\NORM\09704.png,NORM,NORM,0.82144105,1
C:\Users\taimo\OneDrive\Documents 1\work\ecg-synthetic-research\data\rendered\ptbxl\NORM\09711.png,NORM,NORM,0.59463745,1
C:\Users\taimo\OneDrive\Documents 1\work\ecg-synthetic-research\data\rendered\ptbxl\NORM\09766.png,NORM,NORM,0.7688434,1
C:\Users\taimo\OneDrive\Documents 1\work\ecg-synthetic-research\data\rendered\ptbxl\NORM\09802.png,NORM,NORM,0.873032,1
C:\Users\taimo\OneDrive\Documents 1\work\ecg-synthetic-research\data\rendered\ptbxl\NORM\09942.png,NORM,NORM,0.665833,1
C:\Users\taimo\OneDrive\Documents 1\work\ecg-synthetic-research\data\rendered\ptbxl\NORM\09981.png,NORM,NORM,0.820746,1
C:\Users\taimo\OneDrive\Documents 1\work\ecg-synthetic-research\data\rendered\ptbxl\NORM\10182.png,NORM,NORM,0.9268261,1
C:\Users\taimo\OneDrive\Documents 1\work\ecg-synthetic-research\data\rendered\ptbxl\NORM\10216.png,NORM,NORM,0.7554771,1
C:\Users\taimo\OneDrive\Documents 1\work\ecg-synthetic-research\data\rendered\ptbxl\NORM\10299.png,NORM,NORM,0.8313006,1
C:\Users\taimo\OneDrive\Documents 1\work\ecg-synthetic-research\data\rendered\ptbxl\NORM\10394.png,NORM,TACHY,0.7117492,0
C:\Users\taimo\OneDrive\Documents 1\work\ecg-synthetic-research\data\rendered\ptbxl\NORM\10397.png,NORM,NORM,0.5542531,1
C:\Users\taimo\OneDrive\Documents 1\work\ecg-synthetic-research\data\rendered\ptbxl\NORM\10495.png,NORM,NORM,0.57006925,1
C:\Users\taimo\OneDrive\Documents 1\work\ecg-synthetic-research\data\rendered\ptbxl\NORM\10524.png,NORM,NORM,0.7917025,1
C:\Users\taimo\OneDrive\Documents 1\work\ecg-synthetic-research\data\rendered\ptbxl\NORM\10531.png,NORM,NORM,0.81053287,1
C:\Users\taimo\OneDrive\Documents 1\work\ecg-synthetic-research\data\rendered\ptbxl\NORM\10537.png,NORM,NORM,0.80539024,1
C:\Users\taimo\OneDrive\Documents 1\work\ecg-synthetic-research\data\rendered\ptbxl\NORM\10549.png,NORM,NORM,0.8301186,1
C:\Users\taimo\OneDrive\Documents 1\work\ecg-synthetic-research\data\rendered\ptbxl\NORM\10570.png,NORM,NORM,0.7686534,1
C:\Users\taimo\OneDrive\Documents 1\work\ecg-synthetic-research\data\rendered\ptbxl\NORM\10630.png,NORM,NORM,0.67551893,1
C:\Users\taimo\OneDrive\Documents 1\work\ecg-synthetic-research\data\rendered\ptbxl\NORM\10644.png,NORM,NORM,0.760481,1
C:\Users\taimo\OneDrive\Documents 1\work\ecg-synthetic-research\data\rendered\ptbxl\NORM\10687.png,NORM,NORM,0.8698333,1
C:\Users\taimo\OneDrive\Documents 1\work\ecg-synthetic-research\data\rendered\ptbxl\NORM\10748.png,NORM,NORM,0.62024534,1
C:\Users\taimo\OneDrive\Documents 1\work\ecg-synthetic-research\data\rendered\ptbxl\NORM\10917.png,NORM,NORM,0.85822755,1
C:\Users\taimo\OneDrive\Documents 1\work\ecg-synthetic-research\data\rendered\ptbxl\NORM\11102.png,NORM,NORM,0.69214946,1
C:\Users\taimo\OneDrive\Documents 1\work\ecg-synthetic-research\data\rendered\ptbxl\NORM\11112.png,NORM,NORM,0.73998153,1
C:\Users\taimo\OneDrive\Documents 1\work\ecg-synthetic-research\data\rendered\ptbxl\NORM\11131.png,NORM,NORM,0.7431544,1
C:\Users\taimo\OneDrive\Documents 1\work\ecg-synthetic-research\data\rendered\ptbxl\NORM\11184.png,NORM,NORM,0.55340725,1
C:\Users\taimo\OneDrive\Documents 1\work\ecg-synthetic-research\data\rendered\ptbxl\NORM\11373.png,NORM,NORM,0.86601174,1
C:\Users\taimo\OneDrive\Documents 1\work\ecg-synthetic-research\data\rendered\ptbxl\NORM\11402.png,NORM,NORM,0.78129035,1
C:\Users\taimo\OneDrive\Documents 1\work\ecg-synthetic-research\data\rendered\ptbxl\NORM\11439.png,NORM,NORM,0.8533218,1
C:\Users\taimo\OneDrive\Documents 1\work\ecg-synthetic-research\data\rendered\ptbxl\NORM\11465.png,NORM,NORM,0.5333179,1
C:\Users\taimo\OneDrive\Documents 1\work\ecg-synthetic-research\data\rendered\ptbxl\NORM\11575.png,NORM,NORM,0.78933334,1
C:\Users\taimo\OneDrive\Documents 1\work\ecg-synthetic-research\data\rendered\ptbxl\NORM\11587.png,NORM,NORM,0.7525939,1
C:\Users\taimo\OneDrive\Documents 1\work\ecg-synthetic-research\data\rendered\ptbxl\NORM\11624.png,NORM,NORM,0.6751806,1
C:\Users\taimo\OneDrive\Documents 1\work\ecg-synthetic-research\data\rendered\ptbxl\NORM\11801.png,NORM,NORM,0.7038808,1
C:\Users\taimo\OneDrive\Documents 1\work\ecg-synthetic-research\data\rendered\ptbxl\NORM\11885.png,NORM,NORM,0.80708927,1
C:\Users\taimo\OneDrive\Documents 1\work\ecg-synthetic-research\data\rendered\ptbxl\NORM\11891.png,NORM,NORM,0.72155267,1
C:\Users\taimo\OneDrive\Documents 1\work\ecg-synthetic-research\data\rendered\ptbxl\NORM\11957.png,NORM,NORM,0.7074729,1
C:\Users\taimo\OneDrive\Documents 1\work\ecg-synthetic-research\data\rendered\ptbxl\NORM\11960.png,NORM,NORM,0.8849511,1
C:\Users\taimo\OneDrive\Documents 1\work\ecg-synthetic-research\data\rendered\ptbxl\NORM\11989.png,NORM,NORM,0.8297819,1
C:\Users\taimo\OneDrive\Documents 1\work\ecg-synthetic-research\data\rendered\ptbxl\NORM\12006.png,NORM,NORM,0.8638729,1
C:\Users\taimo\OneDrive\Documents 1\work\ecg-synthetic-research\data\rendered\ptbxl\NORM\12038.png,NORM,NORM,0.76757216,1
C:\Users\taimo\OneDrive\Documents 1\work\ecg-synthetic-research\data\rendered\ptbxl\NORM\12174.png,NORM,NORM,0.92169327,1
C:\Users\taimo\OneDrive\Documents 1\work\ecg-synthetic-research\data\rendered\ptbxl\NORM\12327.png,NORM,NORM,0.89682376,1
C:\Users\taimo\OneDrive\Documents 1\work\ecg-synthetic-research\data\rendered\ptbxl\NORM\12471.png,NORM,NORM,0.8624003,1
C:\Users\taimo\OneDrive\Documents 1\work\ecg-synthetic-research\data\rendered\ptbxl\NORM\12563.png,NORM,NORM,0.7616373,1
C:\Users\taimo\OneDrive\Documents 1\work\ecg-synthetic-research\data\rendered\ptbxl\NORM\12564.png,NORM,NORM,0.5796142,1
C:\Users\taimo\OneDrive\Documents 1\work\ecg-synthetic-research\data\rendered\ptbxl\NORM\12574.png,NORM,NORM,0.75433743,1
C:\Users\taimo\OneDrive\Documents 1\work\ecg-synthetic-research\data\rendered\ptbxl\NORM\12595.png,NORM,NORM,0.6988314,1
C:\Users\taimo\OneDrive\Documents 1\work\ecg-synthetic-research\data\rendered\ptbxl\NORM\12617.png,NORM,NORM,0.7489272,1
C:\Users\taimo\OneDrive\Documents 1\work\ecg-synthetic-research\data\rendered\ptbxl\NORM\12622.png,NORM,NORM,0.82520556,1
C:\Users\taimo\OneDrive\Documents 1\work\ecg-synthetic-research\data\rendered\ptbxl\NORM\12732.png,NORM,NORM,0.74885076,1
C:\Users\taimo\OneDrive\Documents 1\work\ecg-synthetic-research\data\rendered\ptbxl\NORM\12784.png,NORM,NORM,0.7531821,1
C:\Users\taimo\OneDrive\Documents 1\work\ecg-synthetic-research\data\rendered\ptbxl\NORM\12805.png,NORM,MI,0.59064466,0
C:\Users\taimo\OneDrive\Documents 1\work\ecg-synthetic-research\data\rendered\ptbxl\NORM\12824.png,NORM,NORM,0.7054384,1
C:\Users\taimo\OneDrive\Documents 1\work\ecg-synthetic-research\data\rendered\ptbxl\NORM\12919.png,NORM,NORM,0.8358395,1
C:\Users\taimo\OneDrive\Documents 1\work\ecg-synthetic-research\data\rendered\ptbxl\NORM\13063.png,NORM,NORM,0.728628,1
C:\Users\taimo\OneDrive\Documents 1\work\ecg-synthetic-research\data\rendered\ptbxl\NORM\13066.png,NORM,NORM,0.7188201,1
C:\Users\taimo\OneDrive\Documents 1\work\ecg-synthetic-research\data\rendered\ptbxl\NORM\13070.png,NORM,NORM,0.80826104,1
C:\Users\taimo\OneDrive\Documents 1\work\ecg-synthetic-research\data\rendered\ptbxl\NORM\13093.png,NORM,NORM,0.7087406,1
C:\Users\taimo\OneDrive\Documents 1\work\ecg-synthetic-research\data\rendered\ptbxl\NORM\13114.png,NORM,NORM,0.83585155,1
C:\Users\taimo\OneDrive\Documents 1\work\ecg-synthetic-research\data\rendered\ptbxl\NORM\13356.png,NORM,NORM,0.6097534,1
C:\Users\taimo\OneDrive\Documents 1\work\ecg-synthetic-research\data\rendered\ptbxl\NORM\13359.png,NORM,NORM,0.85039014,1
C:\Users\taimo\OneDrive\Documents 1\work\ecg-synthetic-research\data\rendered\ptbxl\NORM\13380.png,NORM,NORM,0.6994713,1
C:\Users\taimo\OneDrive\Documents 1\work\ecg-synthetic-research\data\rendered\ptbxl\NORM\13426.png,NORM,NORM,0.6606517,1
C:\Users\taimo\OneDrive\Documents 1\work\ecg-synthetic-research\data\rendered\ptbxl\NORM\13448.png,NORM,NORM,0.7994693,1
C:\Users\taimo\OneDrive\Documents 1\work\ecg-synthetic-research\data\rendered\ptbxl\NORM\13452.png,NORM,NORM,0.9138296,1
C:\Users\taimo\OneDrive\Documents 1\work\ecg-synthetic-research\data\rendered\ptbxl\NORM\13478.png,NORM,NORM,0.65110177,1
C:\Users\taimo\OneDrive\Documents 1\work\ecg-synthetic-research\data\rendered\ptbxl\NORM\13502.png,NORM,NORM,0.8963035,1
C:\Users\taimo\OneDrive\Documents 1\work\ecg-synthetic-research\data\rendered\ptbxl\NORM\13521.png,NORM,NORM,0.8543834,1
C:\Users\taimo\OneDrive\Documents 1\work\ecg-synthetic-research\data\rendered\ptbxl\NORM\13550.png,NORM,NORM,0.6523932,1
C:\Users\taimo\OneDrive\Documents 1\work\ecg-synthetic-research\data\rendered\ptbxl\NORM\13567.png,NORM,NORM,0.6786473,1
C:\Users\taimo\OneDrive\Documents 1\work\ecg-synthetic-research\data\rendered\ptbxl\NORM\13602.png,NORM,NORM,0.7705362,1
C:\Users\taimo\OneDrive\Documents 1\work\ecg-synthetic-research\data\rendered\ptbxl\NORM\13609.png,NORM,NORM,0.6437371,1
C:\Users\taimo\OneDrive\Documents 1\work\ecg-synthetic-research\data\rendered\ptbxl\NORM\13758.png,NORM,NORM,0.7047223,1
C:\Users\taimo\OneDrive\Documents 1\work\ecg-synthetic-research\data\rendered\ptbxl\NORM\13821.png,NORM,NORM,0.75524783,1
C:\Users\taimo\OneDrive\Documents 1\work\ecg-synthetic-research\data\rendered\ptbxl\NORM\13865.png,NORM,NORM,0.92314,1
C:\Users\taimo\OneDrive\Documents 1\work\ecg-synthetic-research\data\rendered\ptbxl\NORM\13879.png,NORM,NORM,0.6566345,1
C:\Users\taimo\OneDrive\Documents 1\work\ecg-synthetic-research\data\rendered\ptbxl\NORM\13915.png,NORM,NORM,0.61546636,1
C:\Users\taimo\OneDrive\Documents 1\work\ecg-synthetic-research\data\rendered\ptbxl\NORM\14002.png,NORM,NORM,0.8470207,1
C:\Users\taimo\OneDrive\Documents 1\work\ecg-synthetic-research\data\rendered\ptbxl\NORM\14082.png,NORM,NORM,0.7850565,1
C:\Users\taimo\OneDrive\Documents 1\work\ecg-synthetic-research\data\rendered\ptbxl\NORM\14103.png,NORM,MI,0.53124803,0
C:\Users\taimo\OneDrive\Documents 1\work\ecg-synthetic-research\data\rendered\ptbxl\NORM\14164.png,NORM,NORM,0.93758124,1
C:\Users\taimo\OneDrive\Documents 1\work\ecg-synthetic-research\data\rendered\ptbxl\NORM\14185.png,NORM,NORM,0.82247037,1
C:\Users\taimo\OneDrive\Documents 1\work\ecg-synthetic-research\data\rendered\ptbxl\NORM\14222.png,NORM,NORM,0.69188726,1
C:\Users\taimo\OneDrive\Documents 1\work\ecg-synthetic-research\data\rendered\ptbxl\NORM\14251.png,NORM,NORM,0.55148154,1
C:\Users\taimo\OneDrive\Documents 1\work\ecg-synthetic-research\data\rendered\ptbxl\NORM\14357.png,NORM,NORM,0.7493316,1
C:\Users\taimo\OneDrive\Documents 1\work\ecg-synthetic-research\data\rendered\ptbxl\NORM\14377.png,NORM,TACHY,0.4599561,0
C:\Users\taimo\OneDrive\Documents 1\work\ecg-synthetic-research\data\rendered\ptbxl\NORM\14412.png,NORM,NORM,0.66880465,1
C:\Users\taimo\OneDrive\Documents 1\work\ecg-synthetic-research\data\rendered\ptbxl\NORM\14484.png,NORM,NORM,0.89638925,1
C:\Users\taimo\OneDrive\Documents 1\work\ecg-synthetic-research\data\rendered\ptbxl\NORM\14488.png,NORM,NORM,0.66089904,1
C:\Users\taimo\OneDrive\Documents 1\work\ecg-synthetic-research\data\rendered\ptbxl\NORM\14520.png,NORM,NORM,0.8996213,1
C:\Users\taimo\OneDrive\Documents 1\work\ecg-synthetic-research\data\rendered\ptbxl\NORM\14536.png,NORM,NORM,0.7434857,1
C:\Users\taimo\OneDrive\Documents 1\work\ecg-synthetic-research\data\rendered\ptbxl\NORM\14600.png,NORM,NORM,0.8194462,1
C:\Users\taimo\OneDrive\Documents 1\work\ecg-synthetic-research\data\rendered\ptbxl\NORM\14778.png,NORM,NORM,0.7870119,1
C:\Users\taimo\OneDrive\Documents 1\work\ecg-synthetic-research\data\rendered\ptbxl\NORM\14796.png,NORM,MI,0.51281226,0
C:\Users\taimo\OneDrive\Documents 1\work\ecg-synthetic-research\data\rendered\ptbxl\NORM\14916.png,NORM,NORM,0.62796694,1
C:\Users\taimo\OneDrive\Documents 1\work\ecg-synthetic-research\data\rendered\ptbxl\NORM\14918.png,NORM,NORM,0.8016301,1
C:\Users\taimo\OneDrive\Documents 1\work\ecg-synthetic-research\data\rendered\ptbxl\NORM\15021.png,NORM,NORM,0.80431753,1
C:\Users\taimo\OneDrive\Documents 1\work\ecg-synthetic-research\data\rendered\ptbxl\NORM\15094.png,NORM,NORM,0.81366384,1
C:\Users\taimo\OneDrive\Documents 1\work\ecg-synthetic-research\data\rendered\ptbxl\NORM\15105.png,NORM,NORM,0.748888,1
C:\Users\taimo\OneDrive\Documents 1\work\ecg-synthetic-research\data\rendered\ptbxl\NORM\15147.png,NORM,NORM,0.8064132,1
C:\Users\taimo\OneDrive\Documents 1\work\ecg-synthetic-research\data\rendered\ptbxl\NORM\15160.png,NORM,NORM,0.5846742,1
C:\Users\taimo\OneDrive\Documents 1\work\ecg-synthetic-research\data\rendered\ptbxl\NORM\15171.png,NORM,NORM,0.7616719,1
C:\Users\taimo\OneDrive\Documents 1\work\ecg-synthetic-research\data\rendered\ptbxl\NORM\15287.png,NORM,NORM,0.9155894,1
C:\Users\taimo\OneDrive\Documents 1\work\ecg-synthetic-research\data\rendered\ptbxl\NORM\15290.png,NORM,NORM,0.8684706,1
C:\Users\taimo\OneDrive\Documents 1\work\ecg-synthetic-research\data\rendered\ptbxl\NORM\15346.png,NORM,NORM,0.7375077,1
C:\Users\taimo\OneDrive\Documents 1\work\ecg-synthetic-research\data\rendered\ptbxl\NORM\15369.png,NORM,NORM,0.7806774,1
C:\Users\taimo\OneDrive\Documents 1\work\ecg-synthetic-research\data\rendered\ptbxl\NORM\15524.png,NORM,NORM,0.85165954,1
C:\Users\taimo\OneDrive\Documents 1\work\ecg-synthetic-research\data\rendered\ptbxl\NORM\15637.png,NORM,NORM,0.8412997,1
C:\Users\taimo\OneDrive\Documents 1\work\ecg-synthetic-research\data\rendered\ptbxl\NORM\15668.png,NORM,NORM,0.8449043,1
C:\Users\taimo\OneDrive\Documents 1\work\ecg-synthetic-research\data\rendered\ptbxl\NORM\15745.png,NORM,NORM,0.8531054,1
C:\Users\taimo\OneDrive\Documents 1\work\ecg-synthetic-research\data\rendered\ptbxl\NORM\15773.png,NORM,NORM,0.9107257,1
C:\Users\taimo\OneDrive\Documents 1\work\ecg-synthetic-research\data\rendered\ptbxl\NORM\15839.png,NORM,NORM,0.7320544,1
C:\Users\taimo\OneDrive\Documents 1\work\ecg-synthetic-research\data\rendered\ptbxl\NORM\15938.png,NORM,NORM,0.8451465,1
C:\Users\taimo\OneDrive\Documents 1\work\ecg-synthetic-research\data\rendered\ptbxl\NORM\15955.png,NORM,NORM,0.6975294,1
C:\Users\taimo\OneDrive\Documents 1\work\ecg-synthetic-research\data\rendered\ptbxl\NORM\16000.png,NORM,AFIB,0.5443804,0
C:\Users\taimo\OneDrive\Documents 1\work\ecg-synthetic-research\data\rendered\ptbxl\NORM\16026.png,NORM,NORM,0.6039207,1
C:\Users\taimo\OneDrive\Documents 1\work\ecg-synthetic-research\data\rendered\ptbxl\NORM\16167.png,NORM,NORM,0.78474176,1
C:\Users\taimo\OneDrive\Documents 1\work\ecg-synthetic-research\data\rendered\ptbxl\NORM\16204.png,NORM,NORM,0.77281,1
C:\Users\taimo\OneDrive\Documents 1\work\ecg-synthetic-research\data\rendered\ptbxl\NORM\16208.png,NORM,NORM,0.7864456,1
C:\Users\taimo\OneDrive\Documents 1\work\ecg-synthetic-research\data\rendered\ptbxl\NORM\16215.png,NORM,NORM,0.8418014,1
C:\Users\taimo\OneDrive\Documents 1\work\ecg-synthetic-research\data\rendered\ptbxl\NORM\16250.png,NORM,NORM,0.800574,1
C:\Users\taimo\OneDrive\Documents 1\work\ecg-synthetic-research\data\rendered\ptbxl\NORM\16364.png,NORM,NORM,0.77543116,1
C:\Users\taimo\OneDrive\Documents 1\work\ecg-synthetic-research\data\rendered\ptbxl\NORM\16370.png,NORM,NORM,0.7122755,1
C:\Users\taimo\OneDrive\Documents 1\work\ecg-synthetic-research\data\rendered\ptbxl\NORM\16419.png,NORM,NORM,0.7894988,1
C:\Users\taimo\OneDrive\Documents 1\work\ecg-synthetic-research\data\rendered\ptbxl\NORM\16515.png,NORM,NORM,0.9338999,1
C:\Users\taimo\OneDrive\Documents 1\work\ecg-synthetic-research\data\rendered\ptbxl\NORM\16516.png,NORM,NORM,0.59698236,1
C:\Users\taimo\OneDrive\Documents 1\work\ecg-synthetic-research\data\rendered\ptbxl\NORM\16528.png,NORM,MI,0.7147379,0
C:\Users\taimo\OneDrive\Documents 1\work\ecg-synthetic-research\data\rendered\ptbxl\NORM\16562.png,NORM,NORM,0.8678811,1
C:\Users\taimo\OneDrive\Documents 1\work\ecg-synthetic-research\data\rendered\ptbxl\NORM\16569.png,NORM,NORM,0.61666495,1
C:\Users\taimo\OneDrive\Documents 1\work\ecg-synthetic-research\data\rendered\ptbxl\NORM\16872.png,NORM,NORM,0.6145612,1
C:\Users\taimo\OneDrive\Documents 1\work\ecg-synthetic-research\data\rendered\ptbxl\NORM\17033.png,NORM,NORM,0.7643551,1
C:\Users\taimo\OneDrive\Documents 1\work\ecg-synthetic-research\data\rendered\ptbxl\NORM\17058.png,NORM,NORM,0.7901273,1
C:\Users\taimo\OneDrive\Documents 1\work\ecg-synthetic-research\data\rendered\ptbxl\NORM\17060.png,NORM,NORM,0.7282252,1
C:\Users\taimo\OneDrive\Documents 1\work\ecg-synthetic-research\data\rendered\ptbxl\NORM\17142.png,NORM,NORM,0.6742631,1
C:\Users\taimo\OneDrive\Documents 1\work\ecg-synthetic-research\data\rendered\ptbxl\NORM\17201.png,NORM,NORM,0.90086395,1
C:\Users\taimo\OneDrive\Documents 1\work\ecg-synthetic-research\data\rendered\ptbxl\NORM\17343.png,NORM,NORM,0.73538435,1
C:\Users\taimo\OneDrive\Documents 1\work\ecg-synthetic-research\data\rendered\ptbxl\NORM\17412.png,NORM,NORM,0.7338689,1
C:\Users\taimo\OneDrive\Documents 1\work\ecg-synthetic-research\data\rendered\ptbxl\NORM\17513.png,NORM,NORM,0.8953426,1
C:\Users\taimo\OneDrive\Documents 1\work\ecg-synthetic-research\data\rendered\ptbxl\NORM\17532.png,NORM,NORM,0.82021785,1
C:\Users\taimo\OneDrive\Documents 1\work\ecg-synthetic-research\data\rendered\ptbxl\NORM\17814.png,NORM,NORM,0.74938995,1
C:\Users\taimo\OneDrive\Documents 1\work\ecg-synthetic-research\data\rendered\ptbxl\NORM\17863.png,NORM,NORM,0.77779156,1
C:\Users\taimo\OneDrive\Documents 1\work\ecg-synthetic-research\data\rendered\ptbxl\NORM\17875.png,NORM,NORM,0.8148642,1
C:\Users\taimo\OneDrive\Documents 1\work\ecg-synthetic-research\data\rendered\ptbxl\NORM\18083.png,NORM,NORM,0.5515018,1
C:\Users\taimo\OneDrive\Documents 1\work\ecg-synthetic-research\data\rendered\ptbxl\NORM\18085.png,NORM,NORM,0.48734376,1
C:\Users\taimo\OneDrive\Documents 1\work\ecg-synthetic-research\data\rendered\ptbxl\NORM\18095.png,NORM,NORM,0.7761553,1
C:\Users\taimo\OneDrive\Documents 1\work\ecg-synthetic-research\data\rendered\ptbxl\NORM\18185.png,NORM,NORM,0.90021235,1
C:\Users\taimo\OneDrive\Documents 1\work\ecg-synthetic-research\data\rendered\ptbxl\NORM\18195.png,NORM,NORM,0.7726848,1
C:\Users\taimo\OneDrive\Documents 1\work\ecg-synthetic-research\data\rendered\ptbxl\NORM\18231.png,NORM,NORM,0.91958654,1
C:\Users\taimo\OneDrive\Documents 1\work\ecg-synthetic-research\data\rendered\ptbxl\NORM\18264.png,NORM,NORM,0.69665253,1
C:\Users\taimo\OneDrive\Documents 1\work\ecg-synthetic-research\data\rendered\ptbxl\NORM\18332.png,NORM,NORM,0.7874959,1
C:\Users\taimo\OneDrive\Documents 1\work\ecg-synthetic-research\data\rendered\ptbxl\NORM\18384.png,NORM,NORM,0.8403643,1
C:\Users\taimo\OneDrive\Documents 1\work\ecg-synthetic-research\data\rendered\ptbxl\NORM\18402.png,NORM,NORM,0.77795935,1
C:\Users\taimo\OneDrive\Documents 1\work\ecg-synthetic-research\data\rendered\ptbxl\NORM\18448.png,NORM,NORM,0.6952034,1
C:\Users\taimo\OneDrive\Documents 1\work\ecg-synthetic-research\data\rendered\ptbxl\NORM\18580.png,NORM,NORM,0.72021616,1
C:\Users\taimo\OneDrive\Documents 1\work\ecg-synthetic-research\data\rendered\ptbxl\NORM\18622.png,NORM,NORM,0.7241333,1
C:\Users\taimo\OneDrive\Documents 1\work\ecg-synthetic-research\data\rendered\ptbxl\NORM\18900.png,NORM,NORM,0.77711225,1
C:\Users\taimo\OneDrive\Documents 1\work\ecg-synthetic-research\data\rendered\ptbxl\NORM\18902.png,NORM,NORM,0.7453757,1
C:\Users\taimo\OneDrive\Documents 1\work\ecg-synthetic-research\data\rendered\ptbxl\NORM\19012.png,NORM,MI,0.5728145,0
C:\Users\taimo\OneDrive\Documents 1\work\ecg-synthetic-research\data\rendered\ptbxl\NORM\19181.png,NORM,NORM,0.49682894,1
C:\Users\taimo\OneDrive\Documents 1\work\ecg-synthetic-research\data\rendered\ptbxl\NORM\19197.png,NORM,NORM,0.9210694,1
C:\Users\taimo\OneDrive\Documents 1\work\ecg-synthetic-research\data\rendered\ptbxl\NORM\19277.png,NORM,NORM,0.8305921,1
C:\Users\taimo\OneDrive\Documents 1\work\ecg-synthetic-research\data\rendered\ptbxl\NORM\19295.png,NORM,NORM,0.61793715,1
C:\Users\taimo\OneDrive\Documents 1\work\ecg-synthetic-research\data\rendered\ptbxl\NORM\19346.png,NORM,NORM,0.72664726,1
C:\Users\taimo\OneDrive\Documents 1\work\ecg-synthetic-research\data\rendered\ptbxl\NORM\19361.png,NORM,NORM,0.9086831,1
C:\Users\taimo\OneDrive\Documents 1\work\ecg-synthetic-research\data\rendered\ptbxl\NORM\19419.png,NORM,NORM,0.76038754,1
C:\Users\taimo\OneDrive\Documents 1\work\ecg-synthetic-research\data\rendered\ptbxl\NORM\19524.png,NORM,NORM,0.66092986,1
C:\Users\taimo\OneDrive\Documents 1\work\ecg-synthetic-research\data\rendered\ptbxl\NORM\19531.png,NORM,NORM,0.6611284,1
C:\Users\taimo\OneDrive\Documents 1\work\ecg-synthetic-research\data\rendered\ptbxl\NORM\19549.png,NORM,NORM,0.6371271,1
C:\Users\taimo\OneDrive\Documents 1\work\ecg-synthetic-research\data\rendered\ptbxl\NORM\19585.png,NORM,NORM,0.6696842,1
C:\Users\taimo\OneDrive\Documents 1\work\ecg-synthetic-research\data\rendered\ptbxl\NORM\19595.png,NORM,NORM,0.62757736,1
C:\Users\taimo\OneDrive\Documents 1\work\ecg-synthetic-research\data\rendered\ptbxl\NORM\19618.png,NORM,NORM,0.78110933,1
C:\Users\taimo\OneDrive\Documents 1\work\ecg-synthetic-research\data\rendered\ptbxl\NORM\19697.png,NORM,NORM,0.83124167,1
C:\Users\taimo\OneDrive\Documents 1\work\ecg-synthetic-research\data\rendered\ptbxl\NORM\19782.png,NORM,NORM,0.8318859,1
C:\Users\taimo\OneDrive\Documents 1\work\ecg-synthetic-research\data\rendered\ptbxl\NORM\20104.png,NORM,NORM,0.5925624,1
C:\Users\taimo\OneDrive\Documents 1\work\ecg-synthetic-research\data\rendered\ptbxl\NORM\20115.png,NORM,NORM,0.75044495,1
C:\Users\taimo\OneDrive\Documents 1\work\ecg-synthetic-research\data\rendered\ptbxl\NORM\20116.png,NORM,NORM,0.7808639,1
C:\Users\taimo\OneDrive\Documents 1\work\ecg-synthetic-research\data\rendered\ptbxl\NORM\20156.png,NORM,NORM,0.67709297,1
C:\Users\taimo\OneDrive\Documents 1\work\ecg-synthetic-research\data\rendered\ptbxl\NORM\20276.png,NORM,MI,0.50050414,0
C:\Users\taimo\OneDrive\Documents 1\work\ecg-synthetic-research\data\rendered\ptbxl\NORM\20548.png,NORM,NORM,0.8410327,1
C:\Users\taimo\OneDrive\Documents 1\work\ecg-synthetic-research\data\rendered\ptbxl\NORM\20578.png,NORM,NORM,0.62164193,1
C:\Users\taimo\OneDrive\Documents 1\work\ecg-synthetic-research\data\rendered\ptbxl\NORM\20637.png,NORM,NORM,0.8536607,1
C:\Users\taimo\OneDrive\Documents 1\work\ecg-synthetic-research\data\rendered\ptbxl\NORM\20714.png,NORM,NORM,0.73823464,1
C:\Users\taimo\OneDrive\Documents 1\work\ecg-synthetic-research\data\rendered\ptbxl\NORM\20746.png,NORM,NORM,0.68720216,1
C:\Users\taimo\OneDrive\Documents 1\work\ecg-synthetic-research\data\rendered\ptbxl\NORM\20747.png,NORM,NORM,0.54721814,1
C:\Users\taimo\OneDrive\Documents 1\work\ecg-synthetic-research\data\rendered\ptbxl\NORM\20907.png,NORM,TACHY,0.5465831,0
C:\Users\taimo\OneDrive\Documents 1\work\ecg-synthetic-research\data\rendered\ptbxl\NORM\20925.png,NORM,NORM,0.6491584,1
C:\Users\taimo\OneDrive\Documents 1\work\ecg-synthetic-research\data\rendered\ptbxl\NORM\20929.png,NORM,NORM,0.80620444,1
C:\Users\taimo\OneDrive\Documents 1\work\ecg-synthetic-research\data\rendered\ptbxl\NORM\21133.png,NORM,NORM,0.9000825,1
C:\Users\taimo\OneDrive\Documents 1\work\ecg-synthetic-research\data\rendered\ptbxl\NORM\21264.png,NORM,NORM,0.7970629,1
C:\Users\taimo\OneDrive\Documents 1\work\ecg-synthetic-research\data\rendered\ptbxl\NORM\21346.png,NORM,TACHY,0.4366615,0
C:\Users\taimo\OneDrive\Documents 1\work\ecg-synthetic-research\data\rendered\ptbxl\NORM\21376.png,NORM,NORM,0.7441328,1
C:\Users\taimo\OneDrive\Documents 1\work\ecg-synthetic-research\data\rendered\ptbxl\NORM\21448.png,NORM,NORM,0.4381166,1
C:\Users\taimo\OneDrive\Documents 1\work\ecg-synthetic-research\data\rendered\ptbxl\NORM\21548.png,NORM,NORM,0.6222417,1
C:\Users\taimo\OneDrive\Documents 1\work\ecg-synthetic-research\data\rendered\ptbxl\NORM\21549.png,NORM,NORM,0.8841319,1
C:\Users\taimo\OneDrive\Documents 1\work\ecg-synthetic-research\data\rendered\ptbxl\NORM\21588.png,NORM,NORM,0.5738441,1
C:\Users\taimo\OneDrive\Documents 1\work\ecg-synthetic-research\data\rendered\ptbxl\NORM\21589.png,NORM,NORM,0.56017244,1
C:\Users\taimo\OneDrive\Documents 1\work\ecg-synthetic-research\data\rendered\ptbxl\NORM\21625.png,NORM,NORM,0.6612028,1
C:\Users\taimo\OneDrive\Documents 1\work\ecg-synthetic-research\data\rendered\ptbxl\NORM\21746.png,NORM,NORM,0.7283578,1
C:\Users\taimo\OneDrive\Documents 1\work\ecg-synthetic-research\data\rendered\ptbxl\NORM\21749.png,NORM,NORM,0.7307724,1
C:\Users\taimo\OneDrive\Documents 1\work\ecg-synthetic-research\data\rendered\ptbxl\NORM\21825.png,NORM,NORM,0.78013027,1
C:\Users\taimo\OneDrive\Documents 1\work\ecg-synthetic-research\data\rendered\ptbxl\MI\00240.png,MI,NORM,0.7586029,0
C:\Users\taimo\OneDrive\Documents 1\work\ecg-synthetic-research\data\rendered\ptbxl\MI\00380.png,MI,MI,0.7720929,1
C:\Users\taimo\OneDrive\Documents 1\work\ecg-synthetic-research\data\rendered\ptbxl\MI\00414.png,MI,MI,0.9622187,1
C:\Users\taimo\OneDrive\Documents 1\work\ecg-synthetic-research\data\rendered\ptbxl\MI\00425.png,MI,MI,0.7726669,1
C:\Users\taimo\OneDrive\Documents 1\work\ecg-synthetic-research\data\rendered\ptbxl\MI\00453.png,MI,MI,0.56214863,1
C:\Users\taimo\OneDrive\Documents 1\work\ecg-synthetic-research\data\rendered\ptbxl\MI\00455.png,MI,MI,0.67906547,1
C:\Users\taimo\OneDrive\Documents 1\work\ecg-synthetic-research\data\rendered\ptbxl\MI\00513.png,MI,MI,0.5932819,1
C:\Users\taimo\OneDrive\Documents 1\work\ecg-synthetic-research\data\rendered\ptbxl\MI\00515.png,MI,NORM,0.72810864,0
C:\Users\taimo\OneDrive\Documents 1\work\ecg-synthetic-research\data\rendered\ptbxl\MI\00532.png,MI,MI,0.92310727,1
C:\Users\taimo\OneDrive\Documents 1\work\ecg-synthetic-research\data\rendered\ptbxl\MI\00535.png,MI,MI,0.77014136,1
C:\Users\taimo\OneDrive\Documents 1\work\ecg-synthetic-research\data\rendered\ptbxl\MI\00810.png,MI,NORM,0.619641,0
C:\Users\taimo\OneDrive\Documents 1\work\ecg-synthetic-research\data\rendered\ptbxl\MI\00914.png,MI,TACHY,0.579474,0
C:\Users\taimo\OneDrive\Documents 1\work\ecg-synthetic-research\data\rendered\ptbxl\MI\00968.png,MI,MI,0.83622044,1
C:\Users\taimo\OneDrive\Documents 1\work\ecg-synthetic-research\data\rendered\ptbxl\MI\01040.png,MI,MI,0.87397754,1
C:\Users\taimo\OneDrive\Documents 1\work\ecg-synthetic-research\data\rendered\ptbxl\MI\01081.png,MI,MI,0.6913667,1
C:\Users\taimo\OneDrive\Documents 1\work\ecg-synthetic-research\data\rendered\ptbxl\MI\01373.png,MI,MI,0.65110826,1
C:\Users\taimo\OneDrive\Documents 1\work\ecg-synthetic-research\data\rendered\ptbxl\MI\01425.png,MI,NORM,0.63233536,0
C:\Users\taimo\OneDrive\Documents 1\work\ecg-synthetic-research\data\rendered\ptbxl\MI\01441.png,MI,MI,0.5254119,1
C:\Users\taimo\OneDrive\Documents 1\work\ecg-synthetic-research\data\rendered\ptbxl\MI\01474.png,MI,MI,0.8532198,1
C:\Users\taimo\OneDrive\Documents 1\work\ecg-synthetic-research\data\rendered\ptbxl\MI\01537.png,MI,AFIB,0.7434743,0
C:\Users\taimo\OneDrive\Documents 1\work\ecg-synthetic-research\data\rendered\ptbxl\MI\01592.png,MI,MI,0.72802657,1
C:\Users\taimo\OneDrive\Documents 1\work\ecg-synthetic-research\data\rendered\ptbxl\MI\01675.png,MI,NORM,0.52724,0
C:\Users\taimo\OneDrive\Documents 1\work\ecg-synthetic-research\data\rendered\ptbxl\MI\01849.png,MI,TACHY,0.6640966,0
C:\Users\taimo\OneDrive\Documents 1\work\ecg-synthetic-research\data\rendered\ptbxl\MI\01937.png,MI,MI,0.8236047,1
C:\Users\taimo\OneDrive\Documents 1\work\ecg-synthetic-research\data\rendered\ptbxl\MI\02050.png,MI,MI,0.4667426,1
C:\Users\taimo\OneDrive\Documents 1\work\ecg-synthetic-research\data\rendered\ptbxl\MI\02054.png,MI,TACHY,0.90341866,0
C:\Users\taimo\OneDrive\Documents 1\work\ecg-synthetic-research\data\rendered\ptbxl\MI\02082.png,MI,MI,0.8865895,1
C:\Users\taimo\OneDrive\Documents 1\work\ecg-synthetic-research\data\rendered\ptbxl\MI\02109.png,MI,NORM,0.6894817,0
C:\Users\taimo\OneDrive\Documents 1\work\ecg-synthetic-research\data\rendered\ptbxl\MI\02235.png,MI,MI,0.9649563,1
C:\Users\taimo\OneDrive\Documents 1\work\ecg-synthetic-research\data\rendered\ptbxl\MI\02324.png,MI,MI,0.803307,1
C:\Users\taimo\OneDrive\Documents 1\work\ecg-synthetic-research\data\rendered\ptbxl\MI\02412.png,MI,MI,0.86734813,1
C:\Users\taimo\OneDrive\Documents 1\work\ecg-synthetic-research\data\rendered\ptbxl\MI\02504.png,MI,NORM,0.49844494,0
C:\Users\taimo\OneDrive\Documents 1\work\ecg-synthetic-research\data\rendered\ptbxl\MI\02555.png,MI,MI,0.8397466,1
C:\Users\taimo\OneDrive\Documents 1\work\ecg-synthetic-research\data\rendered\ptbxl\MI\02569.png,MI,MI,0.58405566,1
C:\Users\taimo\OneDrive\Documents 1\work\ecg-synthetic-research\data\rendered\ptbxl\MI\02582.png,MI,MI,0.8712236,1
C:\Users\taimo\OneDrive\Documents 1\work\ecg-synthetic-research\data\rendered\ptbxl\MI\02621.png,MI,MI,0.95862454,1
C:\Users\taimo\OneDrive\Documents 1\work\ecg-synthetic-research\data\rendered\ptbxl\MI\02627.png,MI,NORM,0.66666627,0
C:\Users\taimo\OneDrive\Documents 1\work\ecg-synthetic-research\data\rendered\ptbxl\MI\02675.png,MI,MI,0.6207613,1
C:\Users\taimo\OneDrive\Documents 1\work\ecg-synthetic-research\data\rendered\ptbxl\MI\02709.png,MI,MI,0.9838324,1
C:\Users\taimo\OneDrive\Documents 1\work\ecg-synthetic-research\data\rendered\ptbxl\MI\02740.png,MI,MI,0.84373796,1
C:\Users\taimo\OneDrive\Documents 1\work\ecg-synthetic-research\data\rendered\ptbxl\MI\02750.png,MI,MI,0.7457327,1
C:\Users\taimo\OneDrive\Documents 1\work\ecg-synthetic-research\data\rendered\ptbxl\MI\02833.png,MI,MI,0.9399151,1
C:\Users\taimo\OneDrive\Documents 1\work\ecg-synthetic-research\data\rendered\ptbxl\MI\03076.png,MI,MI,0.8625738,1
C:\Users\taimo\OneDrive\Documents 1\work\ecg-synthetic-research\data\rendered\ptbxl\MI\03144.png,MI,MI,0.9327361,1
C:\Users\taimo\OneDrive\Documents 1\work\ecg-synthetic-research\data\rendered\ptbxl\MI\03219.png,MI,MI,0.88161427,1
C:\Users\taimo\OneDrive\Documents 1\work\ecg-synthetic-research\data\rendered\ptbxl\MI\03260.png,MI,MI,0.77450794,1
C:\Users\taimo\OneDrive\Documents 1\work\ecg-synthetic-research\data\rendered\ptbxl\MI\03290.png,MI,AFIB,0.8758999,0
C:\Users\taimo\OneDrive\Documents 1\work\ecg-synthetic-research\data\rendered\ptbxl\MI\03638.png,MI,TACHY,0.69517934,0
C:\Users\taimo\OneDrive\Documents 1\work\ecg-synthetic-research\data\rendered\ptbxl\MI\03696.png,MI,MI,0.5690672,1
C:\Users\taimo\OneDrive\Documents 1\work\ecg-synthetic-research\data\rendered\ptbxl\MI\03800.png,MI,MI,0.9721196,1
C:\Users\taimo\OneDrive\Documents 1\work\ecg-synthetic-research\data\rendered\ptbxl\MI\03968.png,MI,MI,0.83914703,1
C:\Users\taimo\OneDrive\Documents 1\work\ecg-synthetic-research\data\rendered\ptbxl\MI\04380.png,MI,MI,0.8273186,1
C:\Users\taimo\OneDrive\Documents 1\work\ecg-synthetic-research\data\rendered\ptbxl\MI\04436.png,MI,MI,0.85957915,1
C:\Users\taimo\OneDrive\Documents 1\work\ecg-synthetic-research\data\rendered\ptbxl\MI\04452.png,MI,MI,0.77157634,1
C:\Users\taimo\OneDrive\Documents 1\work\ecg-synthetic-research\data\rendered\ptbxl\MI\04533.png,MI,MI,0.922035,1
C:\Users\taimo\OneDrive\Documents 1\work\ecg-synthetic-research\data\rendered\ptbxl\MI\04593.png,MI,MI,0.9676404,1
C:\Users\taimo\OneDrive\Documents 1\work\ecg-synthetic-research\data\rendered\ptbxl\MI\04618.png,MI,MI,0.9341867,1
C:\Users\taimo\OneDrive\Documents 1\work\ecg-synthetic-research\data\rendered\ptbxl\MI\04725.png,MI,TACHY,0.7220735,0
C:\Users\taimo\OneDrive\Documents 1\work\ecg-synthetic-research\data\rendered\ptbxl\MI\04746.png,MI,TACHY,0.84268504,0
C:\Users\taimo\OneDrive\Documents 1\work\ecg-synthetic-research\data\rendered\ptbxl\MI\04781.png,MI,MI,0.9085261,1
C:\Users\taimo\OneDrive\Documents 1\work\ecg-synthetic-research\data\rendered\ptbxl\MI\04807.png,MI,MI,0.87691927,1
C:\Users\taimo\OneDrive\Documents 1\work\ecg-synthetic-research\data\rendered\ptbxl\MI\04974.png,MI,MI,0.9008418,1
C:\Users\taimo\OneDrive\Documents 1\work\ecg-synthetic-research\data\rendered\ptbxl\MI\05029.png,MI,MI,0.76411915,1
C:\Users\taimo\OneDrive\Documents 1\work\ecg-synthetic-research\data\rendered\ptbxl\MI\05061.png,MI,MI,0.9179509,1
C:\Users\taimo\OneDrive\Documents 1\work\ecg-synthetic-research\data\rendered\ptbxl\MI\05116.png,MI,MI,0.57175356,1
C:\Users\taimo\OneDrive\Documents 1\work\ecg-synthetic-research\data\rendered\ptbxl\MI\05157.png,MI,MI,0.98328143,1
C:\Users\taimo\OneDrive\Documents 1\work\ecg-synthetic-research\data\rendered\ptbxl\MI\05211.png,MI,MI,0.9227635,1
C:\Users\taimo\OneDrive\Documents 1\work\ecg-synthetic-research\data\rendered\ptbxl\MI\05349.png,MI,MI,0.6482541,1
C:\Users\taimo\OneDrive\Documents 1\work\ecg-synthetic-research\data\rendered\ptbxl\MI\05478.png,MI,NORM,0.6724677,0
C:\Users\taimo\OneDrive\Documents 1\work\ecg-synthetic-research\data\rendered\ptbxl\MI\05495.png,MI,MI,0.47119355,1
C:\Users\taimo\OneDrive\Documents 1\work\ecg-synthetic-research\data\rendered\ptbxl\MI\05599.png,MI,MI,0.9846422,1
C:\Users\taimo\OneDrive\Documents 1\work\ecg-synthetic-research\data\rendered\ptbxl\MI\05669.png,MI,MI,0.5980697,1
C:\Users\taimo\OneDrive\Documents 1\work\ecg-synthetic-research\data\rendered\ptbxl\MI\05716.png,MI,MI,0.7566292,1
C:\Users\taimo\OneDrive\Documents 1\work\ecg-synthetic-research\data\rendered\ptbxl\MI\05772.png,MI,MI,0.8877484,1
C:\Users\taimo\OneDrive\Documents 1\work\ecg-synthetic-research\data\rendered\ptbxl\MI\05826.png,MI,MI,0.58758193,1
C:\Users\taimo\OneDrive\Documents 1\work\ecg-synthetic-research\data\rendered\ptbxl\MI\05862.png,MI,MI,0.81067914,1
C:\Users\taimo\OneDrive\Documents 1\work\ecg-synthetic-research\data\rendered\ptbxl\MI\05863.png,MI,MI,0.95278955,1
C:\Users\taimo\OneDrive\Documents 1\work\ecg-synthetic-research\data\rendered\ptbxl\MI\05889.png,MI,MI,0.88279074,1
C:\Users\taimo\OneDrive\Documents 1\work\ecg-synthetic-research\data\rendered\ptbxl\MI\05927.png,MI,MI,0.9157312,1
C:\Users\taimo\OneDrive\Documents 1\work\ecg-synthetic-research\data\rendered\ptbxl\MI\06056.png,MI,MI,0.6820917,1
C:\Users\taimo\OneDrive\Documents 1\work\ecg-synthetic-research\data\rendered\ptbxl\MI\06085.png,MI,MI,0.60041326,1
C:\Users\taimo\OneDrive\Documents 1\work\ecg-synthetic-research\data\rendered\ptbxl\MI\06224.png,MI,TACHY,0.5972635,0
C:\Users\taimo\OneDrive\Documents 1\work\ecg-synthetic-research\data\rendered\ptbxl\MI\06230.png,MI,MI,0.77883863,1
C:\Users\taimo\OneDrive\Documents 1\work\ecg-synthetic-research\data\rendered\ptbxl\MI\06350.png,MI,MI,0.96291804,1
C:\Users\taimo\OneDrive\Documents 1\work\ecg-synthetic-research\data\rendered\ptbxl\MI\06410.png,MI,MI,0.89483315,1
C:\Users\taimo\OneDrive\Documents 1\work\ecg-synthetic-research\data\rendered\ptbxl\MI\06450.png,MI,AFIB,0.6665558,0
C:\Users\taimo\OneDrive\Documents 1\work\ecg-synthetic-research\data\rendered\ptbxl\MI\06467.png,MI,MI,0.9250506,1
C:\Users\taimo\OneDrive\Documents 1\work\ecg-synthetic-research\data\rendered\ptbxl\MI\06523.png,MI,MI,0.6613814,1
C:\Users\taimo\OneDrive\Documents 1\work\ecg-synthetic-research\data\rendered\ptbxl\MI\06625.png,MI,NORM,0.7840405,0
C:\Users\taimo\OneDrive\Documents 1\work\ecg-synthetic-research\data\rendered\ptbxl\MI\06690.png,MI,MI,0.59101033,1
C:\Users\taimo\OneDrive\Documents 1\work\ecg-synthetic-research\data\rendered\ptbxl\MI\06701.png,MI,MI,0.86350924,1
C:\Users\taimo\OneDrive\Documents 1\work\ecg-synthetic-research\data\rendered\ptbxl\MI\06703.png,MI,MI,0.8370755,1
C:\Users\taimo\OneDrive\Documents 1\work\ecg-synthetic-research\data\rendered\ptbxl\MI\06705.png,MI,MI,0.9690627,1
C:\Users\taimo\OneDrive\Documents 1\work\ecg-synthetic-research\data\rendered\ptbxl\MI\06793.png,MI,MI,0.6630333,1
C:\Users\taimo\OneDrive\Documents 1\work\ecg-synthetic-research\data\rendered\ptbxl\MI\06831.png,MI,MI,0.9559388,1
C:\Users\taimo\OneDrive\Documents 1\work\ecg-synthetic-research\data\rendered\ptbxl\MI\07038.png,MI,MI,0.7787767,1
C:\Users\taimo\OneDrive\Documents 1\work\ecg-synthetic-research\data\rendered\ptbxl\MI\07114.png,MI,MI,0.91335124,1
C:\Users\taimo\OneDrive\Documents 1\work\ecg-synthetic-research\data\rendered\ptbxl\MI\07146.png,MI,NORM,0.62862545,0
C:\Users\taimo\OneDrive\Documents 1\work\ecg-synthetic-research\data\rendered\ptbxl\MI\07165.png,MI,MI,0.7255488,1
C:\Users\taimo\OneDrive\Documents 1\work\ecg-synthetic-research\data\rendered\ptbxl\MI\07167.png,MI,MI,0.9328109,1
C:\Users\taimo\OneDrive\Documents 1\work\ecg-synthetic-research\data\rendered\ptbxl\MI\07193.png,MI,MI,0.59392077,1
C:\Users\taimo\OneDrive\Documents 1\work\ecg-synthetic-research\data\rendered\ptbxl\MI\07216.png,MI,MI,0.5727493,1
C:\Users\taimo\OneDrive\Documents 1\work\ecg-synthetic-research\data\rendered\ptbxl\MI\07314.png,MI,MI,0.9139839,1
C:\Users\taimo\OneDrive\Documents 1\work\ecg-synthetic-research\data\rendered\ptbxl\MI\07318.png,MI,NORM,0.6503198,0
C:\Users\taimo\OneDrive\Documents 1\work\ecg-synthetic-research\data\rendered\ptbxl\MI\07446.png,MI,NORM,0.7014893,0
C:\Users\taimo\OneDrive\Documents 1\work\ecg-synthetic-research\data\rendered\ptbxl\MI\07458.png,MI,NORM,0.71285933,0
C:\Users\taimo\OneDrive\Documents 1\work\ecg-synthetic-research\data\rendered\ptbxl\MI\07522.png,MI,NORM,0.5627157,0
C:\Users\taimo\OneDrive\Documents 1\work\ecg-synthetic-research\data\rendered\ptbxl\MI\07542.png,MI,MI,0.5452759,1
C:\Users\taimo\OneDrive\Documents 1\work\ecg-synthetic-research\data\rendered\ptbxl\MI\07554.png,MI,MI,0.9856463,1
C:\Users\taimo\OneDrive\Documents 1\work\ecg-synthetic-research\data\rendered\ptbxl\MI\07638.png,MI,NORM,0.5543166,0
C:\Users\taimo\OneDrive\Documents 1\work\ecg-synthetic-research\data\rendered\ptbxl\MI\07639.png,MI,MI,0.7442548,1
C:\Users\taimo\OneDrive\Documents 1\work\ecg-synthetic-research\data\rendered\ptbxl\MI\07676.png,MI,MI,0.6799038,1
C:\Users\taimo\OneDrive\Documents 1\work\ecg-synthetic-research\data\rendered\ptbxl\MI\07686.png,MI,MI,0.4774085,1
C:\Users\taimo\OneDrive\Documents 1\work\ecg-synthetic-research\data\rendered\ptbxl\MI\07798.png,MI,MI,0.9757927,1
C:\Users\taimo\OneDrive\Documents 1\work\ecg-synthetic-research\data\rendered\ptbxl\MI\07822.png,MI,MI,0.9378425,1
C:\Users\taimo\OneDrive\Documents 1\work\ecg-synthetic-research\data\rendered\ptbxl\MI\07827.png,MI,MI,0.91268975,1
C:\Users\taimo\OneDrive\Documents 1\work\ecg-synthetic-research\data\rendered\ptbxl\MI\07971.png,MI,MI,0.7058647,1
C:\Users\taimo\OneDrive\Documents 1\work\ecg-synthetic-research\data\rendered\ptbxl\MI\08095.png,MI,MI,0.9897518,1
C:\Users\taimo\OneDrive\Documents 1\work\ecg-synthetic-research\data\rendered\ptbxl\MI\08131.png,MI,MI,0.8340833,1
C:\Users\taimo\OneDrive\Documents 1\work\ecg-synthetic-research\data\rendered\ptbxl\MI\08324.png,MI,MI,0.74711204,1
C:\Users\taimo\OneDrive\Documents 1\work\ecg-synthetic-research\data\rendered\ptbxl\MI\08329.png,MI,MI,0.64681077,1
C:\Users\taimo\OneDrive\Documents 1\work\ecg-synthetic-research\data\rendered\ptbxl\MI\08373.png,MI,MI,0.783569,1
C:\Users\taimo\OneDrive\Documents 1\work\ecg-synthetic-research\data\rendered\ptbxl\MI\08401.png,MI,TACHY,0.7974547,0
C:\Users\taimo\OneDrive\Documents 1\work\ecg-synthetic-research\data\rendered\ptbxl\MI\08413.png,MI,MI,0.7627881,1
C:\Users\taimo\OneDrive\Documents 1\work\ecg-synthetic-research\data\rendered\ptbxl\MI\08420.png,MI,MI,0.6210207,1
C:\Users\taimo\OneDrive\Documents 1\work\ecg-synthetic-research\data\rendered\ptbxl\MI\08442.png,MI,MI,0.75010777,1
C:\Users\taimo\OneDrive\Documents 1\work\ecg-synthetic-research\data\rendered\ptbxl\MI\08595.png,MI,MI,0.96486306,1
C:\Users\taimo\OneDrive\Documents 1\work\ecg-synthetic-research\data\rendered\ptbxl\MI\08597.png,MI,MI,0.7131593,1
C:\Users\taimo\OneDrive\Documents 1\work\ecg-synthetic-research\data\rendered\ptbxl\MI\08676.png,MI,NORM,0.57279617,0
C:\Users\taimo\OneDrive\Documents 1\work\ecg-synthetic-research\data\rendered\ptbxl\MI\08687.png,MI,NORM,0.6420207,0
C:\Users\taimo\OneDrive\Documents 1\work\ecg-synthetic-research\data\rendered\ptbxl\MI\08753.png,MI,MI,0.9053723,1
C:\Users\taimo\OneDrive\Documents 1\work\ecg-synthetic-research\data\rendered\ptbxl\MI\08792.png,MI,MI,0.9824033,1
C:\Users\taimo\OneDrive\Documents 1\work\ecg-synthetic-research\data\rendered\ptbxl\MI\08797.png,MI,MI,0.8841063,1
C:\Users\taimo\OneDrive\Documents 1\work\ecg-synthetic-research\data\rendered\ptbxl\MI\08810.png,MI,MI,0.8468606,1
C:\Users\taimo\OneDrive\Documents 1\work\ecg-synthetic-research\data\rendered\ptbxl\MI\08820.png,MI,MI,0.90917915,1
C:\Users\taimo\OneDrive\Documents 1\work\ecg-synthetic-research\data\rendered\ptbxl\MI\08888.png,MI,MI,0.91754687,1
C:\Users\taimo\OneDrive\Documents 1\work\ecg-synthetic-research\data\rendered\ptbxl\MI\08985.png,MI,MI,0.9703194,1
C:\Users\taimo\OneDrive\Documents 1\work\ecg-synthetic-research\data\rendered\ptbxl\MI\09015.png,MI,MI,0.5405121,1
C:\Users\taimo\OneDrive\Documents 1\work\ecg-synthetic-research\data\rendered\ptbxl\MI\09022.png,MI,MI,0.8684043,1
C:\Users\taimo\OneDrive\Documents 1\work\ecg-synthetic-research\data\rendered\ptbxl\MI\09102.png,MI,MI,0.9154499,1
C:\Users\taimo\OneDrive\Documents 1\work\ecg-synthetic-research\data\rendered\ptbxl\MI\09138.png,MI,MI,0.94585174,1
C:\Users\taimo\OneDrive\Documents 1\work\ecg-synthetic-research\data\rendered\ptbxl\MI\09145.png,MI,MI,0.8062873,1
C:\Users\taimo\OneDrive\Documents 1\work\ecg-synthetic-research\data\rendered\ptbxl\MI\09269.png,MI,AFIB,0.6263932,0
C:\Users\taimo\OneDrive\Documents 1\work\ecg-synthetic-research\data\rendered\ptbxl\MI\09283.png,MI,MI,0.9887953,1
C:\Users\taimo\OneDrive\Documents 1\work\ecg-synthetic-research\data\rendered\ptbxl\MI\09378.png,MI,MI,0.83664453,1
C:\Users\taimo\OneDrive\Documents 1\work\ecg-synthetic-research\data\rendered\ptbxl\MI\09445.png,MI,MI,0.9108085,1
C:\Users\taimo\OneDrive\Documents 1\work\ecg-synthetic-research\data\rendered\ptbxl\MI\09466.png,MI,NORM,0.6456395,0
C:\Users\taimo\OneDrive\Documents 1\work\ecg-synthetic-research\data\rendered\ptbxl\MI\09543.png,MI,MI,0.83260345,1
C:\Users\taimo\OneDrive\Documents 1\work\ecg-synthetic-research\data\rendered\ptbxl\MI\09600.png,MI,MI,0.6928242,1
C:\Users\taimo\OneDrive\Documents 1\work\ecg-synthetic-research\data\rendered\ptbxl\MI\09626.png,MI,MI,0.8918862,1
C:\Users\taimo\OneDrive\Documents 1\work\ecg-synthetic-research\data\rendered\ptbxl\MI\09697.png,MI,MI,0.8423036,1
C:\Users\taimo\OneDrive\Documents 1\work\ecg-synthetic-research\data\rendered\ptbxl\MI\09785.png,MI,MI,0.9410032,1
C:\Users\taimo\OneDrive\Documents 1\work\ecg-synthetic-research\data\rendered\ptbxl\MI\09888.png,MI,MI,0.6983296,1
C:\Users\taimo\OneDrive\Documents 1\work\ecg-synthetic-research\data\rendered\ptbxl\MI\09889.png,MI,MI,0.6983296,1
C:\Users\taimo\OneDrive\Documents 1\work\ecg-synthetic-research\data\rendered\ptbxl\MI\09912.png,MI,MI,0.8837998,1
C:\Users\taimo\OneDrive\Documents 1\work\ecg-synthetic-research\data\rendered\ptbxl\MI\09915.png,MI,MI,0.96719074,1
C:\Users\taimo\OneDrive\Documents 1\work\ecg-synthetic-research\data\rendered\ptbxl\MI\10012.png,MI,MI,0.93362683,1
C:\Users\taimo\OneDrive\Documents 1\work\ecg-synthetic-research\data\rendered\ptbxl\MI\10047.png,MI,MI,0.60217595,1
C:\Users\taimo\OneDrive\Documents 1\work\ecg-synthetic-research\data\rendered\ptbxl\MI\10055.png,MI,MI,0.9321419,1
C:\Users\taimo\OneDrive\Documents 1\work\ecg-synthetic-research\data\rendered\ptbxl\MI\10101.png,MI,MI,0.9727228,1
C:\Users\taimo\OneDrive\Documents 1\work\ecg-synthetic-research\data\rendered\ptbxl\MI\10254.png,MI,MI,0.83344406,1
C:\Users\taimo\OneDrive\Documents 1\work\ecg-synthetic-research\data\rendered\ptbxl\MI\10345.png,MI,MI,0.85279304,1
C:\Users\taimo\OneDrive\Documents 1\work\ecg-synthetic-research\data\rendered\ptbxl\MI\10367.png,MI,MI,0.78081685,1
C:\Users\taimo\OneDrive\Documents 1\work\ecg-synthetic-research\data\rendered\ptbxl\MI\10400.png,MI,MI,0.7351929,1
C:\Users\taimo\OneDrive\Documents 1\work\ecg-synthetic-research\data\rendered\ptbxl\MI\10430.png,MI,TACHY,0.49997264,0
C:\Users\taimo\OneDrive\Documents 1\work\ecg-synthetic-research\data\rendered\ptbxl\MI\10452.png,MI,MI,0.8533882,1
C:\Users\taimo\OneDrive\Documents 1\work\ecg-synthetic-research\data\rendered\ptbxl\MI\10453.png,MI,MI,0.72364646,1
C:\Users\taimo\OneDrive\Documents 1\work\ecg-synthetic-research\data\rendered\ptbxl\MI\10467.png,MI,MI,0.990004,1
C:\Users\taimo\OneDrive\Documents 1\work\ecg-synthetic-research\data\rendered\ptbxl\MI\10479.png,MI,MI,0.8111142,1
C:\Users\taimo\OneDrive\Documents 1\work\ecg-synthetic-research\data\rendered\ptbxl\MI\10609.png,MI,MI,0.91316533,1
C:\Users\taimo\OneDrive\Documents 1\work\ecg-synthetic-research\data\rendered\ptbxl\MI\10628.png,MI,MI,0.79819125,1
C:\Users\taimo\OneDrive\Documents 1\work\ecg-synthetic-research\data\rendered\ptbxl\MI\10632.png,MI,MI,0.8620487,1
C:\Users\taimo\OneDrive\Documents 1\work\ecg-synthetic-research\data\rendered\ptbxl\MI\10662.png,MI,MI,0.8660144,1
C:\Users\taimo\OneDrive\Documents 1\work\ecg-synthetic-research\data\rendered\ptbxl\MI\10668.png,MI,NORM,0.62559336,0
C:\Users\taimo\OneDrive\Documents 1\work\ecg-synthetic-research\data\rendered\ptbxl\MI\10714.png,MI,MI,0.7408514,1
C:\Users\taimo\OneDrive\Documents 1\work\ecg-synthetic-research\data\rendered\ptbxl\MI\10720.png,MI,MI,0.5636232,1
C:\Users\taimo\OneDrive\Documents 1\work\ecg-synthetic-research\data\rendered\ptbxl\MI\10807.png,MI,MI,0.66028064,1
C:\Users\taimo\OneDrive\Documents 1\work\ecg-synthetic-research\data\rendered\ptbxl\MI\10818.png,MI,MI,0.89479077,1
C:\Users\taimo\OneDrive\Documents 1\work\ecg-synthetic-research\data\rendered\ptbxl\MI\10849.png,MI,MI,0.9210681,1
C:\Users\taimo\OneDrive\Documents 1\work\ecg-synthetic-research\data\rendered\ptbxl\MI\10878.png,MI,MI,0.9601712,1
C:\Users\taimo\OneDrive\Documents 1\work\ecg-synthetic-research\data\rendered\ptbxl\MI\10888.png,MI,MI,0.9024955,1
C:\Users\taimo\OneDrive\Documents 1\work\ecg-synthetic-research\data\rendered\ptbxl\MI\10901.png,MI,MI,0.8969561,1
C:\Users\taimo\OneDrive\Documents 1\work\ecg-synthetic-research\data\rendered\ptbxl\MI\11071.png,MI,MI,0.8753937,1
C:\Users\taimo\OneDrive\Documents 1\work\ecg-synthetic-research\data\rendered\ptbxl\MI\11111.png,MI,MI,0.62917435,1
C:\Users\taimo\OneDrive\Documents 1\work\ecg-synthetic-research\data\rendered\ptbxl\MI\11171.png,MI,MI,0.77478445,1
C:\Users\taimo\OneDrive\Documents 1\work\ecg-synthetic-research\data\rendered\ptbxl\MI\11241.png,MI,MI,0.7471151,1
C:\Users\taimo\OneDrive\Documents 1\work\ecg-synthetic-research\data\rendered\ptbxl\MI\11287.png,MI,MI,0.86170745,1
C:\Users\taimo\OneDrive\Documents 1\work\ecg-synthetic-research\data\rendered\ptbxl\MI\11293.png,MI,MI,0.6079254,1
C:\Users\taimo\OneDrive\Documents 1\work\ecg-synthetic-research\data\rendered\ptbxl\MI\11352.png,MI,TACHY,0.8484855,0
C:\Users\taimo\OneDrive\Documents 1\work\ecg-synthetic-research\data\rendered\ptbxl\MI\11370.png,MI,TACHY,0.8353039,0
C:\Users\taimo\OneDrive\Documents 1\work\ecg-synthetic-research\data\rendered\ptbxl\MI\11391.png,MI,MI,0.85077465,1
C:\Users\taimo\OneDrive\Documents 1\work\ecg-synthetic-research\data\rendered\ptbxl\MI\11396.png,MI,MI,0.8482229,1
C:\Users\taimo\OneDrive\Documents 1\work\ecg-synthetic-research\data\rendered\ptbxl\MI\11409.png,MI,TACHY,0.7897648,0
C:\Users\taimo\OneDrive\Documents 1\work\ecg-synthetic-research\data\rendered\ptbxl\MI\11472.png,MI,MI,0.90737045,1
C:\Users\taimo\OneDrive\Documents 1\work\ecg-synthetic-research\data\rendered\ptbxl\MI\11542.png,MI,MI,0.9472752,1
C:\Users\taimo\OneDrive\Documents 1\work\ecg-synthetic-research\data\rendered\ptbxl\MI\11544.png,MI,MI,0.9597717,1
C:\Users\taimo\OneDrive\Documents 1\work\ecg-synthetic-research\data\rendered\ptbxl\MI\11545.png,MI,MI,0.8197907,1
C:\Users\taimo\OneDrive\Documents 1\work\ecg-synthetic-research\data\rendered\ptbxl\MI\11588.png,MI,NORM,0.5253016,0
C:\Users\taimo\OneDrive\Documents 1\work\ecg-synthetic-research\data\rendered\ptbxl\MI\11896.png,MI,MI,0.4807114,1
C:\Users\taimo\OneDrive\Documents 1\work\ecg-synthetic-research\data\rendered\ptbxl\MI\11904.png,MI,MI,0.60655624,1
C:\Users\taimo\OneDrive\Documents 1\work\ecg-synthetic-research\data\rendered\ptbxl\MI\12206.png,MI,MI,0.7999052,1
C:\Users\taimo\OneDrive\Documents 1\work\ecg-synthetic-research\data\rendered\ptbxl\MI\12324.png,MI,AFIB,0.5962303,0
C:\Users\taimo\OneDrive\Documents 1\work\ecg-synthetic-research\data\rendered\ptbxl\MI\12419.png,MI,MI,0.95821565,1
C:\Users\taimo\OneDrive\Documents 1\work\ecg-synthetic-research\data\rendered\ptbxl\MI\12422.png,MI,MI,0.94742006,1
C:\Users\taimo\OneDrive\Documents 1\work\ecg-synthetic-research\data\rendered\ptbxl\MI\12494.png,MI,MI,0.6156509,1
C:\Users\taimo\OneDrive\Documents 1\work\ecg-synthetic-research\data\rendered\ptbxl\MI\12498.png,MI,MI,0.64100873,1
C:\Users\taimo\OneDrive\Documents 1\work\ecg-synthetic-research\data\rendered\ptbxl\MI\12535.png,MI,MI,0.6922888,1
C:\Users\taimo\OneDrive\Documents 1\work\ecg-synthetic-research\data\rendered\ptbxl\MI\12572.png,MI,MI,0.9876794,1
C:\Users\taimo\OneDrive\Documents 1\work\ecg-synthetic-research\data\rendered\ptbxl\MI\12605.png,MI,MI,0.54511464,1
C:\Users\taimo\OneDrive\Documents 1\work\ecg-synthetic-research\data\rendered\ptbxl\MI\12618.png,MI,MI,0.88264966,1
C:\Users\taimo\OneDrive\Documents 1\work\ecg-synthetic-research\data\rendered\ptbxl\MI\12746.png,MI,MI,0.95327747,1
C:\Users\taimo\OneDrive\Documents 1\work\ecg-synthetic-research\data\rendered\ptbxl\MI\12804.png,MI,MI,0.9579921,1
C:\Users\taimo\OneDrive\Documents 1\work\ecg-synthetic-research\data\rendered\ptbxl\MI\12873.png,MI,MI,0.8722233,1
C:\Users\taimo\OneDrive\Documents 1\work\ecg-synthetic-research\data\rendered\ptbxl\MI\12898.png,MI,MI,0.4946686,1
C:\Users\taimo\OneDrive\Documents 1\work\ecg-synthetic-research\data\rendered\ptbxl\MI\12936.png,MI,MI,0.78753614,1
C:\Users\taimo\OneDrive\Documents 1\work\ecg-synthetic-research\data\rendered\ptbxl\MI\12968.png,MI,MI,0.46401346,1
C:\Users\taimo\OneDrive\Documents 1\work\ecg-synthetic-research\data\rendered\ptbxl\MI\12973.png,MI,MI,0.57791996,1
C:\Users\taimo\OneDrive\Documents 1\work\ecg-synthetic-research\data\rendered\ptbxl\MI\13054.png,MI,MI,0.8370579,1
C:\Users\taimo\OneDrive\Documents 1\work\ecg-synthetic-research\data\rendered\ptbxl\MI\13065.png,MI,MI,0.9042966,1
C:\Users\taimo\OneDrive\Documents 1\work\ecg-synthetic-research\data\rendered\ptbxl\MI\13086.png,MI,MI,0.8502804,1
C:\Users\taimo\OneDrive\Documents 1\work\ecg-synthetic-research\data\rendered\ptbxl\MI\13135.png,MI,MI,0.91118896,1
C:\Users\taimo\OneDrive\Documents 1\work\ecg-synthetic-research\data\rendered\ptbxl\MI\13144.png,MI,MI,0.66357225,1
C:\Users\taimo\OneDrive\Documents 1\work\ecg-synthetic-research\data\rendered\ptbxl\MI\13227.png,MI,MI,0.8680484,1
C:\Users\taimo\OneDrive\Documents 1\work\ecg-synthetic-research\data\rendered\ptbxl\MI\13243.png,MI,MI,0.8786561,1
C:\Users\taimo\OneDrive\Documents 1\work\ecg-synthetic-research\data\rendered\ptbxl\MI\13272.png,MI,MI,0.6428078,1
C:\Users\taimo\OneDrive\Documents 1\work\ecg-synthetic-research\data\rendered\ptbxl\MI\13345.png,MI,MI,0.5482255,1
C:\Users\taimo\OneDrive\Documents 1\work\ecg-synthetic-research\data\rendered\ptbxl\MI\13381.png,MI,TACHY,0.6916244,0
C:\Users\taimo\OneDrive\Documents 1\work\ecg-synthetic-research\data\rendered\ptbxl\MI\13393.png,MI,MI,0.95242065,1
C:\Users\taimo\OneDrive\Documents 1\work\ecg-synthetic-research\data\rendered\ptbxl\MI\13515.png,MI,MI,0.76672703,1
C:\Users\taimo\OneDrive\Documents 1\work\ecg-synthetic-research\data\rendered\ptbxl\MI\13577.png,MI,TACHY,0.81950396,0
C:\Users\taimo\OneDrive\Documents 1\work\ecg-synthetic-research\data\rendered\ptbxl\MI\13598.png,MI,TACHY,0.80284715,0
C:\Users\taimo\OneDrive\Documents 1\work\ecg-synthetic-research\data\rendered\ptbxl\MI\13607.png,MI,TACHY,0.64175797,0
C:\Users\taimo\OneDrive\Documents 1\work\ecg-synthetic-research\data\rendered\ptbxl\MI\13635.png,MI,MI,0.97978574,1
C:\Users\taimo\OneDrive\Documents 1\work\ecg-synthetic-research\data\rendered\ptbxl\MI\13672.png,MI,MI,0.8899872,1
C:\Users\taimo\OneDrive\Documents 1\work\ecg-synthetic-research\data\rendered\ptbxl\MI\13679.png,MI,MI,0.69009835,1
C:\Users\taimo\OneDrive\Documents 1\work\ecg-synthetic-research\data\rendered\ptbxl\MI\13695.png,MI,MI,0.692032,1
C:\Users\taimo\OneDrive\Documents 1\work\ecg-synthetic-research\data\rendered\ptbxl\MI\13729.png,MI,MI,0.96764976,1
C:\Users\taimo\OneDrive\Documents 1\work\ecg-synthetic-research\data\rendered\ptbxl\MI\13771.png,MI,NORM,0.6227401,0
C:\Users\taimo\OneDrive\Documents 1\work\ecg-synthetic-research\data\rendered\ptbxl\MI\13796.png,MI,TACHY,0.71728176,0
C:\Users\taimo\OneDrive\Documents 1\work\ecg-synthetic-research\data\rendered\ptbxl\MI\13831.png,MI,MI,0.69717085,1
C:\Users\taimo\OneDrive\Documents 1\work\ecg-synthetic-research\data\rendered\ptbxl\MI\13845.png,MI,MI,0.92670524,1
C:\Users\taimo\OneDrive\Documents 1\work\ecg-synthetic-research\data\rendered\ptbxl\MI\13956.png,MI,AFIB,0.5550156,0
C:\Users\taimo\OneDrive\Documents 1\work\ecg-synthetic-research\data\rendered\ptbxl\MI\14008.png,MI,MI,0.9150912,1
C:\Users\taimo\OneDrive\Documents 1\work\ecg-synthetic-research\data\rendered\ptbxl\MI\14094.png,MI,NORM,0.7704787,0
C:\Users\taimo\OneDrive\Documents 1\work\ecg-synthetic-research\data\rendered\ptbxl\MI\14101.png,MI,MI,0.641842,1
C:\Users\taimo\OneDrive\Documents 1\work\ecg-synthetic-research\data\rendered\ptbxl\MI\14137.png,MI,MI,0.7953763,1
C:\Users\taimo\OneDrive\Documents 1\work\ecg-synthetic-research\data\rendered\ptbxl\MI\14228.png,MI,MI,0.8298931,1
C:\Users\taimo\OneDrive\Documents 1\work\ecg-synthetic-research\data\rendered\ptbxl\MI\14233.png,MI,MI,0.74274826,1
C:\Users\taimo\OneDrive\Documents 1\work\ecg-synthetic-research\data\rendered\ptbxl\MI\14729.png,MI,MI,0.74914193,1
C:\Users\taimo\OneDrive\Documents 1\work\ecg-synthetic-research\data\rendered\ptbxl\MI\14781.png,MI,MI,0.87001175,1
C:\Users\taimo\OneDrive\Documents 1\work\ecg-synthetic-research\data\rendered\ptbxl\MI\14847.png,MI,MI,0.67213744,1
C:\Users\taimo\OneDrive\Documents 1\work\ecg-synthetic-research\data\rendered\ptbxl\MI\14882.png,MI,MI,0.51799864,1
C:\Users\taimo\OneDrive\Documents 1\work\ecg-synthetic-research\data\rendered\ptbxl\MI\15149.png,MI,MI,0.92991614,1
C:\Users\taimo\OneDrive\Documents 1\work\ecg-synthetic-research\data\rendered\ptbxl\MI\15167.png,MI,AFIB,0.558641,0
C:\Users\taimo\OneDrive\Documents 1\work\ecg-synthetic-research\data\rendered\ptbxl\MI\15197.png,MI,MI,0.9262463,1
C:\Users\taimo\OneDrive\Documents 1\work\ecg-synthetic-research\data\rendered\ptbxl\MI\15254.png,MI,MI,0.83099747,1
C:\Users\taimo\OneDrive\Documents 1\work\ecg-synthetic-research\data\rendered\ptbxl\MI\15329.png,MI,MI,0.9083218,1
C:\Users\taimo\OneDrive\Documents 1\work\ecg-synthetic-research\data\rendered\ptbxl\MI\15335.png,MI,MI,0.8551389,1
C:\Users\taimo\OneDrive\Documents 1\work\ecg-synthetic-research\data\rendered\ptbxl\MI\15338.png,MI,MI,0.810682,1
C:\Users\taimo\OneDrive\Documents 1\work\ecg-synthetic-research\data\rendered\ptbxl\MI\15388.png,MI,MI,0.93462634,1
C:\Users\taimo\OneDrive\Documents 1\work\ecg-synthetic-research\data\rendered\ptbxl\MI\15458.png,MI,MI,0.8446525,1
C:\Users\taimo\OneDrive\Documents 1\work\ecg-synthetic-research\data\rendered\ptbxl\MI\15475.png,MI,NORM,0.5141493,0
C:\Users\taimo\OneDrive\Documents 1\work\ecg-synthetic-research\data\rendered\ptbxl\MI\15495.png,MI,MI,0.90322596,1
C:\Users\taimo\OneDrive\Documents 1\work\ecg-synthetic-research\data\rendered\ptbxl\MI\15559.png,MI,MI,0.8208654,1
C:\Users\taimo\OneDrive\Documents 1\work\ecg-synthetic-research\data\rendered\ptbxl\MI\15607.png,MI,MI,0.8916381,1
C:\Users\taimo\OneDrive\Documents 1\work\ecg-synthetic-research\data\rendered\ptbxl\MI\15619.png,MI,MI,0.89544296,1
C:\Users\taimo\OneDrive\Documents 1\work\ecg-synthetic-research\data\rendered\ptbxl\MI\15686.png,MI,NORM,0.508349,0
C:\Users\taimo\OneDrive\Documents 1\work\ecg-synthetic-research\data\rendered\ptbxl\MI\15746.png,MI,MI,0.53753,1
C:\Users\taimo\OneDrive\Documents 1\work\ecg-synthetic-research\data\rendered\ptbxl\MI\15836.png,MI,MI,0.53382885,1
C:\Users\taimo\OneDrive\Documents 1\work\ecg-synthetic-research\data\rendered\ptbxl\MI\15966.png,MI,MI,0.68940383,1
C:\Users\taimo\OneDrive\Documents 1\work\ecg-synthetic-research\data\rendered\ptbxl\MI\15973.png,MI,MI,0.3590531,1
C:\Users\taimo\OneDrive\Documents 1\work\ecg-synthetic-research\data\rendered\ptbxl\MI\16022.png,MI,NORM,0.6140062,0
C:\Users\taimo\OneDrive\Documents 1\work\ecg-synthetic-research\data\rendered\ptbxl\MI\16030.png,MI,MI,0.5717425,1
C:\Users\taimo\OneDrive\Documents 1\work\ecg-synthetic-research\data\rendered\ptbxl\MI\16049.png,MI,MI,0.9164768,1
C:\Users\taimo\OneDrive\Documents 1\work\ecg-synthetic-research\data\rendered\ptbxl\MI\16094.png,MI,MI,0.7245203,1
C:\Users\taimo\OneDrive\Documents 1\work\ecg-synthetic-research\data\rendered\ptbxl\MI\16171.png,MI,MI,0.7568803,1
C:\Users\taimo\OneDrive\Documents 1\work\ecg-synthetic-research\data\rendered\ptbxl\MI\16202.png,MI,NORM,0.79257625,0
C:\Users\taimo\OneDrive\Documents 1\work\ecg-synthetic-research\data\rendered\ptbxl\MI\16234.png,MI,MI,0.9690573,1
C:\Users\taimo\OneDrive\Documents 1\work\ecg-synthetic-research\data\rendered\ptbxl\MI\16340.png,MI,MI,0.9587678,1
C:\Users\taimo\OneDrive\Documents 1\work\ecg-synthetic-research\data\rendered\ptbxl\MI\16406.png,MI,MI,0.90638787,1
C:\Users\taimo\OneDrive\Documents 1\work\ecg-synthetic-research\data\rendered\ptbxl\MI\16427.png,MI,MI,0.86244184,1
C:\Users\taimo\OneDrive\Documents 1\work\ecg-synthetic-research\data\rendered\ptbxl\MI\16517.png,MI,MI,0.70008916,1
C:\Users\taimo\OneDrive\Documents 1\work\ecg-synthetic-research\data\rendered\ptbxl\MI\16521.png,MI,MI,0.5479967,1
C:\Users\taimo\OneDrive\Documents 1\work\ecg-synthetic-research\data\rendered\ptbxl\MI\16543.png,MI,NORM,0.6648733,0
C:\Users\taimo\OneDrive\Documents 1\work\ecg-synthetic-research\data\rendered\ptbxl\MI\16546.png,MI,TACHY,0.82428527,0
C:\Users\taimo\OneDrive\Documents 1\work\ecg-synthetic-research\data\rendered\ptbxl\MI\16559.png,MI,NORM,0.6558737,0
C:\Users\taimo\OneDrive\Documents 1\work\ecg-synthetic-research\data\rendered\ptbxl\MI\16616.png,MI,NORM,0.5327362,0
C:\Users\taimo\OneDrive\Documents 1\work\ecg-synthetic-research\data\rendered\ptbxl\MI\16641.png,MI,TACHY,0.8703848,0
C:\Users\taimo\OneDrive\Documents 1\work\ecg-synthetic-research\data\rendered\ptbxl\MI\16709.png,MI,MI,0.66081774,1
C:\Users\taimo\OneDrive\Documents 1\work\ecg-synthetic-research\data\rendered\ptbxl\MI\16711.png,MI,MI,0.8450431,1
C:\Users\taimo\OneDrive\Documents 1\work\ecg-synthetic-research\data\rendered\ptbxl\MI\16749.png,MI,MI,0.9717388,1
C:\Users\taimo\OneDrive\Documents 1\work\ecg-synthetic-research\data\rendered\ptbxl\MI\16791.png,MI,MI,0.76646113,1
C:\Users\taimo\OneDrive\Documents 1\work\ecg-synthetic-research\data\rendered\ptbxl\MI\16884.png,MI,MI,0.98337513,1
C:\Users\taimo\OneDrive\Documents 1\work\ecg-synthetic-research\data\rendered\ptbxl\MI\16891.png,MI,MI,0.9544843,1
C:\Users\taimo\OneDrive\Documents 1\work\ecg-synthetic-research\data\rendered\ptbxl\MI\16979.png,MI,MI,0.93873423,1
C:\Users\taimo\OneDrive\Documents 1\work\ecg-synthetic-research\data\rendered\ptbxl\MI\16981.png,MI,MI,0.77020454,1
C:\Users\taimo\OneDrive\Documents 1\work\ecg-synthetic-research\data\rendered\ptbxl\MI\16999.png,MI,MI,0.56904984,1
C:\Users\taimo\OneDrive\Documents 1\work\ecg-synthetic-research\data\rendered\ptbxl\MI\17047.png,MI,MI,0.94321054,1
C:\Users\taimo\OneDrive\Documents 1\work\ecg-synthetic-research\data\rendered\ptbxl\MI\17125.png,MI,MI,0.78604335,1
C:\Users\taimo\OneDrive\Documents 1\work\ecg-synthetic-research\data\rendered\ptbxl\MI\17148.png,MI,MI,0.8028845,1
C:\Users\taimo\OneDrive\Documents 1\work\ecg-synthetic-research\data\rendered\ptbxl\MI\17221.png,MI,MI,0.7791137,1
C:\Users\taimo\OneDrive\Documents 1\work\ecg-synthetic-research\data\rendered\ptbxl\MI\17250.png,MI,MI,0.8734603,1
C:\Users\taimo\OneDrive\Documents 1\work\ecg-synthetic-research\data\rendered\ptbxl\MI\17267.png,MI,MI,0.5654991,1
C:\Users\taimo\OneDrive\Documents 1\work\ecg-synthetic-research\data\rendered\ptbxl\MI\17303.png,MI,MI,0.82475066,1
C:\Users\taimo\OneDrive\Documents 1\work\ecg-synthetic-research\data\rendered\ptbxl\MI\17368.png,MI,MI,0.8533309,1
C:\Users\taimo\OneDrive\Documents 1\work\ecg-synthetic-research\data\rendered\ptbxl\MI\17381.png,MI,TACHY,0.79989344,0
C:\Users\taimo\OneDrive\Documents 1\work\ecg-synthetic-research\data\rendered\ptbxl\MI\17385.png,MI,MI,0.98013294,1
C:\Users\taimo\OneDrive\Documents 1\work\ecg-synthetic-research\data\rendered\ptbxl\MI\17464.png,MI,MI,0.6689392,1
C:\Users\taimo\OneDrive\Documents 1\work\ecg-synthetic-research\data\rendered\ptbxl\MI\17484.png,MI,MI,0.96706164,1
C:\Users\taimo\OneDrive\Documents 1\work\ecg-synthetic-research\data\rendered\ptbxl\MI\17487.png,MI,MI,0.7989451,1
C:\Users\taimo\OneDrive\Documents 1\work\ecg-synthetic-research\data\rendered\ptbxl\MI\17519.png,MI,NORM,0.6409246,0
C:\Users\taimo\OneDrive\Documents 1\work\ecg-synthetic-research\data\rendered\ptbxl\MI\17530.png,MI,MI,0.6487423,1
C:\Users\taimo\OneDrive\Documents 1\work\ecg-synthetic-research\data\rendered\ptbxl\MI\17537.png,MI,MI,0.5366024,1
C:\Users\taimo\OneDrive\Documents 1\work\ecg-synthetic-research\data\rendered\ptbxl\MI\17558.png,MI,MI,0.5359232,1
C:\Users\taimo\OneDrive\Documents 1\work\ecg-synthetic-research\data\rendered\ptbxl\MI\17559.png,MI,MI,0.7451056,1
C:\Users\taimo\OneDrive\Documents 1\work\ecg-synthetic-research\data\rendered\ptbxl\MI\17578.png,MI,MI,0.5475836,1
C:\Users\taimo\OneDrive\Documents 1\work\ecg-synthetic-research\data\rendered\ptbxl\MI\17976.png,MI,MI,0.97624654,1
C:\Users\taimo\OneDrive\Documents 1\work\ecg-synthetic-research\data\rendered\ptbxl\MI\18019.png,MI,MI,0.722099,1
C:\Users\taimo\OneDrive\Documents 1\work\ecg-synthetic-research\data\rendered\ptbxl\MI\18097.png,MI,MI,0.91791475,1
C:\Users\taimo\OneDrive\Documents 1\work\ecg-synthetic-research\data\rendered\ptbxl\MI\18118.png,MI,MI,0.9679617,1
C:\Users\taimo\OneDrive\Documents 1\work\ecg-synthetic-research\data\rendered\ptbxl\MI\18203.png,MI,MI,0.77971256,1
C:\Users\taimo\OneDrive\Documents 1\work\ecg-synthetic-research\data\rendered\ptbxl\MI\18249.png,MI,MI,0.8329663,1
C:\Users\taimo\OneDrive\Documents 1\work\ecg-synthetic-research\data\rendered\ptbxl\MI\18292.png,MI,NORM,0.60556906,0
C:\Users\taimo\OneDrive\Documents 1\work\ecg-synthetic-research\data\rendered\ptbxl\MI\18298.png,MI,TACHY,0.8317456,0
C:\Users\taimo\OneDrive\Documents 1\work\ecg-synthetic-research\data\rendered\ptbxl\MI\18337.png,MI,MI,0.5083819,1
C:\Users\taimo\OneDrive\Documents 1\work\ecg-synthetic-research\data\rendered\ptbxl\MI\18591.png,MI,MI,0.7768509,1
C:\Users\taimo\OneDrive\Documents 1\work\ecg-synthetic-research\data\rendered\ptbxl\MI\18669.png,MI,NORM,0.5012592,0
C:\Users\taimo\OneDrive\Documents 1\work\ecg-synthetic-research\data\rendered\ptbxl\MI\18683.png,MI,MI,0.7404999,1
C:\Users\taimo\OneDrive\Documents 1\work\ecg-synthetic-research\data\rendered\ptbxl\MI\18689.png,MI,MI,0.63740695,1
C:\Users\taimo\OneDrive\Documents 1\work\ecg-synthetic-research\data\rendered\ptbxl\MI\18702.png,MI,MI,0.77161276,1
C:\Users\taimo\OneDrive\Documents 1\work\ecg-synthetic-research\data\rendered\ptbxl\MI\18715.png,MI,MI,0.9387173,1
C:\Users\taimo\OneDrive\Documents 1\work\ecg-synthetic-research\data\rendered\ptbxl\MI\18723.png,MI,MI,0.81434274,1
C:\Users\taimo\OneDrive\Documents 1\work\ecg-synthetic-research\data\rendered\ptbxl\MI\18755.png,MI,MI,0.90258586,1
C:\Users\taimo\OneDrive\Documents 1\work\ecg-synthetic-research\data\rendered\ptbxl\MI\18823.png,MI,MI,0.875127,1
C:\Users\taimo\OneDrive\Documents 1\work\ecg-synthetic-research\data\rendered\ptbxl\MI\18850.png,MI,MI,0.65398705,1
C:\Users\taimo\OneDrive\Documents 1\work\ecg-synthetic-research\data\rendered\ptbxl\MI\18859.png,MI,MI,0.9249929,1
C:\Users\taimo\OneDrive\Documents 1\work\ecg-synthetic-research\data\rendered\ptbxl\MI\18876.png,MI,MI,0.94364536,1
C:\Users\taimo\OneDrive\Documents 1\work\ecg-synthetic-research\data\rendered\ptbxl\MI\18895.png,MI,MI,0.9541668,1
C:\Users\taimo\OneDrive\Documents 1\work\ecg-synthetic-research\data\rendered\ptbxl\MI\18905.png,MI,MI,0.86215043,1
C:\Users\taimo\OneDrive\Documents 1\work\ecg-synthetic-research\data\rendered\ptbxl\MI\18948.png,MI,AFIB,0.68653136,0
C:\Users\taimo\OneDrive\Documents 1\work\ecg-synthetic-research\data\rendered\ptbxl\MI\19084.png,MI,MI,0.9184141,1
C:\Users\taimo\OneDrive\Documents 1\work\ecg-synthetic-research\data\rendered\ptbxl\MI\19140.png,MI,MI,0.5359949,1
C:\Users\taimo\OneDrive\Documents 1\work\ecg-synthetic-research\data\rendered\ptbxl\MI\19247.png,MI,MI,0.9122421,1
C:\Users\taimo\OneDrive\Documents 1\work\ecg-synthetic-research\data\rendered\ptbxl\MI\19334.png,MI,NORM,0.7449558,0
C:\Users\taimo\OneDrive\Documents 1\work\ecg-synthetic-research\data\rendered\ptbxl\MI\19439.png,MI,MI,0.90589356,1
C:\Users\taimo\OneDrive\Documents 1\work\ecg-synthetic-research\data\rendered\ptbxl\MI\19578.png,MI,TACHY,0.66036636,0
C:\Users\taimo\OneDrive\Documents 1\work\ecg-synthetic-research\data\rendered\ptbxl\MI\19629.png,MI,MI,0.70315796,1
C:\Users\taimo\OneDrive\Documents 1\work\ecg-synthetic-research\data\rendered\ptbxl\MI\19657.png,MI,MI,0.5710428,1
C:\Users\taimo\OneDrive\Documents 1\work\ecg-synthetic-research\data\rendered\ptbxl\MI\19755.png,MI,MI,0.84214306,1
C:\Users\taimo\OneDrive\Documents 1\work\ecg-synthetic-research\data\rendered\ptbxl\MI\19768.png,MI,MI,0.8748782,1
C:\Users\taimo\OneDrive\Documents 1\work\ecg-synthetic-research\data\rendered\ptbxl\MI\19831.png,MI,MI,0.5705329,1
C:\Users\taimo\OneDrive\Documents 1\work\ecg-synthetic-research\data\rendered\ptbxl\MI\19847.png,MI,MI,0.9690336,1
C:\Users\taimo\OneDrive\Documents 1\work\ecg-synthetic-research\data\rendered\ptbxl\MI\19871.png,MI,AFIB,0.92040867,0
C:\Users\taimo\OneDrive\Documents 1\work\ecg-synthetic-research\data\rendered\ptbxl\MI\19873.png,MI,MI,0.9209808,1
C:\Users\taimo\OneDrive\Documents 1\work\ecg-synthetic-research\data\rendered\ptbxl\MI\19876.png,MI,AFIB,0.9197003,0
C:\Users\taimo\OneDrive\Documents 1\work\ecg-synthetic-research\data\rendered\ptbxl\MI\20096.png,MI,MI,0.9513982,1
C:\Users\taimo\OneDrive\Documents 1\work\ecg-synthetic-research\data\rendered\ptbxl\MI\20132.png,MI,MI,0.73125315,1
C:\Users\taimo\OneDrive\Documents 1\work\ecg-synthetic-research\data\rendered\ptbxl\MI\20147.png,MI,MI,0.8845922,1
C:\Users\taimo\OneDrive\Documents 1\work\ecg-synthetic-research\data\rendered\ptbxl\MI\20339.png,MI,MI,0.7664193,1
C:\Users\taimo\OneDrive\Documents 1\work\ecg-synthetic-research\data\rendered\ptbxl\MI\20345.png,MI,MI,0.5620167,1
C:\Users\taimo\OneDrive\Documents 1\work\ecg-synthetic-research\data\rendered\ptbxl\MI\20350.png,MI,MI,0.80947846,1
C:\Users\taimo\OneDrive\Documents 1\work\ecg-synthetic-research\data\rendered\ptbxl\MI\20398.png,MI,NORM,0.5087075,0
C:\Users\taimo\OneDrive\Documents 1\work\ecg-synthetic-research\data\rendered\ptbxl\MI\20408.png,MI,MI,0.38044274,1
C:\Users\taimo\OneDrive\Documents 1\work\ecg-synthetic-research\data\rendered\ptbxl\MI\20424.png,MI,MI,0.8233161,1
C:\Users\taimo\OneDrive\Documents 1\work\ecg-synthetic-research\data\rendered\ptbxl\MI\20547.png,MI,MI,0.97567165,1
C:\Users\taimo\OneDrive\Documents 1\work\ecg-synthetic-research\data\rendered\ptbxl\MI\20552.png,MI,MI,0.96647793,1
C:\Users\taimo\OneDrive\Documents 1\work\ecg-synthetic-research\data\rendered\ptbxl\MI\20570.png,MI,MI,0.71112883,1
C:\Users\taimo\OneDrive\Documents 1\work\ecg-synthetic-research\data\rendered\ptbxl\MI\20613.png,MI,MI,0.7028345,1
C:\Users\taimo\OneDrive\Documents 1\work\ecg-synthetic-research\data\rendered\ptbxl\MI\20633.png,MI,MI,0.8963608,1
C:\Users\taimo\OneDrive\Documents 1\work\ecg-synthetic-research\data\rendered\ptbxl\MI\20654.png,MI,MI,0.7014392,1
C:\Users\taimo\OneDrive\Documents 1\work\ecg-synthetic-research\data\rendered\ptbxl\MI\20718.png,MI,MI,0.7103097,1
C:\Users\taimo\OneDrive\Documents 1\work\ecg-synthetic-research\data\rendered\ptbxl\MI\20808.png,MI,MI,0.92513645,1
C:\Users\taimo\OneDrive\Documents 1\work\ecg-synthetic-research\data\rendered\ptbxl\MI\20898.png,MI,MI,0.93620735,1
C:\Users\taimo\OneDrive\Documents 1\work\ecg-synthetic-research\data\rendered\ptbxl\MI\20954.png,MI,MI,0.71786433,1
C:\Users\taimo\OneDrive\Documents 1\work\ecg-synthetic-research\data\rendered\ptbxl\MI\20977.png,MI,MI,0.5545593,1
C:\Users\taimo\OneDrive\Documents 1\work\ecg-synthetic-research\data\rendered\ptbxl\MI\21012.png,MI,NORM,0.45168212,0
C:\Users\taimo\OneDrive\Documents 1\work\ecg-synthetic-research\data\rendered\ptbxl\MI\21028.png,MI,MI,0.8208102,1
C:\Users\taimo\OneDrive\Documents 1\work\ecg-synthetic-research\data\rendered\ptbxl\MI\21040.png,MI,MI,0.94812834,1
C:\Users\taimo\OneDrive\Documents 1\work\ecg-synthetic-research\data\rendered\ptbxl\MI\21045.png,MI,MI,0.9527054,1
C:\Users\taimo\OneDrive\Documents 1\work\ecg-synthetic-research\data\rendered\ptbxl\MI\21047.png,MI,MI,0.97099966,1
C:\Users\taimo\OneDrive\Documents 1\work\ecg-synthetic-research\data\rendered\ptbxl\MI\21051.png,MI,MI,0.6352498,1
C:\Users\taimo\OneDrive\Documents 1\work\ecg-synthetic-research\data\rendered\ptbxl\MI\21056.png,MI,MI,0.63429886,1
C:\Users\taimo\OneDrive\Documents 1\work\ecg-synthetic-research\data\rendered\ptbxl\MI\21077.png,MI,MI,0.9667565,1
C:\Users\taimo\OneDrive\Documents 1\work\ecg-synthetic-research\data\rendered\ptbxl\MI\21078.png,MI,NORM,0.5538862,0
C:\Users\taimo\OneDrive\Documents 1\work\ecg-synthetic-research\data\rendered\ptbxl\MI\21082.png,MI,MI,0.8984368,1
C:\Users\taimo\OneDrive\Documents 1\work\ecg-synthetic-research\data\rendered\ptbxl\MI\21112.png,MI,MI,0.7497839,1
C:\Users\taimo\OneDrive\Documents 1\work\ecg-synthetic-research\data\rendered\ptbxl\MI\21120.png,MI,MI,0.94664,1
C:\Users\taimo\OneDrive\Documents 1\work\ecg-synthetic-research\data\rendered\ptbxl\MI\21165.png,MI,MI,0.96227,1
C:\Users\taimo\OneDrive\Documents 1\work\ecg-synthetic-research\data\rendered\ptbxl\MI\21210.png,MI,MI,0.90273285,1
C:\Users\taimo\OneDrive\Documents 1\work\ecg-synthetic-research\data\rendered\ptbxl\MI\21307.png,MI,MI,0.9065783,1
C:\Users\taimo\OneDrive\Documents 1\work\ecg-synthetic-research\data\rendered\ptbxl\MI\21343.png,MI,MI,0.9593219,1
C:\Users\taimo\OneDrive\Documents 1\work\ecg-synthetic-research\data\rendered\ptbxl\MI\21421.png,MI,MI,0.9660018,1
C:\Users\taimo\OneDrive\Documents 1\work\ecg-synthetic-research\data\rendered\ptbxl\MI\21461.png,MI,MI,0.9585394,1
C:\Users\taimo\OneDrive\Documents 1\work\ecg-synthetic-research\data\rendered\ptbxl\MI\21481.png,MI,MI,0.66746694,1
C:\Users\taimo\OneDrive\Documents 1\work\ecg-synthetic-research\data\rendered\ptbxl\MI\21491.png,MI,MI,0.8884706,1
C:\Users\taimo\OneDrive\Documents 1\work\ecg-synthetic-research\data\rendered\ptbxl\MI\21512.png,MI,MI,0.59228665,1
C:\Users\taimo\OneDrive\Documents 1\work\ecg-synthetic-research\data\rendered\ptbxl\MI\21527.png,MI,MI,0.8130579,1
C:\Users\taimo\OneDrive\Documents 1\work\ecg-synthetic-research\data\rendered\ptbxl\MI\21613.png,MI,MI,0.94215965,1
C:\Users\taimo\OneDrive\Documents 1\work\ecg-synthetic-research\data\rendered\ptbxl\MI\21637.png,MI,MI,0.90864116,1
C:\Users\taimo\OneDrive\Documents 1\work\ecg-synthetic-research\data\rendered\ptbxl\MI\21714.png,MI,NORM,0.59078133,0
C:\Users\taimo\OneDrive\Documents 1\work\ecg-synthetic-research\data\rendered\ptbxl\MI\21736.png,MI,MI,0.7775413,1
C:\Users\taimo\OneDrive\Documents 1\work\ecg-synthetic-research\data\rendered\ptbxl\AFIB\00318.png,AFIB,AFIB,0.9839244,1
C:\Users\taimo\OneDrive\Documents 1\work\ecg-synthetic-research\data\rendered\ptbxl\AFIB\00321.png,AFIB,AFIB,0.7364337,1
C:\Users\taimo\OneDrive\Documents 1\work\ecg-synthetic-research\data\rendered\ptbxl\AFIB\00846.png,AFIB,AFIB,0.9680025,1
C:\Users\taimo\OneDrive\Documents 1\work\ecg-synthetic-research\data\rendered\ptbxl\AFIB\00872.png,AFIB,AFIB,0.9892785,1
C:\Users\taimo\OneDrive\Documents 1\work\ecg-synthetic-research\data\rendered\ptbxl\AFIB\00939.png,AFIB,AFIB,0.94976944,1
C:\Users\taimo\OneDrive\Documents 1\work\ecg-synthetic-research\data\rendered\ptbxl\AFIB\01053.png,AFIB,AFIB,0.78858674,1
C:\Users\taimo\OneDrive\Documents 1\work\ecg-synthetic-research\data\rendered\ptbxl\AFIB\01065.png,AFIB,AFIB,0.78906184,1
C:\Users\taimo\OneDrive\Documents 1\work\ecg-synthetic-research\data\rendered\ptbxl\AFIB\01178.png,AFIB,AFIB,0.9605962,1
C:\Users\taimo\OneDrive\Documents 1\work\ecg-synthetic-research\data\rendered\ptbxl\AFIB\01502.png,AFIB,AFIB,0.7587389,1
C:\Users\taimo\OneDrive\Documents 1\work\ecg-synthetic-research\data\rendered\ptbxl\AFIB\01524.png,AFIB,AFIB,0.9713264,1
C:\Users\taimo\OneDrive\Documents 1\work\ecg-synthetic-research\data\rendered\ptbxl\AFIB\01646.png,AFIB,AFIB,0.97387594,1
C:\Users\taimo\OneDrive\Documents 1\work\ecg-synthetic-research\data\rendered\ptbxl\AFIB\01801.png,AFIB,AFIB,0.8951104,1
C:\Users\taimo\OneDrive\Documents 1\work\ecg-synthetic-research\data\rendered\ptbxl\AFIB\01858.png,AFIB,AFIB,0.6387083,1
C:\Users\taimo\OneDrive\Documents 1\work\ecg-synthetic-research\data\rendered\ptbxl\AFIB\01889.png,AFIB,AFIB,0.54256463,1
C:\Users\taimo\OneDrive\Documents 1\work\ecg-synthetic-research\data\rendered\ptbxl\AFIB\02004.png,AFIB,AFIB,0.96772623,1
C:\Users\taimo\OneDrive\Documents 1\work\ecg-synthetic-research\data\rendered\ptbxl\AFIB\02228.png,AFIB,AFIB,0.914154,1
C:\Users\taimo\OneDrive\Documents 1\work\ecg-synthetic-research\data\rendered\ptbxl\AFIB\02304.png,AFIB,AFIB,0.8795169,1
C:\Users\taimo\OneDrive\Documents 1\work\ecg-synthetic-research\data\rendered\ptbxl\AFIB\02722.png,AFIB,AFIB,0.72268987,1
C:\Users\taimo\OneDrive\Documents 1\work\ecg-synthetic-research\data\rendered\ptbxl\AFIB\02795.png,AFIB,TACHY,0.8810603,0
C:\Users\taimo\OneDrive\Documents 1\work\ecg-synthetic-research\data\rendered\ptbxl\AFIB\02818.png,AFIB,AFIB,0.95963377,1
C:\Users\taimo\OneDrive\Documents 1\work\ecg-synthetic-research\data\rendered\ptbxl\AFIB\02823.png,AFIB,AFIB,0.9727305,1
C:\Users\taimo\OneDrive\Documents 1\work\ecg-synthetic-research\data\rendered\ptbxl\AFIB\02886.png,AFIB,AFIB,0.9866649,1
C:\Users\taimo\OneDrive\Documents 1\work\ecg-synthetic-research\data\rendered\ptbxl\AFIB\03548.png,AFIB,AFIB,0.98466116,1
C:\Users\taimo\OneDrive\Documents 1\work\ecg-synthetic-research\data\rendered\ptbxl\AFIB\03835.png,AFIB,AFIB,0.83473235,1
C:\Users\taimo\OneDrive\Documents 1\work\ecg-synthetic-research\data\rendered\ptbxl\AFIB\04022.png,AFIB,AFIB,0.9547371,1
C:\Users\taimo\OneDrive\Documents 1\work\ecg-synthetic-research\data\rendered\ptbxl\AFIB\04029.png,AFIB,AFIB,0.9870552,1
C:\Users\taimo\OneDrive\Documents 1\work\ecg-synthetic-research\data\rendered\ptbxl\AFIB\04399.png,AFIB,AFIB,0.91560376,1
C:\Users\taimo\OneDrive\Documents 1\work\ecg-synthetic-research\data\rendered\ptbxl\AFIB\04409.png,AFIB,AFIB,0.9853136,1
C:\Users\taimo\OneDrive\Documents 1\work\ecg-synthetic-research\data\rendered\ptbxl\AFIB\04516.png,AFIB,AFIB,0.98082685,1
C:\Users\taimo\OneDrive\Documents 1\work\ecg-synthetic-research\data\rendered\ptbxl\AFIB\04525.png,AFIB,AFIB,0.9501736,1
C:\Users\taimo\OneDrive\Documents 1\work\ecg-synthetic-research\data\rendered\ptbxl\AFIB\04589.png,AFIB,AFIB,0.8524426,1
C:\Users\taimo\OneDrive\Documents 1\work\ecg-synthetic-research\data\rendered\ptbxl\AFIB\04761.png,AFIB,AFIB,0.95077837,1
C:\Users\taimo\OneDrive\Documents 1\work\ecg-synthetic-research\data\rendered\ptbxl\AFIB\04785.png,AFIB,AFIB,0.9357459,1
C:\Users\taimo\OneDrive\Documents 1\work\ecg-synthetic-research\data\rendered\ptbxl\AFIB\04839.png,AFIB,AFIB,0.8470156,1
C:\Users\taimo\OneDrive\Documents 1\work\ecg-synthetic-research\data\rendered\ptbxl\AFIB\04916.png,AFIB,AFIB,0.9724439,1
C:\Users\taimo\OneDrive\Documents 1\work\ecg-synthetic-research\data\rendered\ptbxl\AFIB\04920.png,AFIB,AFIB,0.9774933,1
C:\Users\taimo\OneDrive\Documents 1\work\ecg-synthetic-research\data\rendered\ptbxl\AFIB\05016.png,AFIB,AFIB,0.9349876,1
C:\Users\taimo\OneDrive\Documents 1\work\ecg-synthetic-research\data\rendered\ptbxl\AFIB\05205.png,AFIB,AFIB,0.9904179,1
C:\Users\taimo\OneDrive\Documents 1\work\ecg-synthetic-research\data\rendered\ptbxl\AFIB\05210.png,AFIB,AFIB,0.99663526,1
C:\Users\taimo\OneDrive\Documents 1\work\ecg-synthetic-research\data\rendered\ptbxl\AFIB\05218.png,AFIB,AFIB,0.98635304,1
C:\Users\taimo\OneDrive\Documents 1\work\ecg-synthetic-research\data\rendered\ptbxl\AFIB\05322.png,AFIB,AFIB,0.984183,1
C:\Users\taimo\OneDrive\Documents 1\work\ecg-synthetic-research\data\rendered\ptbxl\AFIB\05330.png,AFIB,AFIB,0.86224645,1
C:\Users\taimo\OneDrive\Documents 1\work\ecg-synthetic-research\data\rendered\ptbxl\AFIB\05388.png,AFIB,AFIB,0.7323355,1
C:\Users\taimo\OneDrive\Documents 1\work\ecg-synthetic-research\data\rendered\ptbxl\AFIB\05634.png,AFIB,AFIB,0.9869724,1
C:\Users\taimo\OneDrive\Documents 1\work\ecg-synthetic-research\data\rendered\ptbxl\AFIB\05790.png,AFIB,AFIB,0.9865523,1
C:\Users\taimo\OneDrive\Documents 1\work\ecg-synthetic-research\data\rendered\ptbxl\AFIB\05885.png,AFIB,AFIB,0.9317914,1
C:\Users\taimo\OneDrive\Documents 1\work\ecg-synthetic-research\data\rendered\ptbxl\AFIB\06126.png,AFIB,AFIB,0.65952194,1
C:\Users\taimo\OneDrive\Documents 1\work\ecg-synthetic-research\data\rendered\ptbxl\AFIB\06179.png,AFIB,AFIB,0.9967145,1
C:\Users\taimo\OneDrive\Documents 1\work\ecg-synthetic-research\data\rendered\ptbxl\AFIB\06355.png,AFIB,AFIB,0.47515672,1
C:\Users\taimo\OneDrive\Documents 1\work\ecg-synthetic-research\data\rendered\ptbxl\AFIB\06451.png,AFIB,AFIB,0.98210907,1
C:\Users\taimo\OneDrive\Documents 1\work\ecg-synthetic-research\data\rendered\ptbxl\AFIB\06521.png,AFIB,AFIB,0.9546525,1
C:\Users\taimo\OneDrive\Documents 1\work\ecg-synthetic-research\data\rendered\ptbxl\AFIB\06594.png,AFIB,AFIB,0.98601377,1
C:\Users\taimo\OneDrive\Documents 1\work\ecg-synthetic-research\data\rendered\ptbxl\AFIB\06844.png,AFIB,AFIB,0.9637069,1
C:\Users\taimo\OneDrive\Documents 1\work\ecg-synthetic-research\data\rendered\ptbxl\AFIB\07024.png,AFIB,AFIB,0.97576094,1
C:\Users\taimo\OneDrive\Documents 1\work\ecg-synthetic-research\data\rendered\ptbxl\AFIB\07033.png,AFIB,AFIB,0.717998,1
C:\Users\taimo\OneDrive\Documents 1\work\ecg-synthetic-research\data\rendered\ptbxl\AFIB\07111.png,AFIB,AFIB,0.9865587,1
C:\Users\taimo\OneDrive\Documents 1\work\ecg-synthetic-research\data\rendered\ptbxl\AFIB\07191.png,AFIB,NORM,0.5320686,0
C:\Users\taimo\OneDrive\Documents 1\work\ecg-synthetic-research\data\rendered\ptbxl\AFIB\07200.png,AFIB,AFIB,0.8715776,1
C:\Users\taimo\OneDrive\Documents 1\work\ecg-synthetic-research\data\rendered\ptbxl\AFIB\07221.png,AFIB,AFIB,0.9572057,1
C:\Users\taimo\OneDrive\Documents 1\work\ecg-synthetic-research\data\rendered\ptbxl\AFIB\07261.png,AFIB,AFIB,0.99597836,1
C:\Users\taimo\OneDrive\Documents 1\work\ecg-synthetic-research\data\rendered\ptbxl\AFIB\07270.png,AFIB,AFIB,0.9968004,1
C:\Users\taimo\OneDrive\Documents 1\work\ecg-synthetic-research\data\rendered\ptbxl\AFIB\07339.png,AFIB,AFIB,0.8806762,1
C:\Users\taimo\OneDrive\Documents 1\work\ecg-synthetic-research\data\rendered\ptbxl\AFIB\07342.png,AFIB,AFIB,0.8304953,1
C:\Users\taimo\OneDrive\Documents 1\work\ecg-synthetic-research\data\rendered\ptbxl\AFIB\07350.png,AFIB,AFIB,0.73501146,1
C:\Users\taimo\OneDrive\Documents 1\work\ecg-synthetic-research\data\rendered\ptbxl\AFIB\07358.png,AFIB,AFIB,0.96533346,1
C:\Users\taimo\OneDrive\Documents 1\work\ecg-synthetic-research\data\rendered\ptbxl\AFIB\07365.png,AFIB,AFIB,0.87221974,1
C:\Users\taimo\OneDrive\Documents 1\work\ecg-synthetic-research\data\rendered\ptbxl\AFIB\07379.png,AFIB,AFIB,0.5597315,1
C:\Users\taimo\OneDrive\Documents 1\work\ecg-synthetic-research\data\rendered\ptbxl\AFIB\07387.png,AFIB,AFIB,0.8925986,1
C:\Users\taimo\OneDrive\Documents 1\work\ecg-synthetic-research\data\rendered\ptbxl\AFIB\07403.png,AFIB,AFIB,0.99637467,1
C:\Users\taimo\OneDrive\Documents 1\work\ecg-synthetic-research\data\rendered\ptbxl\AFIB\07438.png,AFIB,AFIB,0.70421135,1
C:\Users\taimo\OneDrive\Documents 1\work\ecg-synthetic-research\data\rendered\ptbxl\AFIB\07462.png,AFIB,TACHY,0.57278377,0
C:\Users\taimo\OneDrive\Documents 1\work\ecg-synthetic-research\data\rendered\ptbxl\AFIB\07497.png,AFIB,AFIB,0.90370613,1
C:\Users\taimo\OneDrive\Documents 1\work\ecg-synthetic-research\data\rendered\ptbxl\AFIB\07534.png,AFIB,AFIB,0.9750464,1
C:\Users\taimo\OneDrive\Documents 1\work\ecg-synthetic-research\data\rendered\ptbxl\AFIB\07548.png,AFIB,AFIB,0.9993926,1
C:\Users\taimo\OneDrive\Documents 1\work\ecg-synthetic-research\data\rendered\ptbxl\AFIB\07697.png,AFIB,AFIB,0.9690166,1
C:\Users\taimo\OneDrive\Documents 1\work\ecg-synthetic-research\data\rendered\ptbxl\AFIB\07806.png,AFIB,AFIB,0.98116565,1
C:\Users\taimo\OneDrive\Documents 1\work\ecg-synthetic-research\data\rendered\ptbxl\AFIB\08215.png,AFIB,AFIB,0.97086406,1
C:\Users\taimo\OneDrive\Documents 1\work\ecg-synthetic-research\data\rendered\ptbxl\AFIB\08354.png,AFIB,AFIB,0.940998,1
C:\Users\taimo\OneDrive\Documents 1\work\ecg-synthetic-research\data\rendered\ptbxl\AFIB\08460.png,AFIB,AFIB,0.8959315,1
C:\Users\taimo\OneDrive\Documents 1\work\ecg-synthetic-research\data\rendered\ptbxl\AFIB\08606.png,AFIB,AFIB,0.8286923,1
C:\Users\taimo\OneDrive\Documents 1\work\ecg-synthetic-research\data\rendered\ptbxl\AFIB\08927.png,AFIB,AFIB,0.74678427,1
C:\Users\taimo\OneDrive\Documents 1\work\ecg-synthetic-research\data\rendered\ptbxl\AFIB\09331.png,AFIB,AFIB,0.9308477,1
C:\Users\taimo\OneDrive\Documents 1\work\ecg-synthetic-research\data\rendered\ptbxl\AFIB\09387.png,AFIB,AFIB,0.9252259,1
C:\Users\taimo\OneDrive\Documents 1\work\ecg-synthetic-research\data\rendered\ptbxl\AFIB\09424.png,AFIB,AFIB,0.8726791,1
C:\Users\taimo\OneDrive\Documents 1\work\ecg-synthetic-research\data\rendered\ptbxl\AFIB\09485.png,AFIB,AFIB,0.5043365,1
C:\Users\taimo\OneDrive\Documents 1\work\ecg-synthetic-research\data\rendered\ptbxl\AFIB\09509.png,AFIB,AFIB,0.8414057,1
C:\Users\taimo\OneDrive\Documents 1\work\ecg-synthetic-research\data\rendered\ptbxl\AFIB\09592.png,AFIB,AFIB,0.8866276,1
C:\Users\taimo\OneDrive\Documents 1\work\ecg-synthetic-research\data\rendered\ptbxl\AFIB\09767.png,AFIB,AFIB,0.91400826,1
C:\Users\taimo\OneDrive\Documents 1\work\ecg-synthetic-research\data\rendered\ptbxl\AFIB\10123.png,AFIB,AFIB,0.9755128,1
C:\Users\taimo\OneDrive\Documents 1\work\ecg-synthetic-research\data\rendered\ptbxl\AFIB\10137.png,AFIB,AFIB,0.9605183,1
C:\Users\taimo\OneDrive\Documents 1\work\ecg-synthetic-research\data\rendered\ptbxl\AFIB\10387.png,AFIB,AFIB,0.89742416,1
C:\Users\taimo\OneDrive\Documents 1\work\ecg-synthetic-research\data\rendered\ptbxl\AFIB\10403.png,AFIB,AFIB,0.9190258,1
C:\Users\taimo\OneDrive\Documents 1\work\ecg-synthetic-research\data\rendered\ptbxl\AFIB\10470.png,AFIB,AFIB,0.7920784,1
C:\Users\taimo\OneDrive\Documents 1\work\ecg-synthetic-research\data\rendered\ptbxl\AFIB\10613.png,AFIB,AFIB,0.6677986,1
C:\Users\taimo\OneDrive\Documents 1\work\ecg-synthetic-research\data\rendered\ptbxl\AFIB\10659.png,AFIB,AFIB,0.9448884,1
C:\Users\taimo\OneDrive\Documents 1\work\ecg-synthetic-research\data\rendered\ptbxl\AFIB\10894.png,AFIB,AFIB,0.95406383,1
C:\Users\taimo\OneDrive\Documents 1\work\ecg-synthetic-research\data\rendered\ptbxl\AFIB\10895.png,AFIB,AFIB,0.76130676,1
C:\Users\taimo\OneDrive\Documents 1\work\ecg-synthetic-research\data\rendered\ptbxl\AFIB\11040.png,AFIB,AFIB,0.9363797,1
C:\Users\taimo\OneDrive\Documents 1\work\ecg-synthetic-research\data\rendered\ptbxl\AFIB\11185.png,AFIB,TACHY,0.51398504,0
C:\Users\taimo\OneDrive\Documents 1\work\ecg-synthetic-research\data\rendered\ptbxl\AFIB\11329.png,AFIB,AFIB,0.9785972,1
C:\Users\taimo\OneDrive\Documents 1\work\ecg-synthetic-research\data\rendered\ptbxl\AFIB\11776.png,AFIB,AFIB,0.9936299,1
C:\Users\taimo\OneDrive\Documents 1\work\ecg-synthetic-research\data\rendered\ptbxl\AFIB\11886.png,AFIB,AFIB,0.96751726,1
C:\Users\taimo\OneDrive\Documents 1\work\ecg-synthetic-research\data\rendered\ptbxl\AFIB\11893.png,AFIB,AFIB,0.9356584,1
C:\Users\taimo\OneDrive\Documents 1\work\ecg-synthetic-research\data\rendered\ptbxl\AFIB\12047.png,AFIB,AFIB,0.83015203,1
C:\Users\taimo\OneDrive\Documents 1\work\ecg-synthetic-research\data\rendered\ptbxl\AFIB\12052.png,AFIB,AFIB,0.96022254,1
C:\Users\taimo\OneDrive\Documents 1\work\ecg-synthetic-research\data\rendered\ptbxl\AFIB\12085.png,AFIB,AFIB,0.45124197,1
C:\Users\taimo\OneDrive\Documents 1\work\ecg-synthetic-research\data\rendered\ptbxl\AFIB\12149.png,AFIB,AFIB,0.9795306,1
C:\Users\taimo\OneDrive\Documents 1\work\ecg-synthetic-research\data\rendered\ptbxl\AFIB\12198.png,AFIB,AFIB,0.5134542,1
C:\Users\taimo\OneDrive\Documents 1\work\ecg-synthetic-research\data\rendered\ptbxl\AFIB\12259.png,AFIB,AFIB,0.98291826,1
C:\Users\taimo\OneDrive\Documents 1\work\ecg-synthetic-research\data\rendered\ptbxl\AFIB\12303.png,AFIB,AFIB,0.9828304,1
C:\Users\taimo\OneDrive\Documents 1\work\ecg-synthetic-research\data\rendered\ptbxl\AFIB\12369.png,AFIB,AFIB,0.99600583,1
C:\Users\taimo\OneDrive\Documents 1\work\ecg-synthetic-research\data\rendered\ptbxl\AFIB\12394.png,AFIB,TACHY,0.52841544,0
C:\Users\taimo\OneDrive\Documents 1\work\ecg-synthetic-research\data\rendered\ptbxl\AFIB\12443.png,AFIB,AFIB,0.9918142,1
C:\Users\taimo\OneDrive\Documents 1\work\ecg-synthetic-research\data\rendered\ptbxl\AFIB\12456.png,AFIB,AFIB,0.9453495,1
C:\Users\taimo\OneDrive\Documents 1\work\ecg-synthetic-research\data\rendered\ptbxl\AFIB\12601.png,AFIB,AFIB,0.92465144,1
C:\Users\taimo\OneDrive\Documents 1\work\ecg-synthetic-research\data\rendered\ptbxl\AFIB\12786.png,AFIB,AFIB,0.85316724,1
C:\Users\taimo\OneDrive\Documents 1\work\ecg-synthetic-research\data\rendered\ptbxl\AFIB\12802.png,AFIB,AFIB,0.94259775,1
C:\Users\taimo\OneDrive\Documents 1\work\ecg-synthetic-research\data\rendered\ptbxl\AFIB\12816.png,AFIB,AFIB,0.99130076,1
C:\Users\taimo\OneDrive\Documents 1\work\ecg-synthetic-research\data\rendered\ptbxl\AFIB\12879.png,AFIB,AFIB,0.96335196,1
C:\Users\taimo\OneDrive\Documents 1\work\ecg-synthetic-research\data\rendered\ptbxl\AFIB\12945.png,AFIB,AFIB,0.96606153,1
C:\Users\taimo\OneDrive\Documents 1\work\ecg-synthetic-research\data\rendered\ptbxl\AFIB\12979.png,AFIB,AFIB,0.969159,1
C:\Users\taimo\OneDrive\Documents 1\work\ecg-synthetic-research\data\rendered\ptbxl\AFIB\13068.png,AFIB,AFIB,0.9794924,1
C:\Users\taimo\OneDrive\Documents 1\work\ecg-synthetic-research\data\rendered\ptbxl\AFIB\13386.png,AFIB,AFIB,0.9154628,1
C:\Users\taimo\OneDrive\Documents 1\work\ecg-synthetic-research\data\rendered\ptbxl\AFIB\13420.png,AFIB,AFIB,0.99744165,1
C:\Users\taimo\OneDrive\Documents 1\work\ecg-synthetic-research\data\rendered\ptbxl\AFIB\13466.png,AFIB,AFIB,0.99027306,1
C:\Users\taimo\OneDrive\Documents 1\work\ecg-synthetic-research\data\rendered\ptbxl\AFIB\13524.png,AFIB,AFIB,0.57712346,1
C:\Users\taimo\OneDrive\Documents 1\work\ecg-synthetic-research\data\rendered\ptbxl\AFIB\13603.png,AFIB,AFIB,0.94759494,1
C:\Users\taimo\OneDrive\Documents 1\work\ecg-synthetic-research\data\rendered\ptbxl\AFIB\13757.png,AFIB,AFIB,0.87973636,1
C:\Users\taimo\OneDrive\Documents 1\work\ecg-synthetic-research\data\rendered\ptbxl\AFIB\13949.png,AFIB,AFIB,0.9287257,1
C:\Users\taimo\OneDrive\Documents 1\work\ecg-synthetic-research\data\rendered\ptbxl\AFIB\13987.png,AFIB,AFIB,0.9980229,1
C:\Users\taimo\OneDrive\Documents 1\work\ecg-synthetic-research\data\rendered\ptbxl\AFIB\14163.png,AFIB,AFIB,0.8211201,1
C:\Users\taimo\OneDrive\Documents 1\work\ecg-synthetic-research\data\rendered\ptbxl\AFIB\14405.png,AFIB,AFIB,0.9392747,1
C:\Users\taimo\OneDrive\Documents 1\work\ecg-synthetic-research\data\rendered\ptbxl\AFIB\14540.png,AFIB,AFIB,0.95613974,1
C:\Users\taimo\OneDrive\Documents 1\work\ecg-synthetic-research\data\rendered\ptbxl\AFIB\14610.png,AFIB,AFIB,0.990897,1
C:\Users\taimo\OneDrive\Documents 1\work\ecg-synthetic-research\data\rendered\ptbxl\AFIB\14675.png,AFIB,AFIB,0.9770058,1
C:\Users\taimo\OneDrive\Documents 1\work\ecg-synthetic-research\data\rendered\ptbxl\AFIB\14792.png,AFIB,AFIB,0.9918848,1
C:\Users\taimo\OneDrive\Documents 1\work\ecg-synthetic-research\data\rendered\ptbxl\AFIB\14887.png,AFIB,AFIB,0.9728678,1
C:\Users\taimo\OneDrive\Documents 1\work\ecg-synthetic-research\data\rendered\ptbxl\AFIB\15039.png,AFIB,AFIB,0.9961249,1
C:\Users\taimo\OneDrive\Documents 1\work\ecg-synthetic-research\data\rendered\ptbxl\AFIB\15040.png,AFIB,AFIB,0.99180967,1
C:\Users\taimo\OneDrive\Documents 1\work\ecg-synthetic-research\data\rendered\ptbxl\AFIB\15081.png,AFIB,AFIB,0.96562195,1
C:\Users\taimo\OneDrive\Documents 1\work\ecg-synthetic-research\data\rendered\ptbxl\AFIB\15131.png,AFIB,AFIB,0.83118075,1
C:\Users\taimo\OneDrive\Documents 1\work\ecg-synthetic-research\data\rendered\ptbxl\AFIB\15305.png,AFIB,AFIB,0.9460599,1
C:\Users\taimo\OneDrive\Documents 1\work\ecg-synthetic-research\data\rendered\ptbxl\AFIB\15341.png,AFIB,AFIB,0.83334404,1
C:\Users\taimo\OneDrive\Documents 1\work\ecg-synthetic-research\data\rendered\ptbxl\AFIB\15539.png,AFIB,AFIB,0.7080823,1
C:\Users\taimo\OneDrive\Documents 1\work\ecg-synthetic-research\data\rendered\ptbxl\AFIB\15640.png,AFIB,AFIB,0.96006936,1
C:\Users\taimo\OneDrive\Documents 1\work\ecg-synthetic-research\data\rendered\ptbxl\AFIB\15669.png,AFIB,AFIB,0.89782107,1
C:\Users\taimo\OneDrive\Documents 1\work\ecg-synthetic-research\data\rendered\ptbxl\AFIB\15694.png,AFIB,AFIB,0.9066296,1
C:\Users\taimo\OneDrive\Documents 1\work\ecg-synthetic-research\data\rendered\ptbxl\AFIB\15781.png,AFIB,AFIB,0.99730825,1
C:\Users\taimo\OneDrive\Documents 1\work\ecg-synthetic-research\data\rendered\ptbxl\AFIB\15814.png,AFIB,AFIB,0.87460876,1
C:\Users\taimo\OneDrive\Documents 1\work\ecg-synthetic-research\data\rendered\ptbxl\AFIB\15846.png,AFIB,AFIB,0.8758496,1
C:\Users\taimo\OneDrive\Documents 1\work\ecg-synthetic-research\data\rendered\ptbxl\AFIB\16031.png,AFIB,AFIB,0.7031599,1
C:\Users\taimo\OneDrive\Documents 1\work\ecg-synthetic-research\data\rendered\ptbxl\AFIB\16132.png,AFIB,AFIB,0.918175,1
C:\Users\taimo\OneDrive\Documents 1\work\ecg-synthetic-research\data\rendered\ptbxl\AFIB\16177.png,AFIB,AFIB,0.99564004,1
C:\Users\taimo\OneDrive\Documents 1\work\ecg-synthetic-research\data\rendered\ptbxl\AFIB\16285.png,AFIB,AFIB,0.7460669,1
C:\Users\taimo\OneDrive\Documents 1\work\ecg-synthetic-research\data\rendered\ptbxl\AFIB\16374.png,AFIB,AFIB,0.986032,1
C:\Users\taimo\OneDrive\Documents 1\work\ecg-synthetic-research\data\rendered\ptbxl\AFIB\16487.png,AFIB,AFIB,0.90148246,1
C:\Users\taimo\OneDrive\Documents 1\work\ecg-synthetic-research\data\rendered\ptbxl\AFIB\16565.png,AFIB,AFIB,0.81767845,1
C:\Users\taimo\OneDrive\Documents 1\work\ecg-synthetic-research\data\rendered\ptbxl\AFIB\16586.png,AFIB,AFIB,0.9640108,1
C:\Users\taimo\OneDrive\Documents 1\work\ecg-synthetic-research\data\rendered\ptbxl\AFIB\16762.png,AFIB,AFIB,0.74979603,1
C:\Users\taimo\OneDrive\Documents 1\work\ecg-synthetic-research\data\rendered\ptbxl\AFIB\16851.png,AFIB,AFIB,0.96361494,1
C:\Users\taimo\OneDrive\Documents 1\work\ecg-synthetic-research\data\rendered\ptbxl\AFIB\16926.png,AFIB,AFIB,0.94222134,1
C:\Users\taimo\OneDrive\Documents 1\work\ecg-synthetic-research\data\rendered\ptbxl\AFIB\16949.png,AFIB,AFIB,0.9361316,1
C:\Users\taimo\OneDrive\Documents 1\work\ecg-synthetic-research\data\rendered\ptbxl\AFIB\16964.png,AFIB,AFIB,0.8973581,1
C:\Users\taimo\OneDrive\Documents 1\work\ecg-synthetic-research\data\rendered\ptbxl\AFIB\16990.png,AFIB,AFIB,0.9383789,1
C:\Users\taimo\OneDrive\Documents 1\work\ecg-synthetic-research\data\rendered\ptbxl\AFIB\17095.png,AFIB,AFIB,0.8519968,1
C:\Users\taimo\OneDrive\Documents 1\work\ecg-synthetic-research\data\rendered\ptbxl\AFIB\17135.png,AFIB,AFIB,0.76694894,1
C:\Users\taimo\OneDrive\Documents 1\work\ecg-synthetic-research\data\rendered\ptbxl\AFIB\17164.png,AFIB,AFIB,0.8451073,1
C:\Users\taimo\OneDrive\Documents 1\work\ecg-synthetic-research\data\rendered\ptbxl\AFIB\17237.png,AFIB,AFIB,0.99744934,1
C:\Users\taimo\OneDrive\Documents 1\work\ecg-synthetic-research\data\rendered\ptbxl\AFIB\17265.png,AFIB,AFIB,0.99628276,1
C:\Users\taimo\OneDrive\Documents 1\work\ecg-synthetic-research\data\rendered\ptbxl\AFIB\17288.png,AFIB,AFIB,0.9471963,1
C:\Users\taimo\OneDrive\Documents 1\work\ecg-synthetic-research\data\rendered\ptbxl\AFIB\17309.png,AFIB,AFIB,0.9598992,1
C:\Users\taimo\OneDrive\Documents 1\work\ecg-synthetic-research\data\rendered\ptbxl\AFIB\17360.png,AFIB,AFIB,0.9123868,1
C:\Users\taimo\OneDrive\Documents 1\work\ecg-synthetic-research\data\rendered\ptbxl\AFIB\17446.png,AFIB,AFIB,0.8881986,1
C:\Users\taimo\OneDrive\Documents 1\work\ecg-synthetic-research\data\rendered\ptbxl\AFIB\17448.png,AFIB,AFIB,0.993091,1
C:\Users\taimo\OneDrive\Documents 1\work\ecg-synthetic-research\data\rendered\ptbxl\AFIB\17726.png,AFIB,TACHY,0.8683606,0
C:\Users\taimo\OneDrive\Documents 1\work\ecg-synthetic-research\data\rendered\ptbxl\AFIB\17757.png,AFIB,AFIB,0.98178583,1
C:\Users\taimo\OneDrive\Documents 1\work\ecg-synthetic-research\data\rendered\ptbxl\AFIB\18485.png,AFIB,AFIB,0.9971718,1
C:\Users\taimo\OneDrive\Documents 1\work\ecg-synthetic-research\data\rendered\ptbxl\AFIB\18511.png,AFIB,AFIB,0.98286486,1
C:\Users\taimo\OneDrive\Documents 1\work\ecg-synthetic-research\data\rendered\ptbxl\AFIB\18526.png,AFIB,TACHY,0.89759964,0
C:\Users\taimo\OneDrive\Documents 1\work\ecg-synthetic-research\data\rendered\ptbxl\AFIB\18561.png,AFIB,AFIB,0.6776019,1
C:\Users\taimo\OneDrive\Documents 1\work\ecg-synthetic-research\data\rendered\ptbxl\AFIB\18587.png,AFIB,AFIB,0.9740874,1
C:\Users\taimo\OneDrive\Documents 1\work\ecg-synthetic-research\data\rendered\ptbxl\AFIB\18665.png,AFIB,AFIB,0.980435,1
C:\Users\taimo\OneDrive\Documents 1\work\ecg-synthetic-research\data\rendered\ptbxl\AFIB\18928.png,AFIB,AFIB,0.9851549,1
C:\Users\taimo\OneDrive\Documents 1\work\ecg-synthetic-research\data\rendered\ptbxl\AFIB\19078.png,AFIB,AFIB,0.9977717,1
C:\Users\taimo\OneDrive\Documents 1\work\ecg-synthetic-research\data\rendered\ptbxl\AFIB\19303.png,AFIB,AFIB,0.8906231,1
C:\Users\taimo\OneDrive\Documents 1\work\ecg-synthetic-research\data\rendered\ptbxl\AFIB\19328.png,AFIB,AFIB,0.94918245,1
C:\Users\taimo\OneDrive\Documents 1\work\ecg-synthetic-research\data\rendered\ptbxl\AFIB\19378.png,AFIB,AFIB,0.9848572,1
C:\Users\taimo\OneDrive\Documents 1\work\ecg-synthetic-research\data\rendered\ptbxl\AFIB\19407.png,AFIB,AFIB,0.9874384,1
C:\Users\taimo\OneDrive\Documents 1\work\ecg-synthetic-research\data\rendered\ptbxl\AFIB\19510.png,AFIB,AFIB,0.59331876,1
C:\Users\taimo\OneDrive\Documents 1\work\ecg-synthetic-research\data\rendered\ptbxl\AFIB\19904.png,AFIB,AFIB,0.95124066,1
C:\Users\taimo\OneDrive\Documents 1\work\ecg-synthetic-research\data\rendered\ptbxl\AFIB\19909.png,AFIB,AFIB,0.99523646,1
C:\Users\taimo\OneDrive\Documents 1\work\ecg-synthetic-research\data\rendered\ptbxl\AFIB\19925.png,AFIB,AFIB,0.96280044,1
C:\Users\taimo\OneDrive\Documents 1\work\ecg-synthetic-research\data\rendered\ptbxl\AFIB\19941.png,AFIB,AFIB,0.8750046,1
C:\Users\taimo\OneDrive\Documents 1\work\ecg-synthetic-research\data\rendered\ptbxl\AFIB\19952.png,AFIB,AFIB,0.9593633,1
C:\Users\taimo\OneDrive\Documents 1\work\ecg-synthetic-research\data\rendered\ptbxl\AFIB\20100.png,AFIB,AFIB,0.965757,1
C:\Users\taimo\OneDrive\Documents 1\work\ecg-synthetic-research\data\rendered\ptbxl\AFIB\20353.png,AFIB,AFIB,0.6806891,1
C:\Users\taimo\OneDrive\Documents 1\work\ecg-synthetic-research\data\rendered\ptbxl\AFIB\20385.png,AFIB,AFIB,0.97953266,1
C:\Users\taimo\OneDrive\Documents 1\work\ecg-synthetic-research\data\rendered\ptbxl\AFIB\20392.png,AFIB,AFIB,0.5939732,1
C:\Users\taimo\OneDrive\Documents 1\work\ecg-synthetic-research\data\rendered\ptbxl\AFIB\20410.png,AFIB,AFIB,0.98958194,1
C:\Users\taimo\OneDrive\Documents 1\work\ecg-synthetic-research\data\rendered\ptbxl\AFIB\20431.png,AFIB,AFIB,0.82813406,1
C:\Users\taimo\OneDrive\Documents 1\work\ecg-synthetic-research\data\rendered\ptbxl\AFIB\20488.png,AFIB,AFIB,0.98453,1
C:\Users\taimo\OneDrive\Documents 1\work\ecg-synthetic-research\data\rendered\ptbxl\AFIB\20531.png,AFIB,AFIB,0.9320068,1
C:\Users\taimo\OneDrive\Documents 1\work\ecg-synthetic-research\data\rendered\ptbxl\AFIB\20581.png,AFIB,AFIB,0.78388286,1
C:\Users\taimo\OneDrive\Documents 1\work\ecg-synthetic-research\data\rendered\ptbxl\AFIB\20769.png,AFIB,AFIB,0.9516028,1
C:\Users\taimo\OneDrive\Documents 1\work\ecg-synthetic-research\data\rendered\ptbxl\AFIB\20832.png,AFIB,AFIB,0.8760102,1
C:\Users\taimo\OneDrive\Documents 1\work\ecg-synthetic-research\data\rendered\ptbxl\AFIB\21137.png,AFIB,AFIB,0.88043237,1
C:\Users\taimo\OneDrive\Documents 1\work\ecg-synthetic-research\data\rendered\ptbxl\AFIB\21162.png,AFIB,AFIB,0.8892393,1
C:\Users\taimo\OneDrive\Documents 1\work\ecg-synthetic-research\data\rendered\ptbxl\AFIB\21229.png,AFIB,AFIB,0.7963635,1
C:\Users\taimo\OneDrive\Documents 1\work\ecg-synthetic-research\data\rendered\ptbxl\AFIB\21255.png,AFIB,AFIB,0.97586334,1
C:\Users\taimo\OneDrive\Documents 1\work\ecg-synthetic-research\data\rendered\ptbxl\AFIB\21260.png,AFIB,AFIB,0.9793742,1
C:\Users\taimo\OneDrive\Documents 1\work\ecg-synthetic-research\data\rendered\ptbxl\AFIB\21304.png,AFIB,AFIB,0.7641685,1
C:\Users\taimo\OneDrive\Documents 1\work\ecg-synthetic-research\data\rendered\ptbxl\AFIB\21427.png,AFIB,AFIB,0.9969627,1
C:\Users\taimo\OneDrive\Documents 1\work\ecg-synthetic-research\data\rendered\ptbxl\AFIB\21472.png,AFIB,AFIB,0.9970611,1
C:\Users\taimo\OneDrive\Documents 1\work\ecg-synthetic-research\data\rendered\ptbxl\AFIB\21567.png,AFIB,AFIB,0.98141426,1
C:\Users\taimo\OneDrive\Documents 1\work\ecg-synthetic-research\data\rendered\ptbxl\AFIB\21568.png,AFIB,AFIB,0.98669225,1
C:\Users\taimo\OneDrive\Documents 1\work\ecg-synthetic-research\data\rendered\ptbxl\AFIB\21592.png,AFIB,MI,0.50975496,0
C:\Users\taimo\OneDrive\Documents 1\work\ecg-synthetic-research\data\rendered\ptbxl\AFIB\21601.png,AFIB,AFIB,0.98220944,1
C:\Users\taimo\OneDrive\Documents 1\work\ecg-synthetic-research\data\rendered\ptbxl\AFIB\21608.png,AFIB,AFIB,0.9878641,1
C:\Users\taimo\OneDrive\Documents 1\work\ecg-synthetic-research\data\rendered\ptbxl\AFIB\21621.png,AFIB,AFIB,0.9523306,1
C:\Users\taimo\OneDrive\Documents 1\work\ecg-synthetic-research\data\rendered\ptbxl\AFIB\21725.png,AFIB,AFIB,0.84660506,1
C:\Users\taimo\OneDrive\Documents 1\work\ecg-synthetic-research\data\rendered\ptbxl\AFIB\21733.png,AFIB,AFIB,0.99406236,1
C:\Users\taimo\OneDrive\Documents 1\work\ecg-synthetic-research\data\rendered\ptbxl\AFIB\21741.png,AFIB,AFIB,0.9392132,1
C:\Users\taimo\OneDrive\Documents 1\work\ecg-synthetic-research\data\rendered\ptbxl\AFIB\21794.png,AFIB,AFIB,0.94510335,1
C:\Users\taimo\OneDrive\Documents 1\work\ecg-synthetic-research\data\rendered\ptbxl\AFIB\21797.png,AFIB,AFIB,0.97279805,1
C:\Users\taimo\OneDrive\Documents 1\work\ecg-synthetic-research\data\rendered\ptbxl\AFIB\21804.png,AFIB,AFIB,0.9556391,1
C:\Users\taimo\OneDrive\Documents 1\work\ecg-synthetic-research\data\rendered\ptbxl\TACHY\00103.png,TACHY,TACHY,0.81721634,1
C:\Users\taimo\OneDrive\Documents 1\work\ecg-synthetic-research\data\rendered\ptbxl\TACHY\00738.png,TACHY,TACHY,0.9336338,1
C:\Users\taimo\OneDrive\Documents 1\work\ecg-synthetic-research\data\rendered\ptbxl\TACHY\00849.png,TACHY,TACHY,0.7678122,1
C:\Users\taimo\OneDrive\Documents 1\work\ecg-synthetic-research\data\rendered\ptbxl\TACHY\00855.png,TACHY,AFIB,0.5380728,0
C:\Users\taimo\OneDrive\Documents 1\work\ecg-synthetic-research\data\rendered\ptbxl\TACHY\00857.png,TACHY,TACHY,0.9561816,1
C:\Users\taimo\OneDrive\Documents 1\work\ecg-synthetic-research\data\rendered\ptbxl\TACHY\01234.png,TACHY,TACHY,0.89151,1
C:\Users\taimo\OneDrive\Documents 1\work\ecg-synthetic-research\data\rendered\ptbxl\TACHY\01877.png,TACHY,NORM,0.6358905,0
C:\Users\taimo\OneDrive\Documents 1\work\ecg-synthetic-research\data\rendered\ptbxl\TACHY\01919.png,TACHY,TACHY,0.97589386,1
C:\Users\taimo\OneDrive\Documents 1\work\ecg-synthetic-research\data\rendered\ptbxl\TACHY\02039.png,TACHY,TACHY,0.95721954,1
C:\Users\taimo\OneDrive\Documents 1\work\ecg-synthetic-research\data\rendered\ptbxl\TACHY\03391.png,TACHY,TACHY,0.807033,1
C:\Users\taimo\OneDrive\Documents 1\work\ecg-synthetic-research\data\rendered\ptbxl\TACHY\03436.png,TACHY,TACHY,0.9441412,1
C:\Users\taimo\OneDrive\Documents 1\work\ecg-synthetic-research\data\rendered\ptbxl\TACHY\03680.png,TACHY,TACHY,0.92195684,1
C:\Users\taimo\OneDrive\Documents 1\work\ecg-synthetic-research\data\rendered\ptbxl\TACHY\03759.png,TACHY,TACHY,0.89022106,1
C:\Users\taimo\OneDrive\Documents 1\work\ecg-synthetic-research\data\rendered\ptbxl\TACHY\03803.png,TACHY,AFIB,0.60136455,0
C:\Users\taimo\OneDrive\Documents 1\work\ecg-synthetic-research\data\rendered\ptbxl\TACHY\03897.png,TACHY,TACHY,0.78520185,1
C:\Users\taimo\OneDrive\Documents 1\work\ecg-synthetic-research\data\rendered\ptbxl\TACHY\04026.png,TACHY,TACHY,0.82316107,1
C:\Users\taimo\OneDrive\Documents 1\work\ecg-synthetic-research\data\rendered\ptbxl\TACHY\04028.png,TACHY,TACHY,0.7334102,1
C:\Users\taimo\OneDrive\Documents 1\work\ecg-synthetic-research\data\rendered\ptbxl\TACHY\04031.png,TACHY,TACHY,0.9354233,1
C:\Users\taimo\OneDrive\Documents 1\work\ecg-synthetic-research\data\rendered\ptbxl\TACHY\04170.png,TACHY,AFIB,0.88913614,0
C:\Users\taimo\OneDrive\Documents 1\work\ecg-synthetic-research\data\rendered\ptbxl\TACHY\04457.png,TACHY,TACHY,0.9860014,1
C:\Users\taimo\OneDrive\Documents 1\work\ecg-synthetic-research\data\rendered\ptbxl\TACHY\04893.png,TACHY,TACHY,0.8940303,1
C:\Users\taimo\OneDrive\Documents 1\work\ecg-synthetic-research\data\rendered\ptbxl\TACHY\05079.png,TACHY,TACHY,0.95576024,1
C:\Users\taimo\OneDrive\Documents 1\work\ecg-synthetic-research\data\rendered\ptbxl\TACHY\05411.png,TACHY,TACHY,0.9364662,1
C:\Users\taimo\OneDrive\Documents 1\work\ecg-synthetic-research\data\rendered\ptbxl\TACHY\05570.png,TACHY,TACHY,0.98105454,1
C:\Users\taimo\OneDrive\Documents 1\work\ecg-synthetic-research\data\rendered\ptbxl\TACHY\05623.png,TACHY,TACHY,0.91179204,1
C:\Users\taimo\OneDrive\Documents 1\work\ecg-synthetic-research\data\rendered\ptbxl\TACHY\05748.png,TACHY,TACHY,0.88263935,1
C:\Users\taimo\OneDrive\Documents 1\work\ecg-synthetic-research\data\rendered\ptbxl\TACHY\05941.png,TACHY,TACHY,0.91559416,1
C:\Users\taimo\OneDrive\Documents 1\work\ecg-synthetic-research\data\rendered\ptbxl\TACHY\05994.png,TACHY,TACHY,0.9251854,1
C:\Users\taimo\OneDrive\Documents 1\work\ecg-synthetic-research\data\rendered\ptbxl\TACHY\06025.png,TACHY,TACHY,0.88479435,1
C:\Users\taimo\OneDrive\Documents 1\work\ecg-synthetic-research\data\rendered\ptbxl\TACHY\06238.png,TACHY,TACHY,0.8302678,1
C:\Users\taimo\OneDrive\Documents 1\work\ecg-synthetic-research\data\rendered\ptbxl\TACHY\06259.png,TACHY,TACHY,0.93521476,1
C:\Users\taimo\OneDrive\Documents 1\work\ecg-synthetic-research\data\rendered\ptbxl\TACHY\06345.png,TACHY,TACHY,0.9093245,1
C:\Users\taimo\OneDrive\Documents 1\work\ecg-synthetic-research\data\rendered\ptbxl\TACHY\06380.png,TACHY,TACHY,0.9827711,1
C:\Users\taimo\OneDrive\Documents 1\work\ecg-synthetic-research\data\rendered\ptbxl\TACHY\06389.png,TACHY,AFIB,0.4977268,0
C:\Users\taimo\OneDrive\Documents 1\work\ecg-synthetic-research\data\rendered\ptbxl\TACHY\06515.png,TACHY,TACHY,0.81323266,1
C:\Users\taimo\OneDrive\Documents 1\work\ecg-synthetic-research\data\rendered\ptbxl\TACHY\06517.png,TACHY,TACHY,0.6467786,1
C:\Users\taimo\OneDrive\Documents 1\work\ecg-synthetic-research\data\rendered\ptbxl\TACHY\06615.png,TACHY,TACHY,0.99543566,1
C:\Users\taimo\OneDrive\Documents 1\work\ecg-synthetic-research\data\rendered\ptbxl\TACHY\06950.png,TACHY,TACHY,0.6809459,1
C:\Users\taimo\OneDrive\Documents 1\work\ecg-synthetic-research\data\rendered\ptbxl\TACHY\07017.png,TACHY,TACHY,0.9741924,1
C:\Users\taimo\OneDrive\Documents 1\work\ecg-synthetic-research\data\rendered\ptbxl\TACHY\07055.png,TACHY,TACHY,0.9748139,1
C:\Users\taimo\OneDrive\Documents 1\work\ecg-synthetic-research\data\rendered\ptbxl\TACHY\07373.png,TACHY,TACHY,0.79020375,1
C:\Users\taimo\OneDrive\Documents 1\work\ecg-synthetic-research\data\rendered\ptbxl\TACHY\08108.png,TACHY,TACHY,0.9619824,1
C:\Users\taimo\OneDrive\Documents 1\work\ecg-synthetic-research\data\rendered\ptbxl\TACHY\08339.png,TACHY,TACHY,0.9383827,1
C:\Users\taimo\OneDrive\Documents 1\work\ecg-synthetic-research\data\rendered\ptbxl\TACHY\08475.png,TACHY,TACHY,0.95643103,1
C:\Users\taimo\OneDrive\Documents 1\work\ecg-synthetic-research\data\rendered\ptbxl\TACHY\08501.png,TACHY,TACHY,0.9883243,1
C:\Users\taimo\OneDrive\Documents 1\work\ecg-synthetic-research\data\rendered\ptbxl\TACHY\09163.png,TACHY,TACHY,0.59230036,1
C:\Users\taimo\OneDrive\Documents 1\work\ecg-synthetic-research\data\rendered\ptbxl\TACHY\09428.png,TACHY,TACHY,0.9412095,1
C:\Users\taimo\OneDrive\Documents 1\work\ecg-synthetic-research\data\rendered\ptbxl\TACHY\09537.png,TACHY,TACHY,0.83757377,1
C:\Users\taimo\OneDrive\Documents 1\work\ecg-synthetic-research\data\rendered\ptbxl\TACHY\09738.png,TACHY,TACHY,0.8960599,1
C:\Users\taimo\OneDrive\Documents 1\work\ecg-synthetic-research\data\rendered\ptbxl\TACHY\09866.png,TACHY,TACHY,0.9098524,1
C:\Users\taimo\OneDrive\Documents 1\work\ecg-synthetic-research\data\rendered\ptbxl\TACHY\10331.png,TACHY,TACHY,0.89999783,1
C:\Users\taimo\OneDrive\Documents 1\work\ecg-synthetic-research\data\rendered\ptbxl\TACHY\10675.png,TACHY,TACHY,0.94483215,1
C:\Users\taimo\OneDrive\Documents 1\work\ecg-synthetic-research\data\rendered\ptbxl\TACHY\10678.png,TACHY,TACHY,0.5159569,1
C:\Users\taimo\OneDrive\Documents 1\work\ecg-synthetic-research\data\rendered\ptbxl\TACHY\10765.png,TACHY,TACHY,0.92342794,1
C:\Users\taimo\OneDrive\Documents 1\work\ecg-synthetic-research\data\rendered\ptbxl\TACHY\10819.png,TACHY,TACHY,0.9611581,1
C:\Users\taimo\OneDrive\Documents 1\work\ecg-synthetic-research\data\rendered\ptbxl\TACHY\10936.png,TACHY,TACHY,0.5860624,1
C:\Users\taimo\OneDrive\Documents 1\work\ecg-synthetic-research\data\rendered\ptbxl\TACHY\11028.png,TACHY,TACHY,0.94471776,1
C:\Users\taimo\OneDrive\Documents 1\work\ecg-synthetic-research\data\rendered\ptbxl\TACHY\11337.png,TACHY,TACHY,0.92926323,1
C:\Users\taimo\OneDrive\Documents 1\work\ecg-synthetic-research\data\rendered\ptbxl\TACHY\11418.png,TACHY,AFIB,0.51249075,0
C:\Users\taimo\OneDrive\Documents 1\work\ecg-synthetic-research\data\rendered\ptbxl\TACHY\11579.png,TACHY,TACHY,0.9319076,1
C:\Users\taimo\OneDrive\Documents 1\work\ecg-synthetic-research\data\rendered\ptbxl\TACHY\11589.png,TACHY,AFIB,0.6425164,0
C:\Users\taimo\OneDrive\Documents 1\work\ecg-synthetic-research\data\rendered\ptbxl\TACHY\11830.png,TACHY,TACHY,0.92497516,1
C:\Users\taimo\OneDrive\Documents 1\work\ecg-synthetic-research\data\rendered\ptbxl\TACHY\11954.png,TACHY,TACHY,0.5293559,1
C:\Users\taimo\OneDrive\Documents 1\work\ecg-synthetic-research\data\rendered\ptbxl\TACHY\12016.png,TACHY,TACHY,0.93839294,1
C:\Users\taimo\OneDrive\Documents 1\work\ecg-synthetic-research\data\rendered\ptbxl\TACHY\12021.png,TACHY,TACHY,0.86742,1
C:\Users\taimo\OneDrive\Documents 1\work\ecg-synthetic-research\data\rendered\ptbxl\TACHY\12091.png,TACHY,TACHY,0.78482044,1
C:\Users\taimo\OneDrive\Documents 1\work\ecg-synthetic-research\data\rendered\ptbxl\TACHY\12346.png,TACHY,TACHY,0.8143544,1
C:\Users\taimo\OneDrive\Documents 1\work\ecg-synthetic-research\data\rendered\ptbxl\TACHY\12417.png,TACHY,TACHY,0.9518234,1
C:\Users\taimo\OneDrive\Documents 1\work\ecg-synthetic-research\data\rendered\ptbxl\TACHY\12489.png,TACHY,AFIB,0.45977274,0
C:\Users\taimo\OneDrive\Documents 1\work\ecg-synthetic-research\data\rendered\ptbxl\TACHY\12515.png,TACHY,TACHY,0.7859761,1
C:\Users\taimo\OneDrive\Documents 1\work\ecg-synthetic-research\data\rendered\ptbxl\TACHY\12670.png,TACHY,TACHY,0.9745103,1
C:\Users\taimo\OneDrive\Documents 1\work\ecg-synthetic-research\data\rendered\ptbxl\TACHY\12767.png,TACHY,TACHY,0.5333697,1
C:\Users\taimo\OneDrive\Documents 1\work\ecg-synthetic-research\data\rendered\ptbxl\TACHY\12826.png,TACHY,TACHY,0.89412355,1
C:\Users\taimo\OneDrive\Documents 1\work\ecg-synthetic-research\data\rendered\ptbxl\TACHY\12904.png,TACHY,TACHY,0.868021,1
C:\Users\taimo\OneDrive\Documents 1\work\ecg-synthetic-research\data\rendered\ptbxl\TACHY\12926.png,TACHY,TACHY,0.9178868,1
C:\Users\taimo\OneDrive\Documents 1\work\ecg-synthetic-research\data\rendered\ptbxl\TACHY\13171.png,TACHY,TACHY,0.93684566,1
C:\Users\taimo\OneDrive\Documents 1\work\ecg-synthetic-research\data\rendered\ptbxl\TACHY\13186.png,TACHY,AFIB,0.6921837,0
C:\Users\taimo\OneDrive\Documents 1\work\ecg-synthetic-research\data\rendered\ptbxl\TACHY\13223.png,TACHY,TACHY,0.9674585,1
C:\Users\taimo\OneDrive\Documents 1\work\ecg-synthetic-research\data\rendered\ptbxl\TACHY\13277.png,TACHY,TACHY,0.89710414,1
C:\Users\taimo\OneDrive\Documents 1\work\ecg-synthetic-research\data\rendered\ptbxl\TACHY\13908.png,TACHY,TACHY,0.9069526,1
C:\Users\taimo\OneDrive\Documents 1\work\ecg-synthetic-research\data\rendered\ptbxl\TACHY\14048.png,TACHY,MI,0.8802437,0
C:\Users\taimo\OneDrive\Documents 1\work\ecg-synthetic-research\data\rendered\ptbxl\TACHY\14349.png,TACHY,AFIB,0.78051186,0
C:\Users\taimo\OneDrive\Documents 1\work\ecg-synthetic-research\data\rendered\ptbxl\TACHY\14350.png,TACHY,TACHY,0.9856005,1
C:\Users\taimo\OneDrive\Documents 1\work\ecg-synthetic-research\data\rendered\ptbxl\TACHY\14780.png,TACHY,TACHY,0.94837755,1
C:\Users\taimo\OneDrive\Documents 1\work\ecg-synthetic-research\data\rendered\ptbxl\TACHY\14897.png,TACHY,TACHY,0.93864244,1
C:\Users\taimo\OneDrive\Documents 1\work\ecg-synthetic-research\data\rendered\ptbxl\TACHY\15232.png,TACHY,TACHY,0.9712333,1
C:\Users\taimo\OneDrive\Documents 1\work\ecg-synthetic-research\data\rendered\ptbxl\TACHY\15384.png,TACHY,TACHY,0.9623948,1
C:\Users\taimo\OneDrive\Documents 1\work\ecg-synthetic-research\data\rendered\ptbxl\TACHY\15617.png,TACHY,TACHY,0.81036264,1
C:\Users\taimo\OneDrive\Documents 1\work\ecg-synthetic-research\data\rendered\ptbxl\TACHY\16012.png,TACHY,TACHY,0.87953925,1
C:\Users\taimo\OneDrive\Documents 1\work\ecg-synthetic-research\data\rendered\ptbxl\TACHY\16066.png,TACHY,TACHY,0.86962056,1
C:\Users\taimo\OneDrive\Documents 1\work\ecg-synthetic-research\data\rendered\ptbxl\TACHY\16106.png,TACHY,TACHY,0.98399645,1
C:\Users\taimo\OneDrive\Documents 1\work\ecg-synthetic-research\data\rendered\ptbxl\TACHY\16446.png,TACHY,TACHY,0.90955377,1
C:\Users\taimo\OneDrive\Documents 1\work\ecg-synthetic-research\data\rendered\ptbxl\TACHY\16703.png,TACHY,TACHY,0.84844774,1
C:\Users\taimo\OneDrive\Documents 1\work\ecg-synthetic-research\data\rendered\ptbxl\TACHY\16938.png,TACHY,TACHY,0.93820256,1
C:\Users\taimo\OneDrive\Documents 1\work\ecg-synthetic-research\data\rendered\ptbxl\TACHY\17077.png,TACHY,TACHY,0.93626285,1
C:\Users\taimo\OneDrive\Documents 1\work\ecg-synthetic-research\data\rendered\ptbxl\TACHY\17155.png,TACHY,TACHY,0.9612162,1
C:\Users\taimo\OneDrive\Documents 1\work\ecg-synthetic-research\data\rendered\ptbxl\TACHY\17447.png,TACHY,TACHY,0.8365943,1
C:\Users\taimo\OneDrive\Documents 1\work\ecg-synthetic-research\data\rendered\ptbxl\TACHY\17795.png,TACHY,TACHY,0.632999,1
C:\Users\taimo\OneDrive\Documents 1\work\ecg-synthetic-research\data\rendered\ptbxl\TACHY\18037.png,TACHY,TACHY,0.94836587,1
C:\Users\taimo\OneDrive\Documents 1\work\ecg-synthetic-research\data\rendered\ptbxl\TACHY\18403.png,TACHY,TACHY,0.81420404,1
C:\Users\taimo\OneDrive\Documents 1\work\ecg-synthetic-research\data\rendered\ptbxl\TACHY\18769.png,TACHY,TACHY,0.6973991,1
C:\Users\taimo\OneDrive\Documents 1\work\ecg-synthetic-research\data\rendered\ptbxl\TACHY\18957.png,TACHY,TACHY,0.5470011,1
C:\Users\taimo\OneDrive\Documents 1\work\ecg-synthetic-research\data\rendered\ptbxl\TACHY\19258.png,TACHY,TACHY,0.8652077,1
C:\Users\taimo\OneDrive\Documents 1\work\ecg-synthetic-research\data\rendered\ptbxl\TACHY\19547.png,TACHY,TACHY,0.9566631,1
C:\Users\taimo\OneDrive\Documents 1\work\ecg-synthetic-research\data\rendered\ptbxl\TACHY\19600.png,TACHY,TACHY,0.92492825,1
C:\Users\taimo\OneDrive\Documents 1\work\ecg-synthetic-research\data\rendered\ptbxl\TACHY\19633.png,TACHY,TACHY,0.7936876,1
C:\Users\taimo\OneDrive\Documents 1\work\ecg-synthetic-research\data\rendered\ptbxl\TACHY\19926.png,TACHY,TACHY,0.9478954,1
C:\Users\taimo\OneDrive\Documents 1\work\ecg-synthetic-research\data\rendered\ptbxl\TACHY\19966.png,TACHY,TACHY,0.9590244,1
C:\Users\taimo\OneDrive\Documents 1\work\ecg-synthetic-research\data\rendered\ptbxl\TACHY\20283.png,TACHY,TACHY,0.83683926,1
C:\Users\taimo\OneDrive\Documents 1\work\ecg-synthetic-research\data\rendered\ptbxl\TACHY\20315.png,TACHY,TACHY,0.93171006,1
C:\Users\taimo\OneDrive\Documents 1\work\ecg-synthetic-research\data\rendered\ptbxl\TACHY\20399.png,TACHY,TACHY,0.9507232,1
C:\Users\taimo\OneDrive\Documents 1\work\ecg-synthetic-research\data\rendered\ptbxl\TACHY\20893.png,TACHY,TACHY,0.9651719,1
C:\Users\taimo\OneDrive\Documents 1\work\ecg-synthetic-research\data\rendered\ptbxl\TACHY\20960.png,TACHY,TACHY,0.9141733,1
C:\Users\taimo\OneDrive\Documents 1\work\ecg-synthetic-research\data\rendered\ptbxl\TACHY\21323.png,TACHY,TACHY,0.96456283,1
C:\Users\taimo\OneDrive\Documents 1\work\ecg-synthetic-research\data\rendered\ptbxl\TACHY\21833.png,TACHY,TACHY,0.9072789,1
C:\Users\taimo\OneDrive\Documents 1\work\ecg-synthetic-research\data\rendered\imagen_clean\NORM\nano_NORM_NORM_01_000.png,NORM,NORM,0.85215837,1
C:\Users\taimo\OneDrive\Documents 1\work\ecg-synthetic-research\data\rendered\imagen_clean\NORM\nano_NORM_NORM_01_004.png,NORM,NORM,0.551437,1
C:\Users\taimo\OneDrive\Documents 1\work\ecg-synthetic-research\data\rendered\imagen_clean\NORM\nano_NORM_NORM_01_008.png,NORM,NORM,0.6875311,1
C:\Users\taimo\OneDrive\Documents 1\work\ecg-synthetic-research\data\rendered\imagen_clean\NORM\nano_NORM_NORM_01_012.png,NORM,NORM,0.6929729,1
C:\Users\taimo\OneDrive\Documents 1\work\ecg-synthetic-research\data\rendered\imagen_clean\NORM\nano_NORM_NORM_01_016.png,NORM,TACHY,0.49908686,0
C:\Users\taimo\OneDrive\Documents 1\work\ecg-synthetic-research\data\rendered\imagen_clean\NORM\nano_NORM_NORM_02_000.png,NORM,NORM,0.859429,1
C:\Users\taimo\OneDrive\Documents 1\work\ecg-synthetic-research\data\rendered\imagen_clean\NORM\nano_NORM_NORM_02_004.png,NORM,NORM,0.8272133,1
C:\Users\taimo\OneDrive\Documents 1\work\ecg-synthetic-research\data\rendered\imagen_clean\NORM\nano_NORM_NORM_02_008.png,NORM,NORM,0.58562344,1
C:\Users\taimo\OneDrive\Documents 1\work\ecg-synthetic-research\data\rendered\imagen_clean\NORM\nano_NORM_NORM_02_012.png,NORM,NORM,0.74622196,1
C:\Users\taimo\OneDrive\Documents 1\work\ecg-synthetic-research\data\rendered\imagen_clean\NORM\nano_NORM_NORM_02_016.png,NORM,NORM,0.866788,1
C:\Users\taimo\OneDrive\Documents 1\work\ecg-synthetic-research\data\rendered\imagen_clean\NORM\nano_NORM_NORM_03_000.png,NORM,NORM,0.814537,1
C:\Users\taimo\OneDrive\Documents 1\work\ecg-synthetic-research\data\rendered\imagen_clean\NORM\nano_NORM_NORM_03_004.png,NORM,TACHY,0.5108143,0
C:\Users\taimo\OneDrive\Documents 1\work\ecg-synthetic-research\data\rendered\imagen_clean\NORM\nano_NORM_NORM_03_008.png,NORM,NORM,0.78674525,1
C:\Users\taimo\OneDrive\Documents 1\work\ecg-synthetic-research\data\rendered\imagen_clean\NORM\nano_NORM_NORM_03_012.png,NORM,TACHY,0.74474096,0
C:\Users\taimo\OneDrive\Documents 1\work\ecg-synthetic-research\data\rendered\imagen_clean\NORM\nano_NORM_NORM_03_016.png,NORM,NORM,0.8757409,1
C:\Users\taimo\OneDrive\Documents 1\work\ecg-synthetic-research\data\rendered\imagen_clean\NORM\nano_NORM_NORM_04_000.png,NORM,NORM,0.859721,1
C:\Users\taimo\OneDrive\Documents 1\work\ecg-synthetic-research\data\rendered\imagen_clean\NORM\nano_NORM_NORM_04_004.png,NORM,NORM,0.6089382,1
C:\Users\taimo\OneDrive\Documents 1\work\ecg-synthetic-research\data\rendered\imagen_clean\NORM\nano_NORM_NORM_04_008.png,NORM,NORM,0.9638873,1
C:\Users\taimo\OneDrive\Documents 1\work\ecg-synthetic-research\data\rendered\imagen_clean\NORM\nano_NORM_NORM_04_012.png,NORM,NORM,0.9518071,1
C:\Users\taimo\OneDrive\Documents 1\work\ecg-synthetic-research\data\rendered\imagen_clean\NORM\nano_NORM_NORM_04_016.png,NORM,MI,0.4599885,0
C:\Users\taimo\OneDrive\Documents 1\work\ecg-synthetic-research\data\rendered\imagen_clean\NORM\nano_NORM_NORM_05_000.png,NORM,TACHY,0.7970761,0
C:\Users\taimo\OneDrive\Documents 1\work\ecg-synthetic-research\data\rendered\imagen_clean\NORM\nano_NORM_NORM_05_004.png,NORM,TACHY,0.862994,0
C:\Users\taimo\OneDrive\Documents 1\work\ecg-synthetic-research\data\rendered\imagen_clean\NORM\nano_NORM_NORM_05_008.png,NORM,NORM,0.6922704,1
C:\Users\taimo\OneDrive\Documents 1\work\ecg-synthetic-research\data\rendered\imagen_clean\NORM\nano_NORM_NORM_05_012.png,NORM,NORM,0.9681566,1
C:\Users\taimo\OneDrive\Documents 1\work\ecg-synthetic-research\data\rendered\imagen_clean\NORM\nano_NORM_NORM_05_016.png,NORM,NORM,0.727613,1
C:\Users\taimo\OneDrive\Documents 1\work\ecg-synthetic-research\data\rendered\imagen_clean\NORM\nano_NORM_NORM_06_000.png,NORM,NORM,0.933049,1
C:\Users\taimo\OneDrive\Documents 1\work\ecg-synthetic-research\data\rendered\imagen_clean\NORM\nano_NORM_NORM_06_004.png,NORM,NORM,0.891349,1
C:\Users\taimo\OneDrive\Documents 1\work\ecg-synthetic-research\data\rendered\imagen_clean\NORM\nano_NORM_NORM_06_008.png,NORM,NORM,0.6659163,1
C:\Users\taimo\OneDrive\Documents 1\work\ecg-synthetic-research\data\rendered\imagen_clean\NORM\nano_NORM_NORM_06_012.png,NORM,NORM,0.64328,1
C:\Users\taimo\OneDrive\Documents 1\work\ecg-synthetic-research\data\rendered\imagen_clean\NORM\nano_NORM_NORM_06_016.png,NORM,NORM,0.8027437,1
C:\Users\taimo\OneDrive\Documents 1\work\ecg-synthetic-research\data\rendered\imagen_clean\NORM\nano_NORM_NORM_07_000.png,NORM,NORM,0.9321728,1
C:\Users\taimo\OneDrive\Documents 1\work\ecg-synthetic-research\data\rendered\imagen_clean\NORM\nano_NORM_NORM_07_004.png,NORM,NORM,0.7452616,1
C:\Users\taimo\OneDrive\Documents 1\work\ecg-synthetic-research\data\rendered\imagen_clean\NORM\nano_NORM_NORM_07_008.png,NORM,NORM,0.67831177,1
C:\Users\taimo\OneDrive\Documents 1\work\ecg-synthetic-research\data\rendered\imagen_clean\NORM\nano_NORM_NORM_07_012.png,NORM,NORM,0.8415093,1
C:\Users\taimo\OneDrive\Documents 1\work\ecg-synthetic-research\data\rendered\imagen_clean\NORM\nano_NORM_NORM_07_016.png,NORM,NORM,0.6407404,1
C:\Users\taimo\OneDrive\Documents 1\work\ecg-synthetic-research\data\rendered\imagen_clean\NORM\nano_NORM_NORM_08_000.png,NORM,NORM,0.7955448,1
C:\Users\taimo\OneDrive\Documents 1\work\ecg-synthetic-research\data\rendered\imagen_clean\NORM\nano_NORM_NORM_08_004.png,NORM,NORM,0.85285044,1
C:\Users\taimo\OneDrive\Documents 1\work\ecg-synthetic-research\data\rendered\imagen_clean\NORM\nano_NORM_NORM_08_008.png,NORM,NORM,0.747232,1
C:\Users\taimo\OneDrive\Documents 1\work\ecg-synthetic-research\data\rendered\imagen_clean\NORM\nano_NORM_NORM_08_012.png,NORM,NORM,0.93095493,1
C:\Users\taimo\OneDrive\Documents 1\work\ecg-synthetic-research\data\rendered\imagen_clean\NORM\nano_NORM_NORM_08_016.png,NORM,NORM,0.895418,1
C:\Users\taimo\OneDrive\Documents 1\work\ecg-synthetic-research\data\rendered\imagen_clean\MI\nano_MI_MI_01_000.png,MI,MI,0.92304665,1
C:\Users\taimo\OneDrive\Documents 1\work\ecg-synthetic-research\data\rendered\imagen_clean\MI\nano_MI_MI_01_004.png,MI,MI,0.79561675,1
C:\Users\taimo\OneDrive\Documents 1\work\ecg-synthetic-research\data\rendered\imagen_clean\MI\nano_MI_MI_01_008.png,MI,MI,0.5851169,1
C:\Users\taimo\OneDrive\Documents 1\work\ecg-synthetic-research\data\rendered\imagen_clean\MI\nano_MI_MI_01_012.png,MI,MI,0.9195647,1
C:\Users\taimo\OneDrive\Documents 1\work\ecg-synthetic-research\data\rendered\imagen_clean\MI\nano_MI_MI_01_016.png,MI,MI,0.92183435,1
C:\Users\taimo\OneDrive\Documents 1\work\ecg-synthetic-research\data\rendered\imagen_clean\MI\nano_MI_MI_02_000.png,MI,MI,0.6127291,1
C:\Users\taimo\OneDrive\Documents 1\work\ecg-synthetic-research\data\rendered\imagen_clean\MI\nano_MI_MI_02_004.png,MI,MI,0.908316,1
C:\Users\taimo\OneDrive\Documents 1\work\ecg-synthetic-research\data\rendered\imagen_clean\MI\nano_MI_MI_02_008.png,MI,MI,0.9699729,1
C:\Users\taimo\OneDrive\Documents 1\work\ecg-synthetic-research\data\rendered\imagen_clean\MI\nano_MI_MI_02_012.png,MI,NORM,0.6544987,0
C:\Users\taimo\OneDrive\Documents 1\work\ecg-synthetic-research\data\rendered\imagen_clean\MI\nano_MI_MI_02_016.png,MI,AFIB,0.3473957,0
C:\Users\taimo\OneDrive\Documents 1\work\ecg-synthetic-research\data\rendered\imagen_clean\MI\nano_MI_MI_03_000.png,MI,MI,0.5891721,1
C:\Users\taimo\OneDrive\Documents 1\work\ecg-synthetic-research\data\rendered\imagen_clean\MI\nano_MI_MI_03_004.png,MI,MI,0.60674554,1
C:\Users\taimo\OneDrive\Documents 1\work\ecg-synthetic-research\data\rendered\imagen_clean\MI\nano_MI_MI_03_008.png,MI,MI,0.81783444,1
C:\Users\taimo\OneDrive\Documents 1\work\ecg-synthetic-research\data\rendered\imagen_clean\MI\nano_MI_MI_03_012.png,MI,MI,0.6047668,1
C:\Users\taimo\OneDrive\Documents 1\work\ecg-synthetic-research\data\rendered\imagen_clean\MI\nano_MI_MI_03_016.png,MI,MI,0.60982645,1
C:\Users\taimo\OneDrive\Documents 1\work\ecg-synthetic-research\data\rendered\imagen_clean\MI\nano_MI_MI_04_000.png,MI,MI,0.6885468,1
C:\Users\taimo\OneDrive\Documents 1\work\ecg-synthetic-research\data\rendered\imagen_clean\MI\nano_MI_MI_04_004.png,MI,MI,0.99115807,1
C:\Users\taimo\OneDrive\Documents 1\work\ecg-synthetic-research\data\rendered\imagen_clean\MI\nano_MI_MI_04_008.png,MI,MI,0.8873616,1
C:\Users\taimo\OneDrive\Documents 1\work\ecg-synthetic-research\data\rendered\imagen_clean\MI\nano_MI_MI_04_012.png,MI,AFIB,0.7012358,0
C:\Users\taimo\OneDrive\Documents 1\work\ecg-synthetic-research\data\rendered\imagen_clean\MI\nano_MI_MI_04_016.png,MI,MI,0.99148643,1
C:\Users\taimo\OneDrive\Documents 1\work\ecg-synthetic-research\data\rendered\imagen_clean\MI\nano_MI_MI_05_000.png,MI,MI,0.57613957,1
C:\Users\taimo\OneDrive\Documents 1\work\ecg-synthetic-research\data\rendered\imagen_clean\MI\nano_MI_MI_05_004.png,MI,MI,0.6878517,1
C:\Users\taimo\OneDrive\Documents 1\work\ecg-synthetic-research\data\rendered\imagen_clean\MI\nano_MI_MI_05_008.png,MI,AFIB,0.91793966,0
C:\Users\taimo\OneDrive\Documents 1\work\ecg-synthetic-research\data\rendered\imagen_clean\MI\nano_MI_MI_05_012.png,MI,MI,0.61171097,1
C:\Users\taimo\OneDrive\Documents 1\work\ecg-synthetic-research\data\rendered\imagen_clean\MI\nano_MI_MI_05_016.png,MI,MI,0.9079206,1
C:\Users\taimo\OneDrive\Documents 1\work\ecg-synthetic-research\data\rendered\imagen_clean\MI\nano_MI_MI_06_000.png,MI,MI,0.93003905,1
C:\Users\taimo\OneDrive\Documents 1\work\ecg-synthetic-research\data\rendered\imagen_clean\MI\nano_MI_MI_06_004.png,MI,MI,0.88573635,1
C:\Users\taimo\OneDrive\Documents 1\work\ecg-synthetic-research\data\rendered\imagen_clean\MI\nano_MI_MI_06_008.png,MI,MI,0.75033766,1
C:\Users\taimo\OneDrive\Documents 1\work\ecg-synthetic-research\data\rendered\imagen_clean\MI\nano_MI_MI_06_012.png,MI,MI,0.9131439,1
C:\Users\taimo\OneDrive\Documents 1\work\ecg-synthetic-research\data\rendered\imagen_clean\MI\nano_MI_MI_06_016.png,MI,MI,0.92697495,1
C:\Users\taimo\OneDrive\Documents 1\work\ecg-synthetic-research\data\rendered\imagen_clean\MI\nano_MI_MI_07_000.png,MI,MI,0.8865726,1
C:\Users\taimo\OneDrive\Documents 1\work\ecg-synthetic-research\data\rendered\imagen_clean\MI\nano_MI_MI_07_004.png,MI,NORM,0.59165776,0
C:\Users\taimo\OneDrive\Documents 1\work\ecg-synthetic-research\data\rendered\imagen_clean\MI\nano_MI_MI_07_008.png,MI,NORM,0.6530124,0
C:\Users\taimo\OneDrive\Documents 1\work\ecg-synthetic-research\data\rendered\imagen_clean\MI\nano_MI_MI_07_012.png,MI,MI,0.5165616,1
C:\Users\taimo\OneDrive\Documents 1\work\ecg-synthetic-research\data\rendered\imagen_clean\MI\nano_MI_MI_07_016.png,MI,NORM,0.65577275,0
C:\Users\taimo\OneDrive\Documents 1\work\ecg-synthetic-research\data\rendered\imagen_clean\MI\nano_MI_MI_08_000.png,MI,MI,0.50124997,1
C:\Users\taimo\OneDrive\Documents 1\work\ecg-synthetic-research\data\rendered\imagen_clean\MI\nano_MI_MI_08_004.png,MI,MI,0.8469071,1
C:\Users\taimo\OneDrive\Documents 1\work\ecg-synthetic-research\data\rendered\imagen_clean\MI\nano_MI_MI_08_008.png,MI,MI,0.736012,1
C:\Users\taimo\OneDrive\Documents 1\work\ecg-synthetic-research\data\rendered\imagen_clean\MI\nano_MI_MI_08_012.png,MI,MI,0.7445907,1
C:\Users\taimo\OneDrive\Documents 1\work\ecg-synthetic-research\data\rendered\imagen_clean\MI\nano_MI_MI_08_016.png,MI,MI,0.77678573,1
C:\Users\taimo\OneDrive\Documents 1\work\ecg-synthetic-research\data\rendered\imagen_clean\AFIB\nano_AFIB_AFIB_01_000.png,AFIB,AFIB,0.451615,1
C:\Users\taimo\OneDrive\Documents 1\work\ecg-synthetic-research\data\rendered\imagen_clean\AFIB\nano_AFIB_AFIB_01_004.png,AFIB,AFIB,0.88109857,1
C:\Users\taimo\OneDrive\Documents 1\work\ecg-synthetic-research\data\rendered\imagen_clean\AFIB\nano_AFIB_AFIB_01_008.png,AFIB,AFIB,0.97375363,1
C:\Users\taimo\OneDrive\Documents 1\work\ecg-synthetic-research\data\rendered\imagen_clean\AFIB\nano_AFIB_AFIB_01_012.png,AFIB,AFIB,0.84249973,1
C:\Users\taimo\OneDrive\Documents 1\work\ecg-synthetic-research\data\rendered\imagen_clean\AFIB\nano_AFIB_AFIB_01_016.png,AFIB,AFIB,0.8077595,1
C:\Users\taimo\OneDrive\Documents 1\work\ecg-synthetic-research\data\rendered\imagen_clean\AFIB\nano_AFIB_AFIB_02_000.png,AFIB,AFIB,0.98420644,1
C:\Users\taimo\OneDrive\Documents 1\work\ecg-synthetic-research\data\rendered\imagen_clean\AFIB\nano_AFIB_AFIB_02_004.png,AFIB,AFIB,0.7723121,1
C:\Users\taimo\OneDrive\Documents 1\work\ecg-synthetic-research\data\rendered\imagen_clean\AFIB\nano_AFIB_AFIB_02_008.png,AFIB,TACHY,0.9900395,0
C:\Users\taimo\OneDrive\Documents 1\work\ecg-synthetic-research\data\rendered\imagen_clean\AFIB\nano_AFIB_AFIB_02_012.png,AFIB,AFIB,0.47737285,1
C:\Users\taimo\OneDrive\Documents 1\work\ecg-synthetic-research\data\rendered\imagen_clean\AFIB\nano_AFIB_AFIB_02_016.png,AFIB,TACHY,0.94816357,0
C:\Users\taimo\OneDrive\Documents 1\work\ecg-synthetic-research\data\rendered\imagen_clean\AFIB\nano_AFIB_AFIB_03_000.png,AFIB,AFIB,0.9933664,1
C:\Users\taimo\OneDrive\Documents 1\work\ecg-synthetic-research\data\rendered\imagen_clean\AFIB\nano_AFIB_AFIB_03_004.png,AFIB,AFIB,0.7710463,1
C:\Users\taimo\OneDrive\Documents 1\work\ecg-synthetic-research\data\rendered\imagen_clean\AFIB\nano_AFIB_AFIB_03_008.png,AFIB,NORM,0.5150283,0
C:\Users\taimo\OneDrive\Documents 1\work\ecg-synthetic-research\data\rendered\imagen_clean\AFIB\nano_AFIB_AFIB_03_012.png,AFIB,AFIB,0.9557294,1
C:\Users\taimo\OneDrive\Documents 1\work\ecg-synthetic-research\data\rendered\imagen_clean\AFIB\nano_AFIB_AFIB_03_016.png,AFIB,AFIB,0.99328434,1
C:\Users\taimo\OneDrive\Documents 1\work\ecg-synthetic-research\data\rendered\imagen_clean\AFIB\nano_AFIB_AFIB_04_000.png,AFIB,AFIB,0.6595877,1
C:\Users\taimo\OneDrive\Documents 1\work\ecg-synthetic-research\data\rendered\imagen_clean\AFIB\nano_AFIB_AFIB_04_004.png,AFIB,AFIB,0.9000349,1
C:\Users\taimo\OneDrive\Documents 1\work\ecg-synthetic-research\data\rendered\imagen_clean\AFIB\nano_AFIB_AFIB_04_008.png,AFIB,TACHY,0.79332715,0
C:\Users\taimo\OneDrive\Documents 1\work\ecg-synthetic-research\data\rendered\imagen_clean\AFIB\nano_AFIB_AFIB_04_012.png,AFIB,NORM,0.8703476,0
C:\Users\taimo\OneDrive\Documents 1\work\ecg-synthetic-research\data\rendered\imagen_clean\AFIB\nano_AFIB_AFIB_04_016.png,AFIB,AFIB,0.73802835,1
C:\Users\taimo\OneDrive\Documents 1\work\ecg-synthetic-research\data\rendered\imagen_clean\AFIB\nano_AFIB_AFIB_05_000.png,AFIB,AFIB,0.99361515,1
C:\Users\taimo\OneDrive\Documents 1\work\ecg-synthetic-research\data\rendered\imagen_clean\AFIB\nano_AFIB_AFIB_05_004.png,AFIB,AFIB,0.9540989,1
C:\Users\taimo\OneDrive\Documents 1\work\ecg-synthetic-research\data\rendered\imagen_clean\AFIB\nano_AFIB_AFIB_05_008.png,AFIB,AFIB,0.9746635,1
C:\Users\taimo\OneDrive\Documents 1\work\ecg-synthetic-research\data\rendered\imagen_clean\AFIB\nano_AFIB_AFIB_05_012.png,AFIB,AFIB,0.86381096,1
C:\Users\taimo\OneDrive\Documents 1\work\ecg-synthetic-research\data\rendered\imagen_clean\AFIB\nano_AFIB_AFIB_05_016.png,AFIB,AFIB,0.9726346,1
C:\Users\taimo\OneDrive\Documents 1\work\ecg-synthetic-research\data\rendered\imagen_clean\AFIB\nano_AFIB_AFIB_06_000.png,AFIB,AFIB,0.99249166,1
C:\Users\taimo\OneDrive\Documents 1\work\ecg-synthetic-research\data\rendered\imagen_clean\AFIB\nano_AFIB_AFIB_06_004.png,AFIB,AFIB,0.9816807,1
C:\Users\taimo\OneDrive\Documents 1\work\ecg-synthetic-research\data\rendered\imagen_clean\AFIB\nano_AFIB_AFIB_06_008.png,AFIB,AFIB,0.9869543,1
C:\Users\taimo\OneDrive\Documents 1\work\ecg-synthetic-research\data\rendered\imagen_clean\AFIB\nano_AFIB_AFIB_06_012.png,AFIB,TACHY,0.83692247,0
C:\Users\taimo\OneDrive\Documents 1\work\ecg-synthetic-research\data\rendered\imagen_clean\AFIB\nano_AFIB_AFIB_06_016.png,AFIB,AFIB,0.72303206,1
C:\Users\taimo\OneDrive\Documents 1\work\ecg-synthetic-research\data\rendered\imagen_clean\AFIB\nano_AFIB_AFIB_07_000.png,AFIB,TACHY,0.96057695,0
C:\Users\taimo\OneDrive\Documents 1\work\ecg-synthetic-research\data\rendered\imagen_clean\AFIB\nano_AFIB_AFIB_07_004.png,AFIB,AFIB,0.9767007,1
C:\Users\taimo\OneDrive\Documents 1\work\ecg-synthetic-research\data\rendered\imagen_clean\AFIB\nano_AFIB_AFIB_07_008.png,AFIB,AFIB,0.8244435,1
C:\Users\taimo\OneDrive\Documents 1\work\ecg-synthetic-research\data\rendered\imagen_clean\AFIB\nano_AFIB_AFIB_07_012.png,AFIB,AFIB,0.9943264,1
C:\Users\taimo\OneDrive\Documents 1\work\ecg-synthetic-research\data\rendered\imagen_clean\AFIB\nano_AFIB_AFIB_07_016.png,AFIB,AFIB,0.9929825,1
C:\Users\taimo\OneDrive\Documents 1\work\ecg-synthetic-research\data\rendered\imagen_clean\AFIB\nano_AFIB_AFIB_08_000.png,AFIB,NORM,0.39665604,0
C:\Users\taimo\OneDrive\Documents 1\work\ecg-synthetic-research\data\rendered\imagen_clean\AFIB\nano_AFIB_AFIB_08_004.png,AFIB,AFIB,0.9668569,1
C:\Users\taimo\OneDrive\Documents 1\work\ecg-synthetic-research\data\rendered\imagen_clean\AFIB\nano_AFIB_AFIB_08_008.png,AFIB,AFIB,0.71465343,1
C:\Users\taimo\OneDrive\Documents 1\work\ecg-synthetic-research\data\rendered\imagen_clean\AFIB\nano_AFIB_AFIB_08_012.png,AFIB,AFIB,0.99072343,1
C:\Users\taimo\OneDrive\Documents 1\work\ecg-synthetic-research\data\rendered\imagen_clean\AFIB\nano_AFIB_AFIB_08_016.png,AFIB,MI,0.59408486,0
C:\Users\taimo\OneDrive\Documents 1\work\ecg-synthetic-research\data\rendered\imagen_clean\TACHY\nano_TACHY_TACHY_01_000.png,TACHY,TACHY,0.99511886,1
C:\Users\taimo\OneDrive\Documents 1\work\ecg-synthetic-research\data\rendered\imagen_clean\TACHY\nano_TACHY_TACHY_01_004.png,TACHY,TACHY,0.9975914,1
C:\Users\taimo\OneDrive\Documents 1\work\ecg-synthetic-research\data\rendered\imagen_clean\TACHY\nano_TACHY_TACHY_01_008.png,TACHY,TACHY,0.9977124,1
C:\Users\taimo\OneDrive\Documents 1\work\ecg-synthetic-research\data\rendered\imagen_clean\TACHY\nano_TACHY_TACHY_01_012.png,TACHY,TACHY,0.98695046,1
C:\Users\taimo\OneDrive\Documents 1\work\ecg-synthetic-research\data\rendered\imagen_clean\TACHY\nano_TACHY_TACHY_01_016.png,TACHY,TACHY,0.9993832,1
C:\Users\taimo\OneDrive\Documents 1\work\ecg-synthetic-research\data\rendered\imagen_clean\TACHY\nano_TACHY_TACHY_02_000.png,TACHY,TACHY,0.9945186,1
C:\Users\taimo\OneDrive\Documents 1\work\ecg-synthetic-research\data\rendered\imagen_clean\TACHY\nano_TACHY_TACHY_02_004.png,TACHY,TACHY,0.9932957,1
C:\Users\taimo\OneDrive\Documents 1\work\ecg-synthetic-research\data\rendered\imagen_clean\TACHY\nano_TACHY_TACHY_02_010.png,TACHY,TACHY,0.997647,1
C:\Users\taimo\OneDrive\Documents 1\work\ecg-synthetic-research\data\rendered\imagen_clean\TACHY\nano_TACHY_TACHY_02_014.png,TACHY,TACHY,0.9875459,1
C:\Users\taimo\OneDrive\Documents 1\work\ecg-synthetic-research\data\rendered\imagen_clean\TACHY\nano_TACHY_TACHY_02_018.png,TACHY,TACHY,0.9982444,1
C:\Users\taimo\OneDrive\Documents 1\work\ecg-synthetic-research\data\rendered\imagen_clean\TACHY\nano_TACHY_TACHY_03_002.png,TACHY,TACHY,0.99419844,1
C:\Users\taimo\OneDrive\Documents 1\work\ecg-synthetic-research\data\rendered\imagen_clean\TACHY\nano_TACHY_TACHY_03_006.png,TACHY,TACHY,0.9983216,1
C:\Users\taimo\OneDrive\Documents 1\work\ecg-synthetic-research\data\rendered\imagen_clean\TACHY\nano_TACHY_TACHY_03_010.png,TACHY,TACHY,0.995598,1
C:\Users\taimo\OneDrive\Documents 1\work\ecg-synthetic-research\data\rendered\imagen_clean\TACHY\nano_TACHY_TACHY_03_014.png,TACHY,TACHY,0.9974209,1
C:\Users\taimo\OneDrive\Documents 1\work\ecg-synthetic-research\data\rendered\imagen_clean\TACHY\nano_TACHY_TACHY_03_018.png,TACHY,TACHY,0.9981629,1
C:\Users\taimo\OneDrive\Documents 1\work\ecg-synthetic-research\data\rendered\imagen_clean\TACHY\nano_TACHY_TACHY_04_002.png,TACHY,TACHY,0.9462602,1
C:\Users\taimo\OneDrive\Documents 1\work\ecg-synthetic-research\data\rendered\imagen_clean\TACHY\nano_TACHY_TACHY_04_006.png,TACHY,TACHY,0.99701536,1
C:\Users\taimo\OneDrive\Documents 1\work\ecg-synthetic-research\data\rendered\imagen_clean\TACHY\nano_TACHY_TACHY_04_010.png,TACHY,TACHY,0.81348056,1
C:\Users\taimo\OneDrive\Documents 1\work\ecg-synthetic-research\data\rendered\imagen_clean\TACHY\nano_TACHY_TACHY_04_014.png,TACHY,TACHY,0.9899303,1
C:\Users\taimo\OneDrive\Documents 1\work\ecg-synthetic-research\data\rendered\imagen_clean\TACHY\nano_TACHY_TACHY_04_018.png,TACHY,TACHY,0.99722725,1
C:\Users\taimo\OneDrive\Documents 1\work\ecg-synthetic-research\data\rendered\imagen_clean\TACHY\nano_TACHY_TACHY_05_002.png,TACHY,TACHY,0.99861324,1
C:\Users\taimo\OneDrive\Documents 1\work\ecg-synthetic-research\data\rendered\imagen_clean\TACHY\nano_TACHY_TACHY_05_006.png,TACHY,TACHY,0.99931204,1
C:\Users\taimo\OneDrive\Documents 1\work\ecg-synthetic-research\data\rendered\imagen_clean\TACHY\nano_TACHY_TACHY_05_010.png,TACHY,TACHY,0.99565387,1
C:\Users\taimo\OneDrive\Documents 1\work\ecg-synthetic-research\data\rendered\imagen_clean\TACHY\nano_TACHY_TACHY_05_014.png,TACHY,TACHY,0.9805109,1
C:\Users\taimo\OneDrive\Documents 1\work\ecg-synthetic-research\data\rendered\imagen_clean\TACHY\nano_TACHY_TACHY_05_018.png,TACHY,TACHY,0.9984957,1
C:\Users\taimo\OneDrive\Documents 1\work\ecg-synthetic-research\data\rendered\imagen_clean\TACHY\nano_TACHY_TACHY_06_002.png,TACHY,TACHY,0.9988977,1
C:\Users\taimo\OneDrive\Documents 1\work\ecg-synthetic-research\data\rendered\imagen_clean\TACHY\nano_TACHY_TACHY_06_006.png,TACHY,TACHY,0.98087823,1
C:\Users\taimo\OneDrive\Documents 1\work\ecg-synthetic-research\data\rendered\imagen_clean\TACHY\nano_TACHY_TACHY_06_010.png,TACHY,TACHY,0.99354,1
C:\Users\taimo\OneDrive\Documents 1\work\ecg-synthetic-research\data\rendered\imagen_clean\TACHY\nano_TACHY_TACHY_06_014.png,TACHY,TACHY,0.98943555,1
C:\Users\taimo\OneDrive\Documents 1\work\ecg-synthetic-research\data\rendered\imagen_clean\TACHY\nano_TACHY_TACHY_06_018.png,TACHY,TACHY,0.96586764,1
C:\Users\taimo\OneDrive\Documents 1\work\ecg-synthetic-research\data\rendered\imagen_clean\TACHY\nano_TACHY_TACHY_07_002.png,TACHY,TACHY,0.9410734,1
C:\Users\taimo\OneDrive\Documents 1\work\ecg-synthetic-research\data\rendered\imagen_clean\TACHY\nano_TACHY_TACHY_07_006.png,TACHY,TACHY,0.9984993,1
C:\Users\taimo\OneDrive\Documents 1\work\ecg-synthetic-research\data\rendered\imagen_clean\TACHY\nano_TACHY_TACHY_07_010.png,TACHY,TACHY,0.9812306,1
C:\Users\taimo\OneDrive\Documents 1\work\ecg-synthetic-research\data\rendered\imagen_clean\TACHY\nano_TACHY_TACHY_07_014.png,TACHY,MI,0.461977,0
C:\Users\taimo\OneDrive\Documents 1\work\ecg-synthetic-research\data\rendered\imagen_clean\TACHY\nano_TACHY_TACHY_07_018.png,TACHY,TACHY,0.9871564,1
C:\Users\taimo\OneDrive\Documents 1\work\ecg-synthetic-research\data\rendered\imagen_clean\TACHY\nano_TACHY_TACHY_08_002.png,TACHY,TACHY,0.99876535,1
C:\Users\taimo\OneDrive\Documents 1\work\ecg-synthetic-research\data\rendered\imagen_clean\TACHY\nano_TACHY_TACHY_08_003.png,TACHY,TACHY,0.99059594,1
C:\Users\taimo\OneDrive\Documents 1\work\ecg-synthetic-research\data\rendered\imagen_clean\TACHY\nano_TACHY_TACHY_08_006.png,TACHY,TACHY,0.9828756,1
C:\Users\taimo\OneDrive\Documents 1\work\ecg-synthetic-research\data\rendered\imagen_clean\TACHY\nano_TACHY_TACHY_08_010.png,TACHY,NORM,0.61954296,0
C:\Users\taimo\OneDrive\Documents 1\work\ecg-synthetic-research\data\rendered\imagen_clean\TACHY\nano_TACHY_TACHY_08_014.png,TACHY,TACHY,0.99856085,1
C:\Users\taimo\OneDrive\Documents 1\work\ecg-synthetic-research\data\rendered\imagen_clean\TACHY\nano_TACHY_TACHY_08_018.png,TACHY,TACHY,0.9969104,1
C:\Users\taimo\OneDrive\Documents 1\work\ecg-synthetic-research\data\rendered\imagen_clean\TACHY\nano_TACHY_TACHY_08_019.png,TACHY,TACHY,0.9978388,1
