filepath,true_label,pred_label,confidence,correct
C:\Users\taimo\OneDrive\Documents 1\work\ecg-synthetic-research\data\rendered\ptbxl\NORM\00035.png,NORM,NORM,0.8496,1
C:\Users\taimo\OneDrive\Documents 1\work\ecg-synthetic-research\data\rendered\ptbxl\NORM\00118.png,NORM,NORM,0.9023,1
C:\Users\taimo\OneDrive\Documents 1\work\ecg-synthetic-research\data\rendered\ptbxl\NORM\00122.png,NORM,NORM,0.709,1
C:\Users\taimo\OneDrive\Documents 1\work\ecg-synthetic-research\data\rendered\ptbxl\NORM\00123.png,NORM,NORM,0.8965,1
C:\Users\taimo\OneDrive\Documents 1\work\ecg-synthetic-research\data\rendered\ptbxl\NORM\00125.png,NORM,NORM,0.9097,1
C:\Users\taimo\OneDrive\Documents 1\work\ecg-synthetic-research\data\rendered\ptbxl\NORM\00359.png,NORM,NORM,0.8076,1
C:\Users\taimo\OneDrive\Documents 1\work\ecg-synthetic-research\data\rendered\ptbxl\NORM\00372.png,NORM,NORM,0.787,1
C:\Users\taimo\OneDrive\Documents 1\work\ecg-synthetic-research\data\rendered\ptbxl\NORM\00398.png,NORM,NORM,0.8794,1
C:\Users\taimo\OneDrive\Documents 1\work\ecg-synthetic-research\data\rendered\ptbxl\NORM\00410.png,NORM,NORM,0.858,1
C:\Users\taimo\OneDrive\Documents 1\work\ecg-synthetic-research\data\rendered\ptbxl\NORM\00440.png,NORM,NORM,0.7305,1
C:\Users\taimo\OneDrive\Documents 1\work\ecg-synthetic-research\data\rendered\ptbxl\NORM\00480.png,NORM,NORM,0.7812,1
C:\Users\taimo\OneDrive\Documents 1\work\ecg-synthetic-research\data\rendered\ptbxl\NORM\00491.png,NORM,NORM,0.7817,1
C:\Users\taimo\OneDrive\Documents 1\work\ecg-synthetic-research\data\rendered\ptbxl\NORM\00574.png,NORM,NORM,0.8853,1
C:\Users\taimo\OneDrive\Documents 1\work\ecg-synthetic-research\data\rendered\ptbxl\NORM\00603.png,NORM,MI,0.7026,0
C:\Users\taimo\OneDrive\Documents 1\work\ecg-synthetic-research\data\rendered\ptbxl\NORM\00638.png,NORM,NORM,0.871,1
C:\Users\taimo\OneDrive\Documents 1\work\ecg-synthetic-research\data\rendered\ptbxl\NORM\00648.png,NORM,MI,0.502,0
C:\Users\taimo\OneDrive\Documents 1\work\ecg-synthetic-research\data\rendered\ptbxl\NORM\00867.png,NORM,NORM,0.8457,1
C:\Users\taimo\OneDrive\Documents 1\work\ecg-synthetic-research\data\rendered\ptbxl\NORM\00870.png,NORM,NORM,0.7393,1
C:\Users\taimo\OneDrive\Documents 1\work\ecg-synthetic-research\data\rendered\ptbxl\NORM\00925.png,NORM,NORM,0.645,1
C:\Users\taimo\OneDrive\Documents 1\work\ecg-synthetic-research\data\rendered\ptbxl\NORM\00999.png,NORM,NORM,0.8037,1
C:\Users\taimo\OneDrive\Documents 1\work\ecg-synthetic-research\data\rendered\ptbxl\NORM\01028.png,NORM,NORM,0.8794,1
C:\Users\taimo\OneDrive\Documents 1\work\ecg-synthetic-research\data\rendered\ptbxl\NORM\01071.png,NORM,NORM,0.858,1
C:\Users\taimo\OneDrive\Documents 1\work\ecg-synthetic-research\data\rendered\ptbxl\NORM\01098.png,NORM,NORM,0.743,1
C:\Users\taimo\OneDrive\Documents 1\work\ecg-synthetic-research\data\rendered\ptbxl\NORM\01099.png,NORM,NORM,0.885,1
C:\Users\taimo\OneDrive\Documents 1\work\ecg-synthetic-research\data\rendered\ptbxl\NORM\01263.png,NORM,NORM,0.6934,1
C:\Users\taimo\OneDrive\Documents 1\work\ecg-synthetic-research\data\rendered\ptbxl\NORM\01283.png,NORM,NORM,0.9053,1
C:\Users\taimo\OneDrive\Documents 1\work\ecg-synthetic-research\data\rendered\ptbxl\NORM\01292.png,NORM,NORM,0.834,1
C:\Users\taimo\OneDrive\Documents 1\work\ecg-synthetic-research\data\rendered\ptbxl\NORM\01302.png,NORM,NORM,0.802,1
C:\Users\taimo\OneDrive\Documents 1\work\ecg-synthetic-research\data\rendered\ptbxl\NORM\01331.png,NORM,NORM,0.6426,1
C:\Users\taimo\OneDrive\Documents 1\work\ecg-synthetic-research\data\rendered\ptbxl\NORM\01350.png,NORM,NORM,0.9556,1
C:\Users\taimo\OneDrive\Documents 1\work\ecg-synthetic-research\data\rendered\ptbxl\NORM\01420.png,NORM,NORM,0.8745,1
C:\Users\taimo\OneDrive\Documents 1\work\ecg-synthetic-research\data\rendered\ptbxl\NORM\01597.png,NORM,NORM,0.7686,1
C:\Users\taimo\OneDrive\Documents 1\work\ecg-synthetic-research\data\rendered\ptbxl\NORM\01648.png,NORM,NORM,0.8027,1
C:\Users\taimo\OneDrive\Documents 1\work\ecg-synthetic-research\data\rendered\ptbxl\NORM\01664.png,NORM,NORM,0.7817,1
C:\Users\taimo\OneDrive\Documents 1\work\ecg-synthetic-research\data\rendered\ptbxl\NORM\01691.png,NORM,NORM,0.8794,1
C:\Users\taimo\OneDrive\Documents 1\work\ecg-synthetic-research\data\rendered\ptbxl\NORM\01933.png,NORM,NORM,0.9004,1
C:\Users\taimo\OneDrive\Documents 1\work\ecg-synthetic-research\data\rendered\ptbxl\NORM\01943.png,NORM,NORM,0.793,1
C:\Users\taimo\OneDrive\Documents 1\work\ecg-synthetic-research\data\rendered\ptbxl\NORM\02021.png,NORM,NORM,0.8325,1
C:\Users\taimo\OneDrive\Documents 1\work\ecg-synthetic-research\data\rendered\ptbxl\NORM\02037.png,NORM,NORM,0.767,1
C:\Users\taimo\OneDrive\Documents 1\work\ecg-synthetic-research\data\rendered\ptbxl\NORM\02122.png,NORM,NORM,0.7427,1
C:\Users\taimo\OneDrive\Documents 1\work\ecg-synthetic-research\data\rendered\ptbxl\NORM\02137.png,NORM,NORM,0.7837,1
C:\Users\taimo\OneDrive\Documents 1\work\ecg-synthetic-research\data\rendered\ptbxl\NORM\02190.png,NORM,NORM,0.8223,1
C:\Users\taimo\OneDrive\Documents 1\work\ecg-synthetic-research\data\rendered\ptbxl\NORM\02231.png,NORM,NORM,0.884,1
C:\Users\taimo\OneDrive\Documents 1\work\ecg-synthetic-research\data\rendered\ptbxl\NORM\02242.png,NORM,NORM,0.58,1
C:\Users\taimo\OneDrive\Documents 1\work\ecg-synthetic-research\data\rendered\ptbxl\NORM\02274.png,NORM,NORM,0.8125,1
C:\Users\taimo\OneDrive\Documents 1\work\ecg-synthetic-research\data\rendered\ptbxl\NORM\02302.png,NORM,NORM,0.6357,1
C:\Users\taimo\OneDrive\Documents 1\work\ecg-synthetic-research\data\rendered\ptbxl\NORM\02312.png,NORM,NORM,0.805,1
C:\Users\taimo\OneDrive\Documents 1\work\ecg-synthetic-research\data\rendered\ptbxl\NORM\02373.png,NORM,NORM,0.674,1
C:\Users\taimo\OneDrive\Documents 1\work\ecg-synthetic-research\data\rendered\ptbxl\NORM\02376.png,NORM,NORM,0.7793,1
C:\Users\taimo\OneDrive\Documents 1\work\ecg-synthetic-research\data\rendered\ptbxl\NORM\02379.png,NORM,NORM,0.8594,1
C:\Users\taimo\OneDrive\Documents 1\work\ecg-synthetic-research\data\rendered\ptbxl\NORM\02507.png,NORM,NORM,0.7607,1
C:\Users\taimo\OneDrive\Documents 1\work\ecg-synthetic-research\data\rendered\ptbxl\NORM\02710.png,NORM,MI,0.617,0
C:\Users\taimo\OneDrive\Documents 1\work\ecg-synthetic-research\data\rendered\ptbxl\NORM\02712.png,NORM,NORM,0.3704,1
C:\Users\taimo\OneDrive\Documents 1\work\ecg-synthetic-research\data\rendered\ptbxl\NORM\02773.png,NORM,NORM,0.7583,1
C:\Users\taimo\OneDrive\Documents 1\work\ecg-synthetic-research\data\rendered\ptbxl\NORM\02854.png,NORM,NORM,0.772,1
C:\Users\taimo\OneDrive\Documents 1\work\ecg-synthetic-research\data\rendered\ptbxl\NORM\02857.png,NORM,NORM,0.894,1
C:\Users\taimo\OneDrive\Documents 1\work\ecg-synthetic-research\data\rendered\ptbxl\NORM\02877.png,NORM,NORM,0.8555,1
C:\Users\taimo\OneDrive\Documents 1\work\ecg-synthetic-research\data\rendered\ptbxl\NORM\02903.png,NORM,NORM,0.777,1
C:\Users\taimo\OneDrive\Documents 1\work\ecg-synthetic-research\data\rendered\ptbxl\NORM\02914.png,NORM,NORM,0.8706,1
C:\Users\taimo\OneDrive\Documents 1\work\ecg-synthetic-research\data\rendered\ptbxl\NORM\02933.png,NORM,NORM,0.748,1
C:\Users\taimo\OneDrive\Documents 1\work\ecg-synthetic-research\data\rendered\ptbxl\NORM\02968.png,NORM,NORM,0.624,1
C:\Users\taimo\OneDrive\Documents 1\work\ecg-synthetic-research\data\rendered\ptbxl\NORM\03017.png,NORM,NORM,0.734,1
C:\Users\taimo\OneDrive\Documents 1\work\ecg-synthetic-research\data\rendered\ptbxl\NORM\03024.png,NORM,NORM,0.8643,1
C:\Users\taimo\OneDrive\Documents 1\work\ecg-synthetic-research\data\rendered\ptbxl\NORM\03036.png,NORM,NORM,0.7095,1
C:\Users\taimo\OneDrive\Documents 1\work\ecg-synthetic-research\data\rendered\ptbxl\NORM\03111.png,NORM,NORM,0.87,1
C:\Users\taimo\OneDrive\Documents 1\work\ecg-synthetic-research\data\rendered\ptbxl\NORM\03114.png,NORM,NORM,0.767,1
C:\Users\taimo\OneDrive\Documents 1\work\ecg-synthetic-research\data\rendered\ptbxl\NORM\03182.png,NORM,NORM,0.866,1
C:\Users\taimo\OneDrive\Documents 1\work\ecg-synthetic-research\data\rendered\ptbxl\NORM\03194.png,NORM,NORM,0.6807,1
C:\Users\taimo\OneDrive\Documents 1\work\ecg-synthetic-research\data\rendered\ptbxl\NORM\03235.png,NORM,NORM,0.853,1
C:\Users\taimo\OneDrive\Documents 1\work\ecg-synthetic-research\data\rendered\ptbxl\NORM\03286.png,NORM,NORM,0.822,1
C:\Users\taimo\OneDrive\Documents 1\work\ecg-synthetic-research\data\rendered\ptbxl\NORM\03402.png,NORM,NORM,0.82,1
C:\Users\taimo\OneDrive\Documents 1\work\ecg-synthetic-research\data\rendered\ptbxl\NORM\03414.png,NORM,NORM,0.762,1
C:\Users\taimo\OneDrive\Documents 1\work\ecg-synthetic-research\data\rendered\ptbxl\NORM\03533.png,NORM,NORM,0.6553,1
C:\Users\taimo\OneDrive\Documents 1\work\ecg-synthetic-research\data\rendered\ptbxl\NORM\03554.png,NORM,NORM,0.856,1
C:\Users\taimo\OneDrive\Documents 1\work\ecg-synthetic-research\data\rendered\ptbxl\NORM\03758.png,NORM,NORM,0.7607,1
C:\Users\taimo\OneDrive\Documents 1\work\ecg-synthetic-research\data\rendered\ptbxl\NORM\03787.png,NORM,NORM,0.7583,1
C:\Users\taimo\OneDrive\Documents 1\work\ecg-synthetic-research\data\rendered\ptbxl\NORM\03814.png,NORM,NORM,0.878,1
C:\Users\taimo\OneDrive\Documents 1\work\ecg-synthetic-research\data\rendered\ptbxl\NORM\03843.png,NORM,NORM,0.817,1
C:\Users\taimo\OneDrive\Documents 1\work\ecg-synthetic-research\data\rendered\ptbxl\NORM\03896.png,NORM,NORM,0.615,1
C:\Users\taimo\OneDrive\Documents 1\work\ecg-synthetic-research\data\rendered\ptbxl\NORM\03982.png,NORM,NORM,0.704,1
C:\Users\taimo\OneDrive\Documents 1\work\ecg-synthetic-research\data\rendered\ptbxl\NORM\04103.png,NORM,NORM,0.7744,1
C:\Users\taimo\OneDrive\Documents 1\work\ecg-synthetic-research\data\rendered\ptbxl\NORM\04163.png,NORM,NORM,0.524,1
C:\Users\taimo\OneDrive\Documents 1\work\ecg-synthetic-research\data\rendered\ptbxl\NORM\04168.png,NORM,NORM,0.766,1
C:\Users\taimo\OneDrive\Documents 1\work\ecg-synthetic-research\data\rendered\ptbxl\NORM\04169.png,NORM,NORM,0.7783,1
C:\Users\taimo\OneDrive\Documents 1\work\ecg-synthetic-research\data\rendered\ptbxl\NORM\04187.png,NORM,NORM,0.764,1
C:\Users\taimo\OneDrive\Documents 1\work\ecg-synthetic-research\data\rendered\ptbxl\NORM\04198.png,NORM,NORM,0.6987,1
C:\Users\taimo\OneDrive\Documents 1\work\ecg-synthetic-research\data\rendered\ptbxl\NORM\04217.png,NORM,NORM,0.4573,1
C:\Users\taimo\OneDrive\Documents 1\work\ecg-synthetic-research\data\rendered\ptbxl\NORM\04340.png,NORM,NORM,0.698,1
C:\Users\taimo\OneDrive\Documents 1\work\ecg-synthetic-research\data\rendered\ptbxl\NORM\04378.png,NORM,NORM,0.741,1
C:\Users\taimo\OneDrive\Documents 1\work\ecg-synthetic-research\data\rendered\ptbxl\NORM\04429.png,NORM,MI,0.5405,0
C:\Users\taimo\OneDrive\Documents 1\work\ecg-synthetic-research\data\rendered\ptbxl\NORM\04462.png,NORM,NORM,0.679,1
C:\Users\taimo\OneDrive\Documents 1\work\ecg-synthetic-research\data\rendered\ptbxl\NORM\04473.png,NORM,NORM,0.8813,1
C:\Users\taimo\OneDrive\Documents 1\work\ecg-synthetic-research\data\rendered\ptbxl\NORM\04474.png,NORM,NORM,0.9023,1
C:\Users\taimo\OneDrive\Documents 1\work\ecg-synthetic-research\data\rendered\ptbxl\NORM\04565.png,NORM,NORM,0.9253,1
C:\Users\taimo\OneDrive\Documents 1\work\ecg-synthetic-research\data\rendered\ptbxl\NORM\04616.png,NORM,NORM,0.885,1
C:\Users\taimo\OneDrive\Documents 1\work\ecg-synthetic-research\data\rendered\ptbxl\NORM\04831.png,NORM,NORM,0.813,1
C:\Users\taimo\OneDrive\Documents 1\work\ecg-synthetic-research\data\rendered\ptbxl\NORM\04902.png,NORM,NORM,0.8193,1
C:\Users\taimo\OneDrive\Documents 1\work\ecg-synthetic-research\data\rendered\ptbxl\NORM\04959.png,NORM,NORM,0.893,1
C:\Users\taimo\OneDrive\Documents 1\work\ecg-synthetic-research\data\rendered\ptbxl\NORM\05001.png,NORM,NORM,0.764,1
C:\Users\taimo\OneDrive\Documents 1\work\ecg-synthetic-research\data\rendered\ptbxl\NORM\05026.png,NORM,MI,0.5273,0
C:\Users\taimo\OneDrive\Documents 1\work\ecg-synthetic-research\data\rendered\ptbxl\NORM\05039.png,NORM,NORM,0.5967,1
C:\Users\taimo\OneDrive\Documents 1\work\ecg-synthetic-research\data\rendered\ptbxl\NORM\05190.png,NORM,NORM,0.896,1
C:\Users\taimo\OneDrive\Documents 1\work\ecg-synthetic-research\data\rendered\ptbxl\NORM\05214.png,NORM,NORM,0.8813,1
C:\Users\taimo\OneDrive\Documents 1\work\ecg-synthetic-research\data\rendered\ptbxl\NORM\05377.png,NORM,NORM,0.781,1
C:\Users\taimo\OneDrive\Documents 1\work\ecg-synthetic-research\data\rendered\ptbxl\NORM\05566.png,NORM,NORM,0.6577,1
C:\Users\taimo\OneDrive\Documents 1\work\ecg-synthetic-research\data\rendered\ptbxl\NORM\05589.png,NORM,NORM,0.775,1
C:\Users\taimo\OneDrive\Documents 1\work\ecg-synthetic-research\data\rendered\ptbxl\NORM\05592.png,NORM,NORM,0.7744,1
C:\Users\taimo\OneDrive\Documents 1\work\ecg-synthetic-research\data\rendered\ptbxl\NORM\05735.png,NORM,NORM,0.77,1
C:\Users\taimo\OneDrive\Documents 1\work\ecg-synthetic-research\data\rendered\ptbxl\NORM\05864.png,NORM,NORM,0.803,1
C:\Users\taimo\OneDrive\Documents 1\work\ecg-synthetic-research\data\rendered\ptbxl\NORM\05898.png,NORM,NORM,0.84,1
C:\Users\taimo\OneDrive\Documents 1\work\ecg-synthetic-research\data\rendered\ptbxl\NORM\05948.png,NORM,NORM,0.6655,1
C:\Users\taimo\OneDrive\Documents 1\work\ecg-synthetic-research\data\rendered\ptbxl\NORM\05960.png,NORM,NORM,0.7837,1
C:\Users\taimo\OneDrive\Documents 1\work\ecg-synthetic-research\data\rendered\ptbxl\NORM\05961.png,NORM,NORM,0.8506,1
C:\Users\taimo\OneDrive\Documents 1\work\ecg-synthetic-research\data\rendered\ptbxl\NORM\05972.png,NORM,NORM,0.7856,1
C:\Users\taimo\OneDrive\Documents 1\work\ecg-synthetic-research\data\rendered\ptbxl\NORM\06002.png,NORM,NORM,0.752,1
C:\Users\taimo\OneDrive\Documents 1\work\ecg-synthetic-research\data\rendered\ptbxl\NORM\06035.png,NORM,NORM,0.8804,1
C:\Users\taimo\OneDrive\Documents 1\work\ecg-synthetic-research\data\rendered\ptbxl\NORM\06183.png,NORM,NORM,0.9097,1
C:\Users\taimo\OneDrive\Documents 1\work\ecg-synthetic-research\data\rendered\ptbxl\NORM\06188.png,NORM,NORM,0.878,1
C:\Users\taimo\OneDrive\Documents 1\work\ecg-synthetic-research\data\rendered\ptbxl\NORM\06227.png,NORM,NORM,0.7593,1
C:\Users\taimo\OneDrive\Documents 1\work\ecg-synthetic-research\data\rendered\ptbxl\NORM\06308.png,NORM,NORM,0.78,1
C:\Users\taimo\OneDrive\Documents 1\work\ecg-synthetic-research\data\rendered\ptbxl\NORM\06326.png,NORM,NORM,0.8325,1
C:\Users\taimo\OneDrive\Documents 1\work\ecg-synthetic-research\data\rendered\ptbxl\NORM\06385.png,NORM,NORM,0.693,1
C:\Users\taimo\OneDrive\Documents 1\work\ecg-synthetic-research\data\rendered\ptbxl\NORM\06402.png,NORM,NORM,0.701,1
C:\Users\taimo\OneDrive\Documents 1\work\ecg-synthetic-research\data\rendered\ptbxl\NORM\06436.png,NORM,NORM,0.891,1
C:\Users\taimo\OneDrive\Documents 1\work\ecg-synthetic-research\data\rendered\ptbxl\NORM\06455.png,NORM,MI,0.55,0
C:\Users\taimo\OneDrive\Documents 1\work\ecg-synthetic-research\data\rendered\ptbxl\NORM\06481.png,NORM,NORM,0.841,1
C:\Users\taimo\OneDrive\Documents 1\work\ecg-synthetic-research\data\rendered\ptbxl\NORM\06535.png,NORM,NORM,0.8364,1
C:\Users\taimo\OneDrive\Documents 1\work\ecg-synthetic-research\data\rendered\ptbxl\NORM\06584.png,NORM,NORM,0.903,1
C:\Users\taimo\OneDrive\Documents 1\work\ecg-synthetic-research\data\rendered\ptbxl\NORM\06641.png,NORM,NORM,0.603,1
C:\Users\taimo\OneDrive\Documents 1\work\ecg-synthetic-research\data\rendered\ptbxl\NORM\06739.png,NORM,NORM,0.8364,1
C:\Users\taimo\OneDrive\Documents 1\work\ecg-synthetic-research\data\rendered\ptbxl\NORM\06741.png,NORM,NORM,0.658,1
C:\Users\taimo\OneDrive\Documents 1\work\ecg-synthetic-research\data\rendered\ptbxl\NORM\06899.png,NORM,NORM,0.7764,1
C:\Users\taimo\OneDrive\Documents 1\work\ecg-synthetic-research\data\rendered\ptbxl\NORM\06923.png,NORM,NORM,0.5483,1
C:\Users\taimo\OneDrive\Documents 1\work\ecg-synthetic-research\data\rendered\ptbxl\NORM\06960.png,NORM,NORM,0.7803,1
C:\Users\taimo\OneDrive\Documents 1\work\ecg-synthetic-research\data\rendered\ptbxl\NORM\07053.png,NORM,AFIB,0.3691,0
C:\Users\taimo\OneDrive\Documents 1\work\ecg-synthetic-research\data\rendered\ptbxl\NORM\07086.png,NORM,NORM,0.802,1
C:\Users\taimo\OneDrive\Documents 1\work\ecg-synthetic-research\data\rendered\ptbxl\NORM\07161.png,NORM,NORM,0.812,1
C:\Users\taimo\OneDrive\Documents 1\work\ecg-synthetic-research\data\rendered\ptbxl\NORM\07263.png,NORM,NORM,0.6597,1
C:\Users\taimo\OneDrive\Documents 1\work\ecg-synthetic-research\data\rendered\ptbxl\NORM\07443.png,NORM,NORM,0.806,1
C:\Users\taimo\OneDrive\Documents 1\work\ecg-synthetic-research\data\rendered\ptbxl\NORM\07479.png,NORM,TACHY,0.9116,0
C:\Users\taimo\OneDrive\Documents 1\work\ecg-synthetic-research\data\rendered\ptbxl\NORM\07576.png,NORM,NORM,0.728,1
C:\Users\taimo\OneDrive\Documents 1\work\ecg-synthetic-research\data\rendered\ptbxl\NORM\07594.png,NORM,NORM,0.674,1
C:\Users\taimo\OneDrive\Documents 1\work\ecg-synthetic-research\data\rendered\ptbxl\NORM\07626.png,NORM,NORM,0.807,1
C:\Users\taimo\OneDrive\Documents 1\work\ecg-synthetic-research\data\rendered\ptbxl\NORM\07634.png,NORM,NORM,0.9,1
C:\Users\taimo\OneDrive\Documents 1\work\ecg-synthetic-research\data\rendered\ptbxl\NORM\07788.png,NORM,NORM,0.9243,1
C:\Users\taimo\OneDrive\Documents 1\work\ecg-synthetic-research\data\rendered\ptbxl\NORM\07920.png,NORM,NORM,0.697,1
C:\Users\taimo\OneDrive\Documents 1\work\ecg-synthetic-research\data\rendered\ptbxl\NORM\07931.png,NORM,NORM,0.7544,1
C:\Users\taimo\OneDrive\Documents 1\work\ecg-synthetic-research\data\rendered\ptbxl\NORM\07969.png,NORM,NORM,0.866,1
C:\Users\taimo\OneDrive\Documents 1\work\ecg-synthetic-research\data\rendered\ptbxl\NORM\07989.png,NORM,NORM,0.806,1
C:\Users\taimo\OneDrive\Documents 1\work\ecg-synthetic-research\data\rendered\ptbxl\NORM\08248.png,NORM,NORM,0.706,1
C:\Users\taimo\OneDrive\Documents 1\work\ecg-synthetic-research\data\rendered\ptbxl\NORM\08486.png,NORM,NORM,0.7095,1
C:\Users\taimo\OneDrive\Documents 1\work\ecg-synthetic-research\data\rendered\ptbxl\NORM\08494.png,NORM,NORM,0.774,1
C:\Users\taimo\OneDrive\Documents 1\work\ecg-synthetic-research\data\rendered\ptbxl\NORM\08774.png,NORM,NORM,0.715,1
C:\Users\taimo\OneDrive\Documents 1\work\ecg-synthetic-research\data\rendered\ptbxl\NORM\08839.png,NORM,NORM,0.611,1
C:\Users\taimo\OneDrive\Documents 1\work\ecg-synthetic-research\data\rendered\ptbxl\NORM\08917.png,NORM,NORM,0.6807,1
C:\Users\taimo\OneDrive\Documents 1\work\ecg-synthetic-research\data\rendered\ptbxl\NORM\08976.png,NORM,NORM,0.8403,1
C:\Users\taimo\OneDrive\Documents 1\work\ecg-synthetic-research\data\rendered\ptbxl\NORM\09137.png,NORM,NORM,0.635,1
C:\Users\taimo\OneDrive\Documents 1\work\ecg-synthetic-research\data\rendered\ptbxl\NORM\09150.png,NORM,NORM,0.8623,1
C:\Users\taimo\OneDrive\Documents 1\work\ecg-synthetic-research\data\rendered\ptbxl\NORM\09272.png,NORM,NORM,0.7817,1
C:\Users\taimo\OneDrive\Documents 1\work\ecg-synthetic-research\data\rendered\ptbxl\NORM\09310.png,NORM,NORM,0.78,1
C:\Users\taimo\OneDrive\Documents 1\work\ecg-synthetic-research\data\rendered\ptbxl\NORM\09414.png,NORM,TACHY,0.887,0
C:\Users\taimo\OneDrive\Documents 1\work\ecg-synthetic-research\data\rendered\ptbxl\NORM\09439.png,NORM,NORM,0.8047,1
C:\Users\taimo\OneDrive\Documents 1\work\ecg-synthetic-research\data\rendered\ptbxl\NORM\09513.png,NORM,NORM,0.6455,1
C:\Users\taimo\OneDrive\Documents 1\work\ecg-synthetic-research\data\rendered\ptbxl\NORM\09593.png,NORM,NORM,0.8516,1
C:\Users\taimo\OneDrive\Documents 1\work\ecg-synthetic-research\data\rendered\ptbxl\NORM\09702.png,NORM,NORM,0.886,1
C:\Users\taimo\OneDrive\Documents 1\work\ecg-synthetic-research\data\rendered\ptbxl\NORM\09704.png,NORM,NORM,0.7505,1
C:\Users\taimo\OneDrive\Documents 1\work\ecg-synthetic-research\data\rendered\ptbxl\NORM\09766.png,NORM,NORM,0.792,1
C:\Users\taimo\OneDrive\Documents 1\work\ecg-synthetic-research\data\rendered\ptbxl\NORM\09802.png,NORM,NORM,0.8325,1
C:\Users\taimo\OneDrive\Documents 1\work\ecg-synthetic-research\data\rendered\ptbxl\NORM\09850.png,NORM,NORM,0.749,1
C:\Users\taimo\OneDrive\Documents 1\work\ecg-synthetic-research\data\rendered\ptbxl\NORM\09881.png,NORM,NORM,0.838,1
C:\Users\taimo\OneDrive\Documents 1\work\ecg-synthetic-research\data\rendered\ptbxl\NORM\10206.png,NORM,NORM,0.6187,1
C:\Users\taimo\OneDrive\Documents 1\work\ecg-synthetic-research\data\rendered\ptbxl\NORM\10277.png,NORM,NORM,0.553,1
C:\Users\taimo\OneDrive\Documents 1\work\ecg-synthetic-research\data\rendered\ptbxl\NORM\10278.png,NORM,NORM,0.9478,1
C:\Users\taimo\OneDrive\Documents 1\work\ecg-synthetic-research\data\rendered\ptbxl\NORM\10368.png,NORM,NORM,0.6406,1
C:\Users\taimo\OneDrive\Documents 1\work\ecg-synthetic-research\data\rendered\ptbxl\NORM\10394.png,NORM,TACHY,0.902,0
C:\Users\taimo\OneDrive\Documents 1\work\ecg-synthetic-research\data\rendered\ptbxl\NORM\10397.png,NORM,NORM,0.652,1
C:\Users\taimo\OneDrive\Documents 1\work\ecg-synthetic-research\data\rendered\ptbxl\NORM\10491.png,NORM,NORM,0.705,1
C:\Users\taimo\OneDrive\Documents 1\work\ecg-synthetic-research\data\rendered\ptbxl\NORM\10495.png,NORM,NORM,0.591,1
C:\Users\taimo\OneDrive\Documents 1\work\ecg-synthetic-research\data\rendered\ptbxl\NORM\10531.png,NORM,NORM,0.785,1
C:\Users\taimo\OneDrive\Documents 1\work\ecg-synthetic-research\data\rendered\ptbxl\NORM\10537.png,NORM,NORM,0.805,1
C:\Users\taimo\OneDrive\Documents 1\work\ecg-synthetic-research\data\rendered\ptbxl\NORM\10541.png,NORM,NORM,0.787,1
C:\Users\taimo\OneDrive\Documents 1\work\ecg-synthetic-research\data\rendered\ptbxl\NORM\10549.png,NORM,NORM,0.8647,1
C:\Users\taimo\OneDrive\Documents 1\work\ecg-synthetic-research\data\rendered\ptbxl\NORM\10630.png,NORM,NORM,0.7207,1
C:\Users\taimo\OneDrive\Documents 1\work\ecg-synthetic-research\data\rendered\ptbxl\NORM\10644.png,NORM,NORM,0.805,1
C:\Users\taimo\OneDrive\Documents 1\work\ecg-synthetic-research\data\rendered\ptbxl\NORM\10651.png,NORM,NORM,0.7134,1
C:\Users\taimo\OneDrive\Documents 1\work\ecg-synthetic-research\data\rendered\ptbxl\NORM\10687.png,NORM,NORM,0.855,1
C:\Users\taimo\OneDrive\Documents 1\work\ecg-synthetic-research\data\rendered\ptbxl\NORM\10748.png,NORM,NORM,0.7646,1
C:\Users\taimo\OneDrive\Documents 1\work\ecg-synthetic-research\data\rendered\ptbxl\NORM\10917.png,NORM,NORM,0.815,1
C:\Users\taimo\OneDrive\Documents 1\work\ecg-synthetic-research\data\rendered\ptbxl\NORM\10981.png,NORM,NORM,0.775,1
C:\Users\taimo\OneDrive\Documents 1\work\ecg-synthetic-research\data\rendered\ptbxl\NORM\11022.png,NORM,NORM,0.856,1
C:\Users\taimo\OneDrive\Documents 1\work\ecg-synthetic-research\data\rendered\ptbxl\NORM\11072.png,NORM,NORM,0.8853,1
C:\Users\taimo\OneDrive\Documents 1\work\ecg-synthetic-research\data\rendered\ptbxl\NORM\11112.png,NORM,NORM,0.843,1
C:\Users\taimo\OneDrive\Documents 1\work\ecg-synthetic-research\data\rendered\ptbxl\NORM\11195.png,NORM,NORM,0.9478,1
C:\Users\taimo\OneDrive\Documents 1\work\ecg-synthetic-research\data\rendered\ptbxl\NORM\11196.png,NORM,NORM,0.873,1
C:\Users\taimo\OneDrive\Documents 1\work\ecg-synthetic-research\data\rendered\ptbxl\NORM\11200.png,NORM,NORM,0.8584,1
C:\Users\taimo\OneDrive\Documents 1\work\ecg-synthetic-research\data\rendered\ptbxl\NORM\11271.png,NORM,NORM,0.682,1
C:\Users\taimo\OneDrive\Documents 1\work\ecg-synthetic-research\data\rendered\ptbxl\NORM\11440.png,NORM,NORM,0.8706,1
C:\Users\taimo\OneDrive\Documents 1\work\ecg-synthetic-research\data\rendered\ptbxl\NORM\11575.png,NORM,NORM,0.828,1
C:\Users\taimo\OneDrive\Documents 1\work\ecg-synthetic-research\data\rendered\ptbxl\NORM\11596.png,NORM,MI,0.644,0
C:\Users\taimo\OneDrive\Documents 1\work\ecg-synthetic-research\data\rendered\ptbxl\NORM\11613.png,NORM,NORM,0.7896,1
C:\Users\taimo\OneDrive\Documents 1\work\ecg-synthetic-research\data\rendered\ptbxl\NORM\11693.png,NORM,NORM,0.9043,1
C:\Users\taimo\OneDrive\Documents 1\work\ecg-synthetic-research\data\rendered\ptbxl\NORM\11720.png,NORM,NORM,0.513,1
C:\Users\taimo\OneDrive\Documents 1\work\ecg-synthetic-research\data\rendered\ptbxl\NORM\11721.png,NORM,NORM,0.851,1
C:\Users\taimo\OneDrive\Documents 1\work\ecg-synthetic-research\data\rendered\ptbxl\NORM\11732.png,NORM,NORM,0.771,1
C:\Users\taimo\OneDrive\Documents 1\work\ecg-synthetic-research\data\rendered\ptbxl\NORM\11750.png,NORM,NORM,0.802,1
C:\Users\taimo\OneDrive\Documents 1\work\ecg-synthetic-research\data\rendered\ptbxl\NORM\11801.png,NORM,NORM,0.6895,1
C:\Users\taimo\OneDrive\Documents 1\work\ecg-synthetic-research\data\rendered\ptbxl\NORM\11885.png,NORM,NORM,0.7744,1
C:\Users\taimo\OneDrive\Documents 1\work\ecg-synthetic-research\data\rendered\ptbxl\NORM\11951.png,NORM,NORM,0.824,1
C:\Users\taimo\OneDrive\Documents 1\work\ecg-synthetic-research\data\rendered\ptbxl\NORM\11957.png,NORM,NORM,0.7705,1
C:\Users\taimo\OneDrive\Documents 1\work\ecg-synthetic-research\data\rendered\ptbxl\NORM\11960.png,NORM,NORM,0.8774,1
C:\Users\taimo\OneDrive\Documents 1\work\ecg-synthetic-research\data\rendered\ptbxl\NORM\12006.png,NORM,NORM,0.8506,1
C:\Users\taimo\OneDrive\Documents 1\work\ecg-synthetic-research\data\rendered\ptbxl\NORM\12020.png,NORM,NORM,0.922,1
C:\Users\taimo\OneDrive\Documents 1\work\ecg-synthetic-research\data\rendered\ptbxl\NORM\12038.png,NORM,NORM,0.874,1
C:\Users\taimo\OneDrive\Documents 1\work\ecg-synthetic-research\data\rendered\ptbxl\NORM\12170.png,NORM,NORM,0.691,1
C:\Users\taimo\OneDrive\Documents 1\work\ecg-synthetic-research\data\rendered\ptbxl\NORM\12181.png,NORM,NORM,0.746,1
C:\Users\taimo\OneDrive\Documents 1\work\ecg-synthetic-research\data\rendered\ptbxl\NORM\12183.png,NORM,NORM,0.5303,1
C:\Users\taimo\OneDrive\Documents 1\work\ecg-synthetic-research\data\rendered\ptbxl\NORM\12327.png,NORM,NORM,0.8525,1
C:\Users\taimo\OneDrive\Documents 1\work\ecg-synthetic-research\data\rendered\ptbxl\NORM\12408.png,NORM,NORM,0.5645,1
C:\Users\taimo\OneDrive\Documents 1\work\ecg-synthetic-research\data\rendered\ptbxl\NORM\12446.png,NORM,NORM,0.867,1
C:\Users\taimo\OneDrive\Documents 1\work\ecg-synthetic-research\data\rendered\ptbxl\NORM\12455.png,NORM,NORM,0.632,1
C:\Users\taimo\OneDrive\Documents 1\work\ecg-synthetic-research\data\rendered\ptbxl\NORM\12471.png,NORM,NORM,0.831,1
C:\Users\taimo\OneDrive\Documents 1\work\ecg-synthetic-research\data\rendered\ptbxl\NORM\12563.png,NORM,NORM,0.771,1
C:\Users\taimo\OneDrive\Documents 1\work\ecg-synthetic-research\data\rendered\ptbxl\NORM\12595.png,NORM,NORM,0.8496,1
C:\Users\taimo\OneDrive\Documents 1\work\ecg-synthetic-research\data\rendered\ptbxl\NORM\12617.png,NORM,NORM,0.851,1
C:\Users\taimo\OneDrive\Documents 1\work\ecg-synthetic-research\data\rendered\ptbxl\NORM\12622.png,NORM,NORM,0.759,1
C:\Users\taimo\OneDrive\Documents 1\work\ecg-synthetic-research\data\rendered\ptbxl\NORM\12732.png,NORM,NORM,0.642,1
C:\Users\taimo\OneDrive\Documents 1\work\ecg-synthetic-research\data\rendered\ptbxl\NORM\12784.png,NORM,NORM,0.77,1
C:\Users\taimo\OneDrive\Documents 1\work\ecg-synthetic-research\data\rendered\ptbxl\NORM\12837.png,NORM,NORM,0.8667,1
C:\Users\taimo\OneDrive\Documents 1\work\ecg-synthetic-research\data\rendered\ptbxl\NORM\12919.png,NORM,NORM,0.758,1
C:\Users\taimo\OneDrive\Documents 1\work\ecg-synthetic-research\data\rendered\ptbxl\NORM\13063.png,NORM,NORM,0.743,1
C:\Users\taimo\OneDrive\Documents 1\work\ecg-synthetic-research\data\rendered\ptbxl\NORM\13070.png,NORM,NORM,0.8115,1
C:\Users\taimo\OneDrive\Documents 1\work\ecg-synthetic-research\data\rendered\ptbxl\NORM\13256.png,NORM,NORM,0.6943,1
C:\Users\taimo\OneDrive\Documents 1\work\ecg-synthetic-research\data\rendered\ptbxl\NORM\13315.png,NORM,NORM,0.7246,1
C:\Users\taimo\OneDrive\Documents 1\work\ecg-synthetic-research\data\rendered\ptbxl\NORM\13359.png,NORM,NORM,0.7925,1
C:\Users\taimo\OneDrive\Documents 1\work\ecg-synthetic-research\data\rendered\ptbxl\NORM\13452.png,NORM,NORM,0.924,1
C:\Users\taimo\OneDrive\Documents 1\work\ecg-synthetic-research\data\rendered\ptbxl\NORM\13472.png,NORM,NORM,0.7603,1
C:\Users\taimo\OneDrive\Documents 1\work\ecg-synthetic-research\data\rendered\ptbxl\NORM\13513.png,NORM,NORM,0.9136,1
C:\Users\taimo\OneDrive\Documents 1\work\ecg-synthetic-research\data\rendered\ptbxl\NORM\13567.png,NORM,NORM,0.7646,1
C:\Users\taimo\OneDrive\Documents 1\work\ecg-synthetic-research\data\rendered\ptbxl\NORM\13609.png,NORM,NORM,0.6836,1
C:\Users\taimo\OneDrive\Documents 1\work\ecg-synthetic-research\data\rendered\ptbxl\NORM\13621.png,NORM,NORM,0.9033,1
C:\Users\taimo\OneDrive\Documents 1\work\ecg-synthetic-research\data\rendered\ptbxl\NORM\13663.png,NORM,NORM,0.823,1
C:\Users\taimo\OneDrive\Documents 1\work\ecg-synthetic-research\data\rendered\ptbxl\NORM\13759.png,NORM,NORM,0.833,1
C:\Users\taimo\OneDrive\Documents 1\work\ecg-synthetic-research\data\rendered\ptbxl\NORM\13762.png,NORM,NORM,0.7817,1
C:\Users\taimo\OneDrive\Documents 1\work\ecg-synthetic-research\data\rendered\ptbxl\NORM\13821.png,NORM,NORM,0.5522,1
C:\Users\taimo\OneDrive\Documents 1\work\ecg-synthetic-research\data\rendered\ptbxl\NORM\13887.png,NORM,NORM,0.834,1
C:\Users\taimo\OneDrive\Documents 1\work\ecg-synthetic-research\data\rendered\ptbxl\NORM\13894.png,NORM,NORM,0.876,1
C:\Users\taimo\OneDrive\Documents 1\work\ecg-synthetic-research\data\rendered\ptbxl\NORM\13968.png,NORM,NORM,0.5312,1
C:\Users\taimo\OneDrive\Documents 1\work\ecg-synthetic-research\data\rendered\ptbxl\NORM\14002.png,NORM,NORM,0.834,1
C:\Users\taimo\OneDrive\Documents 1\work\ecg-synthetic-research\data\rendered\ptbxl\NORM\14079.png,NORM,NORM,0.814,1
C:\Users\taimo\OneDrive\Documents 1\work\ecg-synthetic-research\data\rendered\ptbxl\NORM\14082.png,NORM,NORM,0.7734,1
C:\Users\taimo\OneDrive\Documents 1\work\ecg-synthetic-research\data\rendered\ptbxl\NORM\14096.png,NORM,NORM,0.747,1
C:\Users\taimo\OneDrive\Documents 1\work\ecg-synthetic-research\data\rendered\ptbxl\NORM\14103.png,NORM,MI,0.4836,0
C:\Users\taimo\OneDrive\Documents 1\work\ecg-synthetic-research\data\rendered\ptbxl\NORM\14186.png,NORM,NORM,0.6685,1
C:\Users\taimo\OneDrive\Documents 1\work\ecg-synthetic-research\data\rendered\ptbxl\NORM\14214.png,NORM,NORM,0.869,1
C:\Users\taimo\OneDrive\Documents 1\work\ecg-synthetic-research\data\rendered\ptbxl\NORM\14251.png,NORM,NORM,0.5195,1
C:\Users\taimo\OneDrive\Documents 1\work\ecg-synthetic-research\data\rendered\ptbxl\NORM\14357.png,NORM,NORM,0.7676,1
C:\Users\taimo\OneDrive\Documents 1\work\ecg-synthetic-research\data\rendered\ptbxl\NORM\14377.png,NORM,NORM,0.494,1
C:\Users\taimo\OneDrive\Documents 1\work\ecg-synthetic-research\data\rendered\ptbxl\NORM\14380.png,NORM,NORM,0.8394,1
C:\Users\taimo\OneDrive\Documents 1\work\ecg-synthetic-research\data\rendered\ptbxl\NORM\14412.png,NORM,NORM,0.713,1
C:\Users\taimo\OneDrive\Documents 1\work\ecg-synthetic-research\data\rendered\ptbxl\NORM\14488.png,NORM,NORM,0.867,1
C:\Users\taimo\OneDrive\Documents 1\work\ecg-synthetic-research\data\rendered\ptbxl\NORM\14536.png,NORM,NORM,0.7344,1
C:\Users\taimo\OneDrive\Documents 1\work\ecg-synthetic-research\data\rendered\ptbxl\NORM\14778.png,NORM,NORM,0.776,1
C:\Users\taimo\OneDrive\Documents 1\work\ecg-synthetic-research\data\rendered\ptbxl\NORM\15011.png,NORM,NORM,0.8125,1
C:\Users\taimo\OneDrive\Documents 1\work\ecg-synthetic-research\data\rendered\ptbxl\NORM\15043.png,NORM,NORM,0.674,1
C:\Users\taimo\OneDrive\Documents 1\work\ecg-synthetic-research\data\rendered\ptbxl\NORM\15094.png,NORM,NORM,0.8306,1
C:\Users\taimo\OneDrive\Documents 1\work\ecg-synthetic-research\data\rendered\ptbxl\NORM\15105.png,NORM,NORM,0.8384,1
C:\Users\taimo\OneDrive\Documents 1\work\ecg-synthetic-research\data\rendered\ptbxl\NORM\15137.png,NORM,NORM,0.8774,1
C:\Users\taimo\OneDrive\Documents 1\work\ecg-synthetic-research\data\rendered\ptbxl\NORM\15171.png,NORM,NORM,0.852,1
C:\Users\taimo\OneDrive\Documents 1\work\ecg-synthetic-research\data\rendered\ptbxl\NORM\15236.png,NORM,NORM,0.8853,1
C:\Users\taimo\OneDrive\Documents 1\work\ecg-synthetic-research\data\rendered\ptbxl\NORM\15280.png,NORM,NORM,0.5215,1
C:\Users\taimo\OneDrive\Documents 1\work\ecg-synthetic-research\data\rendered\ptbxl\NORM\15359.png,NORM,NORM,0.9165,1
C:\Users\taimo\OneDrive\Documents 1\work\ecg-synthetic-research\data\rendered\ptbxl\NORM\15396.png,NORM,NORM,0.883,1
C:\Users\taimo\OneDrive\Documents 1\work\ecg-synthetic-research\data\rendered\ptbxl\NORM\15506.png,NORM,NORM,0.6963,1
C:\Users\taimo\OneDrive\Documents 1\work\ecg-synthetic-research\data\rendered\ptbxl\NORM\15547.png,NORM,NORM,0.797,1
C:\Users\taimo\OneDrive\Documents 1\work\ecg-synthetic-research\data\rendered\ptbxl\NORM\15668.png,NORM,NORM,0.8315,1
C:\Users\taimo\OneDrive\Documents 1\work\ecg-synthetic-research\data\rendered\ptbxl\NORM\15714.png,NORM,NORM,0.753,1
C:\Users\taimo\OneDrive\Documents 1\work\ecg-synthetic-research\data\rendered\ptbxl\NORM\15745.png,NORM,NORM,0.852,1
C:\Users\taimo\OneDrive\Documents 1\work\ecg-synthetic-research\data\rendered\ptbxl\NORM\15773.png,NORM,NORM,0.9404,1
C:\Users\taimo\OneDrive\Documents 1\work\ecg-synthetic-research\data\rendered\ptbxl\NORM\15854.png,NORM,NORM,0.8535,1
C:\Users\taimo\OneDrive\Documents 1\work\ecg-synthetic-research\data\rendered\ptbxl\NORM\15898.png,NORM,NORM,0.7466,1
C:\Users\taimo\OneDrive\Documents 1\work\ecg-synthetic-research\data\rendered\ptbxl\NORM\15938.png,NORM,NORM,0.8535,1
C:\Users\taimo\OneDrive\Documents 1\work\ecg-synthetic-research\data\rendered\ptbxl\NORM\15955.png,NORM,NORM,0.7534,1
C:\Users\taimo\OneDrive\Documents 1\work\ecg-synthetic-research\data\rendered\ptbxl\NORM\15963.png,NORM,NORM,0.723,1
C:\Users\taimo\OneDrive\Documents 1\work\ecg-synthetic-research\data\rendered\ptbxl\NORM\15965.png,NORM,NORM,0.716,1
C:\Users\taimo\OneDrive\Documents 1\work\ecg-synthetic-research\data\rendered\ptbxl\NORM\16000.png,NORM,AFIB,0.6997,0
C:\Users\taimo\OneDrive\Documents 1\work\ecg-synthetic-research\data\rendered\ptbxl\NORM\16104.png,NORM,NORM,0.8687,1
C:\Users\taimo\OneDrive\Documents 1\work\ecg-synthetic-research\data\rendered\ptbxl\NORM\16156.png,NORM,NORM,0.859,1
C:\Users\taimo\OneDrive\Documents 1\work\ecg-synthetic-research\data\rendered\ptbxl\NORM\16208.png,NORM,NORM,0.772,1
C:\Users\taimo\OneDrive\Documents 1\work\ecg-synthetic-research\data\rendered\ptbxl\NORM\16215.png,NORM,NORM,0.8794,1
C:\Users\taimo\OneDrive\Documents 1\work\ecg-synthetic-research\data\rendered\ptbxl\NORM\16250.png,NORM,NORM,0.8228,1
C:\Users\taimo\OneDrive\Documents 1\work\ecg-synthetic-research\data\rendered\ptbxl\NORM\16283.png,NORM,NORM,0.8594,1
C:\Users\taimo\OneDrive\Documents 1\work\ecg-synthetic-research\data\rendered\ptbxl\NORM\16364.png,NORM,NORM,0.8115,1
C:\Users\taimo\OneDrive\Documents 1\work\ecg-synthetic-research\data\rendered\ptbxl\NORM\16370.png,NORM,NORM,0.7915,1
C:\Users\taimo\OneDrive\Documents 1\work\ecg-synthetic-research\data\rendered\ptbxl\NORM\16419.png,NORM,NORM,0.738,1
C:\Users\taimo\OneDrive\Documents 1\work\ecg-synthetic-research\data\rendered\ptbxl\NORM\16516.png,NORM,NORM,0.796,1
C:\Users\taimo\OneDrive\Documents 1\work\ecg-synthetic-research\data\rendered\ptbxl\NORM\16569.png,NORM,NORM,0.678,1
C:\Users\taimo\OneDrive\Documents 1\work\ecg-synthetic-research\data\rendered\ptbxl\NORM\16618.png,NORM,NORM,0.8687,1
C:\Users\taimo\OneDrive\Documents 1\work\ecg-synthetic-research\data\rendered\ptbxl\NORM\16864.png,NORM,NORM,0.792,1
C:\Users\taimo\OneDrive\Documents 1\work\ecg-synthetic-research\data\rendered\ptbxl\NORM\16872.png,NORM,NORM,0.694,1
C:\Users\taimo\OneDrive\Documents 1\work\ecg-synthetic-research\data\rendered\ptbxl\NORM\16973.png,NORM,NORM,0.6685,1
C:\Users\taimo\OneDrive\Documents 1\work\ecg-synthetic-research\data\rendered\ptbxl\NORM\17008.png,NORM,MI,0.5234,0
C:\Users\taimo\OneDrive\Documents 1\work\ecg-synthetic-research\data\rendered\ptbxl\NORM\17169.png,NORM,NORM,0.7734,1
C:\Users\taimo\OneDrive\Documents 1\work\ecg-synthetic-research\data\rendered\ptbxl\NORM\17188.png,NORM,NORM,0.7603,1
C:\Users\taimo\OneDrive\Documents 1\work\ecg-synthetic-research\data\rendered\ptbxl\NORM\17213.png,NORM,NORM,0.769,1
C:\Users\taimo\OneDrive\Documents 1\work\ecg-synthetic-research\data\rendered\ptbxl\NORM\17299.png,NORM,NORM,0.803,1
C:\Users\taimo\OneDrive\Documents 1\work\ecg-synthetic-research\data\rendered\ptbxl\NORM\17300.png,NORM,AFIB,0.778,0
C:\Users\taimo\OneDrive\Documents 1\work\ecg-synthetic-research\data\rendered\ptbxl\NORM\17455.png,NORM,NORM,0.7466,1
C:\Users\taimo\OneDrive\Documents 1\work\ecg-synthetic-research\data\rendered\ptbxl\NORM\17459.png,NORM,NORM,0.8364,1
C:\Users\taimo\OneDrive\Documents 1\work\ecg-synthetic-research\data\rendered\ptbxl\NORM\17475.png,NORM,NORM,0.6904,1
C:\Users\taimo\OneDrive\Documents 1\work\ecg-synthetic-research\data\rendered\ptbxl\NORM\17496.png,NORM,NORM,0.6406,1
C:\Users\taimo\OneDrive\Documents 1\work\ecg-synthetic-research\data\rendered\ptbxl\NORM\17513.png,NORM,NORM,0.866,1
C:\Users\taimo\OneDrive\Documents 1\work\ecg-synthetic-research\data\rendered\ptbxl\NORM\17527.png,NORM,NORM,0.8193,1
C:\Users\taimo\OneDrive\Documents 1\work\ecg-synthetic-research\data\rendered\ptbxl\NORM\17532.png,NORM,NORM,0.903,1
C:\Users\taimo\OneDrive\Documents 1\work\ecg-synthetic-research\data\rendered\ptbxl\NORM\17814.png,NORM,NORM,0.7876,1
C:\Users\taimo\OneDrive\Documents 1\work\ecg-synthetic-research\data\rendered\ptbxl\NORM\17863.png,NORM,NORM,0.844,1
C:\Users\taimo\OneDrive\Documents 1\work\ecg-synthetic-research\data\rendered\ptbxl\NORM\17875.png,NORM,NORM,0.819,1
C:\Users\taimo\OneDrive\Documents 1\work\ecg-synthetic-research\data\rendered\ptbxl\NORM\17925.png,NORM,NORM,0.779,1
C:\Users\taimo\OneDrive\Documents 1\work\ecg-synthetic-research\data\rendered\ptbxl\NORM\18138.png,NORM,NORM,0.835,1
C:\Users\taimo\OneDrive\Documents 1\work\ecg-synthetic-research\data\rendered\ptbxl\NORM\18185.png,NORM,NORM,0.909,1
C:\Users\taimo\OneDrive\Documents 1\work\ecg-synthetic-research\data\rendered\ptbxl\NORM\18195.png,NORM,NORM,0.7676,1
C:\Users\taimo\OneDrive\Documents 1\work\ecg-synthetic-research\data\rendered\ptbxl\NORM\18264.png,NORM,NORM,0.8022,1
C:\Users\taimo\OneDrive\Documents 1\work\ecg-synthetic-research\data\rendered\ptbxl\NORM\18332.png,NORM,NORM,0.829,1
C:\Users\taimo\OneDrive\Documents 1\work\ecg-synthetic-research\data\rendered\ptbxl\NORM\18374.png,NORM,NORM,0.7563,1
C:\Users\taimo\OneDrive\Documents 1\work\ecg-synthetic-research\data\rendered\ptbxl\NORM\18384.png,NORM,NORM,0.846,1
C:\Users\taimo\OneDrive\Documents 1\work\ecg-synthetic-research\data\rendered\ptbxl\NORM\18393.png,NORM,NORM,0.622,1
C:\Users\taimo\OneDrive\Documents 1\work\ecg-synthetic-research\data\rendered\ptbxl\NORM\18402.png,NORM,NORM,0.7207,1
C:\Users\taimo\OneDrive\Documents 1\work\ecg-synthetic-research\data\rendered\ptbxl\NORM\18448.png,NORM,NORM,0.558,1
C:\Users\taimo\OneDrive\Documents 1\work\ecg-synthetic-research\data\rendered\ptbxl\NORM\18544.png,NORM,MI,0.598,0
C:\Users\taimo\OneDrive\Documents 1\work\ecg-synthetic-research\data\rendered\ptbxl\NORM\18580.png,NORM,NORM,0.592,1
C:\Users\taimo\OneDrive\Documents 1\work\ecg-synthetic-research\data\rendered\ptbxl\NORM\18721.png,NORM,NORM,0.3965,1
C:\Users\taimo\OneDrive\Documents 1\work\ecg-synthetic-research\data\rendered\ptbxl\NORM\18825.png,NORM,NORM,0.7324,1
C:\Users\taimo\OneDrive\Documents 1\work\ecg-synthetic-research\data\rendered\ptbxl\NORM\18833.png,NORM,MI,0.6533,0
C:\Users\taimo\OneDrive\Documents 1\work\ecg-synthetic-research\data\rendered\ptbxl\NORM\18858.png,NORM,NORM,0.9023,1
C:\Users\taimo\OneDrive\Documents 1\work\ecg-synthetic-research\data\rendered\ptbxl\NORM\18981.png,NORM,NORM,0.822,1
C:\Users\taimo\OneDrive\Documents 1\work\ecg-synthetic-research\data\rendered\ptbxl\NORM\19012.png,NORM,MI,0.617,0
C:\Users\taimo\OneDrive\Documents 1\work\ecg-synthetic-research\data\rendered\ptbxl\NORM\19181.png,NORM,NORM,0.519,1
C:\Users\taimo\OneDrive\Documents 1\work\ecg-synthetic-research\data\rendered\ptbxl\NORM\19188.png,NORM,NORM,0.9023,1
C:\Users\taimo\OneDrive\Documents 1\work\ecg-synthetic-research\data\rendered\ptbxl\NORM\19197.png,NORM,NORM,0.924,1
C:\Users\taimo\OneDrive\Documents 1\work\ecg-synthetic-research\data\rendered\ptbxl\NORM\19206.png,NORM,NORM,0.7744,1
C:\Users\taimo\OneDrive\Documents 1\work\ecg-synthetic-research\data\rendered\ptbxl\NORM\19331.png,NORM,NORM,0.8584,1
C:\Users\taimo\OneDrive\Documents 1\work\ecg-synthetic-research\data\rendered\ptbxl\NORM\19419.png,NORM,NORM,0.8813,1
C:\Users\taimo\OneDrive\Documents 1\work\ecg-synthetic-research\data\rendered\ptbxl\NORM\19422.png,NORM,NORM,0.8286,1
C:\Users\taimo\OneDrive\Documents 1\work\ecg-synthetic-research\data\rendered\ptbxl\NORM\19524.png,NORM,NORM,0.662,1
C:\Users\taimo\OneDrive\Documents 1\work\ecg-synthetic-research\data\rendered\ptbxl\NORM\19585.png,NORM,MI,0.5205,0
C:\Users\taimo\OneDrive\Documents 1\work\ecg-synthetic-research\data\rendered\ptbxl\NORM\19731.png,NORM,NORM,0.7764,1
C:\Users\taimo\OneDrive\Documents 1\work\ecg-synthetic-research\data\rendered\ptbxl\NORM\19732.png,NORM,NORM,0.867,1
C:\Users\taimo\OneDrive\Documents 1\work\ecg-synthetic-research\data\rendered\ptbxl\NORM\19752.png,NORM,NORM,0.7163,1
C:\Users\taimo\OneDrive\Documents 1\work\ecg-synthetic-research\data\rendered\ptbxl\NORM\19782.png,NORM,NORM,0.8555,1
C:\Users\taimo\OneDrive\Documents 1\work\ecg-synthetic-research\data\rendered\ptbxl\NORM\19812.png,NORM,NORM,0.7676,1
C:\Users\taimo\OneDrive\Documents 1\work\ecg-synthetic-research\data\rendered\ptbxl\NORM\19958.png,NORM,NORM,0.4087,1
C:\Users\taimo\OneDrive\Documents 1\work\ecg-synthetic-research\data\rendered\ptbxl\NORM\20089.png,NORM,NORM,0.8423,1
C:\Users\taimo\OneDrive\Documents 1\work\ecg-synthetic-research\data\rendered\ptbxl\NORM\20094.png,NORM,NORM,0.6064,1
C:\Users\taimo\OneDrive\Documents 1\work\ecg-synthetic-research\data\rendered\ptbxl\NORM\20178.png,NORM,NORM,0.8496,1
C:\Users\taimo\OneDrive\Documents 1\work\ecg-synthetic-research\data\rendered\ptbxl\NORM\20221.png,NORM,NORM,0.8535,1
C:\Users\taimo\OneDrive\Documents 1\work\ecg-synthetic-research\data\rendered\ptbxl\NORM\20264.png,NORM,NORM,0.8735,1
C:\Users\taimo\OneDrive\Documents 1\work\ecg-synthetic-research\data\rendered\ptbxl\NORM\20276.png,NORM,NORM,0.69,1
C:\Users\taimo\OneDrive\Documents 1\work\ecg-synthetic-research\data\rendered\ptbxl\NORM\20281.png,NORM,NORM,0.872,1
C:\Users\taimo\OneDrive\Documents 1\work\ecg-synthetic-research\data\rendered\ptbxl\NORM\20397.png,NORM,NORM,0.7583,1
C:\Users\taimo\OneDrive\Documents 1\work\ecg-synthetic-research\data\rendered\ptbxl\NORM\20442.png,NORM,NORM,0.7974,1
C:\Users\taimo\OneDrive\Documents 1\work\ecg-synthetic-research\data\rendered\ptbxl\NORM\20478.png,NORM,NORM,0.6504,1
C:\Users\taimo\OneDrive\Documents 1\work\ecg-synthetic-research\data\rendered\ptbxl\NORM\20520.png,NORM,NORM,0.761,1
C:\Users\taimo\OneDrive\Documents 1\work\ecg-synthetic-research\data\rendered\ptbxl\NORM\20538.png,NORM,NORM,0.8057,1
C:\Users\taimo\OneDrive\Documents 1\work\ecg-synthetic-research\data\rendered\ptbxl\NORM\20696.png,NORM,NORM,0.616,1
C:\Users\taimo\OneDrive\Documents 1\work\ecg-synthetic-research\data\rendered\ptbxl\NORM\20714.png,NORM,NORM,0.736,1
C:\Users\taimo\OneDrive\Documents 1\work\ecg-synthetic-research\data\rendered\ptbxl\NORM\20875.png,NORM,NORM,0.6406,1
C:\Users\taimo\OneDrive\Documents 1\work\ecg-synthetic-research\data\rendered\ptbxl\NORM\20891.png,NORM,NORM,0.8223,1
C:\Users\taimo\OneDrive\Documents 1\work\ecg-synthetic-research\data\rendered\ptbxl\NORM\20903.png,NORM,NORM,0.746,1
C:\Users\taimo\OneDrive\Documents 1\work\ecg-synthetic-research\data\rendered\ptbxl\NORM\21061.png,NORM,NORM,0.648,1
C:\Users\taimo\OneDrive\Documents 1\work\ecg-synthetic-research\data\rendered\ptbxl\NORM\21088.png,NORM,NORM,0.717,1
C:\Users\taimo\OneDrive\Documents 1\work\ecg-synthetic-research\data\rendered\ptbxl\NORM\21174.png,NORM,NORM,0.6714,1
C:\Users\taimo\OneDrive\Documents 1\work\ecg-synthetic-research\data\rendered\ptbxl\NORM\21214.png,NORM,NORM,0.8193,1
C:\Users\taimo\OneDrive\Documents 1\work\ecg-synthetic-research\data\rendered\ptbxl\NORM\21346.png,NORM,TACHY,0.577,0
C:\Users\taimo\OneDrive\Documents 1\work\ecg-synthetic-research\data\rendered\ptbxl\NORM\21411.png,NORM,NORM,0.5024,1
C:\Users\taimo\OneDrive\Documents 1\work\ecg-synthetic-research\data\rendered\ptbxl\NORM\21433.png,NORM,NORM,0.796,1
C:\Users\taimo\OneDrive\Documents 1\work\ecg-synthetic-research\data\rendered\ptbxl\NORM\21477.png,NORM,NORM,0.785,1
C:\Users\taimo\OneDrive\Documents 1\work\ecg-synthetic-research\data\rendered\ptbxl\NORM\21646.png,NORM,NORM,0.849,1
C:\Users\taimo\OneDrive\Documents 1\work\ecg-synthetic-research\data\rendered\ptbxl\NORM\21694.png,NORM,NORM,0.7886,1
C:\Users\taimo\OneDrive\Documents 1\work\ecg-synthetic-research\data\rendered\ptbxl\MI\00240.png,MI,NORM,0.8604,0
C:\Users\taimo\OneDrive\Documents 1\work\ecg-synthetic-research\data\rendered\ptbxl\MI\00414.png,MI,MI,0.9917,1
C:\Users\taimo\OneDrive\Documents 1\work\ecg-synthetic-research\data\rendered\ptbxl\MI\00425.png,MI,MI,0.66,1
C:\Users\taimo\OneDrive\Documents 1\work\ecg-synthetic-research\data\rendered\ptbxl\MI\00453.png,MI,MI,0.581,1
C:\Users\taimo\OneDrive\Documents 1\work\ecg-synthetic-research\data\rendered\ptbxl\MI\00564.png,MI,MI,0.7036,1
C:\Users\taimo\OneDrive\Documents 1\work\ecg-synthetic-research\data\rendered\ptbxl\MI\00914.png,MI,MI,0.597,1
C:\Users\taimo\OneDrive\Documents 1\work\ecg-synthetic-research\data\rendered\ptbxl\MI\00968.png,MI,MI,0.9097,1
C:\Users\taimo\OneDrive\Documents 1\work\ecg-synthetic-research\data\rendered\ptbxl\MI\00991.png,MI,MI,0.509,1
C:\Users\taimo\OneDrive\Documents 1\work\ecg-synthetic-research\data\rendered\ptbxl\MI\01040.png,MI,MI,0.8545,1
C:\Users\taimo\OneDrive\Documents 1\work\ecg-synthetic-research\data\rendered\ptbxl\MI\01081.png,MI,MI,0.719,1
C:\Users\taimo\OneDrive\Documents 1\work\ecg-synthetic-research\data\rendered\ptbxl\MI\01373.png,MI,MI,0.609,1
C:\Users\taimo\OneDrive\Documents 1\work\ecg-synthetic-research\data\rendered\ptbxl\MI\01427.png,MI,MI,0.755,1
C:\Users\taimo\OneDrive\Documents 1\work\ecg-synthetic-research\data\rendered\ptbxl\MI\01452.png,MI,NORM,0.5327,0
C:\Users\taimo\OneDrive\Documents 1\work\ecg-synthetic-research\data\rendered\ptbxl\MI\01474.png,MI,MI,0.8525,1
C:\Users\taimo\OneDrive\Documents 1\work\ecg-synthetic-research\data\rendered\ptbxl\MI\01492.png,MI,MI,0.9146,1
C:\Users\taimo\OneDrive\Documents 1\work\ecg-synthetic-research\data\rendered\ptbxl\MI\01537.png,MI,AFIB,0.672,0
C:\Users\taimo\OneDrive\Documents 1\work\ecg-synthetic-research\data\rendered\ptbxl\MI\01592.png,MI,MI,0.833,1
C:\Users\taimo\OneDrive\Documents 1\work\ecg-synthetic-research\data\rendered\ptbxl\MI\01675.png,MI,NORM,0.576,0
C:\Users\taimo\OneDrive\Documents 1\work\ecg-synthetic-research\data\rendered\ptbxl\MI\01849.png,MI,TACHY,0.3655,0
C:\Users\taimo\OneDrive\Documents 1\work\ecg-synthetic-research\data\rendered\ptbxl\MI\01937.png,MI,MI,0.8784,1
C:\Users\taimo\OneDrive\Documents 1\work\ecg-synthetic-research\data\rendered\ptbxl\MI\02050.png,MI,MI,0.6084,1
C:\Users\taimo\OneDrive\Documents 1\work\ecg-synthetic-research\data\rendered\ptbxl\MI\02054.png,MI,TACHY,0.905,0
C:\Users\taimo\OneDrive\Documents 1\work\ecg-synthetic-research\data\rendered\ptbxl\MI\02082.png,MI,MI,0.8784,1
C:\Users\taimo\OneDrive\Documents 1\work\ecg-synthetic-research\data\rendered\ptbxl\MI\02109.png,MI,NORM,0.759,0
C:\Users\taimo\OneDrive\Documents 1\work\ecg-synthetic-research\data\rendered\ptbxl\MI\02235.png,MI,MI,0.975,1
C:\Users\taimo\OneDrive\Documents 1\work\ecg-synthetic-research\data\rendered\ptbxl\MI\02269.png,MI,TACHY,0.5835,0
C:\Users\taimo\OneDrive\Documents 1\work\ecg-synthetic-research\data\rendered\ptbxl\MI\02322.png,MI,TACHY,0.8545,0
C:\Users\taimo\OneDrive\Documents 1\work\ecg-synthetic-research\data\rendered\ptbxl\MI\02422.png,MI,MI,0.702,1
C:\Users\taimo\OneDrive\Documents 1\work\ecg-synthetic-research\data\rendered\ptbxl\MI\02428.png,MI,MI,0.519,1
C:\Users\taimo\OneDrive\Documents 1\work\ecg-synthetic-research\data\rendered\ptbxl\MI\02510.png,MI,NORM,0.5283,0
C:\Users\taimo\OneDrive\Documents 1\work\ecg-synthetic-research\data\rendered\ptbxl\MI\02555.png,MI,MI,0.951,1
C:\Users\taimo\OneDrive\Documents 1\work\ecg-synthetic-research\data\rendered\ptbxl\MI\02621.png,MI,MI,0.874,1
C:\Users\taimo\OneDrive\Documents 1\work\ecg-synthetic-research\data\rendered\ptbxl\MI\02627.png,MI,NORM,0.6416,0
C:\Users\taimo\OneDrive\Documents 1\work\ecg-synthetic-research\data\rendered\ptbxl\MI\02675.png,MI,MI,0.4636,1
C:\Users\taimo\OneDrive\Documents 1\work\ecg-synthetic-research\data\rendered\ptbxl\MI\02740.png,MI,MI,0.8716,1
C:\Users\taimo\OneDrive\Documents 1\work\ecg-synthetic-research\data\rendered\ptbxl\MI\03052.png,MI,MI,0.6406,1
C:\Users\taimo\OneDrive\Documents 1\work\ecg-synthetic-research\data\rendered\ptbxl\MI\03069.png,MI,MI,0.819,1
C:\Users\taimo\OneDrive\Documents 1\work\ecg-synthetic-research\data\rendered\ptbxl\MI\03076.png,MI,MI,0.8374,1
C:\Users\taimo\OneDrive\Documents 1\work\ecg-synthetic-research\data\rendered\ptbxl\MI\03219.png,MI,MI,0.905,1
C:\Users\taimo\OneDrive\Documents 1\work\ecg-synthetic-research\data\rendered\ptbxl\MI\03260.png,MI,MI,0.9536,1
C:\Users\taimo\OneDrive\Documents 1\work\ecg-synthetic-research\data\rendered\ptbxl\MI\03290.png,MI,AFIB,0.928,0
C:\Users\taimo\OneDrive\Documents 1\work\ecg-synthetic-research\data\rendered\ptbxl\MI\03821.png,MI,TACHY,0.8975,0
C:\Users\taimo\OneDrive\Documents 1\work\ecg-synthetic-research\data\rendered\ptbxl\MI\03883.png,MI,MI,0.85,1
C:\Users\taimo\OneDrive\Documents 1\work\ecg-synthetic-research\data\rendered\ptbxl\MI\03899.png,MI,MI,0.8857,1
C:\Users\taimo\OneDrive\Documents 1\work\ecg-synthetic-research\data\rendered\ptbxl\MI\03968.png,MI,MI,0.928,1
C:\Users\taimo\OneDrive\Documents 1\work\ecg-synthetic-research\data\rendered\ptbxl\MI\04196.png,MI,MI,0.5366,1
C:\Users\taimo\OneDrive\Documents 1\work\ecg-synthetic-research\data\rendered\ptbxl\MI\04265.png,MI,MI,0.668,1
C:\Users\taimo\OneDrive\Documents 1\work\ecg-synthetic-research\data\rendered\ptbxl\MI\04307.png,MI,MI,0.9746,1
C:\Users\taimo\OneDrive\Documents 1\work\ecg-synthetic-research\data\rendered\ptbxl\MI\04316.png,MI,MI,0.9653,1
C:\Users\taimo\OneDrive\Documents 1\work\ecg-synthetic-research\data\rendered\ptbxl\MI\04380.png,MI,MI,0.6523,1
C:\Users\taimo\OneDrive\Documents 1\work\ecg-synthetic-research\data\rendered\ptbxl\MI\04400.png,MI,MI,0.9375,1
C:\Users\taimo\OneDrive\Documents 1\work\ecg-synthetic-research\data\rendered\ptbxl\MI\04448.png,MI,MI,0.802,1
C:\Users\taimo\OneDrive\Documents 1\work\ecg-synthetic-research\data\rendered\ptbxl\MI\04452.png,MI,MI,0.6973,1
C:\Users\taimo\OneDrive\Documents 1\work\ecg-synthetic-research\data\rendered\ptbxl\MI\04522.png,MI,NORM,0.6284,0
C:\Users\taimo\OneDrive\Documents 1\work\ecg-synthetic-research\data\rendered\ptbxl\MI\04614.png,MI,MI,0.553,1
C:\Users\taimo\OneDrive\Documents 1\work\ecg-synthetic-research\data\rendered\ptbxl\MI\04618.png,MI,MI,0.959,1
C:\Users\taimo\OneDrive\Documents 1\work\ecg-synthetic-research\data\rendered\ptbxl\MI\04649.png,MI,MI,0.663,1
C:\Users\taimo\OneDrive\Documents 1\work\ecg-synthetic-research\data\rendered\ptbxl\MI\04656.png,MI,MI,0.699,1
C:\Users\taimo\OneDrive\Documents 1\work\ecg-synthetic-research\data\rendered\ptbxl\MI\04781.png,MI,MI,0.978,1
C:\Users\taimo\OneDrive\Documents 1\work\ecg-synthetic-research\data\rendered\ptbxl\MI\04872.png,MI,MI,0.7725,1
C:\Users\taimo\OneDrive\Documents 1\work\ecg-synthetic-research\data\rendered\ptbxl\MI\04894.png,MI,MI,0.566,1
C:\Users\taimo\OneDrive\Documents 1\work\ecg-synthetic-research\data\rendered\ptbxl\MI\05070.png,MI,MI,0.9595,1
C:\Users\taimo\OneDrive\Documents 1\work\ecg-synthetic-research\data\rendered\ptbxl\MI\05116.png,MI,MI,0.6157,1
C:\Users\taimo\OneDrive\Documents 1\work\ecg-synthetic-research\data\rendered\ptbxl\MI\05155.png,MI,MI,0.7666,1
C:\Users\taimo\OneDrive\Documents 1\work\ecg-synthetic-research\data\rendered\ptbxl\MI\05264.png,MI,AFIB,0.526,0
C:\Users\taimo\OneDrive\Documents 1\work\ecg-synthetic-research\data\rendered\ptbxl\MI\05312.png,MI,MI,0.3936,1
C:\Users\taimo\OneDrive\Documents 1\work\ecg-synthetic-research\data\rendered\ptbxl\MI\05343.png,MI,MI,0.7144,1
C:\Users\taimo\OneDrive\Documents 1\work\ecg-synthetic-research\data\rendered\ptbxl\MI\05404.png,MI,MI,0.8022,1
C:\Users\taimo\OneDrive\Documents 1\work\ecg-synthetic-research\data\rendered\ptbxl\MI\05497.png,MI,MI,0.511,1
C:\Users\taimo\OneDrive\Documents 1\work\ecg-synthetic-research\data\rendered\ptbxl\MI\05560.png,MI,MI,0.9673,1
C:\Users\taimo\OneDrive\Documents 1\work\ecg-synthetic-research\data\rendered\ptbxl\MI\05590.png,MI,MI,0.7505,1
C:\Users\taimo\OneDrive\Documents 1\work\ecg-synthetic-research\data\rendered\ptbxl\MI\05676.png,MI,MI,0.72,1
C:\Users\taimo\OneDrive\Documents 1\work\ecg-synthetic-research\data\rendered\ptbxl\MI\05863.png,MI,MI,0.973,1
C:\Users\taimo\OneDrive\Documents 1\work\ecg-synthetic-research\data\rendered\ptbxl\MI\06056.png,MI,MI,0.5293,1
C:\Users\taimo\OneDrive\Documents 1\work\ecg-synthetic-research\data\rendered\ptbxl\MI\06085.png,MI,MI,0.5166,1
C:\Users\taimo\OneDrive\Documents 1\work\ecg-synthetic-research\data\rendered\ptbxl\MI\06195.png,MI,MI,0.96,1
C:\Users\taimo\OneDrive\Documents 1\work\ecg-synthetic-research\data\rendered\ptbxl\MI\06230.png,MI,MI,0.6846,1
C:\Users\taimo\OneDrive\Documents 1\work\ecg-synthetic-research\data\rendered\ptbxl\MI\06275.png,MI,MI,0.9463,1
C:\Users\taimo\OneDrive\Documents 1\work\ecg-synthetic-research\data\rendered\ptbxl\MI\06331.png,MI,MI,0.519,1
C:\Users\taimo\OneDrive\Documents 1\work\ecg-synthetic-research\data\rendered\ptbxl\MI\06350.png,MI,MI,0.942,1
C:\Users\taimo\OneDrive\Documents 1\work\ecg-synthetic-research\data\rendered\ptbxl\MI\06450.png,MI,MI,0.5537,1
C:\Users\taimo\OneDrive\Documents 1\work\ecg-synthetic-research\data\rendered\ptbxl\MI\06520.png,MI,MI,0.9775,1
C:\Users\taimo\OneDrive\Documents 1\work\ecg-synthetic-research\data\rendered\ptbxl\MI\06523.png,MI,MI,0.5913,1
C:\Users\taimo\OneDrive\Documents 1\work\ecg-synthetic-research\data\rendered\ptbxl\MI\06532.png,MI,MI,0.968,1
C:\Users\taimo\OneDrive\Documents 1\work\ecg-synthetic-research\data\rendered\ptbxl\MI\06606.png,MI,MI,0.948,1
C:\Users\taimo\OneDrive\Documents 1\work\ecg-synthetic-research\data\rendered\ptbxl\MI\06625.png,MI,NORM,0.7437,0
C:\Users\taimo\OneDrive\Documents 1\work\ecg-synthetic-research\data\rendered\ptbxl\MI\06669.png,MI,MI,0.8877,1
C:\Users\taimo\OneDrive\Documents 1\work\ecg-synthetic-research\data\rendered\ptbxl\MI\06681.png,MI,MI,0.9004,1
C:\Users\taimo\OneDrive\Documents 1\work\ecg-synthetic-research\data\rendered\ptbxl\MI\06683.png,MI,MI,0.598,1
C:\Users\taimo\OneDrive\Documents 1\work\ecg-synthetic-research\data\rendered\ptbxl\MI\06863.png,MI,NORM,0.4963,0
C:\Users\taimo\OneDrive\Documents 1\work\ecg-synthetic-research\data\rendered\ptbxl\MI\06903.png,MI,NORM,0.676,0
C:\Users\taimo\OneDrive\Documents 1\work\ecg-synthetic-research\data\rendered\ptbxl\MI\06961.png,MI,MI,0.7046,1
C:\Users\taimo\OneDrive\Documents 1\work\ecg-synthetic-research\data\rendered\ptbxl\MI\07023.png,MI,MI,0.9033,1
C:\Users\taimo\OneDrive\Documents 1\work\ecg-synthetic-research\data\rendered\ptbxl\MI\07038.png,MI,MI,0.8193,1
C:\Users\taimo\OneDrive\Documents 1\work\ecg-synthetic-research\data\rendered\ptbxl\MI\07132.png,MI,MI,0.784,1
C:\Users\taimo\OneDrive\Documents 1\work\ecg-synthetic-research\data\rendered\ptbxl\MI\07335.png,MI,NORM,0.5117,0
C:\Users\taimo\OneDrive\Documents 1\work\ecg-synthetic-research\data\rendered\ptbxl\MI\07431.png,MI,MI,0.8584,1
C:\Users\taimo\OneDrive\Documents 1\work\ecg-synthetic-research\data\rendered\ptbxl\MI\07518.png,MI,MI,0.9834,1
C:\Users\taimo\OneDrive\Documents 1\work\ecg-synthetic-research\data\rendered\ptbxl\MI\07686.png,MI,MI,0.7266,1
C:\Users\taimo\OneDrive\Documents 1\work\ecg-synthetic-research\data\rendered\ptbxl\MI\07729.png,MI,MI,0.6685,1
C:\Users\taimo\OneDrive\Documents 1\work\ecg-synthetic-research\data\rendered\ptbxl\MI\07746.png,MI,TACHY,0.6655,0
C:\Users\taimo\OneDrive\Documents 1\work\ecg-synthetic-research\data\rendered\ptbxl\MI\07827.png,MI,MI,0.927,1
C:\Users\taimo\OneDrive\Documents 1\work\ecg-synthetic-research\data\rendered\ptbxl\MI\07851.png,MI,NORM,0.5703,0
C:\Users\taimo\OneDrive\Documents 1\work\ecg-synthetic-research\data\rendered\ptbxl\MI\07858.png,MI,MI,0.6855,1
C:\Users\taimo\OneDrive\Documents 1\work\ecg-synthetic-research\data\rendered\ptbxl\MI\07862.png,MI,NORM,0.5044,0
C:\Users\taimo\OneDrive\Documents 1\work\ecg-synthetic-research\data\rendered\ptbxl\MI\08095.png,MI,MI,0.994,1
C:\Users\taimo\OneDrive\Documents 1\work\ecg-synthetic-research\data\rendered\ptbxl\MI\08131.png,MI,MI,0.9316,1
C:\Users\taimo\OneDrive\Documents 1\work\ecg-synthetic-research\data\rendered\ptbxl\MI\08178.png,MI,MI,0.9263,1
C:\Users\taimo\OneDrive\Documents 1\work\ecg-synthetic-research\data\rendered\ptbxl\MI\08324.png,MI,MI,0.8354,1
C:\Users\taimo\OneDrive\Documents 1\work\ecg-synthetic-research\data\rendered\ptbxl\MI\08329.png,MI,MI,0.7144,1
C:\Users\taimo\OneDrive\Documents 1\work\ecg-synthetic-research\data\rendered\ptbxl\MI\08348.png,MI,TACHY,0.502,0
C:\Users\taimo\OneDrive\Documents 1\work\ecg-synthetic-research\data\rendered\ptbxl\MI\08401.png,MI,TACHY,0.7847,0
C:\Users\taimo\OneDrive\Documents 1\work\ecg-synthetic-research\data\rendered\ptbxl\MI\08442.png,MI,MI,0.6523,1
C:\Users\taimo\OneDrive\Documents 1\work\ecg-synthetic-research\data\rendered\ptbxl\MI\08595.png,MI,MI,0.8477,1
C:\Users\taimo\OneDrive\Documents 1\work\ecg-synthetic-research\data\rendered\ptbxl\MI\08600.png,MI,MI,0.8984,1
C:\Users\taimo\OneDrive\Documents 1\work\ecg-synthetic-research\data\rendered\ptbxl\MI\08687.png,MI,NORM,0.6675,0
C:\Users\taimo\OneDrive\Documents 1\work\ecg-synthetic-research\data\rendered\ptbxl\MI\08810.png,MI,MI,0.728,1
C:\Users\taimo\OneDrive\Documents 1\work\ecg-synthetic-research\data\rendered\ptbxl\MI\08820.png,MI,MI,0.944,1
C:\Users\taimo\OneDrive\Documents 1\work\ecg-synthetic-research\data\rendered\ptbxl\MI\08841.png,MI,MI,0.988,1
C:\Users\taimo\OneDrive\Documents 1\work\ecg-synthetic-research\data\rendered\ptbxl\MI\08888.png,MI,MI,0.8667,1
C:\Users\taimo\OneDrive\Documents 1\work\ecg-synthetic-research\data\rendered\ptbxl\MI\08983.png,MI,MI,0.9653,1
C:\Users\taimo\OneDrive\Documents 1\work\ecg-synthetic-research\data\rendered\ptbxl\MI\08994.png,MI,TACHY,0.5283,0
C:\Users\taimo\OneDrive\Documents 1\work\ecg-synthetic-research\data\rendered\ptbxl\MI\09022.png,MI,MI,0.7896,1
C:\Users\taimo\OneDrive\Documents 1\work\ecg-synthetic-research\data\rendered\ptbxl\MI\09039.png,MI,NORM,0.698,0
C:\Users\taimo\OneDrive\Documents 1\work\ecg-synthetic-research\data\rendered\ptbxl\MI\09053.png,MI,MI,0.7144,1
C:\Users\taimo\OneDrive\Documents 1\work\ecg-synthetic-research\data\rendered\ptbxl\MI\09102.png,MI,MI,0.867,1
C:\Users\taimo\OneDrive\Documents 1\work\ecg-synthetic-research\data\rendered\ptbxl\MI\09138.png,MI,MI,0.9443,1
C:\Users\taimo\OneDrive\Documents 1\work\ecg-synthetic-research\data\rendered\ptbxl\MI\09146.png,MI,MI,0.9136,1
C:\Users\taimo\OneDrive\Documents 1\work\ecg-synthetic-research\data\rendered\ptbxl\MI\09186.png,MI,MI,0.631,1
C:\Users\taimo\OneDrive\Documents 1\work\ecg-synthetic-research\data\rendered\ptbxl\MI\09227.png,MI,NORM,0.88,0
C:\Users\taimo\OneDrive\Documents 1\work\ecg-synthetic-research\data\rendered\ptbxl\MI\09251.png,MI,MI,0.7085,1
C:\Users\taimo\OneDrive\Documents 1\work\ecg-synthetic-research\data\rendered\ptbxl\MI\09255.png,MI,MI,0.703,1
C:\Users\taimo\OneDrive\Documents 1\work\ecg-synthetic-research\data\rendered\ptbxl\MI\09269.png,MI,MI,0.6963,1
C:\Users\taimo\OneDrive\Documents 1\work\ecg-synthetic-research\data\rendered\ptbxl\MI\09283.png,MI,MI,0.9946,1
C:\Users\taimo\OneDrive\Documents 1\work\ecg-synthetic-research\data\rendered\ptbxl\MI\09295.png,MI,MI,0.926,1
C:\Users\taimo\OneDrive\Documents 1\work\ecg-synthetic-research\data\rendered\ptbxl\MI\09356.png,MI,MI,0.927,1
C:\Users\taimo\OneDrive\Documents 1\work\ecg-synthetic-research\data\rendered\ptbxl\MI\09378.png,MI,MI,0.9326,1
C:\Users\taimo\OneDrive\Documents 1\work\ecg-synthetic-research\data\rendered\ptbxl\MI\09552.png,MI,NORM,0.5366,0
C:\Users\taimo\OneDrive\Documents 1\work\ecg-synthetic-research\data\rendered\ptbxl\MI\09559.png,MI,MI,0.9346,1
C:\Users\taimo\OneDrive\Documents 1\work\ecg-synthetic-research\data\rendered\ptbxl\MI\09569.png,MI,MI,0.9395,1
C:\Users\taimo\OneDrive\Documents 1\work\ecg-synthetic-research\data\rendered\ptbxl\MI\09647.png,MI,MI,0.9644,1
C:\Users\taimo\OneDrive\Documents 1\work\ecg-synthetic-research\data\rendered\ptbxl\MI\09757.png,MI,NORM,0.7407,0
C:\Users\taimo\OneDrive\Documents 1\work\ecg-synthetic-research\data\rendered\ptbxl\MI\09785.png,MI,MI,0.947,1
C:\Users\taimo\OneDrive\Documents 1\work\ecg-synthetic-research\data\rendered\ptbxl\MI\09889.png,MI,MI,0.6675,1
C:\Users\taimo\OneDrive\Documents 1\work\ecg-synthetic-research\data\rendered\ptbxl\MI\09902.png,MI,MI,0.945,1
C:\Users\taimo\OneDrive\Documents 1\work\ecg-synthetic-research\data\rendered\ptbxl\MI\09906.png,MI,MI,0.8496,1
C:\Users\taimo\OneDrive\Documents 1\work\ecg-synthetic-research\data\rendered\ptbxl\MI\09915.png,MI,MI,0.9805,1
C:\Users\taimo\OneDrive\Documents 1\work\ecg-synthetic-research\data\rendered\ptbxl\MI\10012.png,MI,MI,0.9673,1
C:\Users\taimo\OneDrive\Documents 1\work\ecg-synthetic-research\data\rendered\ptbxl\MI\10047.png,MI,MI,0.8506,1
C:\Users\taimo\OneDrive\Documents 1\work\ecg-synthetic-research\data\rendered\ptbxl\MI\10055.png,MI,MI,0.9634,1
C:\Users\taimo\OneDrive\Documents 1\work\ecg-synthetic-research\data\rendered\ptbxl\MI\10101.png,MI,MI,0.901,1
C:\Users\taimo\OneDrive\Documents 1\work\ecg-synthetic-research\data\rendered\ptbxl\MI\10245.png,MI,TACHY,0.358,0
C:\Users\taimo\OneDrive\Documents 1\work\ecg-synthetic-research\data\rendered\ptbxl\MI\10258.png,MI,NORM,0.623,0
C:\Users\taimo\OneDrive\Documents 1\work\ecg-synthetic-research\data\rendered\ptbxl\MI\10370.png,MI,MI,0.771,1
C:\Users\taimo\OneDrive\Documents 1\work\ecg-synthetic-research\data\rendered\ptbxl\MI\10400.png,MI,MI,0.9077,1
C:\Users\taimo\OneDrive\Documents 1\work\ecg-synthetic-research\data\rendered\ptbxl\MI\10430.png,MI,TACHY,0.714,0
C:\Users\taimo\OneDrive\Documents 1\work\ecg-synthetic-research\data\rendered\ptbxl\MI\10446.png,MI,MI,0.579,1
C:\Users\taimo\OneDrive\Documents 1\work\ecg-synthetic-research\data\rendered\ptbxl\MI\10453.png,MI,MI,0.3682,1
C:\Users\taimo\OneDrive\Documents 1\work\ecg-synthetic-research\data\rendered\ptbxl\MI\10467.png,MI,MI,0.981,1
C:\Users\taimo\OneDrive\Documents 1\work\ecg-synthetic-research\data\rendered\ptbxl\MI\10526.png,MI,MI,0.847,1
C:\Users\taimo\OneDrive\Documents 1\work\ecg-synthetic-research\data\rendered\ptbxl\MI\10554.png,MI,MI,0.9893,1
C:\Users\taimo\OneDrive\Documents 1\work\ecg-synthetic-research\data\rendered\ptbxl\MI\10574.png,MI,NORM,0.735,0
C:\Users\taimo\OneDrive\Documents 1\work\ecg-synthetic-research\data\rendered\ptbxl\MI\10609.png,MI,MI,0.9526,1
C:\Users\taimo\OneDrive\Documents 1\work\ecg-synthetic-research\data\rendered\ptbxl\MI\10668.png,MI,MI,0.5054,1
C:\Users\taimo\OneDrive\Documents 1\work\ecg-synthetic-research\data\rendered\ptbxl\MI\10714.png,MI,MI,0.7896,1
C:\Users\taimo\OneDrive\Documents 1\work\ecg-synthetic-research\data\rendered\ptbxl\MI\10720.png,MI,MI,0.7925,1
C:\Users\taimo\OneDrive\Documents 1\work\ecg-synthetic-research\data\rendered\ptbxl\MI\10744.png,MI,MI,0.521,1
C:\Users\taimo\OneDrive\Documents 1\work\ecg-synthetic-research\data\rendered\ptbxl\MI\10818.png,MI,MI,0.9805,1
C:\Users\taimo\OneDrive\Documents 1\work\ecg-synthetic-research\data\rendered\ptbxl\MI\11111.png,MI,MI,0.677,1
C:\Users\taimo\OneDrive\Documents 1\work\ecg-synthetic-research\data\rendered\ptbxl\MI\11148.png,MI,NORM,0.6924,0
C:\Users\taimo\OneDrive\Documents 1\work\ecg-synthetic-research\data\rendered\ptbxl\MI\11319.png,MI,NORM,0.5366,0
C:\Users\taimo\OneDrive\Documents 1\work\ecg-synthetic-research\data\rendered\ptbxl\MI\11370.png,MI,TACHY,0.7227,0
C:\Users\taimo\OneDrive\Documents 1\work\ecg-synthetic-research\data\rendered\ptbxl\MI\11374.png,MI,MI,0.726,1
C:\Users\taimo\OneDrive\Documents 1\work\ecg-synthetic-research\data\rendered\ptbxl\MI\11396.png,MI,MI,0.9736,1
C:\Users\taimo\OneDrive\Documents 1\work\ecg-synthetic-research\data\rendered\ptbxl\MI\11409.png,MI,TACHY,0.7583,0
C:\Users\taimo\OneDrive\Documents 1\work\ecg-synthetic-research\data\rendered\ptbxl\MI\11460.png,MI,MI,0.7876,1
C:\Users\taimo\OneDrive\Documents 1\work\ecg-synthetic-research\data\rendered\ptbxl\MI\11649.png,MI,MI,0.727,1
C:\Users\taimo\OneDrive\Documents 1\work\ecg-synthetic-research\data\rendered\ptbxl\MI\11652.png,MI,MI,0.7715,1
C:\Users\taimo\OneDrive\Documents 1\work\ecg-synthetic-research\data\rendered\ptbxl\MI\11757.png,MI,MI,0.7354,1
C:\Users\taimo\OneDrive\Documents 1\work\ecg-synthetic-research\data\rendered\ptbxl\MI\11769.png,MI,MI,0.756,1
C:\Users\taimo\OneDrive\Documents 1\work\ecg-synthetic-research\data\rendered\ptbxl\MI\11832.png,MI,MI,0.5483,1
C:\Users\taimo\OneDrive\Documents 1\work\ecg-synthetic-research\data\rendered\ptbxl\MI\11869.png,MI,TACHY,0.957,0
C:\Users\taimo\OneDrive\Documents 1\work\ecg-synthetic-research\data\rendered\ptbxl\MI\11875.png,MI,MI,0.5156,1
C:\Users\taimo\OneDrive\Documents 1\work\ecg-synthetic-research\data\rendered\ptbxl\MI\11940.png,MI,MI,0.6543,1
C:\Users\taimo\OneDrive\Documents 1\work\ecg-synthetic-research\data\rendered\ptbxl\MI\11944.png,MI,MI,0.948,1
C:\Users\taimo\OneDrive\Documents 1\work\ecg-synthetic-research\data\rendered\ptbxl\MI\12037.png,MI,MI,0.54,1
C:\Users\taimo\OneDrive\Documents 1\work\ecg-synthetic-research\data\rendered\ptbxl\MI\12212.png,MI,MI,0.6855,1
C:\Users\taimo\OneDrive\Documents 1\work\ecg-synthetic-research\data\rendered\ptbxl\MI\12288.png,MI,MI,0.7417,1
C:\Users\taimo\OneDrive\Documents 1\work\ecg-synthetic-research\data\rendered\ptbxl\MI\12324.png,MI,MI,0.7866,1
C:\Users\taimo\OneDrive\Documents 1\work\ecg-synthetic-research\data\rendered\ptbxl\MI\12367.png,MI,MI,0.8555,1
C:\Users\taimo\OneDrive\Documents 1\work\ecg-synthetic-research\data\rendered\ptbxl\MI\12381.png,MI,MI,0.9263,1
C:\Users\taimo\OneDrive\Documents 1\work\ecg-synthetic-research\data\rendered\ptbxl\MI\12406.png,MI,MI,0.921,1
C:\Users\taimo\OneDrive\Documents 1\work\ecg-synthetic-research\data\rendered\ptbxl\MI\12419.png,MI,MI,0.9805,1
C:\Users\taimo\OneDrive\Documents 1\work\ecg-synthetic-research\data\rendered\ptbxl\MI\12435.png,MI,MI,0.9116,1
C:\Users\taimo\OneDrive\Documents 1\work\ecg-synthetic-research\data\rendered\ptbxl\MI\12444.png,MI,MI,0.783,1
C:\Users\taimo\OneDrive\Documents 1\work\ecg-synthetic-research\data\rendered\ptbxl\MI\12495.png,MI,MI,0.9453,1
C:\Users\taimo\OneDrive\Documents 1\work\ecg-synthetic-research\data\rendered\ptbxl\MI\12535.png,MI,MI,0.831,1
C:\Users\taimo\OneDrive\Documents 1\work\ecg-synthetic-research\data\rendered\ptbxl\MI\12605.png,MI,NORM,0.5645,0
C:\Users\taimo\OneDrive\Documents 1\work\ecg-synthetic-research\data\rendered\ptbxl\MI\12618.png,MI,MI,0.91,1
C:\Users\taimo\OneDrive\Documents 1\work\ecg-synthetic-research\data\rendered\ptbxl\MI\12643.png,MI,MI,0.786,1
C:\Users\taimo\OneDrive\Documents 1\work\ecg-synthetic-research\data\rendered\ptbxl\MI\12867.png,MI,MI,0.946,1
C:\Users\taimo\OneDrive\Documents 1\work\ecg-synthetic-research\data\rendered\ptbxl\MI\12873.png,MI,MI,0.895,1
C:\Users\taimo\OneDrive\Documents 1\work\ecg-synthetic-research\data\rendered\ptbxl\MI\12910.png,MI,MI,0.746,1
C:\Users\taimo\OneDrive\Documents 1\work\ecg-synthetic-research\data\rendered\ptbxl\MI\12936.png,MI,MI,0.8447,1
C:\Users\taimo\OneDrive\Documents 1\work\ecg-synthetic-research\data\rendered\ptbxl\MI\13012.png,MI,MI,0.515,1
C:\Users\taimo\OneDrive\Documents 1\work\ecg-synthetic-research\data\rendered\ptbxl\MI\13013.png,MI,MI,0.949,1
C:\Users\taimo\OneDrive\Documents 1\work\ecg-synthetic-research\data\rendered\ptbxl\MI\13078.png,MI,MI,0.653,1
C:\Users\taimo\OneDrive\Documents 1\work\ecg-synthetic-research\data\rendered\ptbxl\MI\13224.png,MI,MI,0.9497,1
C:\Users\taimo\OneDrive\Documents 1\work\ecg-synthetic-research\data\rendered\ptbxl\MI\13289.png,MI,MI,0.8613,1
C:\Users\taimo\OneDrive\Documents 1\work\ecg-synthetic-research\data\rendered\ptbxl\MI\13313.png,MI,NORM,0.5903,0
C:\Users\taimo\OneDrive\Documents 1\work\ecg-synthetic-research\data\rendered\ptbxl\MI\13393.png,MI,MI,0.973,1
C:\Users\taimo\OneDrive\Documents 1\work\ecg-synthetic-research\data\rendered\ptbxl\MI\13454.png,MI,TACHY,0.651,0
C:\Users\taimo\OneDrive\Documents 1\work\ecg-synthetic-research\data\rendered\ptbxl\MI\13515.png,MI,MI,0.894,1
C:\Users\taimo\OneDrive\Documents 1\work\ecg-synthetic-research\data\rendered\ptbxl\MI\13577.png,MI,AFIB,0.5967,0
C:\Users\taimo\OneDrive\Documents 1\work\ecg-synthetic-research\data\rendered\ptbxl\MI\13598.png,MI,TACHY,0.8774,0
C:\Users\taimo\OneDrive\Documents 1\work\ecg-synthetic-research\data\rendered\ptbxl\MI\13652.png,MI,MI,0.881,1
C:\Users\taimo\OneDrive\Documents 1\work\ecg-synthetic-research\data\rendered\ptbxl\MI\13687.png,MI,MI,0.871,1
C:\Users\taimo\OneDrive\Documents 1\work\ecg-synthetic-research\data\rendered\ptbxl\MI\13695.png,MI,MI,0.9062,1
C:\Users\taimo\OneDrive\Documents 1\work\ecg-synthetic-research\data\rendered\ptbxl\MI\13831.png,MI,MI,0.5967,1
C:\Users\taimo\OneDrive\Documents 1\work\ecg-synthetic-research\data\rendered\ptbxl\MI\13845.png,MI,MI,0.7476,1
C:\Users\taimo\OneDrive\Documents 1\work\ecg-synthetic-research\data\rendered\ptbxl\MI\13956.png,MI,AFIB,0.555,0
C:\Users\taimo\OneDrive\Documents 1\work\ecg-synthetic-research\data\rendered\ptbxl\MI\14008.png,MI,MI,0.9014,1
C:\Users\taimo\OneDrive\Documents 1\work\ecg-synthetic-research\data\rendered\ptbxl\MI\14094.png,MI,NORM,0.804,0
C:\Users\taimo\OneDrive\Documents 1\work\ecg-synthetic-research\data\rendered\ptbxl\MI\14101.png,MI,MI,0.6865,1
C:\Users\taimo\OneDrive\Documents 1\work\ecg-synthetic-research\data\rendered\ptbxl\MI\14285.png,MI,MI,0.9487,1
C:\Users\taimo\OneDrive\Documents 1\work\ecg-synthetic-research\data\rendered\ptbxl\MI\14305.png,MI,MI,0.6797,1
C:\Users\taimo\OneDrive\Documents 1\work\ecg-synthetic-research\data\rendered\ptbxl\MI\14706.png,MI,MI,0.881,1
C:\Users\taimo\OneDrive\Documents 1\work\ecg-synthetic-research\data\rendered\ptbxl\MI\14709.png,MI,MI,0.9814,1
C:\Users\taimo\OneDrive\Documents 1\work\ecg-synthetic-research\data\rendered\ptbxl\MI\14729.png,MI,MI,0.8335,1
C:\Users\taimo\OneDrive\Documents 1\work\ecg-synthetic-research\data\rendered\ptbxl\MI\14803.png,MI,NORM,0.5684,0
C:\Users\taimo\OneDrive\Documents 1\work\ecg-synthetic-research\data\rendered\ptbxl\MI\14847.png,MI,MI,0.685,1
C:\Users\taimo\OneDrive\Documents 1\work\ecg-synthetic-research\data\rendered\ptbxl\MI\14952.png,MI,MI,0.9688,1
C:\Users\taimo\OneDrive\Documents 1\work\ecg-synthetic-research\data\rendered\ptbxl\MI\15023.png,MI,MI,0.625,1
C:\Users\taimo\OneDrive\Documents 1\work\ecg-synthetic-research\data\rendered\ptbxl\MI\15047.png,MI,MI,0.905,1
C:\Users\taimo\OneDrive\Documents 1\work\ecg-synthetic-research\data\rendered\ptbxl\MI\15086.png,MI,MI,0.9126,1
C:\Users\taimo\OneDrive\Documents 1\work\ecg-synthetic-research\data\rendered\ptbxl\MI\15120.png,MI,MI,0.8013,1
C:\Users\taimo\OneDrive\Documents 1\work\ecg-synthetic-research\data\rendered\ptbxl\MI\15149.png,MI,MI,0.974,1
C:\Users\taimo\OneDrive\Documents 1\work\ecg-synthetic-research\data\rendered\ptbxl\MI\15166.png,MI,MI,0.854,1
C:\Users\taimo\OneDrive\Documents 1\work\ecg-synthetic-research\data\rendered\ptbxl\MI\15191.png,MI,MI,0.9062,1
C:\Users\taimo\OneDrive\Documents 1\work\ecg-synthetic-research\data\rendered\ptbxl\MI\15227.png,MI,NORM,0.5312,0
C:\Users\taimo\OneDrive\Documents 1\work\ecg-synthetic-research\data\rendered\ptbxl\MI\15235.png,MI,TACHY,0.944,0
C:\Users\taimo\OneDrive\Documents 1\work\ecg-synthetic-research\data\rendered\ptbxl\MI\15254.png,MI,MI,0.87,1
C:\Users\taimo\OneDrive\Documents 1\work\ecg-synthetic-research\data\rendered\ptbxl\MI\15289.png,MI,MI,0.9976,1
C:\Users\taimo\OneDrive\Documents 1\work\ecg-synthetic-research\data\rendered\ptbxl\MI\15298.png,MI,MI,0.8203,1
C:\Users\taimo\OneDrive\Documents 1\work\ecg-synthetic-research\data\rendered\ptbxl\MI\15338.png,MI,MI,0.888,1
C:\Users\taimo\OneDrive\Documents 1\work\ecg-synthetic-research\data\rendered\ptbxl\MI\15495.png,MI,MI,0.902,1
C:\Users\taimo\OneDrive\Documents 1\work\ecg-synthetic-research\data\rendered\ptbxl\MI\15499.png,MI,NORM,0.6577,0
C:\Users\taimo\OneDrive\Documents 1\work\ecg-synthetic-research\data\rendered\ptbxl\MI\15564.png,MI,MI,0.9795,1
C:\Users\taimo\OneDrive\Documents 1\work\ecg-synthetic-research\data\rendered\ptbxl\MI\15607.png,MI,MI,0.8228,1
C:\Users\taimo\OneDrive\Documents 1\work\ecg-synthetic-research\data\rendered\ptbxl\MI\15707.png,MI,MI,0.5176,1
C:\Users\taimo\OneDrive\Documents 1\work\ecg-synthetic-research\data\rendered\ptbxl\MI\15746.png,MI,MI,0.536,1
C:\Users\taimo\OneDrive\Documents 1\work\ecg-synthetic-research\data\rendered\ptbxl\MI\15879.png,MI,NORM,0.5605,0
C:\Users\taimo\OneDrive\Documents 1\work\ecg-synthetic-research\data\rendered\ptbxl\MI\15966.png,MI,MI,0.738,1
C:\Users\taimo\OneDrive\Documents 1\work\ecg-synthetic-research\data\rendered\ptbxl\MI\15973.png,MI,AFIB,0.686,0
C:\Users\taimo\OneDrive\Documents 1\work\ecg-synthetic-research\data\rendered\ptbxl\MI\16022.png,MI,NORM,0.6304,0
C:\Users\taimo\OneDrive\Documents 1\work\ecg-synthetic-research\data\rendered\ptbxl\MI\16030.png,MI,MI,0.8555,1
C:\Users\taimo\OneDrive\Documents 1\work\ecg-synthetic-research\data\rendered\ptbxl\MI\16049.png,MI,MI,0.9224,1
C:\Users\taimo\OneDrive\Documents 1\work\ecg-synthetic-research\data\rendered\ptbxl\MI\16094.png,MI,MI,0.7236,1
C:\Users\taimo\OneDrive\Documents 1\work\ecg-synthetic-research\data\rendered\ptbxl\MI\16175.png,MI,MI,0.849,1
C:\Users\taimo\OneDrive\Documents 1\work\ecg-synthetic-research\data\rendered\ptbxl\MI\16202.png,MI,NORM,0.7817,0
C:\Users\taimo\OneDrive\Documents 1\work\ecg-synthetic-research\data\rendered\ptbxl\MI\16225.png,MI,MI,0.611,1
C:\Users\taimo\OneDrive\Documents 1\work\ecg-synthetic-research\data\rendered\ptbxl\MI\16234.png,MI,MI,0.9927,1
C:\Users\taimo\OneDrive\Documents 1\work\ecg-synthetic-research\data\rendered\ptbxl\MI\16406.png,MI,MI,0.761,1
C:\Users\taimo\OneDrive\Documents 1\work\ecg-synthetic-research\data\rendered\ptbxl\MI\16418.png,MI,NORM,0.526,0
C:\Users\taimo\OneDrive\Documents 1\work\ecg-synthetic-research\data\rendered\ptbxl\MI\16427.png,MI,MI,0.731,1
C:\Users\taimo\OneDrive\Documents 1\work\ecg-synthetic-research\data\rendered\ptbxl\MI\16517.png,MI,MI,0.51,1
C:\Users\taimo\OneDrive\Documents 1\work\ecg-synthetic-research\data\rendered\ptbxl\MI\16546.png,MI,TACHY,0.525,0
C:\Users\taimo\OneDrive\Documents 1\work\ecg-synthetic-research\data\rendered\ptbxl\MI\16641.png,MI,TACHY,0.8584,0
C:\Users\taimo\OneDrive\Documents 1\work\ecg-synthetic-research\data\rendered\ptbxl\MI\16702.png,MI,MI,0.6597,1
C:\Users\taimo\OneDrive\Documents 1\work\ecg-synthetic-research\data\rendered\ptbxl\MI\16711.png,MI,MI,0.858,1
C:\Users\taimo\OneDrive\Documents 1\work\ecg-synthetic-research\data\rendered\ptbxl\MI\16847.png,MI,MI,0.744,1
C:\Users\taimo\OneDrive\Documents 1\work\ecg-synthetic-research\data\rendered\ptbxl\MI\16884.png,MI,MI,0.9937,1
C:\Users\taimo\OneDrive\Documents 1\work\ecg-synthetic-research\data\rendered\ptbxl\MI\16886.png,MI,MI,0.98,1
C:\Users\taimo\OneDrive\Documents 1\work\ecg-synthetic-research\data\rendered\ptbxl\MI\16891.png,MI,MI,0.982,1
C:\Users\taimo\OneDrive\Documents 1\work\ecg-synthetic-research\data\rendered\ptbxl\MI\16948.png,MI,MI,0.921,1
C:\Users\taimo\OneDrive\Documents 1\work\ecg-synthetic-research\data\rendered\ptbxl\MI\16979.png,MI,MI,0.93,1
C:\Users\taimo\OneDrive\Documents 1\work\ecg-synthetic-research\data\rendered\ptbxl\MI\17002.png,MI,MI,0.9463,1
C:\Users\taimo\OneDrive\Documents 1\work\ecg-synthetic-research\data\rendered\ptbxl\MI\17036.png,MI,MI,0.871,1
C:\Users\taimo\OneDrive\Documents 1\work\ecg-synthetic-research\data\rendered\ptbxl\MI\17053.png,MI,MI,0.9453,1
C:\Users\taimo\OneDrive\Documents 1\work\ecg-synthetic-research\data\rendered\ptbxl\MI\17144.png,MI,MI,0.9214,1
C:\Users\taimo\OneDrive\Documents 1\work\ecg-synthetic-research\data\rendered\ptbxl\MI\17148.png,MI,MI,0.69,1
C:\Users\taimo\OneDrive\Documents 1\work\ecg-synthetic-research\data\rendered\ptbxl\MI\17163.png,MI,MI,0.971,1
C:\Users\taimo\OneDrive\Documents 1\work\ecg-synthetic-research\data\rendered\ptbxl\MI\17286.png,MI,MI,0.8867,1
C:\Users\taimo\OneDrive\Documents 1\work\ecg-synthetic-research\data\rendered\ptbxl\MI\17314.png,MI,MI,0.378,1
C:\Users\taimo\OneDrive\Documents 1\work\ecg-synthetic-research\data\rendered\ptbxl\MI\17416.png,MI,MI,0.953,1
C:\Users\taimo\OneDrive\Documents 1\work\ecg-synthetic-research\data\rendered\ptbxl\MI\17464.png,MI,MI,0.761,1
C:\Users\taimo\OneDrive\Documents 1\work\ecg-synthetic-research\data\rendered\ptbxl\MI\17484.png,MI,MI,0.959,1
C:\Users\taimo\OneDrive\Documents 1\work\ecg-synthetic-research\data\rendered\ptbxl\MI\17519.png,MI,NORM,0.5093,0
C:\Users\taimo\OneDrive\Documents 1\work\ecg-synthetic-research\data\rendered\ptbxl\MI\17530.png,MI,MI,0.627,1
C:\Users\taimo\OneDrive\Documents 1\work\ecg-synthetic-research\data\rendered\ptbxl\MI\17537.png,MI,NORM,0.6147,0
C:\Users\taimo\OneDrive\Documents 1\work\ecg-synthetic-research\data\rendered\ptbxl\MI\17558.png,MI,MI,0.651,1
C:\Users\taimo\OneDrive\Documents 1\work\ecg-synthetic-research\data\rendered\ptbxl\MI\17559.png,MI,MI,0.628,1
C:\Users\taimo\OneDrive\Documents 1\work\ecg-synthetic-research\data\rendered\ptbxl\MI\17567.png,MI,MI,0.965,1
C:\Users\taimo\OneDrive\Documents 1\work\ecg-synthetic-research\data\rendered\ptbxl\MI\17582.png,MI,MI,0.969,1
C:\Users\taimo\OneDrive\Documents 1\work\ecg-synthetic-research\data\rendered\ptbxl\MI\17587.png,MI,MI,0.5815,1
C:\Users\taimo\OneDrive\Documents 1\work\ecg-synthetic-research\data\rendered\ptbxl\MI\17939.png,MI,MI,0.9404,1
C:\Users\taimo\OneDrive\Documents 1\work\ecg-synthetic-research\data\rendered\ptbxl\MI\17976.png,MI,MI,0.993,1
C:\Users\taimo\OneDrive\Documents 1\work\ecg-synthetic-research\data\rendered\ptbxl\MI\18038.png,MI,NORM,0.7207,0
C:\Users\taimo\OneDrive\Documents 1\work\ecg-synthetic-research\data\rendered\ptbxl\MI\18091.png,MI,MI,0.864,1
C:\Users\taimo\OneDrive\Documents 1\work\ecg-synthetic-research\data\rendered\ptbxl\MI\18097.png,MI,MI,0.7314,1
C:\Users\taimo\OneDrive\Documents 1\work\ecg-synthetic-research\data\rendered\ptbxl\MI\18118.png,MI,MI,0.9165,1
C:\Users\taimo\OneDrive\Documents 1\work\ecg-synthetic-research\data\rendered\ptbxl\MI\18249.png,MI,MI,0.5845,1
C:\Users\taimo\OneDrive\Documents 1\work\ecg-synthetic-research\data\rendered\ptbxl\MI\18303.png,MI,NORM,0.7827,0
C:\Users\taimo\OneDrive\Documents 1\work\ecg-synthetic-research\data\rendered\ptbxl\MI\18337.png,MI,MI,0.6533,1
C:\Users\taimo\OneDrive\Documents 1\work\ecg-synthetic-research\data\rendered\ptbxl\MI\18409.png,MI,MI,0.978,1
C:\Users\taimo\OneDrive\Documents 1\work\ecg-synthetic-research\data\rendered\ptbxl\MI\18440.png,MI,MI,0.988,1
C:\Users\taimo\OneDrive\Documents 1\work\ecg-synthetic-research\data\rendered\ptbxl\MI\18497.png,MI,MI,0.781,1
C:\Users\taimo\OneDrive\Documents 1\work\ecg-synthetic-research\data\rendered\ptbxl\MI\18512.png,MI,MI,0.9707,1
C:\Users\taimo\OneDrive\Documents 1\work\ecg-synthetic-research\data\rendered\ptbxl\MI\18520.png,MI,MI,0.905,1
C:\Users\taimo\OneDrive\Documents 1\work\ecg-synthetic-research\data\rendered\ptbxl\MI\18582.png,MI,MI,0.4934,1
C:\Users\taimo\OneDrive\Documents 1\work\ecg-synthetic-research\data\rendered\ptbxl\MI\18668.png,MI,MI,0.911,1
C:\Users\taimo\OneDrive\Documents 1\work\ecg-synthetic-research\data\rendered\ptbxl\MI\18686.png,MI,MI,0.9365,1
C:\Users\taimo\OneDrive\Documents 1\work\ecg-synthetic-research\data\rendered\ptbxl\MI\18715.png,MI,MI,0.9185,1
C:\Users\taimo\OneDrive\Documents 1\work\ecg-synthetic-research\data\rendered\ptbxl\MI\18717.png,MI,MI,0.932,1
C:\Users\taimo\OneDrive\Documents 1\work\ecg-synthetic-research\data\rendered\ptbxl\MI\18723.png,MI,MI,0.875,1
C:\Users\taimo\OneDrive\Documents 1\work\ecg-synthetic-research\data\rendered\ptbxl\MI\18740.png,MI,NORM,0.623,0
C:\Users\taimo\OneDrive\Documents 1\work\ecg-synthetic-research\data\rendered\ptbxl\MI\18755.png,MI,MI,0.8594,1
C:\Users\taimo\OneDrive\Documents 1\work\ecg-synthetic-research\data\rendered\ptbxl\MI\18763.png,MI,MI,0.7344,1
C:\Users\taimo\OneDrive\Documents 1\work\ecg-synthetic-research\data\rendered\ptbxl\MI\18850.png,MI,NORM,0.8438,0
C:\Users\taimo\OneDrive\Documents 1\work\ecg-synthetic-research\data\rendered\ptbxl\MI\18856.png,MI,MI,0.929,1
C:\Users\taimo\OneDrive\Documents 1\work\ecg-synthetic-research\data\rendered\ptbxl\MI\18876.png,MI,MI,0.9927,1
C:\Users\taimo\OneDrive\Documents 1\work\ecg-synthetic-research\data\rendered\ptbxl\MI\18895.png,MI,MI,0.9697,1
C:\Users\taimo\OneDrive\Documents 1\work\ecg-synthetic-research\data\rendered\ptbxl\MI\19062.png,MI,MI,0.8325,1
C:\Users\taimo\OneDrive\Documents 1\work\ecg-synthetic-research\data\rendered\ptbxl\MI\19247.png,MI,MI,0.8555,1
C:\Users\taimo\OneDrive\Documents 1\work\ecg-synthetic-research\data\rendered\ptbxl\MI\19448.png,MI,MI,0.901,1
C:\Users\taimo\OneDrive\Documents 1\work\ecg-synthetic-research\data\rendered\ptbxl\MI\19612.png,MI,MI,0.6167,1
C:\Users\taimo\OneDrive\Documents 1\work\ecg-synthetic-research\data\rendered\ptbxl\MI\19639.png,MI,MI,0.8584,1
C:\Users\taimo\OneDrive\Documents 1\work\ecg-synthetic-research\data\rendered\ptbxl\MI\19875.png,MI,TACHY,0.984,0
C:\Users\taimo\OneDrive\Documents 1\work\ecg-synthetic-research\data\rendered\ptbxl\MI\20080.png,MI,MI,0.959,1
C:\Users\taimo\OneDrive\Documents 1\work\ecg-synthetic-research\data\rendered\ptbxl\MI\20081.png,MI,MI,0.958,1
C:\Users\taimo\OneDrive\Documents 1\work\ecg-synthetic-research\data\rendered\ptbxl\MI\20128.png,MI,MI,0.8027,1
C:\Users\taimo\OneDrive\Documents 1\work\ecg-synthetic-research\data\rendered\ptbxl\MI\20132.png,MI,MI,0.7856,1
C:\Users\taimo\OneDrive\Documents 1\work\ecg-synthetic-research\data\rendered\ptbxl\MI\20345.png,MI,MI,0.601,1
C:\Users\taimo\OneDrive\Documents 1\work\ecg-synthetic-research\data\rendered\ptbxl\MI\20350.png,MI,MI,0.838,1
C:\Users\taimo\OneDrive\Documents 1\work\ecg-synthetic-research\data\rendered\ptbxl\MI\20400.png,MI,MI,0.802,1
C:\Users\taimo\OneDrive\Documents 1\work\ecg-synthetic-research\data\rendered\ptbxl\MI\20422.png,MI,MI,0.904,1
C:\Users\taimo\OneDrive\Documents 1\work\ecg-synthetic-research\data\rendered\ptbxl\MI\20439.png,MI,MI,0.9277,1
C:\Users\taimo\OneDrive\Documents 1\work\ecg-synthetic-research\data\rendered\ptbxl\MI\20447.png,MI,MI,0.9707,1
C:\Users\taimo\OneDrive\Documents 1\work\ecg-synthetic-research\data\rendered\ptbxl\MI\20496.png,MI,MI,0.612,1
C:\Users\taimo\OneDrive\Documents 1\work\ecg-synthetic-research\data\rendered\ptbxl\MI\20515.png,MI,MI,0.727,1
C:\Users\taimo\OneDrive\Documents 1\work\ecg-synthetic-research\data\rendered\ptbxl\MI\20562.png,MI,MI,0.9165,1
C:\Users\taimo\OneDrive\Documents 1\work\ecg-synthetic-research\data\rendered\ptbxl\MI\20585.png,MI,MI,0.8057,1
C:\Users\taimo\OneDrive\Documents 1\work\ecg-synthetic-research\data\rendered\ptbxl\MI\20613.png,MI,MI,0.5786,1
C:\Users\taimo\OneDrive\Documents 1\work\ecg-synthetic-research\data\rendered\ptbxl\MI\20728.png,MI,MI,0.99,1
C:\Users\taimo\OneDrive\Documents 1\work\ecg-synthetic-research\data\rendered\ptbxl\MI\20827.png,MI,MI,0.502,1
C:\Users\taimo\OneDrive\Documents 1\work\ecg-synthetic-research\data\rendered\ptbxl\MI\20870.png,MI,MI,0.9907,1
C:\Users\taimo\OneDrive\Documents 1\work\ecg-synthetic-research\data\rendered\ptbxl\MI\20890.png,MI,MI,0.968,1
C:\Users\taimo\OneDrive\Documents 1\work\ecg-synthetic-research\data\rendered\ptbxl\MI\20898.png,MI,MI,0.9375,1
C:\Users\taimo\OneDrive\Documents 1\work\ecg-synthetic-research\data\rendered\ptbxl\MI\20904.png,MI,MI,0.9487,1
C:\Users\taimo\OneDrive\Documents 1\work\ecg-synthetic-research\data\rendered\ptbxl\MI\20926.png,MI,NORM,0.5845,0
C:\Users\taimo\OneDrive\Documents 1\work\ecg-synthetic-research\data\rendered\ptbxl\MI\20973.png,MI,MI,0.9043,1
C:\Users\taimo\OneDrive\Documents 1\work\ecg-synthetic-research\data\rendered\ptbxl\MI\21004.png,MI,MI,0.807,1
C:\Users\taimo\OneDrive\Documents 1\work\ecg-synthetic-research\data\rendered\ptbxl\MI\21045.png,MI,MI,0.905,1
C:\Users\taimo\OneDrive\Documents 1\work\ecg-synthetic-research\data\rendered\ptbxl\MI\21112.png,MI,MI,0.638,1
C:\Users\taimo\OneDrive\Documents 1\work\ecg-synthetic-research\data\rendered\ptbxl\MI\21120.png,MI,MI,0.7617,1
C:\Users\taimo\OneDrive\Documents 1\work\ecg-synthetic-research\data\rendered\ptbxl\MI\21165.png,MI,MI,0.992,1
C:\Users\taimo\OneDrive\Documents 1\work\ecg-synthetic-research\data\rendered\ptbxl\MI\21194.png,MI,MI,0.759,1
C:\Users\taimo\OneDrive\Documents 1\work\ecg-synthetic-research\data\rendered\ptbxl\MI\21202.png,MI,MI,0.9116,1
C:\Users\taimo\OneDrive\Documents 1\work\ecg-synthetic-research\data\rendered\ptbxl\MI\21206.png,MI,NORM,0.5234,0
C:\Users\taimo\OneDrive\Documents 1\work\ecg-synthetic-research\data\rendered\ptbxl\MI\21210.png,MI,MI,0.8867,1
C:\Users\taimo\OneDrive\Documents 1\work\ecg-synthetic-research\data\rendered\ptbxl\MI\21234.png,MI,NORM,0.6064,0
C:\Users\taimo\OneDrive\Documents 1\work\ecg-synthetic-research\data\rendered\ptbxl\MI\21273.png,MI,MI,0.664,1
C:\Users\taimo\OneDrive\Documents 1\work\ecg-synthetic-research\data\rendered\ptbxl\MI\21296.png,MI,MI,0.894,1
C:\Users\taimo\OneDrive\Documents 1\work\ecg-synthetic-research\data\rendered\ptbxl\MI\21314.png,MI,MI,0.9717,1
C:\Users\taimo\OneDrive\Documents 1\work\ecg-synthetic-research\data\rendered\ptbxl\MI\21320.png,MI,MI,0.721,1
C:\Users\taimo\OneDrive\Documents 1\work\ecg-synthetic-research\data\rendered\ptbxl\MI\21327.png,MI,MI,0.98,1
C:\Users\taimo\OneDrive\Documents 1\work\ecg-synthetic-research\data\rendered\ptbxl\MI\21461.png,MI,MI,0.9756,1
C:\Users\taimo\OneDrive\Documents 1\work\ecg-synthetic-research\data\rendered\ptbxl\MI\21511.png,MI,MI,0.633,1
C:\Users\taimo\OneDrive\Documents 1\work\ecg-synthetic-research\data\rendered\ptbxl\MI\21521.png,MI,NORM,0.4272,0
C:\Users\taimo\OneDrive\Documents 1\work\ecg-synthetic-research\data\rendered\ptbxl\MI\21577.png,MI,MI,0.927,1
C:\Users\taimo\OneDrive\Documents 1\work\ecg-synthetic-research\data\rendered\ptbxl\MI\21582.png,MI,NORM,0.5894,0
C:\Users\taimo\OneDrive\Documents 1\work\ecg-synthetic-research\data\rendered\ptbxl\MI\21590.png,MI,MI,0.6885,1
C:\Users\taimo\OneDrive\Documents 1\work\ecg-synthetic-research\data\rendered\ptbxl\MI\21627.png,MI,MI,0.925,1
C:\Users\taimo\OneDrive\Documents 1\work\ecg-synthetic-research\data\rendered\ptbxl\MI\21799.png,MI,TACHY,0.7236,0
C:\Users\taimo\OneDrive\Documents 1\work\ecg-synthetic-research\data\rendered\ptbxl\MI\21811.png,MI,MI,0.5186,1
C:\Users\taimo\OneDrive\Documents 1\work\ecg-synthetic-research\data\rendered\ptbxl\MI\21827.png,MI,AFIB,0.4766,0
C:\Users\taimo\OneDrive\Documents 1\work\ecg-synthetic-research\data\rendered\ptbxl\AFIB\00318.png,AFIB,AFIB,0.9634,1
C:\Users\taimo\OneDrive\Documents 1\work\ecg-synthetic-research\data\rendered\ptbxl\AFIB\00321.png,AFIB,AFIB,0.811,1
C:\Users\taimo\OneDrive\Documents 1\work\ecg-synthetic-research\data\rendered\ptbxl\AFIB\00449.png,AFIB,AFIB,0.6353,1
C:\Users\taimo\OneDrive\Documents 1\work\ecg-synthetic-research\data\rendered\ptbxl\AFIB\00452.png,AFIB,AFIB,0.8345,1
C:\Users\taimo\OneDrive\Documents 1\work\ecg-synthetic-research\data\rendered\ptbxl\AFIB\00846.png,AFIB,AFIB,0.892,1
C:\Users\taimo\OneDrive\Documents 1\work\ecg-synthetic-research\data\rendered\ptbxl\AFIB\00872.png,AFIB,AFIB,0.977,1
C:\Users\taimo\OneDrive\Documents 1\work\ecg-synthetic-research\data\rendered\ptbxl\AFIB\00939.png,AFIB,AFIB,0.908,1
C:\Users\taimo\OneDrive\Documents 1\work\ecg-synthetic-research\data\rendered\ptbxl\AFIB\01053.png,AFIB,AFIB,0.695,1
C:\Users\taimo\OneDrive\Documents 1\work\ecg-synthetic-research\data\rendered\ptbxl\AFIB\01065.png,AFIB,AFIB,0.7104,1
C:\Users\taimo\OneDrive\Documents 1\work\ecg-synthetic-research\data\rendered\ptbxl\AFIB\01178.png,AFIB,AFIB,0.912,1
C:\Users\taimo\OneDrive\Documents 1\work\ecg-synthetic-research\data\rendered\ptbxl\AFIB\01502.png,AFIB,AFIB,0.8823,1
C:\Users\taimo\OneDrive\Documents 1\work\ecg-synthetic-research\data\rendered\ptbxl\AFIB\01524.png,AFIB,AFIB,0.923,1
C:\Users\taimo\OneDrive\Documents 1\work\ecg-synthetic-research\data\rendered\ptbxl\AFIB\01646.png,AFIB,AFIB,0.9653,1
C:\Users\taimo\OneDrive\Documents 1\work\ecg-synthetic-research\data\rendered\ptbxl\AFIB\01801.png,AFIB,AFIB,0.826,1
C:\Users\taimo\OneDrive\Documents 1\work\ecg-synthetic-research\data\rendered\ptbxl\AFIB\01889.png,AFIB,AFIB,0.496,1
C:\Users\taimo\OneDrive\Documents 1\work\ecg-synthetic-research\data\rendered\ptbxl\AFIB\02004.png,AFIB,AFIB,0.933,1
C:\Users\taimo\OneDrive\Documents 1\work\ecg-synthetic-research\data\rendered\ptbxl\AFIB\02201.png,AFIB,AFIB,0.811,1
C:\Users\taimo\OneDrive\Documents 1\work\ecg-synthetic-research\data\rendered\ptbxl\AFIB\02228.png,AFIB,AFIB,0.881,1
C:\Users\taimo\OneDrive\Documents 1\work\ecg-synthetic-research\data\rendered\ptbxl\AFIB\02273.png,AFIB,AFIB,0.9478,1
C:\Users\taimo\OneDrive\Documents 1\work\ecg-synthetic-research\data\rendered\ptbxl\AFIB\02304.png,AFIB,AFIB,0.9097,1
C:\Users\taimo\OneDrive\Documents 1\work\ecg-synthetic-research\data\rendered\ptbxl\AFIB\02722.png,AFIB,AFIB,0.57,1
C:\Users\taimo\OneDrive\Documents 1\work\ecg-synthetic-research\data\rendered\ptbxl\AFIB\02947.png,AFIB,AFIB,0.915,1
C:\Users\taimo\OneDrive\Documents 1\work\ecg-synthetic-research\data\rendered\ptbxl\AFIB\03055.png,AFIB,AFIB,0.7407,1
C:\Users\taimo\OneDrive\Documents 1\work\ecg-synthetic-research\data\rendered\ptbxl\AFIB\03392.png,AFIB,AFIB,0.795,1
C:\Users\taimo\OneDrive\Documents 1\work\ecg-synthetic-research\data\rendered\ptbxl\AFIB\03550.png,AFIB,TACHY,0.626,0
C:\Users\taimo\OneDrive\Documents 1\work\ecg-synthetic-research\data\rendered\ptbxl\AFIB\03690.png,AFIB,AFIB,0.932,1
C:\Users\taimo\OneDrive\Documents 1\work\ecg-synthetic-research\data\rendered\ptbxl\AFIB\03835.png,AFIB,AFIB,0.723,1
C:\Users\taimo\OneDrive\Documents 1\work\ecg-synthetic-research\data\rendered\ptbxl\AFIB\03884.png,AFIB,AFIB,0.861,1
C:\Users\taimo\OneDrive\Documents 1\work\ecg-synthetic-research\data\rendered\ptbxl\AFIB\03890.png,AFIB,AFIB,0.925,1
C:\Users\taimo\OneDrive\Documents 1\work\ecg-synthetic-research\data\rendered\ptbxl\AFIB\03947.png,AFIB,AFIB,0.982,1
C:\Users\taimo\OneDrive\Documents 1\work\ecg-synthetic-research\data\rendered\ptbxl\AFIB\04022.png,AFIB,AFIB,0.866,1
C:\Users\taimo\OneDrive\Documents 1\work\ecg-synthetic-research\data\rendered\ptbxl\AFIB\04029.png,AFIB,AFIB,0.9927,1
C:\Users\taimo\OneDrive\Documents 1\work\ecg-synthetic-research\data\rendered\ptbxl\AFIB\04326.png,AFIB,AFIB,0.9604,1
C:\Users\taimo\OneDrive\Documents 1\work\ecg-synthetic-research\data\rendered\ptbxl\AFIB\04409.png,AFIB,AFIB,0.9565,1
C:\Users\taimo\OneDrive\Documents 1\work\ecg-synthetic-research\data\rendered\ptbxl\AFIB\04451.png,AFIB,MI,0.45,0
C:\Users\taimo\OneDrive\Documents 1\work\ecg-synthetic-research\data\rendered\ptbxl\AFIB\04516.png,AFIB,AFIB,0.948,1
C:\Users\taimo\OneDrive\Documents 1\work\ecg-synthetic-research\data\rendered\ptbxl\AFIB\04525.png,AFIB,AFIB,0.9014,1
C:\Users\taimo\OneDrive\Documents 1\work\ecg-synthetic-research\data\rendered\ptbxl\AFIB\04653.png,AFIB,AFIB,0.9883,1
C:\Users\taimo\OneDrive\Documents 1\work\ecg-synthetic-research\data\rendered\ptbxl\AFIB\04761.png,AFIB,AFIB,0.885,1
C:\Users\taimo\OneDrive\Documents 1\work\ecg-synthetic-research\data\rendered\ptbxl\AFIB\04785.png,AFIB,AFIB,0.8677,1
C:\Users\taimo\OneDrive\Documents 1\work\ecg-synthetic-research\data\rendered\ptbxl\AFIB\04790.png,AFIB,AFIB,0.9595,1
C:\Users\taimo\OneDrive\Documents 1\work\ecg-synthetic-research\data\rendered\ptbxl\AFIB\04874.png,AFIB,AFIB,0.749,1
C:\Users\taimo\OneDrive\Documents 1\work\ecg-synthetic-research\data\rendered\ptbxl\AFIB\04916.png,AFIB,AFIB,0.96,1
C:\Users\taimo\OneDrive\Documents 1\work\ecg-synthetic-research\data\rendered\ptbxl\AFIB\04993.png,AFIB,AFIB,0.953,1
C:\Users\taimo\OneDrive\Documents 1\work\ecg-synthetic-research\data\rendered\ptbxl\AFIB\05016.png,AFIB,AFIB,0.692,1
C:\Users\taimo\OneDrive\Documents 1\work\ecg-synthetic-research\data\rendered\ptbxl\AFIB\05077.png,AFIB,AFIB,0.92,1
C:\Users\taimo\OneDrive\Documents 1\work\ecg-synthetic-research\data\rendered\ptbxl\AFIB\05272.png,AFIB,AFIB,0.932,1
C:\Users\taimo\OneDrive\Documents 1\work\ecg-synthetic-research\data\rendered\ptbxl\AFIB\05330.png,AFIB,AFIB,0.867,1
C:\Users\taimo\OneDrive\Documents 1\work\ecg-synthetic-research\data\rendered\ptbxl\AFIB\05408.png,AFIB,AFIB,0.9854,1
C:\Users\taimo\OneDrive\Documents 1\work\ecg-synthetic-research\data\rendered\ptbxl\AFIB\05720.png,AFIB,AFIB,0.8994,1
C:\Users\taimo\OneDrive\Documents 1\work\ecg-synthetic-research\data\rendered\ptbxl\AFIB\05790.png,AFIB,AFIB,0.929,1
C:\Users\taimo\OneDrive\Documents 1\work\ecg-synthetic-research\data\rendered\ptbxl\AFIB\06038.png,AFIB,AFIB,0.982,1
C:\Users\taimo\OneDrive\Documents 1\work\ecg-synthetic-research\data\rendered\ptbxl\AFIB\06126.png,AFIB,AFIB,0.863,1
C:\Users\taimo\OneDrive\Documents 1\work\ecg-synthetic-research\data\rendered\ptbxl\AFIB\06179.png,AFIB,AFIB,0.9854,1
C:\Users\taimo\OneDrive\Documents 1\work\ecg-synthetic-research\data\rendered\ptbxl\AFIB\06451.png,AFIB,AFIB,0.9316,1
C:\Users\taimo\OneDrive\Documents 1\work\ecg-synthetic-research\data\rendered\ptbxl\AFIB\06459.png,AFIB,AFIB,0.9507,1
C:\Users\taimo\OneDrive\Documents 1\work\ecg-synthetic-research\data\rendered\ptbxl\AFIB\06594.png,AFIB,AFIB,0.9766,1
C:\Users\taimo\OneDrive\Documents 1\work\ecg-synthetic-research\data\rendered\ptbxl\AFIB\06605.png,AFIB,AFIB,0.946,1
C:\Users\taimo\OneDrive\Documents 1\work\ecg-synthetic-research\data\rendered\ptbxl\AFIB\06908.png,AFIB,AFIB,0.9204,1
C:\Users\taimo\OneDrive\Documents 1\work\ecg-synthetic-research\data\rendered\ptbxl\AFIB\07033.png,AFIB,AFIB,0.6436,1
C:\Users\taimo\OneDrive\Documents 1\work\ecg-synthetic-research\data\rendered\ptbxl\AFIB\07116.png,AFIB,MI,0.472,0
C:\Users\taimo\OneDrive\Documents 1\work\ecg-synthetic-research\data\rendered\ptbxl\AFIB\07138.png,AFIB,AFIB,0.819,1
C:\Users\taimo\OneDrive\Documents 1\work\ecg-synthetic-research\data\rendered\ptbxl\AFIB\07139.png,AFIB,AFIB,0.9746,1
C:\Users\taimo\OneDrive\Documents 1\work\ecg-synthetic-research\data\rendered\ptbxl\AFIB\07215.png,AFIB,AFIB,0.8223,1
C:\Users\taimo\OneDrive\Documents 1\work\ecg-synthetic-research\data\rendered\ptbxl\AFIB\07270.png,AFIB,AFIB,0.994,1
C:\Users\taimo\OneDrive\Documents 1\work\ecg-synthetic-research\data\rendered\ptbxl\AFIB\07339.png,AFIB,AFIB,0.699,1
C:\Users\taimo\OneDrive\Documents 1\work\ecg-synthetic-research\data\rendered\ptbxl\AFIB\07342.png,AFIB,AFIB,0.6323,1
C:\Users\taimo\OneDrive\Documents 1\work\ecg-synthetic-research\data\rendered\ptbxl\AFIB\07350.png,AFIB,MI,0.473,0
C:\Users\taimo\OneDrive\Documents 1\work\ecg-synthetic-research\data\rendered\ptbxl\AFIB\07365.png,AFIB,AFIB,0.558,1
C:\Users\taimo\OneDrive\Documents 1\work\ecg-synthetic-research\data\rendered\ptbxl\AFIB\07379.png,AFIB,MI,0.6367,0
C:\Users\taimo\OneDrive\Documents 1\work\ecg-synthetic-research\data\rendered\ptbxl\AFIB\07387.png,AFIB,AFIB,0.6665,1
C:\Users\taimo\OneDrive\Documents 1\work\ecg-synthetic-research\data\rendered\ptbxl\AFIB\07403.png,AFIB,AFIB,0.9795,1
C:\Users\taimo\OneDrive\Documents 1\work\ecg-synthetic-research\data\rendered\ptbxl\AFIB\07438.png,AFIB,TACHY,0.612,0
C:\Users\taimo\OneDrive\Documents 1\work\ecg-synthetic-research\data\rendered\ptbxl\AFIB\07492.png,AFIB,AFIB,0.9644,1
C:\Users\taimo\OneDrive\Documents 1\work\ecg-synthetic-research\data\rendered\ptbxl\AFIB\07497.png,AFIB,AFIB,0.698,1
C:\Users\taimo\OneDrive\Documents 1\work\ecg-synthetic-research\data\rendered\ptbxl\AFIB\07525.png,AFIB,AFIB,0.9814,1
C:\Users\taimo\OneDrive\Documents 1\work\ecg-synthetic-research\data\rendered\ptbxl\AFIB\07697.png,AFIB,AFIB,0.96,1
C:\Users\taimo\OneDrive\Documents 1\work\ecg-synthetic-research\data\rendered\ptbxl\AFIB\07705.png,AFIB,AFIB,0.975,1
C:\Users\taimo\OneDrive\Documents 1\work\ecg-synthetic-research\data\rendered\ptbxl\AFIB\07806.png,AFIB,AFIB,0.9863,1
C:\Users\taimo\OneDrive\Documents 1\work\ecg-synthetic-research\data\rendered\ptbxl\AFIB\07867.png,AFIB,AFIB,0.8345,1
C:\Users\taimo\OneDrive\Documents 1\work\ecg-synthetic-research\data\rendered\ptbxl\AFIB\07885.png,AFIB,AFIB,0.7627,1
C:\Users\taimo\OneDrive\Documents 1\work\ecg-synthetic-research\data\rendered\ptbxl\AFIB\07893.png,AFIB,AFIB,0.7188,1
C:\Users\taimo\OneDrive\Documents 1\work\ecg-synthetic-research\data\rendered\ptbxl\AFIB\07909.png,AFIB,AFIB,0.6357,1
C:\Users\taimo\OneDrive\Documents 1\work\ecg-synthetic-research\data\rendered\ptbxl\AFIB\08218.png,AFIB,AFIB,0.55,1
C:\Users\taimo\OneDrive\Documents 1\work\ecg-synthetic-research\data\rendered\ptbxl\AFIB\08265.png,AFIB,AFIB,0.5356,1
C:\Users\taimo\OneDrive\Documents 1\work\ecg-synthetic-research\data\rendered\ptbxl\AFIB\08408.png,AFIB,AFIB,0.8267,1
C:\Users\taimo\OneDrive\Documents 1\work\ecg-synthetic-research\data\rendered\ptbxl\AFIB\08460.png,AFIB,AFIB,0.723,1
C:\Users\taimo\OneDrive\Documents 1\work\ecg-synthetic-research\data\rendered\ptbxl\AFIB\08522.png,AFIB,AFIB,0.908,1
C:\Users\taimo\OneDrive\Documents 1\work\ecg-synthetic-research\data\rendered\ptbxl\AFIB\08606.png,AFIB,TACHY,0.6035,0
C:\Users\taimo\OneDrive\Documents 1\work\ecg-synthetic-research\data\rendered\ptbxl\AFIB\09012.png,AFIB,AFIB,0.9688,1
C:\Users\taimo\OneDrive\Documents 1\work\ecg-synthetic-research\data\rendered\ptbxl\AFIB\09211.png,AFIB,AFIB,0.7993,1
C:\Users\taimo\OneDrive\Documents 1\work\ecg-synthetic-research\data\rendered\ptbxl\AFIB\09289.png,AFIB,AFIB,0.958,1
C:\Users\taimo\OneDrive\Documents 1\work\ecg-synthetic-research\data\rendered\ptbxl\AFIB\09337.png,AFIB,TACHY,0.493,0
C:\Users\taimo\OneDrive\Documents 1\work\ecg-synthetic-research\data\rendered\ptbxl\AFIB\09387.png,AFIB,AFIB,0.9,1
C:\Users\taimo\OneDrive\Documents 1\work\ecg-synthetic-research\data\rendered\ptbxl\AFIB\09424.png,AFIB,AFIB,0.6694,1
C:\Users\taimo\OneDrive\Documents 1\work\ecg-synthetic-research\data\rendered\ptbxl\AFIB\09471.png,AFIB,AFIB,0.9644,1
C:\Users\taimo\OneDrive\Documents 1\work\ecg-synthetic-research\data\rendered\ptbxl\AFIB\09485.png,AFIB,MI,0.62,0
C:\Users\taimo\OneDrive\Documents 1\work\ecg-synthetic-research\data\rendered\ptbxl\AFIB\09592.png,AFIB,AFIB,0.7256,1
C:\Users\taimo\OneDrive\Documents 1\work\ecg-synthetic-research\data\rendered\ptbxl\AFIB\10123.png,AFIB,AFIB,0.936,1
C:\Users\taimo\OneDrive\Documents 1\work\ecg-synthetic-research\data\rendered\ptbxl\AFIB\10137.png,AFIB,AFIB,0.7715,1
C:\Users\taimo\OneDrive\Documents 1\work\ecg-synthetic-research\data\rendered\ptbxl\AFIB\10196.png,AFIB,AFIB,0.9507,1
C:\Users\taimo\OneDrive\Documents 1\work\ecg-synthetic-research\data\rendered\ptbxl\AFIB\10387.png,AFIB,AFIB,0.897,1
C:\Users\taimo\OneDrive\Documents 1\work\ecg-synthetic-research\data\rendered\ptbxl\AFIB\10403.png,AFIB,AFIB,0.87,1
C:\Users\taimo\OneDrive\Documents 1\work\ecg-synthetic-research\data\rendered\ptbxl\AFIB\10470.png,AFIB,AFIB,0.647,1
C:\Users\taimo\OneDrive\Documents 1\work\ecg-synthetic-research\data\rendered\ptbxl\AFIB\10613.png,AFIB,AFIB,0.57,1
C:\Users\taimo\OneDrive\Documents 1\work\ecg-synthetic-research\data\rendered\ptbxl\AFIB\10689.png,AFIB,AFIB,0.9766,1
C:\Users\taimo\OneDrive\Documents 1\work\ecg-synthetic-research\data\rendered\ptbxl\AFIB\10723.png,AFIB,AFIB,0.785,1
C:\Users\taimo\OneDrive\Documents 1\work\ecg-synthetic-research\data\rendered\ptbxl\AFIB\10785.png,AFIB,AFIB,0.923,1
C:\Users\taimo\OneDrive\Documents 1\work\ecg-synthetic-research\data\rendered\ptbxl\AFIB\10933.png,AFIB,AFIB,0.867,1
C:\Users\taimo\OneDrive\Documents 1\work\ecg-synthetic-research\data\rendered\ptbxl\AFIB\10943.png,AFIB,AFIB,0.9985,1
C:\Users\taimo\OneDrive\Documents 1\work\ecg-synthetic-research\data\rendered\ptbxl\AFIB\10986.png,AFIB,AFIB,0.899,1
C:\Users\taimo\OneDrive\Documents 1\work\ecg-synthetic-research\data\rendered\ptbxl\AFIB\11006.png,AFIB,AFIB,0.9795,1
C:\Users\taimo\OneDrive\Documents 1\work\ecg-synthetic-research\data\rendered\ptbxl\AFIB\11040.png,AFIB,AFIB,0.917,1
C:\Users\taimo\OneDrive\Documents 1\work\ecg-synthetic-research\data\rendered\ptbxl\AFIB\11185.png,AFIB,AFIB,0.6343,1
C:\Users\taimo\OneDrive\Documents 1\work\ecg-synthetic-research\data\rendered\ptbxl\AFIB\11207.png,AFIB,AFIB,0.9727,1
C:\Users\taimo\OneDrive\Documents 1\work\ecg-synthetic-research\data\rendered\ptbxl\AFIB\11390.png,AFIB,AFIB,0.9873,1
C:\Users\taimo\OneDrive\Documents 1\work\ecg-synthetic-research\data\rendered\ptbxl\AFIB\11430.png,AFIB,AFIB,0.9746,1
C:\Users\taimo\OneDrive\Documents 1\work\ecg-synthetic-research\data\rendered\ptbxl\AFIB\11475.png,AFIB,AFIB,0.7104,1
C:\Users\taimo\OneDrive\Documents 1\work\ecg-synthetic-research\data\rendered\ptbxl\AFIB\11510.png,AFIB,AFIB,0.8896,1
C:\Users\taimo\OneDrive\Documents 1\work\ecg-synthetic-research\data\rendered\ptbxl\AFIB\11514.png,AFIB,AFIB,0.9243,1
C:\Users\taimo\OneDrive\Documents 1\work\ecg-synthetic-research\data\rendered\ptbxl\AFIB\11524.png,AFIB,AFIB,0.551,1
C:\Users\taimo\OneDrive\Documents 1\work\ecg-synthetic-research\data\rendered\ptbxl\AFIB\11583.png,AFIB,AFIB,0.5483,1
C:\Users\taimo\OneDrive\Documents 1\work\ecg-synthetic-research\data\rendered\ptbxl\AFIB\11776.png,AFIB,AFIB,0.983,1
C:\Users\taimo\OneDrive\Documents 1\work\ecg-synthetic-research\data\rendered\ptbxl\AFIB\11886.png,AFIB,AFIB,0.9717,1
C:\Users\taimo\OneDrive\Documents 1\work\ecg-synthetic-research\data\rendered\ptbxl\AFIB\12047.png,AFIB,AFIB,0.97,1
C:\Users\taimo\OneDrive\Documents 1\work\ecg-synthetic-research\data\rendered\ptbxl\AFIB\12052.png,AFIB,AFIB,0.9224,1
C:\Users\taimo\OneDrive\Documents 1\work\ecg-synthetic-research\data\rendered\ptbxl\AFIB\12085.png,AFIB,MI,0.433,0
C:\Users\taimo\OneDrive\Documents 1\work\ecg-synthetic-research\data\rendered\ptbxl\AFIB\12149.png,AFIB,AFIB,0.952,1
C:\Users\taimo\OneDrive\Documents 1\work\ecg-synthetic-research\data\rendered\ptbxl\AFIB\12205.png,AFIB,AFIB,0.9604,1
C:\Users\taimo\OneDrive\Documents 1\work\ecg-synthetic-research\data\rendered\ptbxl\AFIB\12303.png,AFIB,AFIB,0.9385,1
C:\Users\taimo\OneDrive\Documents 1\work\ecg-synthetic-research\data\rendered\ptbxl\AFIB\12443.png,AFIB,AFIB,0.9077,1
C:\Users\taimo\OneDrive\Documents 1\work\ecg-synthetic-research\data\rendered\ptbxl\AFIB\12456.png,AFIB,AFIB,0.957,1
C:\Users\taimo\OneDrive\Documents 1\work\ecg-synthetic-research\data\rendered\ptbxl\AFIB\12582.png,AFIB,AFIB,0.9536,1
C:\Users\taimo\OneDrive\Documents 1\work\ecg-synthetic-research\data\rendered\ptbxl\AFIB\12632.png,AFIB,AFIB,0.8276,1
C:\Users\taimo\OneDrive\Documents 1\work\ecg-synthetic-research\data\rendered\ptbxl\AFIB\12786.png,AFIB,AFIB,0.7163,1
C:\Users\taimo\OneDrive\Documents 1\work\ecg-synthetic-research\data\rendered\ptbxl\AFIB\12792.png,AFIB,MI,0.51,0
C:\Users\taimo\OneDrive\Documents 1\work\ecg-synthetic-research\data\rendered\ptbxl\AFIB\12809.png,AFIB,AFIB,0.712,1
C:\Users\taimo\OneDrive\Documents 1\work\ecg-synthetic-research\data\rendered\ptbxl\AFIB\12816.png,AFIB,AFIB,0.969,1
C:\Users\taimo\OneDrive\Documents 1\work\ecg-synthetic-research\data\rendered\ptbxl\AFIB\12849.png,AFIB,AFIB,0.836,1
C:\Users\taimo\OneDrive\Documents 1\work\ecg-synthetic-research\data\rendered\ptbxl\AFIB\12851.png,AFIB,AFIB,0.9883,1
C:\Users\taimo\OneDrive\Documents 1\work\ecg-synthetic-research\data\rendered\ptbxl\AFIB\12945.png,AFIB,AFIB,0.988,1
C:\Users\taimo\OneDrive\Documents 1\work\ecg-synthetic-research\data\rendered\ptbxl\AFIB\12948.png,AFIB,AFIB,0.7627,1
C:\Users\taimo\OneDrive\Documents 1\work\ecg-synthetic-research\data\rendered\ptbxl\AFIB\13068.png,AFIB,AFIB,0.957,1
C:\Users\taimo\OneDrive\Documents 1\work\ecg-synthetic-research\data\rendered\ptbxl\AFIB\13230.png,AFIB,AFIB,0.9663,1
C:\Users\taimo\OneDrive\Documents 1\work\ecg-synthetic-research\data\rendered\ptbxl\AFIB\13374.png,AFIB,AFIB,0.987,1
C:\Users\taimo\OneDrive\Documents 1\work\ecg-synthetic-research\data\rendered\ptbxl\AFIB\13603.png,AFIB,AFIB,0.9663,1
C:\Users\taimo\OneDrive\Documents 1\work\ecg-synthetic-research\data\rendered\ptbxl\AFIB\13624.png,AFIB,AFIB,0.814,1
C:\Users\taimo\OneDrive\Documents 1\work\ecg-synthetic-research\data\rendered\ptbxl\AFIB\13949.png,AFIB,AFIB,0.9146,1
C:\Users\taimo\OneDrive\Documents 1\work\ecg-synthetic-research\data\rendered\ptbxl\AFIB\13987.png,AFIB,AFIB,0.985,1
C:\Users\taimo\OneDrive\Documents 1\work\ecg-synthetic-research\data\rendered\ptbxl\AFIB\14198.png,AFIB,AFIB,0.8457,1
C:\Users\taimo\OneDrive\Documents 1\work\ecg-synthetic-research\data\rendered\ptbxl\AFIB\14405.png,AFIB,AFIB,0.847,1
C:\Users\taimo\OneDrive\Documents 1\work\ecg-synthetic-research\data\rendered\ptbxl\AFIB\14540.png,AFIB,AFIB,0.917,1
C:\Users\taimo\OneDrive\Documents 1\work\ecg-synthetic-research\data\rendered\ptbxl\AFIB\14610.png,AFIB,AFIB,0.9873,1
C:\Users\taimo\OneDrive\Documents 1\work\ecg-synthetic-research\data\rendered\ptbxl\AFIB\14675.png,AFIB,AFIB,0.915,1
C:\Users\taimo\OneDrive\Documents 1\work\ecg-synthetic-research\data\rendered\ptbxl\AFIB\14768.png,AFIB,AFIB,0.8086,1
C:\Users\taimo\OneDrive\Documents 1\work\ecg-synthetic-research\data\rendered\ptbxl\AFIB\14798.png,AFIB,AFIB,0.835,1
C:\Users\taimo\OneDrive\Documents 1\work\ecg-synthetic-research\data\rendered\ptbxl\AFIB\14807.png,AFIB,AFIB,0.6943,1
C:\Users\taimo\OneDrive\Documents 1\work\ecg-synthetic-research\data\rendered\ptbxl\AFIB\14852.png,AFIB,AFIB,0.9707,1
C:\Users\taimo\OneDrive\Documents 1\work\ecg-synthetic-research\data\rendered\ptbxl\AFIB\14887.png,AFIB,AFIB,0.935,1
C:\Users\taimo\OneDrive\Documents 1\work\ecg-synthetic-research\data\rendered\ptbxl\AFIB\15081.png,AFIB,AFIB,0.847,1
C:\Users\taimo\OneDrive\Documents 1\work\ecg-synthetic-research\data\rendered\ptbxl\AFIB\15195.png,AFIB,AFIB,0.906,1
C:\Users\taimo\OneDrive\Documents 1\work\ecg-synthetic-research\data\rendered\ptbxl\AFIB\15229.png,AFIB,AFIB,0.8716,1
C:\Users\taimo\OneDrive\Documents 1\work\ecg-synthetic-research\data\rendered\ptbxl\AFIB\15301.png,AFIB,AFIB,0.9834,1
C:\Users\taimo\OneDrive\Documents 1\work\ecg-synthetic-research\data\rendered\ptbxl\AFIB\15308.png,AFIB,AFIB,0.5747,1
C:\Users\taimo\OneDrive\Documents 1\work\ecg-synthetic-research\data\rendered\ptbxl\AFIB\15341.png,AFIB,AFIB,0.7896,1
C:\Users\taimo\OneDrive\Documents 1\work\ecg-synthetic-research\data\rendered\ptbxl\AFIB\15398.png,AFIB,AFIB,0.9106,1
C:\Users\taimo\OneDrive\Documents 1\work\ecg-synthetic-research\data\rendered\ptbxl\AFIB\15478.png,AFIB,AFIB,0.8813,1
C:\Users\taimo\OneDrive\Documents 1\work\ecg-synthetic-research\data\rendered\ptbxl\AFIB\15513.png,AFIB,TACHY,0.5103,0
C:\Users\taimo\OneDrive\Documents 1\work\ecg-synthetic-research\data\rendered\ptbxl\AFIB\15781.png,AFIB,AFIB,0.946,1
C:\Users\taimo\OneDrive\Documents 1\work\ecg-synthetic-research\data\rendered\ptbxl\AFIB\15814.png,AFIB,AFIB,0.7656,1
C:\Users\taimo\OneDrive\Documents 1\work\ecg-synthetic-research\data\rendered\ptbxl\AFIB\15846.png,AFIB,MI,0.529,0
C:\Users\taimo\OneDrive\Documents 1\work\ecg-synthetic-research\data\rendered\ptbxl\AFIB\15958.png,AFIB,AFIB,0.876,1
C:\Users\taimo\OneDrive\Documents 1\work\ecg-synthetic-research\data\rendered\ptbxl\AFIB\16031.png,AFIB,AFIB,0.5176,1
C:\Users\taimo\OneDrive\Documents 1\work\ecg-synthetic-research\data\rendered\ptbxl\AFIB\16177.png,AFIB,AFIB,0.993,1
C:\Users\taimo\OneDrive\Documents 1\work\ecg-synthetic-research\data\rendered\ptbxl\AFIB\16487.png,AFIB,AFIB,0.8125,1
C:\Users\taimo\OneDrive\Documents 1\work\ecg-synthetic-research\data\rendered\ptbxl\AFIB\16535.png,AFIB,AFIB,0.966,1
C:\Users\taimo\OneDrive\Documents 1\work\ecg-synthetic-research\data\rendered\ptbxl\AFIB\16561.png,AFIB,AFIB,0.8896,1
C:\Users\taimo\OneDrive\Documents 1\work\ecg-synthetic-research\data\rendered\ptbxl\AFIB\16586.png,AFIB,AFIB,0.915,1
C:\Users\taimo\OneDrive\Documents 1\work\ecg-synthetic-research\data\rendered\ptbxl\AFIB\16679.png,AFIB,TACHY,0.749,0
C:\Users\taimo\OneDrive\Documents 1\work\ecg-synthetic-research\data\rendered\ptbxl\AFIB\16731.png,AFIB,AFIB,0.697,1
C:\Users\taimo\OneDrive\Documents 1\work\ecg-synthetic-research\data\rendered\ptbxl\AFIB\16750.png,AFIB,AFIB,0.983,1
C:\Users\taimo\OneDrive\Documents 1\work\ecg-synthetic-research\data\rendered\ptbxl\AFIB\16756.png,AFIB,AFIB,0.9683,1
C:\Users\taimo\OneDrive\Documents 1\work\ecg-synthetic-research\data\rendered\ptbxl\AFIB\16834.png,AFIB,AFIB,0.9863,1
C:\Users\taimo\OneDrive\Documents 1\work\ecg-synthetic-research\data\rendered\ptbxl\AFIB\16930.png,AFIB,AFIB,0.619,1
C:\Users\taimo\OneDrive\Documents 1\work\ecg-synthetic-research\data\rendered\ptbxl\AFIB\16964.png,AFIB,AFIB,0.849,1
C:\Users\taimo\OneDrive\Documents 1\work\ecg-synthetic-research\data\rendered\ptbxl\AFIB\17089.png,AFIB,AFIB,0.7827,1
C:\Users\taimo\OneDrive\Documents 1\work\ecg-synthetic-research\data\rendered\ptbxl\AFIB\17113.png,AFIB,AFIB,0.8555,1
C:\Users\taimo\OneDrive\Documents 1\work\ecg-synthetic-research\data\rendered\ptbxl\AFIB\17183.png,AFIB,AFIB,0.968,1
C:\Users\taimo\OneDrive\Documents 1\work\ecg-synthetic-research\data\rendered\ptbxl\AFIB\17217.png,AFIB,AFIB,0.9746,1
C:\Users\taimo\OneDrive\Documents 1\work\ecg-synthetic-research\data\rendered\ptbxl\AFIB\17266.png,AFIB,AFIB,0.564,1
C:\Users\taimo\OneDrive\Documents 1\work\ecg-synthetic-research\data\rendered\ptbxl\AFIB\17288.png,AFIB,AFIB,0.847,1
C:\Users\taimo\OneDrive\Documents 1\work\ecg-synthetic-research\data\rendered\ptbxl\AFIB\17312.png,AFIB,AFIB,0.836,1
C:\Users\taimo\OneDrive\Documents 1\work\ecg-synthetic-research\data\rendered\ptbxl\AFIB\17360.png,AFIB,AFIB,0.8555,1
C:\Users\taimo\OneDrive\Documents 1\work\ecg-synthetic-research\data\rendered\ptbxl\AFIB\17386.png,AFIB,AFIB,0.661,1
C:\Users\taimo\OneDrive\Documents 1\work\ecg-synthetic-research\data\rendered\ptbxl\AFIB\17425.png,AFIB,AFIB,0.968,1
C:\Users\taimo\OneDrive\Documents 1\work\ecg-synthetic-research\data\rendered\ptbxl\AFIB\17726.png,AFIB,TACHY,0.8496,0
C:\Users\taimo\OneDrive\Documents 1\work\ecg-synthetic-research\data\rendered\ptbxl\AFIB\17757.png,AFIB,AFIB,0.9126,1
C:\Users\taimo\OneDrive\Documents 1\work\ecg-synthetic-research\data\rendered\ptbxl\AFIB\18442.png,AFIB,AFIB,0.8276,1
C:\Users\taimo\OneDrive\Documents 1\work\ecg-synthetic-research\data\rendered\ptbxl\AFIB\18495.png,AFIB,AFIB,0.928,1
C:\Users\taimo\OneDrive\Documents 1\work\ecg-synthetic-research\data\rendered\ptbxl\AFIB\18516.png,AFIB,AFIB,0.8887,1
C:\Users\taimo\OneDrive\Documents 1\work\ecg-synthetic-research\data\rendered\ptbxl\AFIB\18526.png,AFIB,TACHY,0.911,0
C:\Users\taimo\OneDrive\Documents 1\work\ecg-synthetic-research\data\rendered\ptbxl\AFIB\18587.png,AFIB,AFIB,0.9165,1
C:\Users\taimo\OneDrive\Documents 1\work\ecg-synthetic-research\data\rendered\ptbxl\AFIB\18694.png,AFIB,AFIB,0.992,1
C:\Users\taimo\OneDrive\Documents 1\work\ecg-synthetic-research\data\rendered\ptbxl\AFIB\18987.png,AFIB,AFIB,0.9307,1
C:\Users\taimo\OneDrive\Documents 1\work\ecg-synthetic-research\data\rendered\ptbxl\AFIB\19078.png,AFIB,AFIB,0.9443,1
C:\Users\taimo\OneDrive\Documents 1\work\ecg-synthetic-research\data\rendered\ptbxl\AFIB\19164.png,AFIB,AFIB,0.9023,1
C:\Users\taimo\OneDrive\Documents 1\work\ecg-synthetic-research\data\rendered\ptbxl\AFIB\19305.png,AFIB,AFIB,0.8076,1
C:\Users\taimo\OneDrive\Documents 1\work\ecg-synthetic-research\data\rendered\ptbxl\AFIB\19328.png,AFIB,AFIB,0.862,1
C:\Users\taimo\OneDrive\Documents 1\work\ecg-synthetic-research\data\rendered\ptbxl\AFIB\19354.png,AFIB,AFIB,0.961,1
C:\Users\taimo\OneDrive\Documents 1\work\ecg-synthetic-research\data\rendered\ptbxl\AFIB\19372.png,AFIB,AFIB,0.9272,1
C:\Users\taimo\OneDrive\Documents 1\work\ecg-synthetic-research\data\rendered\ptbxl\AFIB\19383.png,AFIB,AFIB,0.9673,1
C:\Users\taimo\OneDrive\Documents 1\work\ecg-synthetic-research\data\rendered\ptbxl\AFIB\19390.png,AFIB,AFIB,0.959,1
C:\Users\taimo\OneDrive\Documents 1\work\ecg-synthetic-research\data\rendered\ptbxl\AFIB\19391.png,AFIB,AFIB,0.831,1
C:\Users\taimo\OneDrive\Documents 1\work\ecg-synthetic-research\data\rendered\ptbxl\AFIB\19415.png,AFIB,AFIB,0.964,1
C:\Users\taimo\OneDrive\Documents 1\work\ecg-synthetic-research\data\rendered\ptbxl\AFIB\19426.png,AFIB,AFIB,0.8613,1
C:\Users\taimo\OneDrive\Documents 1\work\ecg-synthetic-research\data\rendered\ptbxl\AFIB\19519.png,AFIB,AFIB,0.8047,1
C:\Users\taimo\OneDrive\Documents 1\work\ecg-synthetic-research\data\rendered\ptbxl\AFIB\19528.png,AFIB,AFIB,0.7183,1
C:\Users\taimo\OneDrive\Documents 1\work\ecg-synthetic-research\data\rendered\ptbxl\AFIB\19539.png,AFIB,AFIB,0.8647,1
C:\Users\taimo\OneDrive\Documents 1\work\ecg-synthetic-research\data\rendered\ptbxl\AFIB\19563.png,AFIB,AFIB,0.7583,1
C:\Users\taimo\OneDrive\Documents 1\work\ecg-synthetic-research\data\rendered\ptbxl\AFIB\19628.png,AFIB,AFIB,0.801,1
C:\Users\taimo\OneDrive\Documents 1\work\ecg-synthetic-research\data\rendered\ptbxl\AFIB\19659.png,AFIB,AFIB,0.945,1
C:\Users\taimo\OneDrive\Documents 1\work\ecg-synthetic-research\data\rendered\ptbxl\AFIB\19902.png,AFIB,AFIB,0.869,1
C:\Users\taimo\OneDrive\Documents 1\work\ecg-synthetic-research\data\rendered\ptbxl\AFIB\19904.png,AFIB,AFIB,0.885,1
C:\Users\taimo\OneDrive\Documents 1\work\ecg-synthetic-research\data\rendered\ptbxl\AFIB\19925.png,AFIB,AFIB,0.9595,1
C:\Users\taimo\OneDrive\Documents 1\work\ecg-synthetic-research\data\rendered\ptbxl\AFIB\19941.png,AFIB,AFIB,0.9136,1
C:\Users\taimo\OneDrive\Documents 1\work\ecg-synthetic-research\data\rendered\ptbxl\AFIB\19952.png,AFIB,AFIB,0.9253,1
C:\Users\taimo\OneDrive\Documents 1\work\ecg-synthetic-research\data\rendered\ptbxl\AFIB\19990.png,AFIB,AFIB,0.753,1
C:\Users\taimo\OneDrive\Documents 1\work\ecg-synthetic-research\data\rendered\ptbxl\AFIB\20015.png,AFIB,AFIB,0.9316,1
C:\Users\taimo\OneDrive\Documents 1\work\ecg-synthetic-research\data\rendered\ptbxl\AFIB\20234.png,AFIB,AFIB,0.974,1
C:\Users\taimo\OneDrive\Documents 1\work\ecg-synthetic-research\data\rendered\ptbxl\AFIB\20247.png,AFIB,AFIB,0.577,1
C:\Users\taimo\OneDrive\Documents 1\work\ecg-synthetic-research\data\rendered\ptbxl\AFIB\20277.png,AFIB,AFIB,0.3596,1
C:\Users\taimo\OneDrive\Documents 1\work\ecg-synthetic-research\data\rendered\ptbxl\AFIB\20303.png,AFIB,AFIB,0.9575,1
C:\Users\taimo\OneDrive\Documents 1\work\ecg-synthetic-research\data\rendered\ptbxl\AFIB\20353.png,AFIB,AFIB,0.693,1
C:\Users\taimo\OneDrive\Documents 1\work\ecg-synthetic-research\data\rendered\ptbxl\AFIB\20392.png,AFIB,AFIB,0.65,1
C:\Users\taimo\OneDrive\Documents 1\work\ecg-synthetic-research\data\rendered\ptbxl\AFIB\20406.png,AFIB,AFIB,0.964,1
C:\Users\taimo\OneDrive\Documents 1\work\ecg-synthetic-research\data\rendered\ptbxl\AFIB\20431.png,AFIB,AFIB,0.819,1
C:\Users\taimo\OneDrive\Documents 1\work\ecg-synthetic-research\data\rendered\ptbxl\AFIB\20517.png,AFIB,AFIB,0.9497,1
C:\Users\taimo\OneDrive\Documents 1\work\ecg-synthetic-research\data\rendered\ptbxl\AFIB\20590.png,AFIB,AFIB,0.9575,1
C:\Users\taimo\OneDrive\Documents 1\work\ecg-synthetic-research\data\rendered\ptbxl\AFIB\20597.png,AFIB,AFIB,0.8726,1
C:\Users\taimo\OneDrive\Documents 1\work\ecg-synthetic-research\data\rendered\ptbxl\AFIB\20769.png,AFIB,AFIB,0.92,1
C:\Users\taimo\OneDrive\Documents 1\work\ecg-synthetic-research\data\rendered\ptbxl\AFIB\20918.png,AFIB,AFIB,0.919,1
C:\Users\taimo\OneDrive\Documents 1\work\ecg-synthetic-research\data\rendered\ptbxl\AFIB\21022.png,AFIB,AFIB,0.9727,1
C:\Users\taimo\OneDrive\Documents 1\work\ecg-synthetic-research\data\rendered\ptbxl\AFIB\21084.png,AFIB,AFIB,0.733,1
C:\Users\taimo\OneDrive\Documents 1\work\ecg-synthetic-research\data\rendered\ptbxl\AFIB\21150.png,AFIB,TACHY,0.6465,0
C:\Users\taimo\OneDrive\Documents 1\work\ecg-synthetic-research\data\rendered\ptbxl\AFIB\21472.png,AFIB,AFIB,0.98,1
C:\Users\taimo\OneDrive\Documents 1\work\ecg-synthetic-research\data\rendered\ptbxl\AFIB\21515.png,AFIB,AFIB,0.6313,1
C:\Users\taimo\OneDrive\Documents 1\work\ecg-synthetic-research\data\rendered\ptbxl\AFIB\21567.png,AFIB,AFIB,0.9487,1
C:\Users\taimo\OneDrive\Documents 1\work\ecg-synthetic-research\data\rendered\ptbxl\AFIB\21568.png,AFIB,AFIB,0.939,1
C:\Users\taimo\OneDrive\Documents 1\work\ecg-synthetic-research\data\rendered\ptbxl\AFIB\21608.png,AFIB,AFIB,0.9624,1
C:\Users\taimo\OneDrive\Documents 1\work\ecg-synthetic-research\data\rendered\ptbxl\AFIB\21673.png,AFIB,AFIB,0.9688,1
C:\Users\taimo\OneDrive\Documents 1\work\ecg-synthetic-research\data\rendered\ptbxl\AFIB\21675.png,AFIB,TACHY,0.5254,0
C:\Users\taimo\OneDrive\Documents 1\work\ecg-synthetic-research\data\rendered\ptbxl\AFIB\21733.png,AFIB,AFIB,0.9854,1
C:\Users\taimo\OneDrive\Documents 1\work\ecg-synthetic-research\data\rendered\ptbxl\AFIB\21734.png,AFIB,AFIB,0.7915,1
C:\Users\taimo\OneDrive\Documents 1\work\ecg-synthetic-research\data\rendered\ptbxl\AFIB\21739.png,AFIB,AFIB,0.811,1
C:\Users\taimo\OneDrive\Documents 1\work\ecg-synthetic-research\data\rendered\ptbxl\AFIB\21786.png,AFIB,AFIB,0.878,1
C:\Users\taimo\OneDrive\Documents 1\work\ecg-synthetic-research\data\rendered\ptbxl\AFIB\21797.png,AFIB,AFIB,0.947,1
C:\Users\taimo\OneDrive\Documents 1\work\ecg-synthetic-research\data\rendered\ptbxl\TACHY\00738.png,TACHY,TACHY,0.932,1
C:\Users\taimo\OneDrive\Documents 1\work\ecg-synthetic-research\data\rendered\ptbxl\TACHY\00849.png,TACHY,TACHY,0.888,1
C:\Users\taimo\OneDrive\Documents 1\work\ecg-synthetic-research\data\rendered\ptbxl\TACHY\00855.png,TACHY,AFIB,0.646,0
C:\Users\taimo\OneDrive\Documents 1\work\ecg-synthetic-research\data\rendered\ptbxl\TACHY\00857.png,TACHY,TACHY,0.919,1
C:\Users\taimo\OneDrive\Documents 1\work\ecg-synthetic-research\data\rendered\ptbxl\TACHY\01234.png,TACHY,TACHY,0.8647,1
C:\Users\taimo\OneDrive\Documents 1\work\ecg-synthetic-research\data\rendered\ptbxl\TACHY\01761.png,TACHY,TACHY,0.919,1
C:\Users\taimo\OneDrive\Documents 1\work\ecg-synthetic-research\data\rendered\ptbxl\TACHY\01919.png,TACHY,TACHY,0.9453,1
C:\Users\taimo\OneDrive\Documents 1\work\ecg-synthetic-research\data\rendered\ptbxl\TACHY\02039.png,TACHY,TACHY,0.9717,1
C:\Users\taimo\OneDrive\Documents 1\work\ecg-synthetic-research\data\rendered\ptbxl\TACHY\03436.png,TACHY,TACHY,0.952,1
C:\Users\taimo\OneDrive\Documents 1\work\ecg-synthetic-research\data\rendered\ptbxl\TACHY\03759.png,TACHY,AFIB,0.4573,0
C:\Users\taimo\OneDrive\Documents 1\work\ecg-synthetic-research\data\rendered\ptbxl\TACHY\03803.png,TACHY,TACHY,0.909,1
C:\Users\taimo\OneDrive\Documents 1\work\ecg-synthetic-research\data\rendered\ptbxl\TACHY\04026.png,TACHY,TACHY,0.861,1
C:\Users\taimo\OneDrive\Documents 1\work\ecg-synthetic-research\data\rendered\ptbxl\TACHY\04028.png,TACHY,TACHY,0.881,1
C:\Users\taimo\OneDrive\Documents 1\work\ecg-synthetic-research\data\rendered\ptbxl\TACHY\04234.png,TACHY,TACHY,0.9624,1
C:\Users\taimo\OneDrive\Documents 1\work\ecg-synthetic-research\data\rendered\ptbxl\TACHY\04398.png,TACHY,NORM,0.833,0
C:\Users\taimo\OneDrive\Documents 1\work\ecg-synthetic-research\data\rendered\ptbxl\TACHY\04457.png,TACHY,TACHY,0.991,1
C:\Users\taimo\OneDrive\Documents 1\work\ecg-synthetic-research\data\rendered\ptbxl\TACHY\04637.png,TACHY,TACHY,0.704,1
C:\Users\taimo\OneDrive\Documents 1\work\ecg-synthetic-research\data\rendered\ptbxl\TACHY\04743.png,TACHY,TACHY,0.9375,1
C:\Users\taimo\OneDrive\Documents 1\work\ecg-synthetic-research\data\rendered\ptbxl\TACHY\04763.png,TACHY,TACHY,0.5186,1
C:\Users\taimo\OneDrive\Documents 1\work\ecg-synthetic-research\data\rendered\ptbxl\TACHY\04893.png,TACHY,TACHY,0.9116,1
C:\Users\taimo\OneDrive\Documents 1\work\ecg-synthetic-research\data\rendered\ptbxl\TACHY\05237.png,TACHY,TACHY,0.9863,1
C:\Users\taimo\OneDrive\Documents 1\work\ecg-synthetic-research\data\rendered\ptbxl\TACHY\05361.png,TACHY,TACHY,0.7383,1
C:\Users\taimo\OneDrive\Documents 1\work\ecg-synthetic-research\data\rendered\ptbxl\TACHY\05570.png,TACHY,TACHY,0.8926,1
C:\Users\taimo\OneDrive\Documents 1\work\ecg-synthetic-research\data\rendered\ptbxl\TACHY\05941.png,TACHY,TACHY,0.8413,1
C:\Users\taimo\OneDrive\Documents 1\work\ecg-synthetic-research\data\rendered\ptbxl\TACHY\05994.png,TACHY,TACHY,0.876,1
C:\Users\taimo\OneDrive\Documents 1\work\ecg-synthetic-research\data\rendered\ptbxl\TACHY\06247.png,TACHY,AFIB,0.597,0
C:\Users\taimo\OneDrive\Documents 1\work\ecg-synthetic-research\data\rendered\ptbxl\TACHY\06345.png,TACHY,TACHY,0.8193,1
C:\Users\taimo\OneDrive\Documents 1\work\ecg-synthetic-research\data\rendered\ptbxl\TACHY\06380.png,TACHY,TACHY,0.9727,1
C:\Users\taimo\OneDrive\Documents 1\work\ecg-synthetic-research\data\rendered\ptbxl\TACHY\06389.png,TACHY,TACHY,0.546,1
C:\Users\taimo\OneDrive\Documents 1\work\ecg-synthetic-research\data\rendered\ptbxl\TACHY\06517.png,TACHY,TACHY,0.8276,1
C:\Users\taimo\OneDrive\Documents 1\work\ecg-synthetic-research\data\rendered\ptbxl\TACHY\06950.png,TACHY,TACHY,0.9033,1
C:\Users\taimo\OneDrive\Documents 1\work\ecg-synthetic-research\data\rendered\ptbxl\TACHY\06955.png,TACHY,TACHY,0.718,1
C:\Users\taimo\OneDrive\Documents 1\work\ecg-synthetic-research\data\rendered\ptbxl\TACHY\06967.png,TACHY,TACHY,0.997,1
C:\Users\taimo\OneDrive\Documents 1\work\ecg-synthetic-research\data\rendered\ptbxl\TACHY\06974.png,TACHY,TACHY,0.9575,1
C:\Users\taimo\OneDrive\Documents 1\work\ecg-synthetic-research\data\rendered\ptbxl\TACHY\07094.png,TACHY,TACHY,0.9297,1
C:\Users\taimo\OneDrive\Documents 1\work\ecg-synthetic-research\data\rendered\ptbxl\TACHY\07373.png,TACHY,TACHY,0.913,1
C:\Users\taimo\OneDrive\Documents 1\work\ecg-synthetic-research\data\rendered\ptbxl\TACHY\08059.png,TACHY,TACHY,0.592,1
C:\Users\taimo\OneDrive\Documents 1\work\ecg-synthetic-research\data\rendered\ptbxl\TACHY\08108.png,TACHY,TACHY,0.9604,1
C:\Users\taimo\OneDrive\Documents 1\work\ecg-synthetic-research\data\rendered\ptbxl\TACHY\08225.png,TACHY,TACHY,0.4543,1
C:\Users\taimo\OneDrive\Documents 1\work\ecg-synthetic-research\data\rendered\ptbxl\TACHY\08339.png,TACHY,TACHY,0.4922,1
C:\Users\taimo\OneDrive\Documents 1\work\ecg-synthetic-research\data\rendered\ptbxl\TACHY\08895.png,TACHY,TACHY,0.861,1
C:\Users\taimo\OneDrive\Documents 1\work\ecg-synthetic-research\data\rendered\ptbxl\TACHY\09163.png,TACHY,TACHY,0.5186,1
C:\Users\taimo\OneDrive\Documents 1\work\ecg-synthetic-research\data\rendered\ptbxl\TACHY\09714.png,TACHY,TACHY,0.946,1
C:\Users\taimo\OneDrive\Documents 1\work\ecg-synthetic-research\data\rendered\ptbxl\TACHY\09738.png,TACHY,TACHY,0.935,1
C:\Users\taimo\OneDrive\Documents 1\work\ecg-synthetic-research\data\rendered\ptbxl\TACHY\09742.png,TACHY,AFIB,0.65,0
C:\Users\taimo\OneDrive\Documents 1\work\ecg-synthetic-research\data\rendered\ptbxl\TACHY\09866.png,TACHY,TACHY,0.813,1
C:\Users\taimo\OneDrive\Documents 1\work\ecg-synthetic-research\data\rendered\ptbxl\TACHY\10105.png,TACHY,TACHY,0.823,1
C:\Users\taimo\OneDrive\Documents 1\work\ecg-synthetic-research\data\rendered\ptbxl\TACHY\10331.png,TACHY,TACHY,0.9004,1
C:\Users\taimo\OneDrive\Documents 1\work\ecg-synthetic-research\data\rendered\ptbxl\TACHY\10678.png,TACHY,TACHY,0.6133,1
C:\Users\taimo\OneDrive\Documents 1\work\ecg-synthetic-research\data\rendered\ptbxl\TACHY\10765.png,TACHY,TACHY,0.9404,1
C:\Users\taimo\OneDrive\Documents 1\work\ecg-synthetic-research\data\rendered\ptbxl\TACHY\10819.png,TACHY,TACHY,0.9507,1
C:\Users\taimo\OneDrive\Documents 1\work\ecg-synthetic-research\data\rendered\ptbxl\TACHY\10936.png,TACHY,TACHY,0.6895,1
C:\Users\taimo\OneDrive\Documents 1\work\ecg-synthetic-research\data\rendered\ptbxl\TACHY\11028.png,TACHY,TACHY,0.727,1
C:\Users\taimo\OneDrive\Documents 1\work\ecg-synthetic-research\data\rendered\ptbxl\TACHY\11449.png,TACHY,TACHY,0.898,1
C:\Users\taimo\OneDrive\Documents 1\work\ecg-synthetic-research\data\rendered\ptbxl\TACHY\11579.png,TACHY,TACHY,0.9473,1
C:\Users\taimo\OneDrive\Documents 1\work\ecg-synthetic-research\data\rendered\ptbxl\TACHY\11589.png,TACHY,AFIB,0.771,0
C:\Users\taimo\OneDrive\Documents 1\work\ecg-synthetic-research\data\rendered\ptbxl\TACHY\11830.png,TACHY,TACHY,0.9087,1
C:\Users\taimo\OneDrive\Documents 1\work\ecg-synthetic-research\data\rendered\ptbxl\TACHY\11954.png,TACHY,TACHY,0.6714,1
C:\Users\taimo\OneDrive\Documents 1\work\ecg-synthetic-research\data\rendered\ptbxl\TACHY\12016.png,TACHY,TACHY,0.923,1
C:\Users\taimo\OneDrive\Documents 1\work\ecg-synthetic-research\data\rendered\ptbxl\TACHY\12021.png,TACHY,TACHY,0.96,1
C:\Users\taimo\OneDrive\Documents 1\work\ecg-synthetic-research\data\rendered\ptbxl\TACHY\12091.png,TACHY,TACHY,0.7256,1
C:\Users\taimo\OneDrive\Documents 1\work\ecg-synthetic-research\data\rendered\ptbxl\TACHY\12489.png,TACHY,AFIB,0.4731,0
C:\Users\taimo\OneDrive\Documents 1\work\ecg-synthetic-research\data\rendered\ptbxl\TACHY\12515.png,TACHY,TACHY,0.885,1
C:\Users\taimo\OneDrive\Documents 1\work\ecg-synthetic-research\data\rendered\ptbxl\TACHY\12540.png,TACHY,TACHY,0.934,1
C:\Users\taimo\OneDrive\Documents 1\work\ecg-synthetic-research\data\rendered\ptbxl\TACHY\12670.png,TACHY,TACHY,0.975,1
C:\Users\taimo\OneDrive\Documents 1\work\ecg-synthetic-research\data\rendered\ptbxl\TACHY\12904.png,TACHY,TACHY,0.8154,1
C:\Users\taimo\OneDrive\Documents 1\work\ecg-synthetic-research\data\rendered\ptbxl\TACHY\12926.png,TACHY,TACHY,0.865,1
C:\Users\taimo\OneDrive\Documents 1\work\ecg-synthetic-research\data\rendered\ptbxl\TACHY\13164.png,TACHY,TACHY,0.9424,1
C:\Users\taimo\OneDrive\Documents 1\work\ecg-synthetic-research\data\rendered\ptbxl\TACHY\13223.png,TACHY,TACHY,0.9497,1
C:\Users\taimo\OneDrive\Documents 1\work\ecg-synthetic-research\data\rendered\ptbxl\TACHY\13908.png,TACHY,TACHY,0.933,1
C:\Users\taimo\OneDrive\Documents 1\work\ecg-synthetic-research\data\rendered\ptbxl\TACHY\14048.png,TACHY,MI,0.871,0
C:\Users\taimo\OneDrive\Documents 1\work\ecg-synthetic-research\data\rendered\ptbxl\TACHY\14183.png,TACHY,TACHY,0.868,1
C:\Users\taimo\OneDrive\Documents 1\work\ecg-synthetic-research\data\rendered\ptbxl\TACHY\14349.png,TACHY,AFIB,0.612,0
C:\Users\taimo\OneDrive\Documents 1\work\ecg-synthetic-research\data\rendered\ptbxl\TACHY\14350.png,TACHY,TACHY,0.9546,1
C:\Users\taimo\OneDrive\Documents 1\work\ecg-synthetic-research\data\rendered\ptbxl\TACHY\14615.png,TACHY,TACHY,0.9697,1
C:\Users\taimo\OneDrive\Documents 1\work\ecg-synthetic-research\data\rendered\ptbxl\TACHY\14825.png,TACHY,TACHY,0.882,1
C:\Users\taimo\OneDrive\Documents 1\work\ecg-synthetic-research\data\rendered\ptbxl\TACHY\14897.png,TACHY,TACHY,0.903,1
C:\Users\taimo\OneDrive\Documents 1\work\ecg-synthetic-research\data\rendered\ptbxl\TACHY\15357.png,TACHY,MI,0.593,0
C:\Users\taimo\OneDrive\Documents 1\work\ecg-synthetic-research\data\rendered\ptbxl\TACHY\15364.png,TACHY,TACHY,0.7456,1
C:\Users\taimo\OneDrive\Documents 1\work\ecg-synthetic-research\data\rendered\ptbxl\TACHY\15617.png,TACHY,TACHY,0.776,1
C:\Users\taimo\OneDrive\Documents 1\work\ecg-synthetic-research\data\rendered\ptbxl\TACHY\16012.png,TACHY,TACHY,0.9565,1
C:\Users\taimo\OneDrive\Documents 1\work\ecg-synthetic-research\data\rendered\ptbxl\TACHY\16046.png,TACHY,TACHY,0.748,1
C:\Users\taimo\OneDrive\Documents 1\work\ecg-synthetic-research\data\rendered\ptbxl\TACHY\16066.png,TACHY,TACHY,0.88,1
C:\Users\taimo\OneDrive\Documents 1\work\ecg-synthetic-research\data\rendered\ptbxl\TACHY\16137.png,TACHY,TACHY,0.8276,1
C:\Users\taimo\OneDrive\Documents 1\work\ecg-synthetic-research\data\rendered\ptbxl\TACHY\16446.png,TACHY,TACHY,0.9775,1
C:\Users\taimo\OneDrive\Documents 1\work\ecg-synthetic-research\data\rendered\ptbxl\TACHY\16887.png,TACHY,TACHY,0.9346,1
C:\Users\taimo\OneDrive\Documents 1\work\ecg-synthetic-research\data\rendered\ptbxl\TACHY\16938.png,TACHY,TACHY,0.936,1
C:\Users\taimo\OneDrive\Documents 1\work\ecg-synthetic-research\data\rendered\ptbxl\TACHY\17447.png,TACHY,TACHY,0.9204,1
C:\Users\taimo\OneDrive\Documents 1\work\ecg-synthetic-research\data\rendered\ptbxl\TACHY\17795.png,TACHY,TACHY,0.875,1
C:\Users\taimo\OneDrive\Documents 1\work\ecg-synthetic-research\data\rendered\ptbxl\TACHY\18037.png,TACHY,TACHY,0.9536,1
C:\Users\taimo\OneDrive\Documents 1\work\ecg-synthetic-research\data\rendered\ptbxl\TACHY\18081.png,TACHY,TACHY,0.8687,1
C:\Users\taimo\OneDrive\Documents 1\work\ecg-synthetic-research\data\rendered\ptbxl\TACHY\18403.png,TACHY,TACHY,0.873,1
C:\Users\taimo\OneDrive\Documents 1\work\ecg-synthetic-research\data\rendered\ptbxl\TACHY\18500.png,TACHY,TACHY,0.847,1
C:\Users\taimo\OneDrive\Documents 1\work\ecg-synthetic-research\data\rendered\ptbxl\TACHY\18604.png,TACHY,TACHY,0.806,1
C:\Users\taimo\OneDrive\Documents 1\work\ecg-synthetic-research\data\rendered\ptbxl\TACHY\19157.png,TACHY,TACHY,0.9766,1
C:\Users\taimo\OneDrive\Documents 1\work\ecg-synthetic-research\data\rendered\ptbxl\TACHY\19258.png,TACHY,TACHY,0.7573,1
C:\Users\taimo\OneDrive\Documents 1\work\ecg-synthetic-research\data\rendered\ptbxl\TACHY\20511.png,TACHY,MI,0.5786,0
C:\Users\taimo\OneDrive\Documents 1\work\ecg-synthetic-research\data\rendered\ptbxl\TACHY\20519.png,TACHY,TACHY,0.8535,1
C:\Users\taimo\OneDrive\Documents 1\work\ecg-synthetic-research\data\rendered\ptbxl\TACHY\20678.png,TACHY,TACHY,0.9414,1
C:\Users\taimo\OneDrive\Documents 1\work\ecg-synthetic-research\data\rendered\ptbxl\TACHY\20824.png,TACHY,TACHY,0.8843,1
C:\Users\taimo\OneDrive\Documents 1\work\ecg-synthetic-research\data\rendered\ptbxl\TACHY\20972.png,TACHY,TACHY,0.867,1
C:\Users\taimo\OneDrive\Documents 1\work\ecg-synthetic-research\data\rendered\ptbxl\TACHY\20989.png,TACHY,AFIB,0.481,0
C:\Users\taimo\OneDrive\Documents 1\work\ecg-synthetic-research\data\rendered\ptbxl\TACHY\21323.png,TACHY,TACHY,0.9795,1
C:\Users\taimo\OneDrive\Documents 1\work\ecg-synthetic-research\data\rendered\ptbxl\TACHY\21384.png,TACHY,TACHY,0.946,1
C:\Users\taimo\OneDrive\Documents 1\work\ecg-synthetic-research\data\rendered\ptbxl\TACHY\21569.png,TACHY,TACHY,0.912,1
