filepath,true_label,pred_label,confidence,correct
C:\Users\taimo\OneDrive\Documents 1\work\ecg-synthetic-research\data\rendered\ptbxl\NORM\00024.png,NORM,NORM,0.6675,1
C:\Users\taimo\OneDrive\Documents 1\work\ecg-synthetic-research\data\rendered\ptbxl\NORM\00046.png,NORM,NORM,0.8364,1
C:\Users\taimo\OneDrive\Documents 1\work\ecg-synthetic-research\data\rendered\ptbxl\NORM\00069.png,NORM,NORM,0.827,1
C:\Users\taimo\OneDrive\Documents 1\work\ecg-synthetic-research\data\rendered\ptbxl\NORM\00072.png,NORM,NORM,0.8003,1
C:\Users\taimo\OneDrive\Documents 1\work\ecg-synthetic-research\data\rendered\ptbxl\NORM\00101.png,NORM,NORM,0.577,1
C:\Users\taimo\OneDrive\Documents 1\work\ecg-synthetic-research\data\rendered\ptbxl\NORM\00110.png,NORM,NORM,0.6323,1
C:\Users\taimo\OneDrive\Documents 1\work\ecg-synthetic-research\data\rendered\ptbxl\NORM\00118.png,NORM,NORM,0.844,1
C:\Users\taimo\OneDrive\Documents 1\work\ecg-synthetic-research\data\rendered\ptbxl\NORM\00123.png,NORM,NORM,0.8657,1
C:\Users\taimo\OneDrive\Documents 1\work\ecg-synthetic-research\data\rendered\ptbxl\NORM\00125.png,NORM,NORM,0.7646,1
C:\Users\taimo\OneDrive\Documents 1\work\ecg-synthetic-research\data\rendered\ptbxl\NORM\00147.png,NORM,NORM,0.8867,1
C:\Users\taimo\OneDrive\Documents 1\work\ecg-synthetic-research\data\rendered\ptbxl\NORM\00158.png,NORM,NORM,0.505,1
C:\Users\taimo\OneDrive\Documents 1\work\ecg-synthetic-research\data\rendered\ptbxl\NORM\00194.png,NORM,NORM,0.626,1
C:\Users\taimo\OneDrive\Documents 1\work\ecg-synthetic-research\data\rendered\ptbxl\NORM\00292.png,NORM,NORM,0.718,1
C:\Users\taimo\OneDrive\Documents 1\work\ecg-synthetic-research\data\rendered\ptbxl\NORM\00302.png,NORM,NORM,0.677,1
C:\Users\taimo\OneDrive\Documents 1\work\ecg-synthetic-research\data\rendered\ptbxl\NORM\00361.png,NORM,NORM,0.787,1
C:\Users\taimo\OneDrive\Documents 1\work\ecg-synthetic-research\data\rendered\ptbxl\NORM\00411.png,NORM,NORM,0.796,1
C:\Users\taimo\OneDrive\Documents 1\work\ecg-synthetic-research\data\rendered\ptbxl\NORM\00444.png,NORM,NORM,0.8086,1
C:\Users\taimo\OneDrive\Documents 1\work\ecg-synthetic-research\data\rendered\ptbxl\NORM\00446.png,NORM,NORM,0.5894,1
C:\Users\taimo\OneDrive\Documents 1\work\ecg-synthetic-research\data\rendered\ptbxl\NORM\00587.png,NORM,NORM,0.8867,1
C:\Users\taimo\OneDrive\Documents 1\work\ecg-synthetic-research\data\rendered\ptbxl\NORM\00590.png,NORM,NORM,0.837,1
C:\Users\taimo\OneDrive\Documents 1\work\ecg-synthetic-research\data\rendered\ptbxl\NORM\00614.png,NORM,NORM,0.7124,1
C:\Users\taimo\OneDrive\Documents 1\work\ecg-synthetic-research\data\rendered\ptbxl\NORM\00615.png,NORM,NORM,0.7036,1
C:\Users\taimo\OneDrive\Documents 1\work\ecg-synthetic-research\data\rendered\ptbxl\NORM\00624.png,NORM,NORM,0.827,1
C:\Users\taimo\OneDrive\Documents 1\work\ecg-synthetic-research\data\rendered\ptbxl\NORM\00643.png,NORM,NORM,0.774,1
C:\Users\taimo\OneDrive\Documents 1\work\ecg-synthetic-research\data\rendered\ptbxl\NORM\00647.png,NORM,NORM,0.8013,1
C:\Users\taimo\OneDrive\Documents 1\work\ecg-synthetic-research\data\rendered\ptbxl\NORM\00781.png,NORM,NORM,0.709,1
C:\Users\taimo\OneDrive\Documents 1\work\ecg-synthetic-research\data\rendered\ptbxl\NORM\00790.png,NORM,NORM,0.832,1
C:\Users\taimo\OneDrive\Documents 1\work\ecg-synthetic-research\data\rendered\ptbxl\NORM\00863.png,NORM,NORM,0.5303,1
C:\Users\taimo\OneDrive\Documents 1\work\ecg-synthetic-research\data\rendered\ptbxl\NORM\00875.png,NORM,NORM,0.7607,1
C:\Users\taimo\OneDrive\Documents 1\work\ecg-synthetic-research\data\rendered\ptbxl\NORM\00878.png,NORM,NORM,0.7466,1
C:\Users\taimo\OneDrive\Documents 1\work\ecg-synthetic-research\data\rendered\ptbxl\NORM\00888.png,NORM,NORM,0.769,1
C:\Users\taimo\OneDrive\Documents 1\work\ecg-synthetic-research\data\rendered\ptbxl\NORM\00906.png,NORM,NORM,0.8213,1
C:\Users\taimo\OneDrive\Documents 1\work\ecg-synthetic-research\data\rendered\ptbxl\NORM\00925.png,NORM,NORM,0.6143,1
C:\Users\taimo\OneDrive\Documents 1\work\ecg-synthetic-research\data\rendered\ptbxl\NORM\01003.png,NORM,NORM,0.815,1
C:\Users\taimo\OneDrive\Documents 1\work\ecg-synthetic-research\data\rendered\ptbxl\NORM\01034.png,NORM,NORM,0.747,1
C:\Users\taimo\OneDrive\Documents 1\work\ecg-synthetic-research\data\rendered\ptbxl\NORM\01037.png,NORM,NORM,0.864,1
C:\Users\taimo\OneDrive\Documents 1\work\ecg-synthetic-research\data\rendered\ptbxl\NORM\01102.png,NORM,NORM,0.7056,1
C:\Users\taimo\OneDrive\Documents 1\work\ecg-synthetic-research\data\rendered\ptbxl\NORM\01104.png,NORM,NORM,0.825,1
C:\Users\taimo\OneDrive\Documents 1\work\ecg-synthetic-research\data\rendered\ptbxl\NORM\01201.png,NORM,NORM,0.759,1
C:\Users\taimo\OneDrive\Documents 1\work\ecg-synthetic-research\data\rendered\ptbxl\NORM\01218.png,NORM,NORM,0.793,1
C:\Users\taimo\OneDrive\Documents 1\work\ecg-synthetic-research\data\rendered\ptbxl\NORM\01297.png,NORM,NORM,0.7637,1
C:\Users\taimo\OneDrive\Documents 1\work\ecg-synthetic-research\data\rendered\ptbxl\NORM\01306.png,NORM,NORM,0.858,1
C:\Users\taimo\OneDrive\Documents 1\work\ecg-synthetic-research\data\rendered\ptbxl\NORM\01340.png,NORM,NORM,0.826,1
C:\Users\taimo\OneDrive\Documents 1\work\ecg-synthetic-research\data\rendered\ptbxl\NORM\01354.png,NORM,NORM,0.8066,1
C:\Users\taimo\OneDrive\Documents 1\work\ecg-synthetic-research\data\rendered\ptbxl\NORM\01390.png,NORM,NORM,0.6626,1
C:\Users\taimo\OneDrive\Documents 1\work\ecg-synthetic-research\data\rendered\ptbxl\NORM\01418.png,NORM,NORM,0.6157,1
C:\Users\taimo\OneDrive\Documents 1\work\ecg-synthetic-research\data\rendered\ptbxl\NORM\01423.png,NORM,NORM,0.796,1
C:\Users\taimo\OneDrive\Documents 1\work\ecg-synthetic-research\data\rendered\ptbxl\NORM\01428.png,NORM,NORM,0.71,1
C:\Users\taimo\OneDrive\Documents 1\work\ecg-synthetic-research\data\rendered\ptbxl\NORM\01465.png,NORM,NORM,0.5264,1
C:\Users\taimo\OneDrive\Documents 1\work\ecg-synthetic-research\data\rendered\ptbxl\NORM\01476.png,NORM,NORM,0.5015,1
C:\Users\taimo\OneDrive\Documents 1\work\ecg-synthetic-research\data\rendered\ptbxl\NORM\01607.png,NORM,NORM,0.736,1
C:\Users\taimo\OneDrive\Documents 1\work\ecg-synthetic-research\data\rendered\ptbxl\NORM\01614.png,NORM,NORM,0.6416,1
C:\Users\taimo\OneDrive\Documents 1\work\ecg-synthetic-research\data\rendered\ptbxl\NORM\01672.png,NORM,NORM,0.713,1
C:\Users\taimo\OneDrive\Documents 1\work\ecg-synthetic-research\data\rendered\ptbxl\NORM\01757.png,NORM,NORM,0.727,1
C:\Users\taimo\OneDrive\Documents 1\work\ecg-synthetic-research\data\rendered\ptbxl\NORM\01978.png,NORM,NORM,0.8057,1
C:\Users\taimo\OneDrive\Documents 1\work\ecg-synthetic-research\data\rendered\ptbxl\NORM\01988.png,NORM,NORM,0.735,1
C:\Users\taimo\OneDrive\Documents 1\work\ecg-synthetic-research\data\rendered\ptbxl\NORM\02043.png,NORM,NORM,0.869,1
C:\Users\taimo\OneDrive\Documents 1\work\ecg-synthetic-research\data\rendered\ptbxl\NORM\02063.png,NORM,NORM,0.8438,1
C:\Users\taimo\OneDrive\Documents 1\work\ecg-synthetic-research\data\rendered\ptbxl\NORM\02089.png,NORM,NORM,0.714,1
C:\Users\taimo\OneDrive\Documents 1\work\ecg-synthetic-research\data\rendered\ptbxl\NORM\02098.png,NORM,NORM,0.7627,1
C:\Users\taimo\OneDrive\Documents 1\work\ecg-synthetic-research\data\rendered\ptbxl\NORM\02198.png,NORM,NORM,0.7114,1
C:\Users\taimo\OneDrive\Documents 1\work\ecg-synthetic-research\data\rendered\ptbxl\NORM\02241.png,NORM,NORM,0.8604,1
C:\Users\taimo\OneDrive\Documents 1\work\ecg-synthetic-research\data\rendered\ptbxl\NORM\02249.png,NORM,NORM,0.6875,1
C:\Users\taimo\OneDrive\Documents 1\work\ecg-synthetic-research\data\rendered\ptbxl\NORM\02255.png,NORM,NORM,0.7505,1
C:\Users\taimo\OneDrive\Documents 1\work\ecg-synthetic-research\data\rendered\ptbxl\NORM\02261.png,NORM,NORM,0.7993,1
C:\Users\taimo\OneDrive\Documents 1\work\ecg-synthetic-research\data\rendered\ptbxl\NORM\02266.png,NORM,NORM,0.7637,1
C:\Users\taimo\OneDrive\Documents 1\work\ecg-synthetic-research\data\rendered\ptbxl\NORM\02270.png,NORM,NORM,0.8555,1
C:\Users\taimo\OneDrive\Documents 1\work\ecg-synthetic-research\data\rendered\ptbxl\NORM\02283.png,NORM,NORM,0.7397,1
C:\Users\taimo\OneDrive\Documents 1\work\ecg-synthetic-research\data\rendered\ptbxl\NORM\02313.png,NORM,NORM,0.725,1
C:\Users\taimo\OneDrive\Documents 1\work\ecg-synthetic-research\data\rendered\ptbxl\NORM\02325.png,NORM,NORM,0.6816,1
C:\Users\taimo\OneDrive\Documents 1\work\ecg-synthetic-research\data\rendered\ptbxl\NORM\02374.png,NORM,MI,0.7085,0
C:\Users\taimo\OneDrive\Documents 1\work\ecg-synthetic-research\data\rendered\ptbxl\NORM\02432.png,NORM,NORM,0.8433,1
C:\Users\taimo\OneDrive\Documents 1\work\ecg-synthetic-research\data\rendered\ptbxl\NORM\02435.png,NORM,NORM,0.7085,1
C:\Users\taimo\OneDrive\Documents 1\work\ecg-synthetic-research\data\rendered\ptbxl\NORM\02570.png,NORM,NORM,0.6196,1
C:\Users\taimo\OneDrive\Documents 1\work\ecg-synthetic-research\data\rendered\ptbxl\NORM\02630.png,NORM,NORM,0.79,1
C:\Users\taimo\OneDrive\Documents 1\work\ecg-synthetic-research\data\rendered\ptbxl\NORM\02689.png,NORM,NORM,0.721,1
C:\Users\taimo\OneDrive\Documents 1\work\ecg-synthetic-research\data\rendered\ptbxl\NORM\02723.png,NORM,NORM,0.851,1
C:\Users\taimo\OneDrive\Documents 1\work\ecg-synthetic-research\data\rendered\ptbxl\NORM\02768.png,NORM,NORM,0.7783,1
C:\Users\taimo\OneDrive\Documents 1\work\ecg-synthetic-research\data\rendered\ptbxl\NORM\02834.png,NORM,NORM,0.8433,1
C:\Users\taimo\OneDrive\Documents 1\work\ecg-synthetic-research\data\rendered\ptbxl\NORM\02904.png,NORM,NORM,0.861,1
C:\Users\taimo\OneDrive\Documents 1\work\ecg-synthetic-research\data\rendered\ptbxl\NORM\02950.png,NORM,NORM,0.787,1
C:\Users\taimo\OneDrive\Documents 1\work\ecg-synthetic-research\data\rendered\ptbxl\NORM\02955.png,NORM,NORM,0.784,1
C:\Users\taimo\OneDrive\Documents 1\work\ecg-synthetic-research\data\rendered\ptbxl\NORM\03027.png,NORM,NORM,0.836,1
C:\Users\taimo\OneDrive\Documents 1\work\ecg-synthetic-research\data\rendered\ptbxl\NORM\03035.png,NORM,NORM,0.671,1
C:\Users\taimo\OneDrive\Documents 1\work\ecg-synthetic-research\data\rendered\ptbxl\NORM\03054.png,NORM,NORM,0.833,1
C:\Users\taimo\OneDrive\Documents 1\work\ecg-synthetic-research\data\rendered\ptbxl\NORM\03115.png,NORM,NORM,0.7544,1
C:\Users\taimo\OneDrive\Documents 1\work\ecg-synthetic-research\data\rendered\ptbxl\NORM\03121.png,NORM,NORM,0.7114,1
C:\Users\taimo\OneDrive\Documents 1\work\ecg-synthetic-research\data\rendered\ptbxl\NORM\03141.png,NORM,TACHY,0.9717,0
C:\Users\taimo\OneDrive\Documents 1\work\ecg-synthetic-research\data\rendered\ptbxl\NORM\03148.png,NORM,NORM,0.86,1
C:\Users\taimo\OneDrive\Documents 1\work\ecg-synthetic-research\data\rendered\ptbxl\NORM\03212.png,NORM,NORM,0.7666,1
C:\Users\taimo\OneDrive\Documents 1\work\ecg-synthetic-research\data\rendered\ptbxl\NORM\03239.png,NORM,NORM,0.597,1
C:\Users\taimo\OneDrive\Documents 1\work\ecg-synthetic-research\data\rendered\ptbxl\NORM\03263.png,NORM,NORM,0.7144,1
C:\Users\taimo\OneDrive\Documents 1\work\ecg-synthetic-research\data\rendered\ptbxl\NORM\03328.png,NORM,NORM,0.6445,1
C:\Users\taimo\OneDrive\Documents 1\work\ecg-synthetic-research\data\rendered\ptbxl\NORM\03331.png,NORM,NORM,0.8433,1
C:\Users\taimo\OneDrive\Documents 1\work\ecg-synthetic-research\data\rendered\ptbxl\NORM\03364.png,NORM,NORM,0.656,1
C:\Users\taimo\OneDrive\Documents 1\work\ecg-synthetic-research\data\rendered\ptbxl\NORM\03408.png,NORM,NORM,0.6816,1
C:\Users\taimo\OneDrive\Documents 1\work\ecg-synthetic-research\data\rendered\ptbxl\NORM\03414.png,NORM,NORM,0.777,1
C:\Users\taimo\OneDrive\Documents 1\work\ecg-synthetic-research\data\rendered\ptbxl\NORM\03430.png,NORM,NORM,0.71,1
C:\Users\taimo\OneDrive\Documents 1\work\ecg-synthetic-research\data\rendered\ptbxl\NORM\03441.png,NORM,NORM,0.6914,1
C:\Users\taimo\OneDrive\Documents 1\work\ecg-synthetic-research\data\rendered\ptbxl\NORM\03537.png,NORM,NORM,0.78,1
C:\Users\taimo\OneDrive\Documents 1\work\ecg-synthetic-research\data\rendered\ptbxl\NORM\03540.png,NORM,NORM,0.796,1
C:\Users\taimo\OneDrive\Documents 1\work\ecg-synthetic-research\data\rendered\ptbxl\NORM\03545.png,NORM,NORM,0.7534,1
C:\Users\taimo\OneDrive\Documents 1\work\ecg-synthetic-research\data\rendered\ptbxl\NORM\03683.png,NORM,NORM,0.8154,1
C:\Users\taimo\OneDrive\Documents 1\work\ecg-synthetic-research\data\rendered\ptbxl\NORM\03686.png,NORM,NORM,0.8813,1
C:\Users\taimo\OneDrive\Documents 1\work\ecg-synthetic-research\data\rendered\ptbxl\NORM\03770.png,NORM,NORM,0.8604,1
C:\Users\taimo\OneDrive\Documents 1\work\ecg-synthetic-research\data\rendered\ptbxl\NORM\03780.png,NORM,NORM,0.7666,1
C:\Users\taimo\OneDrive\Documents 1\work\ecg-synthetic-research\data\rendered\ptbxl\NORM\03812.png,NORM,NORM,0.731,1
C:\Users\taimo\OneDrive\Documents 1\work\ecg-synthetic-research\data\rendered\ptbxl\NORM\03942.png,NORM,NORM,0.7793,1
C:\Users\taimo\OneDrive\Documents 1\work\ecg-synthetic-research\data\rendered\ptbxl\NORM\03951.png,NORM,NORM,0.6475,1
C:\Users\taimo\OneDrive\Documents 1\work\ecg-synthetic-research\data\rendered\ptbxl\NORM\04110.png,NORM,TACHY,0.4558,0
C:\Users\taimo\OneDrive\Documents 1\work\ecg-synthetic-research\data\rendered\ptbxl\NORM\04122.png,NORM,NORM,0.7725,1
C:\Users\taimo\OneDrive\Documents 1\work\ecg-synthetic-research\data\rendered\ptbxl\NORM\04152.png,NORM,NORM,0.5566,1
C:\Users\taimo\OneDrive\Documents 1\work\ecg-synthetic-research\data\rendered\ptbxl\NORM\04167.png,NORM,NORM,0.643,1
C:\Users\taimo\OneDrive\Documents 1\work\ecg-synthetic-research\data\rendered\ptbxl\NORM\04176.png,NORM,NORM,0.7935,1
C:\Users\taimo\OneDrive\Documents 1\work\ecg-synthetic-research\data\rendered\ptbxl\NORM\04201.png,NORM,AFIB,0.428,0
C:\Users\taimo\OneDrive\Documents 1\work\ecg-synthetic-research\data\rendered\ptbxl\NORM\04212.png,NORM,NORM,0.83,1
C:\Users\taimo\OneDrive\Documents 1\work\ecg-synthetic-research\data\rendered\ptbxl\NORM\04241.png,NORM,NORM,0.846,1
C:\Users\taimo\OneDrive\Documents 1\work\ecg-synthetic-research\data\rendered\ptbxl\NORM\04256.png,NORM,NORM,0.523,1
C:\Users\taimo\OneDrive\Documents 1\work\ecg-synthetic-research\data\rendered\ptbxl\NORM\04261.png,NORM,NORM,0.84,1
C:\Users\taimo\OneDrive\Documents 1\work\ecg-synthetic-research\data\rendered\ptbxl\NORM\04289.png,NORM,NORM,0.7974,1
C:\Users\taimo\OneDrive\Documents 1\work\ecg-synthetic-research\data\rendered\ptbxl\NORM\04328.png,NORM,NORM,0.886,1
C:\Users\taimo\OneDrive\Documents 1\work\ecg-synthetic-research\data\rendered\ptbxl\NORM\04344.png,NORM,NORM,0.782,1
C:\Users\taimo\OneDrive\Documents 1\work\ecg-synthetic-research\data\rendered\ptbxl\NORM\04369.png,NORM,NORM,0.7407,1
C:\Users\taimo\OneDrive\Documents 1\work\ecg-synthetic-research\data\rendered\ptbxl\NORM\04407.png,NORM,NORM,0.8413,1
C:\Users\taimo\OneDrive\Documents 1\work\ecg-synthetic-research\data\rendered\ptbxl\NORM\04441.png,NORM,NORM,0.728,1
C:\Users\taimo\OneDrive\Documents 1\work\ecg-synthetic-research\data\rendered\ptbxl\NORM\04473.png,NORM,NORM,0.8174,1
C:\Users\taimo\OneDrive\Documents 1\work\ecg-synthetic-research\data\rendered\ptbxl\NORM\04480.png,NORM,NORM,0.538,1
C:\Users\taimo\OneDrive\Documents 1\work\ecg-synthetic-research\data\rendered\ptbxl\NORM\04631.png,NORM,NORM,0.6333,1
C:\Users\taimo\OneDrive\Documents 1\work\ecg-synthetic-research\data\rendered\ptbxl\NORM\04642.png,NORM,NORM,0.6997,1
C:\Users\taimo\OneDrive\Documents 1\work\ecg-synthetic-research\data\rendered\ptbxl\NORM\04715.png,NORM,NORM,0.8027,1
C:\Users\taimo\OneDrive\Documents 1\work\ecg-synthetic-research\data\rendered\ptbxl\NORM\04736.png,NORM,NORM,0.7964,1
C:\Users\taimo\OneDrive\Documents 1\work\ecg-synthetic-research\data\rendered\ptbxl\NORM\04774.png,NORM,NORM,0.833,1
C:\Users\taimo\OneDrive\Documents 1\work\ecg-synthetic-research\data\rendered\ptbxl\NORM\04867.png,NORM,NORM,0.7295,1
C:\Users\taimo\OneDrive\Documents 1\work\ecg-synthetic-research\data\rendered\ptbxl\NORM\04879.png,NORM,NORM,0.847,1
C:\Users\taimo\OneDrive\Documents 1\work\ecg-synthetic-research\data\rendered\ptbxl\NORM\05086.png,NORM,NORM,0.7925,1
C:\Users\taimo\OneDrive\Documents 1\work\ecg-synthetic-research\data\rendered\ptbxl\NORM\05182.png,NORM,NORM,0.615,1
C:\Users\taimo\OneDrive\Documents 1\work\ecg-synthetic-research\data\rendered\ptbxl\NORM\05200.png,NORM,NORM,0.768,1
C:\Users\taimo\OneDrive\Documents 1\work\ecg-synthetic-research\data\rendered\ptbxl\NORM\05267.png,NORM,NORM,0.643,1
C:\Users\taimo\OneDrive\Documents 1\work\ecg-synthetic-research\data\rendered\ptbxl\NORM\05281.png,NORM,NORM,0.699,1
C:\Users\taimo\OneDrive\Documents 1\work\ecg-synthetic-research\data\rendered\ptbxl\NORM\05344.png,NORM,NORM,0.763,1
C:\Users\taimo\OneDrive\Documents 1\work\ecg-synthetic-research\data\rendered\ptbxl\NORM\05371.png,NORM,NORM,0.837,1
C:\Users\taimo\OneDrive\Documents 1\work\ecg-synthetic-research\data\rendered\ptbxl\NORM\05391.png,NORM,NORM,0.65,1
C:\Users\taimo\OneDrive\Documents 1\work\ecg-synthetic-research\data\rendered\ptbxl\NORM\05405.png,NORM,NORM,0.6797,1
C:\Users\taimo\OneDrive\Documents 1\work\ecg-synthetic-research\data\rendered\ptbxl\NORM\05418.png,NORM,NORM,0.7446,1
C:\Users\taimo\OneDrive\Documents 1\work\ecg-synthetic-research\data\rendered\ptbxl\NORM\05420.png,NORM,NORM,0.808,1
C:\Users\taimo\OneDrive\Documents 1\work\ecg-synthetic-research\data\rendered\ptbxl\NORM\05466.png,NORM,NORM,0.7734,1
C:\Users\taimo\OneDrive\Documents 1\work\ecg-synthetic-research\data\rendered\ptbxl\NORM\05566.png,NORM,NORM,0.7905,1
C:\Users\taimo\OneDrive\Documents 1\work\ecg-synthetic-research\data\rendered\ptbxl\NORM\05589.png,NORM,NORM,0.743,1
C:\Users\taimo\OneDrive\Documents 1\work\ecg-synthetic-research\data\rendered\ptbxl\NORM\05672.png,NORM,NORM,0.8,1
C:\Users\taimo\OneDrive\Documents 1\work\ecg-synthetic-research\data\rendered\ptbxl\NORM\05681.png,NORM,NORM,0.743,1
C:\Users\taimo\OneDrive\Documents 1\work\ecg-synthetic-research\data\rendered\ptbxl\NORM\05723.png,NORM,NORM,0.889,1
C:\Users\taimo\OneDrive\Documents 1\work\ecg-synthetic-research\data\rendered\ptbxl\NORM\05738.png,NORM,NORM,0.563,1
C:\Users\taimo\OneDrive\Documents 1\work\ecg-synthetic-research\data\rendered\ptbxl\NORM\05798.png,NORM,NORM,0.692,1
C:\Users\taimo\OneDrive\Documents 1\work\ecg-synthetic-research\data\rendered\ptbxl\NORM\05870.png,NORM,NORM,0.8916,1
C:\Users\taimo\OneDrive\Documents 1\work\ecg-synthetic-research\data\rendered\ptbxl\NORM\05896.png,NORM,NORM,0.738,1
C:\Users\taimo\OneDrive\Documents 1\work\ecg-synthetic-research\data\rendered\ptbxl\NORM\05945.png,NORM,NORM,0.779,1
C:\Users\taimo\OneDrive\Documents 1\work\ecg-synthetic-research\data\rendered\ptbxl\NORM\05962.png,NORM,NORM,0.658,1
C:\Users\taimo\OneDrive\Documents 1\work\ecg-synthetic-research\data\rendered\ptbxl\NORM\05969.png,NORM,NORM,0.5146,1
C:\Users\taimo\OneDrive\Documents 1\work\ecg-synthetic-research\data\rendered\ptbxl\NORM\05973.png,NORM,NORM,0.665,1
C:\Users\taimo\OneDrive\Documents 1\work\ecg-synthetic-research\data\rendered\ptbxl\NORM\05976.png,NORM,NORM,0.7837,1
C:\Users\taimo\OneDrive\Documents 1\work\ecg-synthetic-research\data\rendered\ptbxl\NORM\05978.png,NORM,NORM,0.866,1
C:\Users\taimo\OneDrive\Documents 1\work\ecg-synthetic-research\data\rendered\ptbxl\NORM\05981.png,NORM,NORM,0.517,1
C:\Users\taimo\OneDrive\Documents 1\work\ecg-synthetic-research\data\rendered\ptbxl\NORM\05988.png,NORM,NORM,0.823,1
C:\Users\taimo\OneDrive\Documents 1\work\ecg-synthetic-research\data\rendered\ptbxl\NORM\06004.png,NORM,NORM,0.793,1
C:\Users\taimo\OneDrive\Documents 1\work\ecg-synthetic-research\data\rendered\ptbxl\NORM\06010.png,NORM,NORM,0.7983,1
C:\Users\taimo\OneDrive\Documents 1\work\ecg-synthetic-research\data\rendered\ptbxl\NORM\06092.png,NORM,NORM,0.755,1
C:\Users\taimo\OneDrive\Documents 1\work\ecg-synthetic-research\data\rendered\ptbxl\NORM\06277.png,NORM,NORM,0.6772,1
C:\Users\taimo\OneDrive\Documents 1\work\ecg-synthetic-research\data\rendered\ptbxl\NORM\06317.png,NORM,MI,0.433,0
C:\Users\taimo\OneDrive\Documents 1\work\ecg-synthetic-research\data\rendered\ptbxl\NORM\06336.png,NORM,NORM,0.749,1
C:\Users\taimo\OneDrive\Documents 1\work\ecg-synthetic-research\data\rendered\ptbxl\NORM\06341.png,NORM,NORM,0.748,1
C:\Users\taimo\OneDrive\Documents 1\work\ecg-synthetic-research\data\rendered\ptbxl\NORM\06346.png,NORM,NORM,0.709,1
C:\Users\taimo\OneDrive\Documents 1\work\ecg-synthetic-research\data\rendered\ptbxl\NORM\06361.png,NORM,MI,0.5127,0
C:\Users\taimo\OneDrive\Documents 1\work\ecg-synthetic-research\data\rendered\ptbxl\NORM\06391.png,NORM,NORM,0.804,1
C:\Users\taimo\OneDrive\Documents 1\work\ecg-synthetic-research\data\rendered\ptbxl\NORM\06415.png,NORM,NORM,0.7207,1
C:\Users\taimo\OneDrive\Documents 1\work\ecg-synthetic-research\data\rendered\ptbxl\NORM\06434.png,NORM,NORM,0.8594,1
C:\Users\taimo\OneDrive\Documents 1\work\ecg-synthetic-research\data\rendered\ptbxl\NORM\06481.png,NORM,NORM,0.843,1
C:\Users\taimo\OneDrive\Documents 1\work\ecg-synthetic-research\data\rendered\ptbxl\NORM\06496.png,NORM,NORM,0.8354,1
C:\Users\taimo\OneDrive\Documents 1\work\ecg-synthetic-research\data\rendered\ptbxl\NORM\06549.png,NORM,NORM,0.7017,1
C:\Users\taimo\OneDrive\Documents 1\work\ecg-synthetic-research\data\rendered\ptbxl\NORM\06555.png,NORM,NORM,0.883,1
C:\Users\taimo\OneDrive\Documents 1\work\ecg-synthetic-research\data\rendered\ptbxl\NORM\06568.png,NORM,NORM,0.828,1
C:\Users\taimo\OneDrive\Documents 1\work\ecg-synthetic-research\data\rendered\ptbxl\NORM\06583.png,NORM,NORM,0.8403,1
C:\Users\taimo\OneDrive\Documents 1\work\ecg-synthetic-research\data\rendered\ptbxl\NORM\06836.png,NORM,NORM,0.8228,1
C:\Users\taimo\OneDrive\Documents 1\work\ecg-synthetic-research\data\rendered\ptbxl\NORM\06871.png,NORM,NORM,0.6523,1
C:\Users\taimo\OneDrive\Documents 1\work\ecg-synthetic-research\data\rendered\ptbxl\NORM\06878.png,NORM,NORM,0.735,1
C:\Users\taimo\OneDrive\Documents 1\work\ecg-synthetic-research\data\rendered\ptbxl\NORM\06931.png,NORM,NORM,0.7817,1
C:\Users\taimo\OneDrive\Documents 1\work\ecg-synthetic-research\data\rendered\ptbxl\NORM\06934.png,NORM,NORM,0.8267,1
C:\Users\taimo\OneDrive\Documents 1\work\ecg-synthetic-research\data\rendered\ptbxl\NORM\06985.png,NORM,NORM,0.6006,1
C:\Users\taimo\OneDrive\Documents 1\work\ecg-synthetic-research\data\rendered\ptbxl\NORM\07099.png,NORM,NORM,0.645,1
C:\Users\taimo\OneDrive\Documents 1\work\ecg-synthetic-research\data\rendered\ptbxl\NORM\07220.png,NORM,NORM,0.737,1
C:\Users\taimo\OneDrive\Documents 1\work\ecg-synthetic-research\data\rendered\ptbxl\NORM\07279.png,NORM,NORM,0.7603,1
C:\Users\taimo\OneDrive\Documents 1\work\ecg-synthetic-research\data\rendered\ptbxl\NORM\07290.png,NORM,NORM,0.8237,1
C:\Users\taimo\OneDrive\Documents 1\work\ecg-synthetic-research\data\rendered\ptbxl\NORM\07320.png,NORM,NORM,0.773,1
C:\Users\taimo\OneDrive\Documents 1\work\ecg-synthetic-research\data\rendered\ptbxl\NORM\07344.png,NORM,NORM,0.831,1
C:\Users\taimo\OneDrive\Documents 1\work\ecg-synthetic-research\data\rendered\ptbxl\NORM\07380.png,NORM,NORM,0.745,1
C:\Users\taimo\OneDrive\Documents 1\work\ecg-synthetic-research\data\rendered\ptbxl\NORM\07397.png,NORM,NORM,0.7627,1
C:\Users\taimo\OneDrive\Documents 1\work\ecg-synthetic-research\data\rendered\ptbxl\NORM\07494.png,NORM,NORM,0.8027,1
C:\Users\taimo\OneDrive\Documents 1\work\ecg-synthetic-research\data\rendered\ptbxl\NORM\07620.png,NORM,NORM,0.785,1
C:\Users\taimo\OneDrive\Documents 1\work\ecg-synthetic-research\data\rendered\ptbxl\NORM\07623.png,NORM,NORM,0.832,1
C:\Users\taimo\OneDrive\Documents 1\work\ecg-synthetic-research\data\rendered\ptbxl\NORM\07689.png,NORM,NORM,0.7935,1
C:\Users\taimo\OneDrive\Documents 1\work\ecg-synthetic-research\data\rendered\ptbxl\NORM\07691.png,NORM,NORM,0.7856,1
C:\Users\taimo\OneDrive\Documents 1\work\ecg-synthetic-research\data\rendered\ptbxl\NORM\07719.png,NORM,NORM,0.662,1
C:\Users\taimo\OneDrive\Documents 1\work\ecg-synthetic-research\data\rendered\ptbxl\NORM\07754.png,NORM,NORM,0.813,1
C:\Users\taimo\OneDrive\Documents 1\work\ecg-synthetic-research\data\rendered\ptbxl\NORM\07883.png,NORM,NORM,0.724,1
C:\Users\taimo\OneDrive\Documents 1\work\ecg-synthetic-research\data\rendered\ptbxl\NORM\07942.png,NORM,NORM,0.8335,1
C:\Users\taimo\OneDrive\Documents 1\work\ecg-synthetic-research\data\rendered\ptbxl\NORM\07974.png,NORM,NORM,0.7114,1
C:\Users\taimo\OneDrive\Documents 1\work\ecg-synthetic-research\data\rendered\ptbxl\NORM\08035.png,NORM,NORM,0.684,1
C:\Users\taimo\OneDrive\Documents 1\work\ecg-synthetic-research\data\rendered\ptbxl\NORM\08128.png,NORM,NORM,0.832,1
C:\Users\taimo\OneDrive\Documents 1\work\ecg-synthetic-research\data\rendered\ptbxl\NORM\08149.png,NORM,NORM,0.7817,1
C:\Users\taimo\OneDrive\Documents 1\work\ecg-synthetic-research\data\rendered\ptbxl\NORM\08200.png,NORM,NORM,0.8438,1
C:\Users\taimo\OneDrive\Documents 1\work\ecg-synthetic-research\data\rendered\ptbxl\NORM\08386.png,NORM,NORM,0.6953,1
C:\Users\taimo\OneDrive\Documents 1\work\ecg-synthetic-research\data\rendered\ptbxl\NORM\08414.png,NORM,NORM,0.6353,1
C:\Users\taimo\OneDrive\Documents 1\work\ecg-synthetic-research\data\rendered\ptbxl\NORM\08447.png,NORM,NORM,0.6147,1
C:\Users\taimo\OneDrive\Documents 1\work\ecg-synthetic-research\data\rendered\ptbxl\NORM\08510.png,NORM,NORM,0.757,1
C:\Users\taimo\OneDrive\Documents 1\work\ecg-synthetic-research\data\rendered\ptbxl\NORM\08511.png,NORM,NORM,0.613,1
C:\Users\taimo\OneDrive\Documents 1\work\ecg-synthetic-research\data\rendered\ptbxl\NORM\08560.png,NORM,NORM,0.707,1
C:\Users\taimo\OneDrive\Documents 1\work\ecg-synthetic-research\data\rendered\ptbxl\NORM\08569.png,NORM,MI,0.526,0
C:\Users\taimo\OneDrive\Documents 1\work\ecg-synthetic-research\data\rendered\ptbxl\NORM\08592.png,NORM,NORM,0.789,1
C:\Users\taimo\OneDrive\Documents 1\work\ecg-synthetic-research\data\rendered\ptbxl\NORM\08642.png,NORM,NORM,0.7993,1
C:\Users\taimo\OneDrive\Documents 1\work\ecg-synthetic-research\data\rendered\ptbxl\NORM\08713.png,NORM,NORM,0.719,1
C:\Users\taimo\OneDrive\Documents 1\work\ecg-synthetic-research\data\rendered\ptbxl\NORM\08724.png,NORM,NORM,0.803,1
C:\Users\taimo\OneDrive\Documents 1\work\ecg-synthetic-research\data\rendered\ptbxl\NORM\08734.png,NORM,NORM,0.682,1
C:\Users\taimo\OneDrive\Documents 1\work\ecg-synthetic-research\data\rendered\ptbxl\NORM\08776.png,NORM,NORM,0.841,1
C:\Users\taimo\OneDrive\Documents 1\work\ecg-synthetic-research\data\rendered\ptbxl\NORM\08852.png,NORM,NORM,0.7485,1
C:\Users\taimo\OneDrive\Documents 1\work\ecg-synthetic-research\data\rendered\ptbxl\NORM\08923.png,NORM,NORM,0.7275,1
C:\Users\taimo\OneDrive\Documents 1\work\ecg-synthetic-research\data\rendered\ptbxl\NORM\08926.png,NORM,NORM,0.769,1
C:\Users\taimo\OneDrive\Documents 1\work\ecg-synthetic-research\data\rendered\ptbxl\NORM\09043.png,NORM,NORM,0.5806,1
C:\Users\taimo\OneDrive\Documents 1\work\ecg-synthetic-research\data\rendered\ptbxl\NORM\09057.png,NORM,NORM,0.6323,1
C:\Users\taimo\OneDrive\Documents 1\work\ecg-synthetic-research\data\rendered\ptbxl\NORM\09065.png,NORM,NORM,0.807,1
C:\Users\taimo\OneDrive\Documents 1\work\ecg-synthetic-research\data\rendered\ptbxl\NORM\09162.png,NORM,NORM,0.8467,1
C:\Users\taimo\OneDrive\Documents 1\work\ecg-synthetic-research\data\rendered\ptbxl\NORM\09367.png,NORM,NORM,0.7593,1
C:\Users\taimo\OneDrive\Documents 1\work\ecg-synthetic-research\data\rendered\ptbxl\NORM\09430.png,NORM,NORM,0.816,1
C:\Users\taimo\OneDrive\Documents 1\work\ecg-synthetic-research\data\rendered\ptbxl\NORM\09468.png,NORM,NORM,0.831,1
C:\Users\taimo\OneDrive\Documents 1\work\ecg-synthetic-research\data\rendered\ptbxl\NORM\09470.png,NORM,NORM,0.6445,1
C:\Users\taimo\OneDrive\Documents 1\work\ecg-synthetic-research\data\rendered\ptbxl\NORM\09495.png,NORM,NORM,0.8125,1
C:\Users\taimo\OneDrive\Documents 1\work\ecg-synthetic-research\data\rendered\ptbxl\NORM\09504.png,NORM,TACHY,0.5303,0
C:\Users\taimo\OneDrive\Documents 1\work\ecg-synthetic-research\data\rendered\ptbxl\NORM\09579.png,NORM,NORM,0.7617,1
C:\Users\taimo\OneDrive\Documents 1\work\ecg-synthetic-research\data\rendered\ptbxl\NORM\09625.png,NORM,NORM,0.7715,1
C:\Users\taimo\OneDrive\Documents 1\work\ecg-synthetic-research\data\rendered\ptbxl\NORM\09678.png,NORM,NORM,0.6626,1
C:\Users\taimo\OneDrive\Documents 1\work\ecg-synthetic-research\data\rendered\ptbxl\NORM\09688.png,NORM,NORM,0.688,1
C:\Users\taimo\OneDrive\Documents 1\work\ecg-synthetic-research\data\rendered\ptbxl\NORM\09800.png,NORM,NORM,0.5757,1
C:\Users\taimo\OneDrive\Documents 1\work\ecg-synthetic-research\data\rendered\ptbxl\NORM\09850.png,NORM,NORM,0.6997,1
C:\Users\taimo\OneDrive\Documents 1\work\ecg-synthetic-research\data\rendered\ptbxl\NORM\09855.png,NORM,NORM,0.7676,1
C:\Users\taimo\OneDrive\Documents 1\work\ecg-synthetic-research\data\rendered\ptbxl\NORM\09856.png,NORM,NORM,0.7007,1
C:\Users\taimo\OneDrive\Documents 1\work\ecg-synthetic-research\data\rendered\ptbxl\NORM\09865.png,NORM,NORM,0.8145,1
C:\Users\taimo\OneDrive\Documents 1\work\ecg-synthetic-research\data\rendered\ptbxl\NORM\09900.png,NORM,NORM,0.799,1
C:\Users\taimo\OneDrive\Documents 1\work\ecg-synthetic-research\data\rendered\ptbxl\NORM\09934.png,NORM,NORM,0.8433,1
C:\Users\taimo\OneDrive\Documents 1\work\ecg-synthetic-research\data\rendered\ptbxl\NORM\09939.png,NORM,NORM,0.7725,1
C:\Users\taimo\OneDrive\Documents 1\work\ecg-synthetic-research\data\rendered\ptbxl\NORM\09945.png,NORM,NORM,0.801,1
C:\Users\taimo\OneDrive\Documents 1\work\ecg-synthetic-research\data\rendered\ptbxl\NORM\09959.png,NORM,NORM,0.77,1
C:\Users\taimo\OneDrive\Documents 1\work\ecg-synthetic-research\data\rendered\ptbxl\NORM\09983.png,NORM,NORM,0.8335,1
C:\Users\taimo\OneDrive\Documents 1\work\ecg-synthetic-research\data\rendered\ptbxl\NORM\10007.png,NORM,NORM,0.557,1
C:\Users\taimo\OneDrive\Documents 1\work\ecg-synthetic-research\data\rendered\ptbxl\NORM\10008.png,NORM,NORM,0.767,1
C:\Users\taimo\OneDrive\Documents 1\work\ecg-synthetic-research\data\rendered\ptbxl\NORM\10098.png,NORM,NORM,0.841,1
C:\Users\taimo\OneDrive\Documents 1\work\ecg-synthetic-research\data\rendered\ptbxl\NORM\10153.png,NORM,NORM,0.7607,1
C:\Users\taimo\OneDrive\Documents 1\work\ecg-synthetic-research\data\rendered\ptbxl\NORM\10268.png,NORM,NORM,0.6465,1
C:\Users\taimo\OneDrive\Documents 1\work\ecg-synthetic-research\data\rendered\ptbxl\NORM\10325.png,NORM,NORM,0.793,1
C:\Users\taimo\OneDrive\Documents 1\work\ecg-synthetic-research\data\rendered\ptbxl\NORM\10337.png,NORM,TACHY,0.8477,0
C:\Users\taimo\OneDrive\Documents 1\work\ecg-synthetic-research\data\rendered\ptbxl\NORM\10351.png,NORM,NORM,0.7373,1
C:\Users\taimo\OneDrive\Documents 1\work\ecg-synthetic-research\data\rendered\ptbxl\NORM\10352.png,NORM,MI,0.652,0
C:\Users\taimo\OneDrive\Documents 1\work\ecg-synthetic-research\data\rendered\ptbxl\NORM\10461.png,NORM,NORM,0.7466,1
C:\Users\taimo\OneDrive\Documents 1\work\ecg-synthetic-research\data\rendered\ptbxl\NORM\10468.png,NORM,NORM,0.876,1
C:\Users\taimo\OneDrive\Documents 1\work\ecg-synthetic-research\data\rendered\ptbxl\NORM\10534.png,NORM,NORM,0.82,1
C:\Users\taimo\OneDrive\Documents 1\work\ecg-synthetic-research\data\rendered\ptbxl\NORM\10546.png,NORM,NORM,0.819,1
C:\Users\taimo\OneDrive\Documents 1\work\ecg-synthetic-research\data\rendered\ptbxl\NORM\10600.png,NORM,NORM,0.721,1
C:\Users\taimo\OneDrive\Documents 1\work\ecg-synthetic-research\data\rendered\ptbxl\NORM\10610.png,NORM,NORM,0.86,1
C:\Users\taimo\OneDrive\Documents 1\work\ecg-synthetic-research\data\rendered\ptbxl\NORM\10684.png,NORM,NORM,0.6753,1
C:\Users\taimo\OneDrive\Documents 1\work\ecg-synthetic-research\data\rendered\ptbxl\NORM\10781.png,NORM,NORM,0.751,1
C:\Users\taimo\OneDrive\Documents 1\work\ecg-synthetic-research\data\rendered\ptbxl\NORM\10821.png,NORM,NORM,0.7227,1
C:\Users\taimo\OneDrive\Documents 1\work\ecg-synthetic-research\data\rendered\ptbxl\NORM\10883.png,NORM,NORM,0.8765,1
C:\Users\taimo\OneDrive\Documents 1\work\ecg-synthetic-research\data\rendered\ptbxl\NORM\10997.png,NORM,NORM,0.6074,1
C:\Users\taimo\OneDrive\Documents 1\work\ecg-synthetic-research\data\rendered\ptbxl\NORM\11000.png,NORM,NORM,0.8667,1
C:\Users\taimo\OneDrive\Documents 1\work\ecg-synthetic-research\data\rendered\ptbxl\NORM\11112.png,NORM,NORM,0.8594,1
C:\Users\taimo\OneDrive\Documents 1\work\ecg-synthetic-research\data\rendered\ptbxl\NORM\11198.png,NORM,NORM,0.8096,1
C:\Users\taimo\OneDrive\Documents 1\work\ecg-synthetic-research\data\rendered\ptbxl\NORM\11254.png,NORM,NORM,0.7656,1
C:\Users\taimo\OneDrive\Documents 1\work\ecg-synthetic-research\data\rendered\ptbxl\NORM\11331.png,NORM,NORM,0.6533,1
C:\Users\taimo\OneDrive\Documents 1\work\ecg-synthetic-research\data\rendered\ptbxl\NORM\11375.png,NORM,NORM,0.6943,1
C:\Users\taimo\OneDrive\Documents 1\work\ecg-synthetic-research\data\rendered\ptbxl\NORM\11402.png,NORM,NORM,0.761,1
C:\Users\taimo\OneDrive\Documents 1\work\ecg-synthetic-research\data\rendered\ptbxl\NORM\11445.png,NORM,NORM,0.5137,1
C:\Users\taimo\OneDrive\Documents 1\work\ecg-synthetic-research\data\rendered\ptbxl\NORM\11451.png,NORM,NORM,0.8003,1
C:\Users\taimo\OneDrive\Documents 1\work\ecg-synthetic-research\data\rendered\ptbxl\NORM\11502.png,NORM,NORM,0.748,1
C:\Users\taimo\OneDrive\Documents 1\work\ecg-synthetic-research\data\rendered\ptbxl\NORM\11742.png,NORM,NORM,0.7607,1
C:\Users\taimo\OneDrive\Documents 1\work\ecg-synthetic-research\data\rendered\ptbxl\NORM\11745.png,NORM,NORM,0.774,1
C:\Users\taimo\OneDrive\Documents 1\work\ecg-synthetic-research\data\rendered\ptbxl\NORM\11791.png,NORM,NORM,0.8296,1
C:\Users\taimo\OneDrive\Documents 1\work\ecg-synthetic-research\data\rendered\ptbxl\NORM\11805.png,NORM,NORM,0.845,1
C:\Users\taimo\OneDrive\Documents 1\work\ecg-synthetic-research\data\rendered\ptbxl\NORM\11876.png,NORM,NORM,0.734,1
C:\Users\taimo\OneDrive\Documents 1\work\ecg-synthetic-research\data\rendered\ptbxl\NORM\11939.png,NORM,NORM,0.8057,1
C:\Users\taimo\OneDrive\Documents 1\work\ecg-synthetic-research\data\rendered\ptbxl\NORM\11968.png,NORM,NORM,0.684,1
C:\Users\taimo\OneDrive\Documents 1\work\ecg-synthetic-research\data\rendered\ptbxl\NORM\11987.png,NORM,NORM,0.6514,1
C:\Users\taimo\OneDrive\Documents 1\work\ecg-synthetic-research\data\rendered\ptbxl\NORM\11989.png,NORM,NORM,0.6865,1
C:\Users\taimo\OneDrive\Documents 1\work\ecg-synthetic-research\data\rendered\ptbxl\NORM\11992.png,NORM,NORM,0.839,1
C:\Users\taimo\OneDrive\Documents 1\work\ecg-synthetic-research\data\rendered\ptbxl\NORM\12007.png,NORM,NORM,0.738,1
C:\Users\taimo\OneDrive\Documents 1\work\ecg-synthetic-research\data\rendered\ptbxl\NORM\12033.png,NORM,NORM,0.513,1
C:\Users\taimo\OneDrive\Documents 1\work\ecg-synthetic-research\data\rendered\ptbxl\NORM\12089.png,NORM,NORM,0.5664,1
C:\Users\taimo\OneDrive\Documents 1\work\ecg-synthetic-research\data\rendered\ptbxl\NORM\12163.png,NORM,NORM,0.704,1
C:\Users\taimo\OneDrive\Documents 1\work\ecg-synthetic-research\data\rendered\ptbxl\NORM\12257.png,NORM,NORM,0.7817,1
C:\Users\taimo\OneDrive\Documents 1\work\ecg-synthetic-research\data\rendered\ptbxl\NORM\12266.png,NORM,NORM,0.7427,1
C:\Users\taimo\OneDrive\Documents 1\work\ecg-synthetic-research\data\rendered\ptbxl\NORM\12277.png,NORM,NORM,0.7915,1
C:\Users\taimo\OneDrive\Documents 1\work\ecg-synthetic-research\data\rendered\ptbxl\NORM\12345.png,NORM,NORM,0.8677,1
C:\Users\taimo\OneDrive\Documents 1\work\ecg-synthetic-research\data\rendered\ptbxl\NORM\12355.png,NORM,NORM,0.5483,1
C:\Users\taimo\OneDrive\Documents 1\work\ecg-synthetic-research\data\rendered\ptbxl\NORM\12356.png,NORM,NORM,0.729,1
C:\Users\taimo\OneDrive\Documents 1\work\ecg-synthetic-research\data\rendered\ptbxl\NORM\12370.png,NORM,NORM,0.845,1
C:\Users\taimo\OneDrive\Documents 1\work\ecg-synthetic-research\data\rendered\ptbxl\NORM\12423.png,NORM,NORM,0.73,1
C:\Users\taimo\OneDrive\Documents 1\work\ecg-synthetic-research\data\rendered\ptbxl\NORM\12471.png,NORM,NORM,0.8477,1
C:\Users\taimo\OneDrive\Documents 1\work\ecg-synthetic-research\data\rendered\ptbxl\NORM\12492.png,NORM,NORM,0.6826,1
C:\Users\taimo\OneDrive\Documents 1\work\ecg-synthetic-research\data\rendered\ptbxl\NORM\12539.png,NORM,NORM,0.6787,1
C:\Users\taimo\OneDrive\Documents 1\work\ecg-synthetic-research\data\rendered\ptbxl\NORM\12543.png,NORM,NORM,0.6587,1
C:\Users\taimo\OneDrive\Documents 1\work\ecg-synthetic-research\data\rendered\ptbxl\NORM\12546.png,NORM,NORM,0.8984,1
C:\Users\taimo\OneDrive\Documents 1\work\ecg-synthetic-research\data\rendered\ptbxl\NORM\12621.png,NORM,NORM,0.742,1
C:\Users\taimo\OneDrive\Documents 1\work\ecg-synthetic-research\data\rendered\ptbxl\NORM\12653.png,NORM,NORM,0.857,1
C:\Users\taimo\OneDrive\Documents 1\work\ecg-synthetic-research\data\rendered\ptbxl\NORM\12657.png,NORM,NORM,0.801,1
C:\Users\taimo\OneDrive\Documents 1\work\ecg-synthetic-research\data\rendered\ptbxl\NORM\12742.png,NORM,NORM,0.7705,1
C:\Users\taimo\OneDrive\Documents 1\work\ecg-synthetic-research\data\rendered\ptbxl\NORM\12846.png,NORM,NORM,0.5654,1
C:\Users\taimo\OneDrive\Documents 1\work\ecg-synthetic-research\data\rendered\ptbxl\NORM\12877.png,NORM,MI,0.4976,0
C:\Users\taimo\OneDrive\Documents 1\work\ecg-synthetic-research\data\rendered\ptbxl\NORM\12885.png,NORM,NORM,0.8027,1
C:\Users\taimo\OneDrive\Documents 1\work\ecg-synthetic-research\data\rendered\ptbxl\NORM\12892.png,NORM,NORM,0.661,1
C:\Users\taimo\OneDrive\Documents 1\work\ecg-synthetic-research\data\rendered\ptbxl\NORM\12905.png,NORM,NORM,0.8164,1
C:\Users\taimo\OneDrive\Documents 1\work\ecg-synthetic-research\data\rendered\ptbxl\NORM\12966.png,NORM,MI,0.525,0
C:\Users\taimo\OneDrive\Documents 1\work\ecg-synthetic-research\data\rendered\ptbxl\NORM\13035.png,NORM,NORM,0.643,1
C:\Users\taimo\OneDrive\Documents 1\work\ecg-synthetic-research\data\rendered\ptbxl\NORM\13070.png,NORM,NORM,0.7246,1
C:\Users\taimo\OneDrive\Documents 1\work\ecg-synthetic-research\data\rendered\ptbxl\NORM\13089.png,NORM,NORM,0.672,1
C:\Users\taimo\OneDrive\Documents 1\work\ecg-synthetic-research\data\rendered\ptbxl\NORM\13103.png,NORM,NORM,0.712,1
C:\Users\taimo\OneDrive\Documents 1\work\ecg-synthetic-research\data\rendered\ptbxl\NORM\13285.png,NORM,NORM,0.5757,1
C:\Users\taimo\OneDrive\Documents 1\work\ecg-synthetic-research\data\rendered\ptbxl\NORM\13286.png,NORM,NORM,0.645,1
C:\Users\taimo\OneDrive\Documents 1\work\ecg-synthetic-research\data\rendered\ptbxl\NORM\13404.png,NORM,NORM,0.7314,1
C:\Users\taimo\OneDrive\Documents 1\work\ecg-synthetic-research\data\rendered\ptbxl\NORM\13519.png,NORM,NORM,0.792,1
C:\Users\taimo\OneDrive\Documents 1\work\ecg-synthetic-research\data\rendered\ptbxl\NORM\13522.png,NORM,NORM,0.779,1
C:\Users\taimo\OneDrive\Documents 1\work\ecg-synthetic-research\data\rendered\ptbxl\NORM\13543.png,NORM,NORM,0.789,1
C:\Users\taimo\OneDrive\Documents 1\work\ecg-synthetic-research\data\rendered\ptbxl\NORM\13571.png,NORM,NORM,0.771,1
C:\Users\taimo\OneDrive\Documents 1\work\ecg-synthetic-research\data\rendered\ptbxl\NORM\13589.png,NORM,MI,0.606,0
C:\Users\taimo\OneDrive\Documents 1\work\ecg-synthetic-research\data\rendered\ptbxl\NORM\13677.png,NORM,NORM,0.7676,1
C:\Users\taimo\OneDrive\Documents 1\work\ecg-synthetic-research\data\rendered\ptbxl\NORM\13701.png,NORM,NORM,0.5684,1
C:\Users\taimo\OneDrive\Documents 1\work\ecg-synthetic-research\data\rendered\ptbxl\NORM\13716.png,NORM,NORM,0.764,1
C:\Users\taimo\OneDrive\Documents 1\work\ecg-synthetic-research\data\rendered\ptbxl\NORM\13740.png,NORM,NORM,0.8545,1
C:\Users\taimo\OneDrive\Documents 1\work\ecg-synthetic-research\data\rendered\ptbxl\NORM\13743.png,NORM,NORM,0.646,1
C:\Users\taimo\OneDrive\Documents 1\work\ecg-synthetic-research\data\rendered\ptbxl\NORM\13749.png,NORM,MI,0.5547,0
C:\Users\taimo\OneDrive\Documents 1\work\ecg-synthetic-research\data\rendered\ptbxl\NORM\13781.png,NORM,NORM,0.818,1
C:\Users\taimo\OneDrive\Documents 1\work\ecg-synthetic-research\data\rendered\ptbxl\NORM\13795.png,NORM,NORM,0.8125,1
C:\Users\taimo\OneDrive\Documents 1\work\ecg-synthetic-research\data\rendered\ptbxl\NORM\13801.png,NORM,NORM,0.8857,1
C:\Users\taimo\OneDrive\Documents 1\work\ecg-synthetic-research\data\rendered\ptbxl\NORM\13812.png,NORM,NORM,0.8335,1
C:\Users\taimo\OneDrive\Documents 1\work\ecg-synthetic-research\data\rendered\ptbxl\NORM\13850.png,NORM,NORM,0.7764,1
C:\Users\taimo\OneDrive\Documents 1\work\ecg-synthetic-research\data\rendered\ptbxl\NORM\13894.png,NORM,NORM,0.833,1
C:\Users\taimo\OneDrive\Documents 1\work\ecg-synthetic-research\data\rendered\ptbxl\NORM\13934.png,NORM,NORM,0.74,1
C:\Users\taimo\OneDrive\Documents 1\work\ecg-synthetic-research\data\rendered\ptbxl\NORM\13971.png,NORM,NORM,0.793,1
C:\Users\taimo\OneDrive\Documents 1\work\ecg-synthetic-research\data\rendered\ptbxl\NORM\13981.png,NORM,NORM,0.7944,1
C:\Users\taimo\OneDrive\Documents 1\work\ecg-synthetic-research\data\rendered\ptbxl\NORM\14065.png,NORM,NORM,0.773,1
C:\Users\taimo\OneDrive\Documents 1\work\ecg-synthetic-research\data\rendered\ptbxl\NORM\14115.png,NORM,NORM,0.717,1
C:\Users\taimo\OneDrive\Documents 1\work\ecg-synthetic-research\data\rendered\ptbxl\NORM\14147.png,NORM,NORM,0.705,1
C:\Users\taimo\OneDrive\Documents 1\work\ecg-synthetic-research\data\rendered\ptbxl\NORM\14179.png,NORM,NORM,0.7764,1
C:\Users\taimo\OneDrive\Documents 1\work\ecg-synthetic-research\data\rendered\ptbxl\NORM\14187.png,NORM,NORM,0.8257,1
C:\Users\taimo\OneDrive\Documents 1\work\ecg-synthetic-research\data\rendered\ptbxl\NORM\14193.png,NORM,NORM,0.556,1
C:\Users\taimo\OneDrive\Documents 1\work\ecg-synthetic-research\data\rendered\ptbxl\NORM\14253.png,NORM,NORM,0.7324,1
C:\Users\taimo\OneDrive\Documents 1\work\ecg-synthetic-research\data\rendered\ptbxl\NORM\14261.png,NORM,NORM,0.677,1
C:\Users\taimo\OneDrive\Documents 1\work\ecg-synthetic-research\data\rendered\ptbxl\NORM\14363.png,NORM,NORM,0.8013,1
C:\Users\taimo\OneDrive\Documents 1\work\ecg-synthetic-research\data\rendered\ptbxl\NORM\14368.png,NORM,NORM,0.8735,1
C:\Users\taimo\OneDrive\Documents 1\work\ecg-synthetic-research\data\rendered\ptbxl\NORM\14483.png,NORM,NORM,0.791,1
C:\Users\taimo\OneDrive\Documents 1\work\ecg-synthetic-research\data\rendered\ptbxl\NORM\14545.png,NORM,NORM,0.732,1
C:\Users\taimo\OneDrive\Documents 1\work\ecg-synthetic-research\data\rendered\ptbxl\NORM\14612.png,NORM,NORM,0.68,1
C:\Users\taimo\OneDrive\Documents 1\work\ecg-synthetic-research\data\rendered\ptbxl\NORM\14694.png,NORM,NORM,0.6943,1
C:\Users\taimo\OneDrive\Documents 1\work\ecg-synthetic-research\data\rendered\ptbxl\NORM\14790.png,NORM,NORM,0.8667,1
C:\Users\taimo\OneDrive\Documents 1\work\ecg-synthetic-research\data\rendered\ptbxl\NORM\14794.png,NORM,NORM,0.68,1
C:\Users\taimo\OneDrive\Documents 1\work\ecg-synthetic-research\data\rendered\ptbxl\NORM\14832.png,NORM,NORM,0.7725,1
C:\Users\taimo\OneDrive\Documents 1\work\ecg-synthetic-research\data\rendered\ptbxl\NORM\14846.png,NORM,NORM,0.7925,1
C:\Users\taimo\OneDrive\Documents 1\work\ecg-synthetic-research\data\rendered\ptbxl\NORM\14931.png,NORM,NORM,0.823,1
C:\Users\taimo\OneDrive\Documents 1\work\ecg-synthetic-research\data\rendered\ptbxl\NORM\14996.png,NORM,NORM,0.4438,1
C:\Users\taimo\OneDrive\Documents 1\work\ecg-synthetic-research\data\rendered\ptbxl\NORM\15121.png,NORM,NORM,0.8135,1
C:\Users\taimo\OneDrive\Documents 1\work\ecg-synthetic-research\data\rendered\ptbxl\NORM\15202.png,NORM,NORM,0.686,1
C:\Users\taimo\OneDrive\Documents 1\work\ecg-synthetic-research\data\rendered\ptbxl\NORM\15216.png,NORM,NORM,0.868,1
C:\Users\taimo\OneDrive\Documents 1\work\ecg-synthetic-research\data\rendered\ptbxl\NORM\15320.png,NORM,MI,0.6367,0
C:\Users\taimo\OneDrive\Documents 1\work\ecg-synthetic-research\data\rendered\ptbxl\NORM\15345.png,NORM,NORM,0.689,1
C:\Users\taimo\OneDrive\Documents 1\work\ecg-synthetic-research\data\rendered\ptbxl\NORM\15359.png,NORM,NORM,0.9023,1
C:\Users\taimo\OneDrive\Documents 1\work\ecg-synthetic-research\data\rendered\ptbxl\NORM\15381.png,NORM,NORM,0.6445,1
C:\Users\taimo\OneDrive\Documents 1\work\ecg-synthetic-research\data\rendered\ptbxl\NORM\15391.png,NORM,NORM,0.783,1
C:\Users\taimo\OneDrive\Documents 1\work\ecg-synthetic-research\data\rendered\ptbxl\NORM\15408.png,NORM,NORM,0.647,1
C:\Users\taimo\OneDrive\Documents 1\work\ecg-synthetic-research\data\rendered\ptbxl\NORM\15445.png,NORM,NORM,0.767,1
C:\Users\taimo\OneDrive\Documents 1\work\ecg-synthetic-research\data\rendered\ptbxl\NORM\15482.png,NORM,NORM,0.761,1
C:\Users\taimo\OneDrive\Documents 1\work\ecg-synthetic-research\data\rendered\ptbxl\NORM\15545.png,NORM,NORM,0.56,1
C:\Users\taimo\OneDrive\Documents 1\work\ecg-synthetic-research\data\rendered\ptbxl\NORM\15606.png,NORM,NORM,0.6533,1
C:\Users\taimo\OneDrive\Documents 1\work\ecg-synthetic-research\data\rendered\ptbxl\NORM\15622.png,NORM,NORM,0.7417,1
C:\Users\taimo\OneDrive\Documents 1\work\ecg-synthetic-research\data\rendered\ptbxl\NORM\15660.png,NORM,NORM,0.693,1
C:\Users\taimo\OneDrive\Documents 1\work\ecg-synthetic-research\data\rendered\ptbxl\NORM\15709.png,NORM,NORM,0.8335,1
C:\Users\taimo\OneDrive\Documents 1\work\ecg-synthetic-research\data\rendered\ptbxl\NORM\15765.png,NORM,NORM,0.721,1
C:\Users\taimo\OneDrive\Documents 1\work\ecg-synthetic-research\data\rendered\ptbxl\NORM\15910.png,NORM,NORM,0.7104,1
C:\Users\taimo\OneDrive\Documents 1\work\ecg-synthetic-research\data\rendered\ptbxl\NORM\15923.png,NORM,NORM,0.843,1
C:\Users\taimo\OneDrive\Documents 1\work\ecg-synthetic-research\data\rendered\ptbxl\NORM\15930.png,NORM,NORM,0.808,1
C:\Users\taimo\OneDrive\Documents 1\work\ecg-synthetic-research\data\rendered\ptbxl\NORM\15939.png,NORM,NORM,0.712,1
C:\Users\taimo\OneDrive\Documents 1\work\ecg-synthetic-research\data\rendered\ptbxl\NORM\15963.png,NORM,NORM,0.7754,1
C:\Users\taimo\OneDrive\Documents 1\work\ecg-synthetic-research\data\rendered\ptbxl\NORM\15981.png,NORM,NORM,0.811,1
C:\Users\taimo\OneDrive\Documents 1\work\ecg-synthetic-research\data\rendered\ptbxl\NORM\16005.png,NORM,NORM,0.8433,1
C:\Users\taimo\OneDrive\Documents 1\work\ecg-synthetic-research\data\rendered\ptbxl\NORM\16028.png,NORM,NORM,0.8057,1
C:\Users\taimo\OneDrive\Documents 1\work\ecg-synthetic-research\data\rendered\ptbxl\NORM\16055.png,NORM,MI,0.696,0
C:\Users\taimo\OneDrive\Documents 1\work\ecg-synthetic-research\data\rendered\ptbxl\NORM\16062.png,NORM,NORM,0.8647,1
C:\Users\taimo\OneDrive\Documents 1\work\ecg-synthetic-research\data\rendered\ptbxl\NORM\16142.png,NORM,NORM,0.8037,1
C:\Users\taimo\OneDrive\Documents 1\work\ecg-synthetic-research\data\rendered\ptbxl\NORM\16156.png,NORM,NORM,0.8403,1
C:\Users\taimo\OneDrive\Documents 1\work\ecg-synthetic-research\data\rendered\ptbxl\NORM\16233.png,NORM,NORM,0.7573,1
C:\Users\taimo\OneDrive\Documents 1\work\ecg-synthetic-research\data\rendered\ptbxl\NORM\16242.png,NORM,NORM,0.7983,1
C:\Users\taimo\OneDrive\Documents 1\work\ecg-synthetic-research\data\rendered\ptbxl\NORM\16329.png,NORM,NORM,0.781,1
C:\Users\taimo\OneDrive\Documents 1\work\ecg-synthetic-research\data\rendered\ptbxl\NORM\16333.png,NORM,NORM,0.5825,1
C:\Users\taimo\OneDrive\Documents 1\work\ecg-synthetic-research\data\rendered\ptbxl\NORM\16363.png,NORM,NORM,0.7256,1
C:\Users\taimo\OneDrive\Documents 1\work\ecg-synthetic-research\data\rendered\ptbxl\NORM\16380.png,NORM,MI,0.5063,0
C:\Users\taimo\OneDrive\Documents 1\work\ecg-synthetic-research\data\rendered\ptbxl\NORM\16483.png,NORM,NORM,0.843,1
C:\Users\taimo\OneDrive\Documents 1\work\ecg-synthetic-research\data\rendered\ptbxl\NORM\16528.png,NORM,NORM,0.5747,1
C:\Users\taimo\OneDrive\Documents 1\work\ecg-synthetic-research\data\rendered\ptbxl\NORM\16625.png,NORM,NORM,0.8345,1
C:\Users\taimo\OneDrive\Documents 1\work\ecg-synthetic-research\data\rendered\ptbxl\NORM\16654.png,NORM,NORM,0.719,1
C:\Users\taimo\OneDrive\Documents 1\work\ecg-synthetic-research\data\rendered\ptbxl\NORM\16737.png,NORM,NORM,0.735,1
C:\Users\taimo\OneDrive\Documents 1\work\ecg-synthetic-research\data\rendered\ptbxl\NORM\16752.png,NORM,NORM,0.7607,1
C:\Users\taimo\OneDrive\Documents 1\work\ecg-synthetic-research\data\rendered\ptbxl\NORM\16764.png,NORM,NORM,0.6597,1
C:\Users\taimo\OneDrive\Documents 1\work\ecg-synthetic-research\data\rendered\ptbxl\NORM\16953.png,NORM,NORM,0.7646,1
C:\Users\taimo\OneDrive\Documents 1\work\ecg-synthetic-research\data\rendered\ptbxl\NORM\17028.png,NORM,NORM,0.7754,1
C:\Users\taimo\OneDrive\Documents 1\work\ecg-synthetic-research\data\rendered\ptbxl\NORM\17200.png,NORM,NORM,0.66,1
C:\Users\taimo\OneDrive\Documents 1\work\ecg-synthetic-research\data\rendered\ptbxl\NORM\17344.png,NORM,NORM,0.732,1
C:\Users\taimo\OneDrive\Documents 1\work\ecg-synthetic-research\data\rendered\ptbxl\NORM\17352.png,NORM,NORM,0.6714,1
C:\Users\taimo\OneDrive\Documents 1\work\ecg-synthetic-research\data\rendered\ptbxl\NORM\17489.png,NORM,NORM,0.694,1
C:\Users\taimo\OneDrive\Documents 1\work\ecg-synthetic-research\data\rendered\ptbxl\NORM\17490.png,NORM,NORM,0.6855,1
C:\Users\taimo\OneDrive\Documents 1\work\ecg-synthetic-research\data\rendered\ptbxl\NORM\17545.png,NORM,NORM,0.7227,1
C:\Users\taimo\OneDrive\Documents 1\work\ecg-synthetic-research\data\rendered\ptbxl\NORM\17628.png,NORM,NORM,0.75,1
C:\Users\taimo\OneDrive\Documents 1\work\ecg-synthetic-research\data\rendered\ptbxl\NORM\17676.png,NORM,NORM,0.7236,1
C:\Users\taimo\OneDrive\Documents 1\work\ecg-synthetic-research\data\rendered\ptbxl\NORM\17683.png,NORM,NORM,0.817,1
C:\Users\taimo\OneDrive\Documents 1\work\ecg-synthetic-research\data\rendered\ptbxl\NORM\17737.png,NORM,NORM,0.819,1
C:\Users\taimo\OneDrive\Documents 1\work\ecg-synthetic-research\data\rendered\ptbxl\NORM\17814.png,NORM,NORM,0.785,1
C:\Users\taimo\OneDrive\Documents 1\work\ecg-synthetic-research\data\rendered\ptbxl\NORM\17845.png,NORM,NORM,0.7637,1
C:\Users\taimo\OneDrive\Documents 1\work\ecg-synthetic-research\data\rendered\ptbxl\NORM\17850.png,NORM,NORM,0.745,1
C:\Users\taimo\OneDrive\Documents 1\work\ecg-synthetic-research\data\rendered\ptbxl\NORM\17864.png,NORM,MI,0.759,0
C:\Users\taimo\OneDrive\Documents 1\work\ecg-synthetic-research\data\rendered\ptbxl\NORM\17875.png,NORM,NORM,0.585,1
C:\Users\taimo\OneDrive\Documents 1\work\ecg-synthetic-research\data\rendered\ptbxl\NORM\17883.png,NORM,NORM,0.764,1
C:\Users\taimo\OneDrive\Documents 1\work\ecg-synthetic-research\data\rendered\ptbxl\NORM\17962.png,NORM,AFIB,0.3916,0
C:\Users\taimo\OneDrive\Documents 1\work\ecg-synthetic-research\data\rendered\ptbxl\NORM\17992.png,NORM,NORM,0.794,1
C:\Users\taimo\OneDrive\Documents 1\work\ecg-synthetic-research\data\rendered\ptbxl\NORM\18047.png,NORM,NORM,0.7734,1
C:\Users\taimo\OneDrive\Documents 1\work\ecg-synthetic-research\data\rendered\ptbxl\NORM\18079.png,NORM,NORM,0.71,1
C:\Users\taimo\OneDrive\Documents 1\work\ecg-synthetic-research\data\rendered\ptbxl\NORM\18128.png,NORM,NORM,0.8457,1
C:\Users\taimo\OneDrive\Documents 1\work\ecg-synthetic-research\data\rendered\ptbxl\NORM\18133.png,NORM,NORM,0.86,1
C:\Users\taimo\OneDrive\Documents 1\work\ecg-synthetic-research\data\rendered\ptbxl\NORM\18135.png,NORM,NORM,0.7134,1
C:\Users\taimo\OneDrive\Documents 1\work\ecg-synthetic-research\data\rendered\ptbxl\NORM\18158.png,NORM,NORM,0.641,1
C:\Users\taimo\OneDrive\Documents 1\work\ecg-synthetic-research\data\rendered\ptbxl\NORM\18167.png,NORM,NORM,0.4775,1
C:\Users\taimo\OneDrive\Documents 1\work\ecg-synthetic-research\data\rendered\ptbxl\NORM\18185.png,NORM,NORM,0.8115,1
C:\Users\taimo\OneDrive\Documents 1\work\ecg-synthetic-research\data\rendered\ptbxl\NORM\18192.png,NORM,NORM,0.8174,1
C:\Users\taimo\OneDrive\Documents 1\work\ecg-synthetic-research\data\rendered\ptbxl\NORM\18204.png,NORM,MI,0.4316,0
C:\Users\taimo\OneDrive\Documents 1\work\ecg-synthetic-research\data\rendered\ptbxl\NORM\18229.png,NORM,NORM,0.8135,1
C:\Users\taimo\OneDrive\Documents 1\work\ecg-synthetic-research\data\rendered\ptbxl\NORM\18253.png,NORM,NORM,0.587,1
C:\Users\taimo\OneDrive\Documents 1\work\ecg-synthetic-research\data\rendered\ptbxl\NORM\18288.png,NORM,NORM,0.665,1
C:\Users\taimo\OneDrive\Documents 1\work\ecg-synthetic-research\data\rendered\ptbxl\NORM\18331.png,NORM,NORM,0.7188,1
C:\Users\taimo\OneDrive\Documents 1\work\ecg-synthetic-research\data\rendered\ptbxl\NORM\18367.png,NORM,NORM,0.516,1
C:\Users\taimo\OneDrive\Documents 1\work\ecg-synthetic-research\data\rendered\ptbxl\NORM\18368.png,NORM,NORM,0.6553,1
C:\Users\taimo\OneDrive\Documents 1\work\ecg-synthetic-research\data\rendered\ptbxl\NORM\18420.png,NORM,NORM,0.639,1
C:\Users\taimo\OneDrive\Documents 1\work\ecg-synthetic-research\data\rendered\ptbxl\NORM\18474.png,NORM,NORM,0.8335,1
C:\Users\taimo\OneDrive\Documents 1\work\ecg-synthetic-research\data\rendered\ptbxl\NORM\18515.png,NORM,NORM,0.8467,1
C:\Users\taimo\OneDrive\Documents 1\work\ecg-synthetic-research\data\rendered\ptbxl\NORM\18667.png,NORM,NORM,0.8066,1
C:\Users\taimo\OneDrive\Documents 1\work\ecg-synthetic-research\data\rendered\ptbxl\NORM\18784.png,NORM,NORM,0.772,1
C:\Users\taimo\OneDrive\Documents 1\work\ecg-synthetic-research\data\rendered\ptbxl\NORM\18790.png,NORM,NORM,0.594,1
C:\Users\taimo\OneDrive\Documents 1\work\ecg-synthetic-research\data\rendered\ptbxl\NORM\18822.png,NORM,NORM,0.571,1
C:\Users\taimo\OneDrive\Documents 1\work\ecg-synthetic-research\data\rendered\ptbxl\NORM\18978.png,NORM,NORM,0.852,1
C:\Users\taimo\OneDrive\Documents 1\work\ecg-synthetic-research\data\rendered\ptbxl\NORM\19008.png,NORM,NORM,0.8223,1
C:\Users\taimo\OneDrive\Documents 1\work\ecg-synthetic-research\data\rendered\ptbxl\NORM\19058.png,NORM,NORM,0.7383,1
C:\Users\taimo\OneDrive\Documents 1\work\ecg-synthetic-research\data\rendered\ptbxl\NORM\19077.png,NORM,NORM,0.7373,1
C:\Users\taimo\OneDrive\Documents 1\work\ecg-synthetic-research\data\rendered\ptbxl\NORM\19151.png,NORM,NORM,0.554,1
C:\Users\taimo\OneDrive\Documents 1\work\ecg-synthetic-research\data\rendered\ptbxl\NORM\19208.png,NORM,NORM,0.8315,1
C:\Users\taimo\OneDrive\Documents 1\work\ecg-synthetic-research\data\rendered\ptbxl\NORM\19254.png,NORM,NORM,0.4924,1
C:\Users\taimo\OneDrive\Documents 1\work\ecg-synthetic-research\data\rendered\ptbxl\NORM\19332.png,NORM,NORM,0.6343,1
C:\Users\taimo\OneDrive\Documents 1\work\ecg-synthetic-research\data\rendered\ptbxl\NORM\19424.png,NORM,NORM,0.6514,1
C:\Users\taimo\OneDrive\Documents 1\work\ecg-synthetic-research\data\rendered\ptbxl\NORM\19497.png,NORM,NORM,0.6104,1
C:\Users\taimo\OneDrive\Documents 1\work\ecg-synthetic-research\data\rendered\ptbxl\NORM\19514.png,NORM,NORM,0.5967,1
C:\Users\taimo\OneDrive\Documents 1\work\ecg-synthetic-research\data\rendered\ptbxl\NORM\19527.png,NORM,NORM,0.588,1
C:\Users\taimo\OneDrive\Documents 1\work\ecg-synthetic-research\data\rendered\ptbxl\NORM\19605.png,NORM,NORM,0.6147,1
C:\Users\taimo\OneDrive\Documents 1\work\ecg-synthetic-research\data\rendered\ptbxl\NORM\19624.png,NORM,NORM,0.835,1
C:\Users\taimo\OneDrive\Documents 1\work\ecg-synthetic-research\data\rendered\ptbxl\NORM\19696.png,NORM,NORM,0.8467,1
C:\Users\taimo\OneDrive\Documents 1\work\ecg-synthetic-research\data\rendered\ptbxl\NORM\19707.png,NORM,NORM,0.5283,1
C:\Users\taimo\OneDrive\Documents 1\work\ecg-synthetic-research\data\rendered\ptbxl\NORM\19829.png,NORM,NORM,0.755,1
C:\Users\taimo\OneDrive\Documents 1\work\ecg-synthetic-research\data\rendered\ptbxl\NORM\19955.png,NORM,NORM,0.832,1
C:\Users\taimo\OneDrive\Documents 1\work\ecg-synthetic-research\data\rendered\ptbxl\NORM\19959.png,NORM,NORM,0.837,1
C:\Users\taimo\OneDrive\Documents 1\work\ecg-synthetic-research\data\rendered\ptbxl\NORM\20117.png,NORM,NORM,0.8228,1
C:\Users\taimo\OneDrive\Documents 1\work\ecg-synthetic-research\data\rendered\ptbxl\NORM\20220.png,NORM,NORM,0.7656,1
C:\Users\taimo\OneDrive\Documents 1\work\ecg-synthetic-research\data\rendered\ptbxl\NORM\20292.png,NORM,NORM,0.5293,1
C:\Users\taimo\OneDrive\Documents 1\work\ecg-synthetic-research\data\rendered\ptbxl\NORM\20298.png,NORM,NORM,0.8394,1
C:\Users\taimo\OneDrive\Documents 1\work\ecg-synthetic-research\data\rendered\ptbxl\NORM\20454.png,NORM,NORM,0.679,1
C:\Users\taimo\OneDrive\Documents 1\work\ecg-synthetic-research\data\rendered\ptbxl\NORM\20465.png,NORM,NORM,0.8535,1
C:\Users\taimo\OneDrive\Documents 1\work\ecg-synthetic-research\data\rendered\ptbxl\NORM\20482.png,NORM,NORM,0.6147,1
C:\Users\taimo\OneDrive\Documents 1\work\ecg-synthetic-research\data\rendered\ptbxl\NORM\20527.png,NORM,NORM,0.809,1
C:\Users\taimo\OneDrive\Documents 1\work\ecg-synthetic-research\data\rendered\ptbxl\NORM\20639.png,NORM,NORM,0.584,1
C:\Users\taimo\OneDrive\Documents 1\work\ecg-synthetic-research\data\rendered\ptbxl\NORM\20672.png,NORM,NORM,0.5723,1
C:\Users\taimo\OneDrive\Documents 1\work\ecg-synthetic-research\data\rendered\ptbxl\NORM\20702.png,NORM,NORM,0.678,1
C:\Users\taimo\OneDrive\Documents 1\work\ecg-synthetic-research\data\rendered\ptbxl\NORM\20714.png,NORM,NORM,0.7607,1
C:\Users\taimo\OneDrive\Documents 1\work\ecg-synthetic-research\data\rendered\ptbxl\NORM\20810.png,NORM,NORM,0.8745,1
C:\Users\taimo\OneDrive\Documents 1\work\ecg-synthetic-research\data\rendered\ptbxl\NORM\20856.png,NORM,NORM,0.4988,1
C:\Users\taimo\OneDrive\Documents 1\work\ecg-synthetic-research\data\rendered\ptbxl\NORM\20881.png,NORM,NORM,0.7417,1
C:\Users\taimo\OneDrive\Documents 1\work\ecg-synthetic-research\data\rendered\ptbxl\NORM\20912.png,NORM,NORM,0.683,1
C:\Users\taimo\OneDrive\Documents 1\work\ecg-synthetic-research\data\rendered\ptbxl\NORM\21144.png,NORM,NORM,0.7354,1
C:\Users\taimo\OneDrive\Documents 1\work\ecg-synthetic-research\data\rendered\ptbxl\NORM\21231.png,NORM,NORM,0.6255,1
C:\Users\taimo\OneDrive\Documents 1\work\ecg-synthetic-research\data\rendered\ptbxl\NORM\21252.png,NORM,NORM,0.757,1
C:\Users\taimo\OneDrive\Documents 1\work\ecg-synthetic-research\data\rendered\ptbxl\NORM\21290.png,NORM,NORM,0.764,1
C:\Users\taimo\OneDrive\Documents 1\work\ecg-synthetic-research\data\rendered\ptbxl\NORM\21302.png,NORM,NORM,0.757,1
C:\Users\taimo\OneDrive\Documents 1\work\ecg-synthetic-research\data\rendered\ptbxl\NORM\21315.png,NORM,NORM,0.623,1
C:\Users\taimo\OneDrive\Documents 1\work\ecg-synthetic-research\data\rendered\ptbxl\NORM\21366.png,NORM,MI,0.729,0
C:\Users\taimo\OneDrive\Documents 1\work\ecg-synthetic-research\data\rendered\ptbxl\NORM\21379.png,NORM,NORM,0.744,1
C:\Users\taimo\OneDrive\Documents 1\work\ecg-synthetic-research\data\rendered\ptbxl\NORM\21434.png,NORM,NORM,0.7075,1
C:\Users\taimo\OneDrive\Documents 1\work\ecg-synthetic-research\data\rendered\ptbxl\NORM\21449.png,NORM,NORM,0.7256,1
C:\Users\taimo\OneDrive\Documents 1\work\ecg-synthetic-research\data\rendered\ptbxl\NORM\21593.png,NORM,NORM,0.6978,1
C:\Users\taimo\OneDrive\Documents 1\work\ecg-synthetic-research\data\rendered\ptbxl\NORM\21696.png,NORM,NORM,0.729,1
C:\Users\taimo\OneDrive\Documents 1\work\ecg-synthetic-research\data\rendered\ptbxl\NORM\21729.png,NORM,NORM,0.744,1
C:\Users\taimo\OneDrive\Documents 1\work\ecg-synthetic-research\data\rendered\ptbxl\NORM\21749.png,NORM,NORM,0.5474,1
C:\Users\taimo\OneDrive\Documents 1\work\ecg-synthetic-research\data\rendered\ptbxl\NORM\21783.png,NORM,NORM,0.7573,1
C:\Users\taimo\OneDrive\Documents 1\work\ecg-synthetic-research\data\rendered\ptbxl\NORM\21818.png,NORM,NORM,0.581,1
C:\Users\taimo\OneDrive\Documents 1\work\ecg-synthetic-research\data\rendered\ptbxl\MI\00189.png,MI,MI,0.937,1
C:\Users\taimo\OneDrive\Documents 1\work\ecg-synthetic-research\data\rendered\ptbxl\MI\00274.png,MI,MI,0.955,1
C:\Users\taimo\OneDrive\Documents 1\work\ecg-synthetic-research\data\rendered\ptbxl\MI\00429.png,MI,MI,0.58,1
C:\Users\taimo\OneDrive\Documents 1\work\ecg-synthetic-research\data\rendered\ptbxl\MI\00453.png,MI,MI,0.7144,1
C:\Users\taimo\OneDrive\Documents 1\work\ecg-synthetic-research\data\rendered\ptbxl\MI\00455.png,MI,MI,0.8853,1
C:\Users\taimo\OneDrive\Documents 1\work\ecg-synthetic-research\data\rendered\ptbxl\MI\00468.png,MI,NORM,0.7188,0
C:\Users\taimo\OneDrive\Documents 1\work\ecg-synthetic-research\data\rendered\ptbxl\MI\00518.png,MI,MI,0.887,1
C:\Users\taimo\OneDrive\Documents 1\work\ecg-synthetic-research\data\rendered\ptbxl\MI\00526.png,MI,MI,0.6157,1
C:\Users\taimo\OneDrive\Documents 1\work\ecg-synthetic-research\data\rendered\ptbxl\MI\00540.png,MI,MI,0.927,1
C:\Users\taimo\OneDrive\Documents 1\work\ecg-synthetic-research\data\rendered\ptbxl\MI\00544.png,MI,TACHY,0.928,0
C:\Users\taimo\OneDrive\Documents 1\work\ecg-synthetic-research\data\rendered\ptbxl\MI\00599.png,MI,MI,0.748,1
C:\Users\taimo\OneDrive\Documents 1\work\ecg-synthetic-research\data\rendered\ptbxl\MI\00713.png,MI,MI,0.7227,1
C:\Users\taimo\OneDrive\Documents 1\work\ecg-synthetic-research\data\rendered\ptbxl\MI\00716.png,MI,NORM,0.6772,0
C:\Users\taimo\OneDrive\Documents 1\work\ecg-synthetic-research\data\rendered\ptbxl\MI\00833.png,MI,TACHY,0.854,0
C:\Users\taimo\OneDrive\Documents 1\work\ecg-synthetic-research\data\rendered\ptbxl\MI\00853.png,MI,MI,0.954,1
C:\Users\taimo\OneDrive\Documents 1\work\ecg-synthetic-research\data\rendered\ptbxl\MI\00915.png,MI,NORM,0.5186,0
C:\Users\taimo\OneDrive\Documents 1\work\ecg-synthetic-research\data\rendered\ptbxl\MI\00957.png,MI,MI,0.797,1
C:\Users\taimo\OneDrive\Documents 1\work\ecg-synthetic-research\data\rendered\ptbxl\MI\00970.png,MI,TACHY,0.7847,0
C:\Users\taimo\OneDrive\Documents 1\work\ecg-synthetic-research\data\rendered\ptbxl\MI\01199.png,MI,MI,0.979,1
C:\Users\taimo\OneDrive\Documents 1\work\ecg-synthetic-research\data\rendered\ptbxl\MI\01324.png,MI,MI,0.6587,1
C:\Users\taimo\OneDrive\Documents 1\work\ecg-synthetic-research\data\rendered\ptbxl\MI\01427.png,MI,MI,0.8384,1
C:\Users\taimo\OneDrive\Documents 1\work\ecg-synthetic-research\data\rendered\ptbxl\MI\01443.png,MI,TACHY,0.477,0
C:\Users\taimo\OneDrive\Documents 1\work\ecg-synthetic-research\data\rendered\ptbxl\MI\01457.png,MI,MI,0.822,1
C:\Users\taimo\OneDrive\Documents 1\work\ecg-synthetic-research\data\rendered\ptbxl\MI\01474.png,MI,MI,0.733,1
C:\Users\taimo\OneDrive\Documents 1\work\ecg-synthetic-research\data\rendered\ptbxl\MI\01515.png,MI,MI,0.5366,1
C:\Users\taimo\OneDrive\Documents 1\work\ecg-synthetic-research\data\rendered\ptbxl\MI\01682.png,MI,NORM,0.5156,0
C:\Users\taimo\OneDrive\Documents 1\work\ecg-synthetic-research\data\rendered\ptbxl\MI\01739.png,MI,MI,0.8657,1
C:\Users\taimo\OneDrive\Documents 1\work\ecg-synthetic-research\data\rendered\ptbxl\MI\01809.png,MI,MI,0.764,1
C:\Users\taimo\OneDrive\Documents 1\work\ecg-synthetic-research\data\rendered\ptbxl\MI\01829.png,MI,NORM,0.7183,0
C:\Users\taimo\OneDrive\Documents 1\work\ecg-synthetic-research\data\rendered\ptbxl\MI\01939.png,MI,MI,0.5854,1
C:\Users\taimo\OneDrive\Documents 1\work\ecg-synthetic-research\data\rendered\ptbxl\MI\02062.png,MI,MI,0.734,1
C:\Users\taimo\OneDrive\Documents 1\work\ecg-synthetic-research\data\rendered\ptbxl\MI\02104.png,MI,TACHY,0.767,0
C:\Users\taimo\OneDrive\Documents 1\work\ecg-synthetic-research\data\rendered\ptbxl\MI\02118.png,MI,MI,0.8735,1
C:\Users\taimo\OneDrive\Documents 1\work\ecg-synthetic-research\data\rendered\ptbxl\MI\02207.png,MI,MI,0.9087,1
C:\Users\taimo\OneDrive\Documents 1\work\ecg-synthetic-research\data\rendered\ptbxl\MI\02220.png,MI,TACHY,0.8916,0
C:\Users\taimo\OneDrive\Documents 1\work\ecg-synthetic-research\data\rendered\ptbxl\MI\02243.png,MI,MI,0.9214,1
C:\Users\taimo\OneDrive\Documents 1\work\ecg-synthetic-research\data\rendered\ptbxl\MI\02269.png,MI,TACHY,0.576,0
C:\Users\taimo\OneDrive\Documents 1\work\ecg-synthetic-research\data\rendered\ptbxl\MI\02345.png,MI,MI,0.869,1
C:\Users\taimo\OneDrive\Documents 1\work\ecg-synthetic-research\data\rendered\ptbxl\MI\02468.png,MI,MI,0.789,1
C:\Users\taimo\OneDrive\Documents 1\work\ecg-synthetic-research\data\rendered\ptbxl\MI\02484.png,MI,NORM,0.596,0
C:\Users\taimo\OneDrive\Documents 1\work\ecg-synthetic-research\data\rendered\ptbxl\MI\02516.png,MI,AFIB,0.715,0
C:\Users\taimo\OneDrive\Documents 1\work\ecg-synthetic-research\data\rendered\ptbxl\MI\02555.png,MI,MI,0.9297,1
C:\Users\taimo\OneDrive\Documents 1\work\ecg-synthetic-research\data\rendered\ptbxl\MI\02569.png,MI,NORM,0.507,0
C:\Users\taimo\OneDrive\Documents 1\work\ecg-synthetic-research\data\rendered\ptbxl\MI\02586.png,MI,MI,0.954,1
C:\Users\taimo\OneDrive\Documents 1\work\ecg-synthetic-research\data\rendered\ptbxl\MI\02633.png,MI,MI,0.7896,1
C:\Users\taimo\OneDrive\Documents 1\work\ecg-synthetic-research\data\rendered\ptbxl\MI\02681.png,MI,MI,0.9326,1
C:\Users\taimo\OneDrive\Documents 1\work\ecg-synthetic-research\data\rendered\ptbxl\MI\02709.png,MI,MI,0.973,1
C:\Users\taimo\OneDrive\Documents 1\work\ecg-synthetic-research\data\rendered\ptbxl\MI\02719.png,MI,NORM,0.541,0
C:\Users\taimo\OneDrive\Documents 1\work\ecg-synthetic-research\data\rendered\ptbxl\MI\02788.png,MI,NORM,0.452,0
C:\Users\taimo\OneDrive\Documents 1\work\ecg-synthetic-research\data\rendered\ptbxl\MI\02802.png,MI,NORM,0.4856,0
C:\Users\taimo\OneDrive\Documents 1\work\ecg-synthetic-research\data\rendered\ptbxl\MI\02833.png,MI,MI,0.9263,1
C:\Users\taimo\OneDrive\Documents 1\work\ecg-synthetic-research\data\rendered\ptbxl\MI\02924.png,MI,MI,0.9604,1
C:\Users\taimo\OneDrive\Documents 1\work\ecg-synthetic-research\data\rendered\ptbxl\MI\03076.png,MI,MI,0.753,1
C:\Users\taimo\OneDrive\Documents 1\work\ecg-synthetic-research\data\rendered\ptbxl\MI\03266.png,MI,NORM,0.503,0
C:\Users\taimo\OneDrive\Documents 1\work\ecg-synthetic-research\data\rendered\ptbxl\MI\03314.png,MI,MI,0.9453,1
C:\Users\taimo\OneDrive\Documents 1\work\ecg-synthetic-research\data\rendered\ptbxl\MI\03534.png,MI,MI,0.962,1
C:\Users\taimo\OneDrive\Documents 1\work\ecg-synthetic-research\data\rendered\ptbxl\MI\03664.png,MI,MI,0.6807,1
C:\Users\taimo\OneDrive\Documents 1\work\ecg-synthetic-research\data\rendered\ptbxl\MI\03685.png,MI,MI,0.8623,1
C:\Users\taimo\OneDrive\Documents 1\work\ecg-synthetic-research\data\rendered\ptbxl\MI\03701.png,MI,NORM,0.655,0
C:\Users\taimo\OneDrive\Documents 1\work\ecg-synthetic-research\data\rendered\ptbxl\MI\03789.png,MI,MI,0.756,1
C:\Users\taimo\OneDrive\Documents 1\work\ecg-synthetic-research\data\rendered\ptbxl\MI\03855.png,MI,MI,0.942,1
C:\Users\taimo\OneDrive\Documents 1\work\ecg-synthetic-research\data\rendered\ptbxl\MI\03908.png,MI,MI,0.697,1
C:\Users\taimo\OneDrive\Documents 1\work\ecg-synthetic-research\data\rendered\ptbxl\MI\03960.png,MI,AFIB,0.6445,0
C:\Users\taimo\OneDrive\Documents 1\work\ecg-synthetic-research\data\rendered\ptbxl\MI\03976.png,MI,MI,0.962,1
C:\Users\taimo\OneDrive\Documents 1\work\ecg-synthetic-research\data\rendered\ptbxl\MI\03992.png,MI,NORM,0.5483,0
C:\Users\taimo\OneDrive\Documents 1\work\ecg-synthetic-research\data\rendered\ptbxl\MI\03994.png,MI,NORM,0.4849,0
C:\Users\taimo\OneDrive\Documents 1\work\ecg-synthetic-research\data\rendered\ptbxl\MI\04048.png,MI,MI,0.762,1
C:\Users\taimo\OneDrive\Documents 1\work\ecg-synthetic-research\data\rendered\ptbxl\MI\04106.png,MI,NORM,0.6455,0
C:\Users\taimo\OneDrive\Documents 1\work\ecg-synthetic-research\data\rendered\ptbxl\MI\04111.png,MI,MI,0.689,1
C:\Users\taimo\OneDrive\Documents 1\work\ecg-synthetic-research\data\rendered\ptbxl\MI\04143.png,MI,TACHY,0.777,0
C:\Users\taimo\OneDrive\Documents 1\work\ecg-synthetic-research\data\rendered\ptbxl\MI\04177.png,MI,NORM,0.6055,0
C:\Users\taimo\OneDrive\Documents 1\work\ecg-synthetic-research\data\rendered\ptbxl\MI\04225.png,MI,MI,0.51,1
C:\Users\taimo\OneDrive\Documents 1\work\ecg-synthetic-research\data\rendered\ptbxl\MI\04228.png,MI,MI,0.643,1
C:\Users\taimo\OneDrive\Documents 1\work\ecg-synthetic-research\data\rendered\ptbxl\MI\04276.png,MI,MI,0.6064,1
C:\Users\taimo\OneDrive\Documents 1\work\ecg-synthetic-research\data\rendered\ptbxl\MI\04377.png,MI,MI,0.892,1
C:\Users\taimo\OneDrive\Documents 1\work\ecg-synthetic-research\data\rendered\ptbxl\MI\04380.png,MI,MI,0.6387,1
C:\Users\taimo\OneDrive\Documents 1\work\ecg-synthetic-research\data\rendered\ptbxl\MI\04392.png,MI,MI,0.9326,1
C:\Users\taimo\OneDrive\Documents 1\work\ecg-synthetic-research\data\rendered\ptbxl\MI\04393.png,MI,MI,0.7007,1
C:\Users\taimo\OneDrive\Documents 1\work\ecg-synthetic-research\data\rendered\ptbxl\MI\04452.png,MI,MI,0.684,1
C:\Users\taimo\OneDrive\Documents 1\work\ecg-synthetic-research\data\rendered\ptbxl\MI\04455.png,MI,MI,0.666,1
C:\Users\taimo\OneDrive\Documents 1\work\ecg-synthetic-research\data\rendered\ptbxl\MI\04611.png,MI,MI,0.894,1
C:\Users\taimo\OneDrive\Documents 1\work\ecg-synthetic-research\data\rendered\ptbxl\MI\04624.png,MI,MI,0.7275,1
C:\Users\taimo\OneDrive\Documents 1\work\ecg-synthetic-research\data\rendered\ptbxl\MI\04673.png,MI,NORM,0.406,0
C:\Users\taimo\OneDrive\Documents 1\work\ecg-synthetic-research\data\rendered\ptbxl\MI\04746.png,MI,TACHY,0.7476,0
C:\Users\taimo\OneDrive\Documents 1\work\ecg-synthetic-research\data\rendered\ptbxl\MI\04749.png,MI,MI,0.573,1
C:\Users\taimo\OneDrive\Documents 1\work\ecg-synthetic-research\data\rendered\ptbxl\MI\04781.png,MI,MI,0.977,1
C:\Users\taimo\OneDrive\Documents 1\work\ecg-synthetic-research\data\rendered\ptbxl\MI\04824.png,MI,AFIB,0.62,0
C:\Users\taimo\OneDrive\Documents 1\work\ecg-synthetic-research\data\rendered\ptbxl\MI\04827.png,MI,AFIB,0.8516,0
C:\Users\taimo\OneDrive\Documents 1\work\ecg-synthetic-research\data\rendered\ptbxl\MI\04870.png,MI,MI,0.4663,1
C:\Users\taimo\OneDrive\Documents 1\work\ecg-synthetic-research\data\rendered\ptbxl\MI\04999.png,MI,MI,0.902,1
C:\Users\taimo\OneDrive\Documents 1\work\ecg-synthetic-research\data\rendered\ptbxl\MI\05031.png,MI,MI,0.7983,1
C:\Users\taimo\OneDrive\Documents 1\work\ecg-synthetic-research\data\rendered\ptbxl\MI\05053.png,MI,MI,0.8364,1
C:\Users\taimo\OneDrive\Documents 1\work\ecg-synthetic-research\data\rendered\ptbxl\MI\05073.png,MI,MI,0.5513,1
C:\Users\taimo\OneDrive\Documents 1\work\ecg-synthetic-research\data\rendered\ptbxl\MI\05092.png,MI,TACHY,0.729,0
C:\Users\taimo\OneDrive\Documents 1\work\ecg-synthetic-research\data\rendered\ptbxl\MI\05116.png,MI,MI,0.7324,1
C:\Users\taimo\OneDrive\Documents 1\work\ecg-synthetic-research\data\rendered\ptbxl\MI\05137.png,MI,NORM,0.637,0
C:\Users\taimo\OneDrive\Documents 1\work\ecg-synthetic-research\data\rendered\ptbxl\MI\05144.png,MI,NORM,0.5225,0
C:\Users\taimo\OneDrive\Documents 1\work\ecg-synthetic-research\data\rendered\ptbxl\MI\05159.png,MI,NORM,0.745,0
C:\Users\taimo\OneDrive\Documents 1\work\ecg-synthetic-research\data\rendered\ptbxl\MI\05173.png,MI,TACHY,0.7275,0
C:\Users\taimo\OneDrive\Documents 1\work\ecg-synthetic-research\data\rendered\ptbxl\MI\05247.png,MI,MI,0.785,1
C:\Users\taimo\OneDrive\Documents 1\work\ecg-synthetic-research\data\rendered\ptbxl\MI\05255.png,MI,MI,0.6973,1
C:\Users\taimo\OneDrive\Documents 1\work\ecg-synthetic-research\data\rendered\ptbxl\MI\05327.png,MI,MI,0.9185,1
C:\Users\taimo\OneDrive\Documents 1\work\ecg-synthetic-research\data\rendered\ptbxl\MI\05398.png,MI,MI,0.964,1
C:\Users\taimo\OneDrive\Documents 1\work\ecg-synthetic-research\data\rendered\ptbxl\MI\05527.png,MI,MI,0.7144,1
C:\Users\taimo\OneDrive\Documents 1\work\ecg-synthetic-research\data\rendered\ptbxl\MI\05537.png,MI,MI,0.616,1
C:\Users\taimo\OneDrive\Documents 1\work\ecg-synthetic-research\data\rendered\ptbxl\MI\05573.png,MI,MI,0.774,1
C:\Users\taimo\OneDrive\Documents 1\work\ecg-synthetic-research\data\rendered\ptbxl\MI\05598.png,MI,MI,0.8433,1
C:\Users\taimo\OneDrive\Documents 1\work\ecg-synthetic-research\data\rendered\ptbxl\MI\05616.png,MI,MI,0.836,1
C:\Users\taimo\OneDrive\Documents 1\work\ecg-synthetic-research\data\rendered\ptbxl\MI\05636.png,MI,MI,0.556,1
C:\Users\taimo\OneDrive\Documents 1\work\ecg-synthetic-research\data\rendered\ptbxl\MI\05678.png,MI,MI,0.5864,1
C:\Users\taimo\OneDrive\Documents 1\work\ecg-synthetic-research\data\rendered\ptbxl\MI\05698.png,MI,MI,0.7227,1
C:\Users\taimo\OneDrive\Documents 1\work\ecg-synthetic-research\data\rendered\ptbxl\MI\05742.png,MI,MI,0.893,1
C:\Users\taimo\OneDrive\Documents 1\work\ecg-synthetic-research\data\rendered\ptbxl\MI\05755.png,MI,NORM,0.6045,0
C:\Users\taimo\OneDrive\Documents 1\work\ecg-synthetic-research\data\rendered\ptbxl\MI\05847.png,MI,MI,0.751,1
C:\Users\taimo\OneDrive\Documents 1\work\ecg-synthetic-research\data\rendered\ptbxl\MI\05880.png,MI,MI,0.9316,1
C:\Users\taimo\OneDrive\Documents 1\work\ecg-synthetic-research\data\rendered\ptbxl\MI\05883.png,MI,NORM,0.7617,0
C:\Users\taimo\OneDrive\Documents 1\work\ecg-synthetic-research\data\rendered\ptbxl\MI\05895.png,MI,NORM,0.853,0
C:\Users\taimo\OneDrive\Documents 1\work\ecg-synthetic-research\data\rendered\ptbxl\MI\06108.png,MI,MI,0.5347,1
C:\Users\taimo\OneDrive\Documents 1\work\ecg-synthetic-research\data\rendered\ptbxl\MI\06120.png,MI,MI,0.8657,1
C:\Users\taimo\OneDrive\Documents 1\work\ecg-synthetic-research\data\rendered\ptbxl\MI\06241.png,MI,MI,0.87,1
C:\Users\taimo\OneDrive\Documents 1\work\ecg-synthetic-research\data\rendered\ptbxl\MI\06254.png,MI,TACHY,0.5244,0
C:\Users\taimo\OneDrive\Documents 1\work\ecg-synthetic-research\data\rendered\ptbxl\MI\06287.png,MI,MI,0.548,1
C:\Users\taimo\OneDrive\Documents 1\work\ecg-synthetic-research\data\rendered\ptbxl\MI\06302.png,MI,NORM,0.533,0
C:\Users\taimo\OneDrive\Documents 1\work\ecg-synthetic-research\data\rendered\ptbxl\MI\06487.png,MI,MI,0.895,1
C:\Users\taimo\OneDrive\Documents 1\work\ecg-synthetic-research\data\rendered\ptbxl\MI\06702.png,MI,TACHY,0.648,0
C:\Users\taimo\OneDrive\Documents 1\work\ecg-synthetic-research\data\rendered\ptbxl\MI\06703.png,MI,MI,0.795,1
C:\Users\taimo\OneDrive\Documents 1\work\ecg-synthetic-research\data\rendered\ptbxl\MI\06708.png,MI,MI,0.6904,1
C:\Users\taimo\OneDrive\Documents 1\work\ecg-synthetic-research\data\rendered\ptbxl\MI\06800.png,MI,MI,0.958,1
C:\Users\taimo\OneDrive\Documents 1\work\ecg-synthetic-research\data\rendered\ptbxl\MI\06825.png,MI,MI,0.9756,1
C:\Users\taimo\OneDrive\Documents 1\work\ecg-synthetic-research\data\rendered\ptbxl\MI\06826.png,MI,MI,0.6016,1
C:\Users\taimo\OneDrive\Documents 1\work\ecg-synthetic-research\data\rendered\ptbxl\MI\06868.png,MI,MI,0.7915,1
C:\Users\taimo\OneDrive\Documents 1\work\ecg-synthetic-research\data\rendered\ptbxl\MI\06906.png,MI,MI,0.8975,1
C:\Users\taimo\OneDrive\Documents 1\work\ecg-synthetic-research\data\rendered\ptbxl\MI\07048.png,MI,NORM,0.6294,0
C:\Users\taimo\OneDrive\Documents 1\work\ecg-synthetic-research\data\rendered\ptbxl\MI\07135.png,MI,NORM,0.5015,0
C:\Users\taimo\OneDrive\Documents 1\work\ecg-synthetic-research\data\rendered\ptbxl\MI\07157.png,MI,MI,0.866,1
C:\Users\taimo\OneDrive\Documents 1\work\ecg-synthetic-research\data\rendered\ptbxl\MI\07165.png,MI,MI,0.622,1
C:\Users\taimo\OneDrive\Documents 1\work\ecg-synthetic-research\data\rendered\ptbxl\MI\07175.png,MI,MI,0.699,1
C:\Users\taimo\OneDrive\Documents 1\work\ecg-synthetic-research\data\rendered\ptbxl\MI\07177.png,MI,MI,0.644,1
C:\Users\taimo\OneDrive\Documents 1\work\ecg-synthetic-research\data\rendered\ptbxl\MI\07260.png,MI,MI,0.6406,1
C:\Users\taimo\OneDrive\Documents 1\work\ecg-synthetic-research\data\rendered\ptbxl\MI\07276.png,MI,NORM,0.7007,0
C:\Users\taimo\OneDrive\Documents 1\work\ecg-synthetic-research\data\rendered\ptbxl\MI\07280.png,MI,MI,0.5605,1
C:\Users\taimo\OneDrive\Documents 1\work\ecg-synthetic-research\data\rendered\ptbxl\MI\07312.png,MI,NORM,0.771,0
C:\Users\taimo\OneDrive\Documents 1\work\ecg-synthetic-research\data\rendered\ptbxl\MI\07333.png,MI,MI,0.793,1
C:\Users\taimo\OneDrive\Documents 1\work\ecg-synthetic-research\data\rendered\ptbxl\MI\07335.png,MI,NORM,0.6123,0
C:\Users\taimo\OneDrive\Documents 1\work\ecg-synthetic-research\data\rendered\ptbxl\MI\07404.png,MI,MI,0.835,1
C:\Users\taimo\OneDrive\Documents 1\work\ecg-synthetic-research\data\rendered\ptbxl\MI\07423.png,MI,NORM,0.642,0
C:\Users\taimo\OneDrive\Documents 1\work\ecg-synthetic-research\data\rendered\ptbxl\MI\07542.png,MI,NORM,0.5903,0
C:\Users\taimo\OneDrive\Documents 1\work\ecg-synthetic-research\data\rendered\ptbxl\MI\07569.png,MI,MI,0.6294,1
C:\Users\taimo\OneDrive\Documents 1\work\ecg-synthetic-research\data\rendered\ptbxl\MI\07601.png,MI,MI,0.92,1
C:\Users\taimo\OneDrive\Documents 1\work\ecg-synthetic-research\data\rendered\ptbxl\MI\07661.png,MI,MI,0.651,1
C:\Users\taimo\OneDrive\Documents 1\work\ecg-synthetic-research\data\rendered\ptbxl\MI\07668.png,MI,MI,0.895,1
C:\Users\taimo\OneDrive\Documents 1\work\ecg-synthetic-research\data\rendered\ptbxl\MI\07686.png,MI,MI,0.7207,1
C:\Users\taimo\OneDrive\Documents 1\work\ecg-synthetic-research\data\rendered\ptbxl\MI\07692.png,MI,MI,0.868,1
C:\Users\taimo\OneDrive\Documents 1\work\ecg-synthetic-research\data\rendered\ptbxl\MI\07729.png,MI,MI,0.6406,1
C:\Users\taimo\OneDrive\Documents 1\work\ecg-synthetic-research\data\rendered\ptbxl\MI\07835.png,MI,MI,0.6787,1
C:\Users\taimo\OneDrive\Documents 1\work\ecg-synthetic-research\data\rendered\ptbxl\MI\07861.png,MI,MI,0.8193,1
C:\Users\taimo\OneDrive\Documents 1\work\ecg-synthetic-research\data\rendered\ptbxl\MI\07877.png,MI,NORM,0.662,0
C:\Users\taimo\OneDrive\Documents 1\work\ecg-synthetic-research\data\rendered\ptbxl\MI\07881.png,MI,MI,0.598,1
C:\Users\taimo\OneDrive\Documents 1\work\ecg-synthetic-research\data\rendered\ptbxl\MI\07927.png,MI,MI,0.4917,1
C:\Users\taimo\OneDrive\Documents 1\work\ecg-synthetic-research\data\rendered\ptbxl\MI\07930.png,MI,MI,0.6113,1
C:\Users\taimo\OneDrive\Documents 1\work\ecg-synthetic-research\data\rendered\ptbxl\MI\07971.png,MI,NORM,0.6357,0
C:\Users\taimo\OneDrive\Documents 1\work\ecg-synthetic-research\data\rendered\ptbxl\MI\07976.png,MI,MI,0.795,1
C:\Users\taimo\OneDrive\Documents 1\work\ecg-synthetic-research\data\rendered\ptbxl\MI\07999.png,MI,MI,0.7285,1
C:\Users\taimo\OneDrive\Documents 1\work\ecg-synthetic-research\data\rendered\ptbxl\MI\08005.png,MI,NORM,0.7354,0
C:\Users\taimo\OneDrive\Documents 1\work\ecg-synthetic-research\data\rendered\ptbxl\MI\08073.png,MI,TACHY,0.4902,0
C:\Users\taimo\OneDrive\Documents 1\work\ecg-synthetic-research\data\rendered\ptbxl\MI\08081.png,MI,MI,0.838,1
C:\Users\taimo\OneDrive\Documents 1\work\ecg-synthetic-research\data\rendered\ptbxl\MI\08182.png,MI,MI,0.6045,1
C:\Users\taimo\OneDrive\Documents 1\work\ecg-synthetic-research\data\rendered\ptbxl\MI\08186.png,MI,NORM,0.716,0
C:\Users\taimo\OneDrive\Documents 1\work\ecg-synthetic-research\data\rendered\ptbxl\MI\08342.png,MI,MI,0.5435,1
C:\Users\taimo\OneDrive\Documents 1\work\ecg-synthetic-research\data\rendered\ptbxl\MI\08350.png,MI,MI,0.5894,1
C:\Users\taimo\OneDrive\Documents 1\work\ecg-synthetic-research\data\rendered\ptbxl\MI\08360.png,MI,MI,0.6875,1
C:\Users\taimo\OneDrive\Documents 1\work\ecg-synthetic-research\data\rendered\ptbxl\MI\08403.png,MI,MI,0.5713,1
C:\Users\taimo\OneDrive\Documents 1\work\ecg-synthetic-research\data\rendered\ptbxl\MI\08420.png,MI,MI,0.5444,1
C:\Users\taimo\OneDrive\Documents 1\work\ecg-synthetic-research\data\rendered\ptbxl\MI\08421.png,MI,MI,0.6123,1
C:\Users\taimo\OneDrive\Documents 1\work\ecg-synthetic-research\data\rendered\ptbxl\MI\08428.png,MI,MI,0.616,1
C:\Users\taimo\OneDrive\Documents 1\work\ecg-synthetic-research\data\rendered\ptbxl\MI\08431.png,MI,MI,0.5625,1
C:\Users\taimo\OneDrive\Documents 1\work\ecg-synthetic-research\data\rendered\ptbxl\MI\08516.png,MI,MI,0.4465,1
C:\Users\taimo\OneDrive\Documents 1\work\ecg-synthetic-research\data\rendered\ptbxl\MI\08586.png,MI,MI,0.8643,1
C:\Users\taimo\OneDrive\Documents 1\work\ecg-synthetic-research\data\rendered\ptbxl\MI\08611.png,MI,NORM,0.75,0
C:\Users\taimo\OneDrive\Documents 1\work\ecg-synthetic-research\data\rendered\ptbxl\MI\08669.png,MI,MI,0.5986,1
C:\Users\taimo\OneDrive\Documents 1\work\ecg-synthetic-research\data\rendered\ptbxl\MI\08708.png,MI,MI,0.8623,1
C:\Users\taimo\OneDrive\Documents 1\work\ecg-synthetic-research\data\rendered\ptbxl\MI\08725.png,MI,MI,0.6455,1
C:\Users\taimo\OneDrive\Documents 1\work\ecg-synthetic-research\data\rendered\ptbxl\MI\08797.png,MI,MI,0.952,1
C:\Users\taimo\OneDrive\Documents 1\work\ecg-synthetic-research\data\rendered\ptbxl\MI\08802.png,MI,MI,0.604,1
C:\Users\taimo\OneDrive\Documents 1\work\ecg-synthetic-research\data\rendered\ptbxl\MI\08842.png,MI,MI,0.8394,1
C:\Users\taimo\OneDrive\Documents 1\work\ecg-synthetic-research\data\rendered\ptbxl\MI\08859.png,MI,AFIB,0.4863,0
C:\Users\taimo\OneDrive\Documents 1\work\ecg-synthetic-research\data\rendered\ptbxl\MI\08873.png,MI,MI,0.638,1
C:\Users\taimo\OneDrive\Documents 1\work\ecg-synthetic-research\data\rendered\ptbxl\MI\08884.png,MI,NORM,0.545,0
C:\Users\taimo\OneDrive\Documents 1\work\ecg-synthetic-research\data\rendered\ptbxl\MI\08890.png,MI,MI,0.662,1
C:\Users\taimo\OneDrive\Documents 1\work\ecg-synthetic-research\data\rendered\ptbxl\MI\08908.png,MI,MI,0.694,1
C:\Users\taimo\OneDrive\Documents 1\work\ecg-synthetic-research\data\rendered\ptbxl\MI\08983.png,MI,MI,0.899,1
C:\Users\taimo\OneDrive\Documents 1\work\ecg-synthetic-research\data\rendered\ptbxl\MI\08991.png,MI,MI,0.8315,1
C:\Users\taimo\OneDrive\Documents 1\work\ecg-synthetic-research\data\rendered\ptbxl\MI\08994.png,MI,TACHY,0.7144,0
C:\Users\taimo\OneDrive\Documents 1\work\ecg-synthetic-research\data\rendered\ptbxl\MI\09015.png,MI,MI,0.6978,1
C:\Users\taimo\OneDrive\Documents 1\work\ecg-synthetic-research\data\rendered\ptbxl\MI\09016.png,MI,MI,0.9766,1
C:\Users\taimo\OneDrive\Documents 1\work\ecg-synthetic-research\data\rendered\ptbxl\MI\09039.png,MI,NORM,0.6797,0
C:\Users\taimo\OneDrive\Documents 1\work\ecg-synthetic-research\data\rendered\ptbxl\MI\09045.png,MI,MI,0.8496,1
C:\Users\taimo\OneDrive\Documents 1\work\ecg-synthetic-research\data\rendered\ptbxl\MI\09100.png,MI,MI,0.7383,1
C:\Users\taimo\OneDrive\Documents 1\work\ecg-synthetic-research\data\rendered\ptbxl\MI\09145.png,MI,MI,0.7026,1
C:\Users\taimo\OneDrive\Documents 1\work\ecg-synthetic-research\data\rendered\ptbxl\MI\09185.png,MI,MI,0.946,1
C:\Users\taimo\OneDrive\Documents 1\work\ecg-synthetic-research\data\rendered\ptbxl\MI\09243.png,MI,TACHY,0.7705,0
C:\Users\taimo\OneDrive\Documents 1\work\ecg-synthetic-research\data\rendered\ptbxl\MI\09247.png,MI,MI,0.4897,1
C:\Users\taimo\OneDrive\Documents 1\work\ecg-synthetic-research\data\rendered\ptbxl\MI\09255.png,MI,MI,0.5166,1
C:\Users\taimo\OneDrive\Documents 1\work\ecg-synthetic-research\data\rendered\ptbxl\MI\09268.png,MI,MI,0.5444,1
C:\Users\taimo\OneDrive\Documents 1\work\ecg-synthetic-research\data\rendered\ptbxl\MI\09308.png,MI,MI,0.6465,1
C:\Users\taimo\OneDrive\Documents 1\work\ecg-synthetic-research\data\rendered\ptbxl\MI\09379.png,MI,MI,0.9873,1
C:\Users\taimo\OneDrive\Documents 1\work\ecg-synthetic-research\data\rendered\ptbxl\MI\09409.png,MI,NORM,0.5737,0
C:\Users\taimo\OneDrive\Documents 1\work\ecg-synthetic-research\data\rendered\ptbxl\MI\09441.png,MI,MI,0.9307,1
C:\Users\taimo\OneDrive\Documents 1\work\ecg-synthetic-research\data\rendered\ptbxl\MI\09445.png,MI,MI,0.9106,1
C:\Users\taimo\OneDrive\Documents 1\work\ecg-synthetic-research\data\rendered\ptbxl\MI\09466.png,MI,MI,0.6133,1
C:\Users\taimo\OneDrive\Documents 1\work\ecg-synthetic-research\data\rendered\ptbxl\MI\09519.png,MI,MI,0.8677,1
C:\Users\taimo\OneDrive\Documents 1\work\ecg-synthetic-research\data\rendered\ptbxl\MI\09543.png,MI,MI,0.898,1
C:\Users\taimo\OneDrive\Documents 1\work\ecg-synthetic-research\data\rendered\ptbxl\MI\09583.png,MI,MI,0.9004,1
C:\Users\taimo\OneDrive\Documents 1\work\ecg-synthetic-research\data\rendered\ptbxl\MI\09599.png,MI,MI,0.94,1
C:\Users\taimo\OneDrive\Documents 1\work\ecg-synthetic-research\data\rendered\ptbxl\MI\09626.png,MI,MI,0.7915,1
C:\Users\taimo\OneDrive\Documents 1\work\ecg-synthetic-research\data\rendered\ptbxl\MI\09641.png,MI,MI,0.8433,1
C:\Users\taimo\OneDrive\Documents 1\work\ecg-synthetic-research\data\rendered\ptbxl\MI\09653.png,MI,MI,0.9697,1
C:\Users\taimo\OneDrive\Documents 1\work\ecg-synthetic-research\data\rendered\ptbxl\MI\09709.png,MI,MI,0.6387,1
C:\Users\taimo\OneDrive\Documents 1\work\ecg-synthetic-research\data\rendered\ptbxl\MI\09785.png,MI,MI,0.85,1
C:\Users\taimo\OneDrive\Documents 1\work\ecg-synthetic-research\data\rendered\ptbxl\MI\09889.png,MI,MI,0.5264,1
C:\Users\taimo\OneDrive\Documents 1\work\ecg-synthetic-research\data\rendered\ptbxl\MI\09915.png,MI,MI,0.9463,1
C:\Users\taimo\OneDrive\Documents 1\work\ecg-synthetic-research\data\rendered\ptbxl\MI\10095.png,MI,NORM,0.758,0
C:\Users\taimo\OneDrive\Documents 1\work\ecg-synthetic-research\data\rendered\ptbxl\MI\10194.png,MI,NORM,0.592,0
C:\Users\taimo\OneDrive\Documents 1\work\ecg-synthetic-research\data\rendered\ptbxl\MI\10254.png,MI,MI,0.68,1
C:\Users\taimo\OneDrive\Documents 1\work\ecg-synthetic-research\data\rendered\ptbxl\MI\10258.png,MI,NORM,0.5127,0
C:\Users\taimo\OneDrive\Documents 1\work\ecg-synthetic-research\data\rendered\ptbxl\MI\10313.png,MI,MI,0.585,1
C:\Users\taimo\OneDrive\Documents 1\work\ecg-synthetic-research\data\rendered\ptbxl\MI\10314.png,MI,MI,0.876,1
C:\Users\taimo\OneDrive\Documents 1\work\ecg-synthetic-research\data\rendered\ptbxl\MI\10367.png,MI,MI,0.772,1
C:\Users\taimo\OneDrive\Documents 1\work\ecg-synthetic-research\data\rendered\ptbxl\MI\10479.png,MI,MI,0.8247,1
C:\Users\taimo\OneDrive\Documents 1\work\ecg-synthetic-research\data\rendered\ptbxl\MI\10486.png,MI,NORM,0.6523,0
C:\Users\taimo\OneDrive\Documents 1\work\ecg-synthetic-research\data\rendered\ptbxl\MI\10496.png,MI,TACHY,0.6416,0
C:\Users\taimo\OneDrive\Documents 1\work\ecg-synthetic-research\data\rendered\ptbxl\MI\10521.png,MI,NORM,0.6396,0
C:\Users\taimo\OneDrive\Documents 1\work\ecg-synthetic-research\data\rendered\ptbxl\MI\10557.png,MI,MI,0.598,1
C:\Users\taimo\OneDrive\Documents 1\work\ecg-synthetic-research\data\rendered\ptbxl\MI\10591.png,MI,MI,0.597,1
C:\Users\taimo\OneDrive\Documents 1\work\ecg-synthetic-research\data\rendered\ptbxl\MI\10619.png,MI,MI,0.747,1
C:\Users\taimo\OneDrive\Documents 1\work\ecg-synthetic-research\data\rendered\ptbxl\MI\10646.png,MI,MI,0.911,1
C:\Users\taimo\OneDrive\Documents 1\work\ecg-synthetic-research\data\rendered\ptbxl\MI\10662.png,MI,MI,0.826,1
C:\Users\taimo\OneDrive\Documents 1\work\ecg-synthetic-research\data\rendered\ptbxl\MI\10707.png,MI,MI,0.9033,1
C:\Users\taimo\OneDrive\Documents 1\work\ecg-synthetic-research\data\rendered\ptbxl\MI\10720.png,MI,MI,0.824,1
C:\Users\taimo\OneDrive\Documents 1\work\ecg-synthetic-research\data\rendered\ptbxl\MI\10744.png,MI,NORM,0.613,0
C:\Users\taimo\OneDrive\Documents 1\work\ecg-synthetic-research\data\rendered\ptbxl\MI\10790.png,MI,TACHY,0.646,0
C:\Users\taimo\OneDrive\Documents 1\work\ecg-synthetic-research\data\rendered\ptbxl\MI\10814.png,MI,MI,0.804,1
C:\Users\taimo\OneDrive\Documents 1\work\ecg-synthetic-research\data\rendered\ptbxl\MI\10832.png,MI,MI,0.504,1
C:\Users\taimo\OneDrive\Documents 1\work\ecg-synthetic-research\data\rendered\ptbxl\MI\10844.png,MI,MI,0.739,1
C:\Users\taimo\OneDrive\Documents 1\work\ecg-synthetic-research\data\rendered\ptbxl\MI\10938.png,MI,MI,0.7505,1
C:\Users\taimo\OneDrive\Documents 1\work\ecg-synthetic-research\data\rendered\ptbxl\MI\10942.png,MI,MI,0.7646,1
C:\Users\taimo\OneDrive\Documents 1\work\ecg-synthetic-research\data\rendered\ptbxl\MI\10949.png,MI,MI,0.9,1
C:\Users\taimo\OneDrive\Documents 1\work\ecg-synthetic-research\data\rendered\ptbxl\MI\10982.png,MI,MI,0.674,1
C:\Users\taimo\OneDrive\Documents 1\work\ecg-synthetic-research\data\rendered\ptbxl\MI\11001.png,MI,MI,0.5024,1
C:\Users\taimo\OneDrive\Documents 1\work\ecg-synthetic-research\data\rendered\ptbxl\MI\11153.png,MI,MI,0.9346,1
C:\Users\taimo\OneDrive\Documents 1\work\ecg-synthetic-research\data\rendered\ptbxl\MI\11158.png,MI,MI,0.613,1
C:\Users\taimo\OneDrive\Documents 1\work\ecg-synthetic-research\data\rendered\ptbxl\MI\11173.png,MI,MI,0.6333,1
C:\Users\taimo\OneDrive\Documents 1\work\ecg-synthetic-research\data\rendered\ptbxl\MI\11189.png,MI,TACHY,0.536,0
C:\Users\taimo\OneDrive\Documents 1\work\ecg-synthetic-research\data\rendered\ptbxl\MI\11255.png,MI,MI,0.786,1
C:\Users\taimo\OneDrive\Documents 1\work\ecg-synthetic-research\data\rendered\ptbxl\MI\11258.png,MI,MI,0.853,1
C:\Users\taimo\OneDrive\Documents 1\work\ecg-synthetic-research\data\rendered\ptbxl\MI\11260.png,MI,MI,0.8784,1
C:\Users\taimo\OneDrive\Documents 1\work\ecg-synthetic-research\data\rendered\ptbxl\MI\11289.png,MI,MI,0.5366,1
C:\Users\taimo\OneDrive\Documents 1\work\ecg-synthetic-research\data\rendered\ptbxl\MI\11363.png,MI,MI,0.585,1
C:\Users\taimo\OneDrive\Documents 1\work\ecg-synthetic-research\data\rendered\ptbxl\MI\11396.png,MI,MI,0.8413,1
C:\Users\taimo\OneDrive\Documents 1\work\ecg-synthetic-research\data\rendered\ptbxl\MI\11442.png,MI,MI,0.8945,1
C:\Users\taimo\OneDrive\Documents 1\work\ecg-synthetic-research\data\rendered\ptbxl\MI\11460.png,MI,MI,0.7803,1
C:\Users\taimo\OneDrive\Documents 1\work\ecg-synthetic-research\data\rendered\ptbxl\MI\11525.png,MI,NORM,0.724,0
C:\Users\taimo\OneDrive\Documents 1\work\ecg-synthetic-research\data\rendered\ptbxl\MI\11542.png,MI,MI,0.906,1
C:\Users\taimo\OneDrive\Documents 1\work\ecg-synthetic-research\data\rendered\ptbxl\MI\11592.png,MI,MI,0.522,1
C:\Users\taimo\OneDrive\Documents 1\work\ecg-synthetic-research\data\rendered\ptbxl\MI\11646.png,MI,MI,0.64,1
C:\Users\taimo\OneDrive\Documents 1\work\ecg-synthetic-research\data\rendered\ptbxl\MI\11648.png,MI,NORM,0.7217,0
C:\Users\taimo\OneDrive\Documents 1\work\ecg-synthetic-research\data\rendered\ptbxl\MI\11650.png,MI,TACHY,0.5713,0
C:\Users\taimo\OneDrive\Documents 1\work\ecg-synthetic-research\data\rendered\ptbxl\MI\11743.png,MI,MI,0.8584,1
C:\Users\taimo\OneDrive\Documents 1\work\ecg-synthetic-research\data\rendered\ptbxl\MI\11806.png,MI,MI,0.6685,1
C:\Users\taimo\OneDrive\Documents 1\work\ecg-synthetic-research\data\rendered\ptbxl\MI\11917.png,MI,MI,0.5957,1
C:\Users\taimo\OneDrive\Documents 1\work\ecg-synthetic-research\data\rendered\ptbxl\MI\11940.png,MI,MI,0.5264,1
C:\Users\taimo\OneDrive\Documents 1\work\ecg-synthetic-research\data\rendered\ptbxl\MI\12078.png,MI,NORM,0.512,0
C:\Users\taimo\OneDrive\Documents 1\work\ecg-synthetic-research\data\rendered\ptbxl\MI\12112.png,MI,NORM,0.6274,0
C:\Users\taimo\OneDrive\Documents 1\work\ecg-synthetic-research\data\rendered\ptbxl\MI\12228.png,MI,MI,0.8037,1
C:\Users\taimo\OneDrive\Documents 1\work\ecg-synthetic-research\data\rendered\ptbxl\MI\12290.png,MI,MI,0.6035,1
C:\Users\taimo\OneDrive\Documents 1\work\ecg-synthetic-research\data\rendered\ptbxl\MI\12300.png,MI,MI,0.798,1
C:\Users\taimo\OneDrive\Documents 1\work\ecg-synthetic-research\data\rendered\ptbxl\MI\12349.png,MI,MI,0.848,1
C:\Users\taimo\OneDrive\Documents 1\work\ecg-synthetic-research\data\rendered\ptbxl\MI\12444.png,MI,MI,0.8364,1
C:\Users\taimo\OneDrive\Documents 1\work\ecg-synthetic-research\data\rendered\ptbxl\MI\12445.png,MI,MI,0.828,1
C:\Users\taimo\OneDrive\Documents 1\work\ecg-synthetic-research\data\rendered\ptbxl\MI\12535.png,MI,MI,0.7007,1
C:\Users\taimo\OneDrive\Documents 1\work\ecg-synthetic-research\data\rendered\ptbxl\MI\12545.png,MI,MI,0.6206,1
C:\Users\taimo\OneDrive\Documents 1\work\ecg-synthetic-research\data\rendered\ptbxl\MI\12547.png,MI,MI,0.7324,1
C:\Users\taimo\OneDrive\Documents 1\work\ecg-synthetic-research\data\rendered\ptbxl\MI\12722.png,MI,NORM,0.619,0
C:\Users\taimo\OneDrive\Documents 1\work\ecg-synthetic-research\data\rendered\ptbxl\MI\12740.png,MI,MI,0.528,1
C:\Users\taimo\OneDrive\Documents 1\work\ecg-synthetic-research\data\rendered\ptbxl\MI\12998.png,MI,MI,0.849,1
C:\Users\taimo\OneDrive\Documents 1\work\ecg-synthetic-research\data\rendered\ptbxl\MI\13012.png,MI,MI,0.4958,1
C:\Users\taimo\OneDrive\Documents 1\work\ecg-synthetic-research\data\rendered\ptbxl\MI\13044.png,MI,MI,0.713,1
C:\Users\taimo\OneDrive\Documents 1\work\ecg-synthetic-research\data\rendered\ptbxl\MI\13065.png,MI,MI,0.8394,1
C:\Users\taimo\OneDrive\Documents 1\work\ecg-synthetic-research\data\rendered\ptbxl\MI\13084.png,MI,MI,0.7495,1
C:\Users\taimo\OneDrive\Documents 1\work\ecg-synthetic-research\data\rendered\ptbxl\MI\13101.png,MI,AFIB,0.707,0
C:\Users\taimo\OneDrive\Documents 1\work\ecg-synthetic-research\data\rendered\ptbxl\MI\13142.png,MI,MI,0.697,1
C:\Users\taimo\OneDrive\Documents 1\work\ecg-synthetic-research\data\rendered\ptbxl\MI\13148.png,MI,MI,0.518,1
C:\Users\taimo\OneDrive\Documents 1\work\ecg-synthetic-research\data\rendered\ptbxl\MI\13168.png,MI,MI,0.702,1
C:\Users\taimo\OneDrive\Documents 1\work\ecg-synthetic-research\data\rendered\ptbxl\MI\13227.png,MI,MI,0.806,1
C:\Users\taimo\OneDrive\Documents 1\work\ecg-synthetic-research\data\rendered\ptbxl\MI\13249.png,MI,TACHY,0.722,0
C:\Users\taimo\OneDrive\Documents 1\work\ecg-synthetic-research\data\rendered\ptbxl\MI\13328.png,MI,MI,0.7915,1
C:\Users\taimo\OneDrive\Documents 1\work\ecg-synthetic-research\data\rendered\ptbxl\MI\13329.png,MI,NORM,0.569,0
C:\Users\taimo\OneDrive\Documents 1\work\ecg-synthetic-research\data\rendered\ptbxl\MI\13375.png,MI,MI,0.7725,1
C:\Users\taimo\OneDrive\Documents 1\work\ecg-synthetic-research\data\rendered\ptbxl\MI\13381.png,MI,TACHY,0.8296,0
C:\Users\taimo\OneDrive\Documents 1\work\ecg-synthetic-research\data\rendered\ptbxl\MI\13406.png,MI,MI,0.658,1
C:\Users\taimo\OneDrive\Documents 1\work\ecg-synthetic-research\data\rendered\ptbxl\MI\13471.png,MI,NORM,0.54,0
C:\Users\taimo\OneDrive\Documents 1\work\ecg-synthetic-research\data\rendered\ptbxl\MI\13489.png,MI,AFIB,0.715,0
C:\Users\taimo\OneDrive\Documents 1\work\ecg-synthetic-research\data\rendered\ptbxl\MI\13520.png,MI,MI,0.826,1
C:\Users\taimo\OneDrive\Documents 1\work\ecg-synthetic-research\data\rendered\ptbxl\MI\13534.png,MI,MI,0.8594,1
C:\Users\taimo\OneDrive\Documents 1\work\ecg-synthetic-research\data\rendered\ptbxl\MI\13563.png,MI,MI,0.7607,1
C:\Users\taimo\OneDrive\Documents 1\work\ecg-synthetic-research\data\rendered\ptbxl\MI\13564.png,MI,MI,0.942,1
C:\Users\taimo\OneDrive\Documents 1\work\ecg-synthetic-research\data\rendered\ptbxl\MI\13580.png,MI,MI,0.933,1
C:\Users\taimo\OneDrive\Documents 1\work\ecg-synthetic-research\data\rendered\ptbxl\MI\13607.png,MI,NORM,0.614,0
C:\Users\taimo\OneDrive\Documents 1\work\ecg-synthetic-research\data\rendered\ptbxl\MI\13640.png,MI,NORM,0.612,0
C:\Users\taimo\OneDrive\Documents 1\work\ecg-synthetic-research\data\rendered\ptbxl\MI\13729.png,MI,MI,0.879,1
C:\Users\taimo\OneDrive\Documents 1\work\ecg-synthetic-research\data\rendered\ptbxl\MI\13788.png,MI,MI,0.9287,1
C:\Users\taimo\OneDrive\Documents 1\work\ecg-synthetic-research\data\rendered\ptbxl\MI\13794.png,MI,MI,0.954,1
C:\Users\taimo\OneDrive\Documents 1\work\ecg-synthetic-research\data\rendered\ptbxl\MI\13828.png,MI,MI,0.9307,1
C:\Users\taimo\OneDrive\Documents 1\work\ecg-synthetic-research\data\rendered\ptbxl\MI\13855.png,MI,MI,0.958,1
C:\Users\taimo\OneDrive\Documents 1\work\ecg-synthetic-research\data\rendered\ptbxl\MI\13858.png,MI,MI,0.9644,1
C:\Users\taimo\OneDrive\Documents 1\work\ecg-synthetic-research\data\rendered\ptbxl\MI\14005.png,MI,MI,0.9116,1
C:\Users\taimo\OneDrive\Documents 1\work\ecg-synthetic-research\data\rendered\ptbxl\MI\14158.png,MI,TACHY,0.61,0
C:\Users\taimo\OneDrive\Documents 1\work\ecg-synthetic-research\data\rendered\ptbxl\MI\14172.png,MI,NORM,0.5933,0
C:\Users\taimo\OneDrive\Documents 1\work\ecg-synthetic-research\data\rendered\ptbxl\MI\14228.png,MI,MI,0.602,1
C:\Users\taimo\OneDrive\Documents 1\work\ecg-synthetic-research\data\rendered\ptbxl\MI\14254.png,MI,NORM,0.5137,0
C:\Users\taimo\OneDrive\Documents 1\work\ecg-synthetic-research\data\rendered\ptbxl\MI\14314.png,MI,MI,0.915,1
C:\Users\taimo\OneDrive\Documents 1\work\ecg-synthetic-research\data\rendered\ptbxl\MI\14355.png,MI,TACHY,0.7407,0
C:\Users\taimo\OneDrive\Documents 1\work\ecg-synthetic-research\data\rendered\ptbxl\MI\14389.png,MI,MI,0.913,1
C:\Users\taimo\OneDrive\Documents 1\work\ecg-synthetic-research\data\rendered\ptbxl\MI\14399.png,MI,MI,0.9507,1
C:\Users\taimo\OneDrive\Documents 1\work\ecg-synthetic-research\data\rendered\ptbxl\MI\14576.png,MI,MI,0.86,1
C:\Users\taimo\OneDrive\Documents 1\work\ecg-synthetic-research\data\rendered\ptbxl\MI\14619.png,MI,MI,0.695,1
C:\Users\taimo\OneDrive\Documents 1\work\ecg-synthetic-research\data\rendered\ptbxl\MI\14665.png,MI,MI,0.775,1
C:\Users\taimo\OneDrive\Documents 1\work\ecg-synthetic-research\data\rendered\ptbxl\MI\14730.png,MI,MI,0.812,1
C:\Users\taimo\OneDrive\Documents 1\work\ecg-synthetic-research\data\rendered\ptbxl\MI\14787.png,MI,MI,0.625,1
C:\Users\taimo\OneDrive\Documents 1\work\ecg-synthetic-research\data\rendered\ptbxl\MI\14882.png,MI,MI,0.567,1
C:\Users\taimo\OneDrive\Documents 1\work\ecg-synthetic-research\data\rendered\ptbxl\MI\14952.png,MI,MI,0.907,1
C:\Users\taimo\OneDrive\Documents 1\work\ecg-synthetic-research\data\rendered\ptbxl\MI\14953.png,MI,MI,0.7466,1
C:\Users\taimo\OneDrive\Documents 1\work\ecg-synthetic-research\data\rendered\ptbxl\MI\14958.png,MI,MI,0.8496,1
C:\Users\taimo\OneDrive\Documents 1\work\ecg-synthetic-research\data\rendered\ptbxl\MI\14960.png,MI,MI,0.971,1
C:\Users\taimo\OneDrive\Documents 1\work\ecg-synthetic-research\data\rendered\ptbxl\MI\14989.png,MI,TACHY,0.8115,0
C:\Users\taimo\OneDrive\Documents 1\work\ecg-synthetic-research\data\rendered\ptbxl\MI\14995.png,MI,MI,0.8345,1
C:\Users\taimo\OneDrive\Documents 1\work\ecg-synthetic-research\data\rendered\ptbxl\MI\15161.png,MI,MI,0.903,1
C:\Users\taimo\OneDrive\Documents 1\work\ecg-synthetic-research\data\rendered\ptbxl\MI\15299.png,MI,MI,0.692,1
C:\Users\taimo\OneDrive\Documents 1\work\ecg-synthetic-research\data\rendered\ptbxl\MI\15335.png,MI,MI,0.572,1
C:\Users\taimo\OneDrive\Documents 1\work\ecg-synthetic-research\data\rendered\ptbxl\MI\15462.png,MI,MI,0.509,1
C:\Users\taimo\OneDrive\Documents 1\work\ecg-synthetic-research\data\rendered\ptbxl\MI\15472.png,MI,MI,0.9077,1
C:\Users\taimo\OneDrive\Documents 1\work\ecg-synthetic-research\data\rendered\ptbxl\MI\15497.png,MI,MI,0.951,1
C:\Users\taimo\OneDrive\Documents 1\work\ecg-synthetic-research\data\rendered\ptbxl\MI\15517.png,MI,MI,0.929,1
C:\Users\taimo\OneDrive\Documents 1\work\ecg-synthetic-research\data\rendered\ptbxl\MI\15607.png,MI,MI,0.885,1
C:\Users\taimo\OneDrive\Documents 1\work\ecg-synthetic-research\data\rendered\ptbxl\MI\15616.png,MI,MI,0.563,1
C:\Users\taimo\OneDrive\Documents 1\work\ecg-synthetic-research\data\rendered\ptbxl\MI\15619.png,MI,MI,0.8804,1
C:\Users\taimo\OneDrive\Documents 1\work\ecg-synthetic-research\data\rendered\ptbxl\MI\15686.png,MI,MI,0.682,1
C:\Users\taimo\OneDrive\Documents 1\work\ecg-synthetic-research\data\rendered\ptbxl\MI\15835.png,MI,MI,0.956,1
C:\Users\taimo\OneDrive\Documents 1\work\ecg-synthetic-research\data\rendered\ptbxl\MI\15877.png,MI,MI,0.686,1
C:\Users\taimo\OneDrive\Documents 1\work\ecg-synthetic-research\data\rendered\ptbxl\MI\15907.png,MI,MI,0.548,1
C:\Users\taimo\OneDrive\Documents 1\work\ecg-synthetic-research\data\rendered\ptbxl\MI\15953.png,MI,NORM,0.539,0
C:\Users\taimo\OneDrive\Documents 1\work\ecg-synthetic-research\data\rendered\ptbxl\MI\15971.png,MI,TACHY,0.4414,0
C:\Users\taimo\OneDrive\Documents 1\work\ecg-synthetic-research\data\rendered\ptbxl\MI\16010.png,MI,MI,0.873,1
C:\Users\taimo\OneDrive\Documents 1\work\ecg-synthetic-research\data\rendered\ptbxl\MI\16030.png,MI,MI,0.7817,1
C:\Users\taimo\OneDrive\Documents 1\work\ecg-synthetic-research\data\rendered\ptbxl\MI\16049.png,MI,MI,0.8594,1
C:\Users\taimo\OneDrive\Documents 1\work\ecg-synthetic-research\data\rendered\ptbxl\MI\16061.png,MI,MI,0.8926,1
C:\Users\taimo\OneDrive\Documents 1\work\ecg-synthetic-research\data\rendered\ptbxl\MI\16292.png,MI,MI,0.911,1
C:\Users\taimo\OneDrive\Documents 1\work\ecg-synthetic-research\data\rendered\ptbxl\MI\16302.png,MI,MI,0.658,1
C:\Users\taimo\OneDrive\Documents 1\work\ecg-synthetic-research\data\rendered\ptbxl\MI\16326.png,MI,NORM,0.5835,0
C:\Users\taimo\OneDrive\Documents 1\work\ecg-synthetic-research\data\rendered\ptbxl\MI\16327.png,MI,TACHY,0.889,0
C:\Users\taimo\OneDrive\Documents 1\work\ecg-synthetic-research\data\rendered\ptbxl\MI\16350.png,MI,MI,0.5566,1
C:\Users\taimo\OneDrive\Documents 1\work\ecg-synthetic-research\data\rendered\ptbxl\MI\16352.png,MI,MI,0.588,1
C:\Users\taimo\OneDrive\Documents 1\work\ecg-synthetic-research\data\rendered\ptbxl\MI\16375.png,MI,MI,0.583,1
C:\Users\taimo\OneDrive\Documents 1\work\ecg-synthetic-research\data\rendered\ptbxl\MI\16427.png,MI,MI,0.5664,1
C:\Users\taimo\OneDrive\Documents 1\work\ecg-synthetic-research\data\rendered\ptbxl\MI\16444.png,MI,MI,0.877,1
C:\Users\taimo\OneDrive\Documents 1\work\ecg-synthetic-research\data\rendered\ptbxl\MI\16463.png,MI,MI,0.5947,1
C:\Users\taimo\OneDrive\Documents 1\work\ecg-synthetic-research\data\rendered\ptbxl\MI\16486.png,MI,MI,0.658,1
C:\Users\taimo\OneDrive\Documents 1\work\ecg-synthetic-research\data\rendered\ptbxl\MI\16522.png,MI,MI,0.554,1
C:\Users\taimo\OneDrive\Documents 1\work\ecg-synthetic-research\data\rendered\ptbxl\MI\16559.png,MI,NORM,0.5815,0
C:\Users\taimo\OneDrive\Documents 1\work\ecg-synthetic-research\data\rendered\ptbxl\MI\16653.png,MI,NORM,0.6343,0
C:\Users\taimo\OneDrive\Documents 1\work\ecg-synthetic-research\data\rendered\ptbxl\MI\16665.png,MI,NORM,0.4565,0
C:\Users\taimo\OneDrive\Documents 1\work\ecg-synthetic-research\data\rendered\ptbxl\MI\16668.png,MI,MI,0.817,1
C:\Users\taimo\OneDrive\Documents 1\work\ecg-synthetic-research\data\rendered\ptbxl\MI\16692.png,MI,NORM,0.6226,0
C:\Users\taimo\OneDrive\Documents 1\work\ecg-synthetic-research\data\rendered\ptbxl\MI\16693.png,MI,MI,0.9424,1
C:\Users\taimo\OneDrive\Documents 1\work\ecg-synthetic-research\data\rendered\ptbxl\MI\16702.png,MI,MI,0.461,1
C:\Users\taimo\OneDrive\Documents 1\work\ecg-synthetic-research\data\rendered\ptbxl\MI\16852.png,MI,MI,0.905,1
C:\Users\taimo\OneDrive\Documents 1\work\ecg-synthetic-research\data\rendered\ptbxl\MI\16951.png,MI,MI,0.714,1
C:\Users\taimo\OneDrive\Documents 1\work\ecg-synthetic-research\data\rendered\ptbxl\MI\16962.png,MI,MI,0.463,1
C:\Users\taimo\OneDrive\Documents 1\work\ecg-synthetic-research\data\rendered\ptbxl\MI\16969.png,MI,MI,0.876,1
C:\Users\taimo\OneDrive\Documents 1\work\ecg-synthetic-research\data\rendered\ptbxl\MI\16971.png,MI,MI,0.9272,1
C:\Users\taimo\OneDrive\Documents 1\work\ecg-synthetic-research\data\rendered\ptbxl\MI\17002.png,MI,MI,0.855,1
C:\Users\taimo\OneDrive\Documents 1\work\ecg-synthetic-research\data\rendered\ptbxl\MI\17038.png,MI,MI,0.7417,1
C:\Users\taimo\OneDrive\Documents 1\work\ecg-synthetic-research\data\rendered\ptbxl\MI\17050.png,MI,MI,0.726,1
C:\Users\taimo\OneDrive\Documents 1\work\ecg-synthetic-research\data\rendered\ptbxl\MI\17075.png,MI,MI,0.536,1
C:\Users\taimo\OneDrive\Documents 1\work\ecg-synthetic-research\data\rendered\ptbxl\MI\17125.png,MI,MI,0.7354,1
C:\Users\taimo\OneDrive\Documents 1\work\ecg-synthetic-research\data\rendered\ptbxl\MI\17144.png,MI,MI,0.833,1
C:\Users\taimo\OneDrive\Documents 1\work\ecg-synthetic-research\data\rendered\ptbxl\MI\17151.png,MI,NORM,0.848,0
C:\Users\taimo\OneDrive\Documents 1\work\ecg-synthetic-research\data\rendered\ptbxl\MI\17385.png,MI,MI,0.9473,1
C:\Users\taimo\OneDrive\Documents 1\work\ecg-synthetic-research\data\rendered\ptbxl\MI\17416.png,MI,MI,0.918,1
C:\Users\taimo\OneDrive\Documents 1\work\ecg-synthetic-research\data\rendered\ptbxl\MI\17482.png,MI,MI,0.715,1
C:\Users\taimo\OneDrive\Documents 1\work\ecg-synthetic-research\data\rendered\ptbxl\MI\17487.png,MI,NORM,0.7397,0
C:\Users\taimo\OneDrive\Documents 1\work\ecg-synthetic-research\data\rendered\ptbxl\MI\17586.png,MI,MI,0.5376,1
C:\Users\taimo\OneDrive\Documents 1\work\ecg-synthetic-research\data\rendered\ptbxl\MI\17816.png,MI,MI,0.705,1
C:\Users\taimo\OneDrive\Documents 1\work\ecg-synthetic-research\data\rendered\ptbxl\MI\17894.png,MI,NORM,0.4922,0
C:\Users\taimo\OneDrive\Documents 1\work\ecg-synthetic-research\data\rendered\ptbxl\MI\18099.png,MI,MI,0.974,1
C:\Users\taimo\OneDrive\Documents 1\work\ecg-synthetic-research\data\rendered\ptbxl\MI\18103.png,MI,MI,0.7744,1
C:\Users\taimo\OneDrive\Documents 1\work\ecg-synthetic-research\data\rendered\ptbxl\MI\18179.png,MI,MI,0.674,1
C:\Users\taimo\OneDrive\Documents 1\work\ecg-synthetic-research\data\rendered\ptbxl\MI\18198.png,MI,MI,0.6123,1
C:\Users\taimo\OneDrive\Documents 1\work\ecg-synthetic-research\data\rendered\ptbxl\MI\18225.png,MI,MI,0.9497,1
C:\Users\taimo\OneDrive\Documents 1\work\ecg-synthetic-research\data\rendered\ptbxl\MI\18303.png,MI,NORM,0.706,0
C:\Users\taimo\OneDrive\Documents 1\work\ecg-synthetic-research\data\rendered\ptbxl\MI\18310.png,MI,MI,0.9663,1
C:\Users\taimo\OneDrive\Documents 1\work\ecg-synthetic-research\data\rendered\ptbxl\MI\18349.png,MI,MI,0.884,1
C:\Users\taimo\OneDrive\Documents 1\work\ecg-synthetic-research\data\rendered\ptbxl\MI\18450.png,MI,MI,0.4944,1
C:\Users\taimo\OneDrive\Documents 1\work\ecg-synthetic-research\data\rendered\ptbxl\MI\18469.png,MI,MI,0.8066,1
C:\Users\taimo\OneDrive\Documents 1\work\ecg-synthetic-research\data\rendered\ptbxl\MI\18471.png,MI,NORM,0.597,0
C:\Users\taimo\OneDrive\Documents 1\work\ecg-synthetic-research\data\rendered\ptbxl\MI\18497.png,MI,MI,0.848,1
C:\Users\taimo\OneDrive\Documents 1\work\ecg-synthetic-research\data\rendered\ptbxl\MI\18504.png,MI,TACHY,0.815,0
C:\Users\taimo\OneDrive\Documents 1\work\ecg-synthetic-research\data\rendered\ptbxl\MI\18512.png,MI,MI,0.8594,1
C:\Users\taimo\OneDrive\Documents 1\work\ecg-synthetic-research\data\rendered\ptbxl\MI\18525.png,MI,MI,0.809,1
C:\Users\taimo\OneDrive\Documents 1\work\ecg-synthetic-research\data\rendered\ptbxl\MI\18538.png,MI,MI,0.917,1
C:\Users\taimo\OneDrive\Documents 1\work\ecg-synthetic-research\data\rendered\ptbxl\MI\18554.png,MI,NORM,0.4631,0
C:\Users\taimo\OneDrive\Documents 1\work\ecg-synthetic-research\data\rendered\ptbxl\MI\18558.png,MI,MI,0.795,1
C:\Users\taimo\OneDrive\Documents 1\work\ecg-synthetic-research\data\rendered\ptbxl\MI\18586.png,MI,NORM,0.6006,0
C:\Users\taimo\OneDrive\Documents 1\work\ecg-synthetic-research\data\rendered\ptbxl\MI\18642.png,MI,MI,0.5806,1
C:\Users\taimo\OneDrive\Documents 1\work\ecg-synthetic-research\data\rendered\ptbxl\MI\18689.png,MI,MI,0.3618,1
C:\Users\taimo\OneDrive\Documents 1\work\ecg-synthetic-research\data\rendered\ptbxl\MI\18712.png,MI,MI,0.848,1
C:\Users\taimo\OneDrive\Documents 1\work\ecg-synthetic-research\data\rendered\ptbxl\MI\18737.png,MI,MI,0.8228,1
C:\Users\taimo\OneDrive\Documents 1\work\ecg-synthetic-research\data\rendered\ptbxl\MI\18740.png,MI,NORM,0.5366,0
C:\Users\taimo\OneDrive\Documents 1\work\ecg-synthetic-research\data\rendered\ptbxl\MI\18788.png,MI,MI,0.8926,1
C:\Users\taimo\OneDrive\Documents 1\work\ecg-synthetic-research\data\rendered\ptbxl\MI\18798.png,MI,MI,0.6826,1
C:\Users\taimo\OneDrive\Documents 1\work\ecg-synthetic-research\data\rendered\ptbxl\MI\18876.png,MI,MI,0.963,1
C:\Users\taimo\OneDrive\Documents 1\work\ecg-synthetic-research\data\rendered\ptbxl\MI\18886.png,MI,MI,0.977,1
C:\Users\taimo\OneDrive\Documents 1\work\ecg-synthetic-research\data\rendered\ptbxl\MI\18973.png,MI,NORM,0.4849,0
C:\Users\taimo\OneDrive\Documents 1\work\ecg-synthetic-research\data\rendered\ptbxl\MI\18988.png,MI,MI,0.8257,1
C:\Users\taimo\OneDrive\Documents 1\work\ecg-synthetic-research\data\rendered\ptbxl\MI\19029.png,MI,MI,0.931,1
C:\Users\taimo\OneDrive\Documents 1\work\ecg-synthetic-research\data\rendered\ptbxl\MI\19085.png,MI,NORM,0.697,0
C:\Users\taimo\OneDrive\Documents 1\work\ecg-synthetic-research\data\rendered\ptbxl\MI\19103.png,MI,MI,0.558,1
C:\Users\taimo\OneDrive\Documents 1\work\ecg-synthetic-research\data\rendered\ptbxl\MI\19149.png,MI,NORM,0.491,0
C:\Users\taimo\OneDrive\Documents 1\work\ecg-synthetic-research\data\rendered\ptbxl\MI\19439.png,MI,MI,0.709,1
C:\Users\taimo\OneDrive\Documents 1\work\ecg-synthetic-research\data\rendered\ptbxl\MI\19449.png,MI,MI,0.5586,1
C:\Users\taimo\OneDrive\Documents 1\work\ecg-synthetic-research\data\rendered\ptbxl\MI\19454.png,MI,MI,0.919,1
C:\Users\taimo\OneDrive\Documents 1\work\ecg-synthetic-research\data\rendered\ptbxl\MI\19479.png,MI,MI,0.9385,1
C:\Users\taimo\OneDrive\Documents 1\work\ecg-synthetic-research\data\rendered\ptbxl\MI\19548.png,MI,MI,0.794,1
C:\Users\taimo\OneDrive\Documents 1\work\ecg-synthetic-research\data\rendered\ptbxl\MI\19557.png,MI,NORM,0.469,0
C:\Users\taimo\OneDrive\Documents 1\work\ecg-synthetic-research\data\rendered\ptbxl\MI\19597.png,MI,MI,0.7007,1
C:\Users\taimo\OneDrive\Documents 1\work\ecg-synthetic-research\data\rendered\ptbxl\MI\19612.png,MI,MI,0.8057,1
C:\Users\taimo\OneDrive\Documents 1\work\ecg-synthetic-research\data\rendered\ptbxl\MI\19632.png,MI,TACHY,0.7954,0
C:\Users\taimo\OneDrive\Documents 1\work\ecg-synthetic-research\data\rendered\ptbxl\MI\19639.png,MI,MI,0.7607,1
C:\Users\taimo\OneDrive\Documents 1\work\ecg-synthetic-research\data\rendered\ptbxl\MI\19651.png,MI,MI,0.9595,1
C:\Users\taimo\OneDrive\Documents 1\work\ecg-synthetic-research\data\rendered\ptbxl\MI\19682.png,MI,MI,0.5166,1
C:\Users\taimo\OneDrive\Documents 1\work\ecg-synthetic-research\data\rendered\ptbxl\MI\19796.png,MI,MI,0.581,1
C:\Users\taimo\OneDrive\Documents 1\work\ecg-synthetic-research\data\rendered\ptbxl\MI\19800.png,MI,MI,0.7534,1
C:\Users\taimo\OneDrive\Documents 1\work\ecg-synthetic-research\data\rendered\ptbxl\MI\19801.png,MI,MI,0.8584,1
C:\Users\taimo\OneDrive\Documents 1\work\ecg-synthetic-research\data\rendered\ptbxl\MI\19832.png,MI,MI,0.8438,1
C:\Users\taimo\OneDrive\Documents 1\work\ecg-synthetic-research\data\rendered\ptbxl\MI\19879.png,MI,MI,0.8047,1
C:\Users\taimo\OneDrive\Documents 1\work\ecg-synthetic-research\data\rendered\ptbxl\MI\19912.png,MI,MI,0.806,1
C:\Users\taimo\OneDrive\Documents 1\work\ecg-synthetic-research\data\rendered\ptbxl\MI\19935.png,MI,TACHY,0.701,0
C:\Users\taimo\OneDrive\Documents 1\work\ecg-synthetic-research\data\rendered\ptbxl\MI\20035.png,MI,NORM,0.521,0
C:\Users\taimo\OneDrive\Documents 1\work\ecg-synthetic-research\data\rendered\ptbxl\MI\20096.png,MI,MI,0.888,1
C:\Users\taimo\OneDrive\Documents 1\work\ecg-synthetic-research\data\rendered\ptbxl\MI\20317.png,MI,MI,0.8965,1
C:\Users\taimo\OneDrive\Documents 1\work\ecg-synthetic-research\data\rendered\ptbxl\MI\20343.png,MI,MI,0.848,1
C:\Users\taimo\OneDrive\Documents 1\work\ecg-synthetic-research\data\rendered\ptbxl\MI\20345.png,MI,MI,0.5503,1
C:\Users\taimo\OneDrive\Documents 1\work\ecg-synthetic-research\data\rendered\ptbxl\MI\20357.png,MI,MI,0.691,1
C:\Users\taimo\OneDrive\Documents 1\work\ecg-synthetic-research\data\rendered\ptbxl\MI\20400.png,MI,MI,0.8296,1
C:\Users\taimo\OneDrive\Documents 1\work\ecg-synthetic-research\data\rendered\ptbxl\MI\20408.png,MI,MI,0.4775,1
C:\Users\taimo\OneDrive\Documents 1\work\ecg-synthetic-research\data\rendered\ptbxl\MI\20439.png,MI,MI,0.8804,1
C:\Users\taimo\OneDrive\Documents 1\work\ecg-synthetic-research\data\rendered\ptbxl\MI\20510.png,MI,MI,0.9688,1
C:\Users\taimo\OneDrive\Documents 1\work\ecg-synthetic-research\data\rendered\ptbxl\MI\20515.png,MI,MI,0.6675,1
C:\Users\taimo\OneDrive\Documents 1\work\ecg-synthetic-research\data\rendered\ptbxl\MI\20552.png,MI,MI,0.9194,1
C:\Users\taimo\OneDrive\Documents 1\work\ecg-synthetic-research\data\rendered\ptbxl\MI\20644.png,MI,MI,0.8467,1
C:\Users\taimo\OneDrive\Documents 1\work\ecg-synthetic-research\data\rendered\ptbxl\MI\20718.png,MI,NORM,0.702,0
C:\Users\taimo\OneDrive\Documents 1\work\ecg-synthetic-research\data\rendered\ptbxl\MI\20744.png,MI,MI,0.916,1
C:\Users\taimo\OneDrive\Documents 1\work\ecg-synthetic-research\data\rendered\ptbxl\MI\20827.png,MI,NORM,0.534,0
C:\Users\taimo\OneDrive\Documents 1\work\ecg-synthetic-research\data\rendered\ptbxl\MI\20872.png,MI,NORM,0.5815,0
C:\Users\taimo\OneDrive\Documents 1\work\ecg-synthetic-research\data\rendered\ptbxl\MI\20902.png,MI,MI,0.9717,1
C:\Users\taimo\OneDrive\Documents 1\work\ecg-synthetic-research\data\rendered\ptbxl\MI\20919.png,MI,MI,0.5464,1
C:\Users\taimo\OneDrive\Documents 1\work\ecg-synthetic-research\data\rendered\ptbxl\MI\20926.png,MI,NORM,0.5615,0
C:\Users\taimo\OneDrive\Documents 1\work\ecg-synthetic-research\data\rendered\ptbxl\MI\20976.png,MI,MI,0.521,1
C:\Users\taimo\OneDrive\Documents 1\work\ecg-synthetic-research\data\rendered\ptbxl\MI\21028.png,MI,MI,0.607,1
C:\Users\taimo\OneDrive\Documents 1\work\ecg-synthetic-research\data\rendered\ptbxl\MI\21040.png,MI,MI,0.689,1
C:\Users\taimo\OneDrive\Documents 1\work\ecg-synthetic-research\data\rendered\ptbxl\MI\21045.png,MI,TACHY,0.541,0
C:\Users\taimo\OneDrive\Documents 1\work\ecg-synthetic-research\data\rendered\ptbxl\MI\21057.png,MI,MI,0.9287,1
C:\Users\taimo\OneDrive\Documents 1\work\ecg-synthetic-research\data\rendered\ptbxl\MI\21075.png,MI,MI,0.381,1
C:\Users\taimo\OneDrive\Documents 1\work\ecg-synthetic-research\data\rendered\ptbxl\MI\21123.png,MI,MI,0.841,1
C:\Users\taimo\OneDrive\Documents 1\work\ecg-synthetic-research\data\rendered\ptbxl\MI\21157.png,MI,MI,0.9375,1
C:\Users\taimo\OneDrive\Documents 1\work\ecg-synthetic-research\data\rendered\ptbxl\MI\21194.png,MI,MI,0.532,1
C:\Users\taimo\OneDrive\Documents 1\work\ecg-synthetic-research\data\rendered\ptbxl\MI\21202.png,MI,MI,0.731,1
C:\Users\taimo\OneDrive\Documents 1\work\ecg-synthetic-research\data\rendered\ptbxl\MI\21235.png,MI,MI,0.5547,1
C:\Users\taimo\OneDrive\Documents 1\work\ecg-synthetic-research\data\rendered\ptbxl\MI\21237.png,MI,MI,0.8345,1
C:\Users\taimo\OneDrive\Documents 1\work\ecg-synthetic-research\data\rendered\ptbxl\MI\21268.png,MI,MI,0.896,1
C:\Users\taimo\OneDrive\Documents 1\work\ecg-synthetic-research\data\rendered\ptbxl\MI\21273.png,MI,MI,0.7065,1
C:\Users\taimo\OneDrive\Documents 1\work\ecg-synthetic-research\data\rendered\ptbxl\MI\21275.png,MI,MI,0.83,1
C:\Users\taimo\OneDrive\Documents 1\work\ecg-synthetic-research\data\rendered\ptbxl\MI\21299.png,MI,MI,0.502,1
C:\Users\taimo\OneDrive\Documents 1\work\ecg-synthetic-research\data\rendered\ptbxl\MI\21309.png,MI,MI,0.9478,1
C:\Users\taimo\OneDrive\Documents 1\work\ecg-synthetic-research\data\rendered\ptbxl\MI\21320.png,MI,MI,0.7983,1
C:\Users\taimo\OneDrive\Documents 1\work\ecg-synthetic-research\data\rendered\ptbxl\MI\21324.png,MI,MI,0.7383,1
C:\Users\taimo\OneDrive\Documents 1\work\ecg-synthetic-research\data\rendered\ptbxl\MI\21343.png,MI,MI,0.92,1
C:\Users\taimo\OneDrive\Documents 1\work\ecg-synthetic-research\data\rendered\ptbxl\MI\21377.png,MI,MI,0.706,1
C:\Users\taimo\OneDrive\Documents 1\work\ecg-synthetic-research\data\rendered\ptbxl\MI\21461.png,MI,MI,0.955,1
C:\Users\taimo\OneDrive\Documents 1\work\ecg-synthetic-research\data\rendered\ptbxl\MI\21491.png,MI,MI,0.9404,1
C:\Users\taimo\OneDrive\Documents 1\work\ecg-synthetic-research\data\rendered\ptbxl\MI\21509.png,MI,MI,0.6855,1
C:\Users\taimo\OneDrive\Documents 1\work\ecg-synthetic-research\data\rendered\ptbxl\MI\21582.png,MI,NORM,0.5713,0
C:\Users\taimo\OneDrive\Documents 1\work\ecg-synthetic-research\data\rendered\ptbxl\MI\21591.png,MI,MI,0.802,1
C:\Users\taimo\OneDrive\Documents 1\work\ecg-synthetic-research\data\rendered\ptbxl\MI\21610.png,MI,MI,0.812,1
C:\Users\taimo\OneDrive\Documents 1\work\ecg-synthetic-research\data\rendered\ptbxl\MI\21637.png,MI,MI,0.8774,1
C:\Users\taimo\OneDrive\Documents 1\work\ecg-synthetic-research\data\rendered\ptbxl\MI\21645.png,MI,MI,0.9062,1
C:\Users\taimo\OneDrive\Documents 1\work\ecg-synthetic-research\data\rendered\ptbxl\MI\21648.png,MI,MI,0.864,1
C:\Users\taimo\OneDrive\Documents 1\work\ecg-synthetic-research\data\rendered\ptbxl\MI\21737.png,MI,MI,0.857,1
C:\Users\taimo\OneDrive\Documents 1\work\ecg-synthetic-research\data\rendered\ptbxl\MI\21827.png,MI,MI,0.5127,1
C:\Users\taimo\OneDrive\Documents 1\work\ecg-synthetic-research\data\rendered\ptbxl\MI\21828.png,MI,MI,0.715,1
C:\Users\taimo\OneDrive\Documents 1\work\ecg-synthetic-research\data\rendered\ptbxl\AFIB\00321.png,AFIB,AFIB,0.9644,1
C:\Users\taimo\OneDrive\Documents 1\work\ecg-synthetic-research\data\rendered\ptbxl\AFIB\00557.png,AFIB,AFIB,0.951,1
C:\Users\taimo\OneDrive\Documents 1\work\ecg-synthetic-research\data\rendered\ptbxl\AFIB\00569.png,AFIB,AFIB,0.9,1
C:\Users\taimo\OneDrive\Documents 1\work\ecg-synthetic-research\data\rendered\ptbxl\AFIB\00637.png,AFIB,AFIB,0.733,1
C:\Users\taimo\OneDrive\Documents 1\work\ecg-synthetic-research\data\rendered\ptbxl\AFIB\00699.png,AFIB,AFIB,0.8687,1
C:\Users\taimo\OneDrive\Documents 1\work\ecg-synthetic-research\data\rendered\ptbxl\AFIB\00731.png,AFIB,AFIB,0.8613,1
C:\Users\taimo\OneDrive\Documents 1\work\ecg-synthetic-research\data\rendered\ptbxl\AFIB\00820.png,AFIB,AFIB,0.8936,1
C:\Users\taimo\OneDrive\Documents 1\work\ecg-synthetic-research\data\rendered\ptbxl\AFIB\00825.png,AFIB,AFIB,0.8184,1
C:\Users\taimo\OneDrive\Documents 1\work\ecg-synthetic-research\data\rendered\ptbxl\AFIB\00828.png,AFIB,AFIB,0.9644,1
C:\Users\taimo\OneDrive\Documents 1\work\ecg-synthetic-research\data\rendered\ptbxl\AFIB\00846.png,AFIB,AFIB,0.9106,1
C:\Users\taimo\OneDrive\Documents 1\work\ecg-synthetic-research\data\rendered\ptbxl\AFIB\00939.png,AFIB,AFIB,0.9463,1
C:\Users\taimo\OneDrive\Documents 1\work\ecg-synthetic-research\data\rendered\ptbxl\AFIB\00942.png,AFIB,TACHY,0.7397,0
C:\Users\taimo\OneDrive\Documents 1\work\ecg-synthetic-research\data\rendered\ptbxl\AFIB\01039.png,AFIB,TACHY,0.4814,0
C:\Users\taimo\OneDrive\Documents 1\work\ecg-synthetic-research\data\rendered\ptbxl\AFIB\01052.png,AFIB,AFIB,0.6216,1
C:\Users\taimo\OneDrive\Documents 1\work\ecg-synthetic-research\data\rendered\ptbxl\AFIB\01065.png,AFIB,AFIB,0.8022,1
C:\Users\taimo\OneDrive\Documents 1\work\ecg-synthetic-research\data\rendered\ptbxl\AFIB\01111.png,AFIB,AFIB,0.7817,1
C:\Users\taimo\OneDrive\Documents 1\work\ecg-synthetic-research\data\rendered\ptbxl\AFIB\01233.png,AFIB,AFIB,0.8696,1
C:\Users\taimo\OneDrive\Documents 1\work\ecg-synthetic-research\data\rendered\ptbxl\AFIB\01419.png,AFIB,AFIB,0.943,1
C:\Users\taimo\OneDrive\Documents 1\work\ecg-synthetic-research\data\rendered\ptbxl\AFIB\01486.png,AFIB,AFIB,0.8984,1
C:\Users\taimo\OneDrive\Documents 1\work\ecg-synthetic-research\data\rendered\ptbxl\AFIB\01500.png,AFIB,AFIB,0.7974,1
C:\Users\taimo\OneDrive\Documents 1\work\ecg-synthetic-research\data\rendered\ptbxl\AFIB\01508.png,AFIB,TACHY,0.9116,0
C:\Users\taimo\OneDrive\Documents 1\work\ecg-synthetic-research\data\rendered\ptbxl\AFIB\01624.png,AFIB,AFIB,0.9824,1
C:\Users\taimo\OneDrive\Documents 1\work\ecg-synthetic-research\data\rendered\ptbxl\AFIB\01688.png,AFIB,AFIB,0.8955,1
C:\Users\taimo\OneDrive\Documents 1\work\ecg-synthetic-research\data\rendered\ptbxl\AFIB\01763.png,AFIB,AFIB,0.964,1
C:\Users\taimo\OneDrive\Documents 1\work\ecg-synthetic-research\data\rendered\ptbxl\AFIB\01801.png,AFIB,AFIB,0.837,1
C:\Users\taimo\OneDrive\Documents 1\work\ecg-synthetic-research\data\rendered\ptbxl\AFIB\01962.png,AFIB,AFIB,0.8745,1
C:\Users\taimo\OneDrive\Documents 1\work\ecg-synthetic-research\data\rendered\ptbxl\AFIB\01967.png,AFIB,AFIB,0.75,1
C:\Users\taimo\OneDrive\Documents 1\work\ecg-synthetic-research\data\rendered\ptbxl\AFIB\02125.png,AFIB,AFIB,0.957,1
C:\Users\taimo\OneDrive\Documents 1\work\ecg-synthetic-research\data\rendered\ptbxl\AFIB\02155.png,AFIB,AFIB,0.9297,1
C:\Users\taimo\OneDrive\Documents 1\work\ecg-synthetic-research\data\rendered\ptbxl\AFIB\02240.png,AFIB,TACHY,0.755,0
C:\Users\taimo\OneDrive\Documents 1\work\ecg-synthetic-research\data\rendered\ptbxl\AFIB\02244.png,AFIB,AFIB,0.9688,1
C:\Users\taimo\OneDrive\Documents 1\work\ecg-synthetic-research\data\rendered\ptbxl\AFIB\02526.png,AFIB,AFIB,0.9277,1
C:\Users\taimo\OneDrive\Documents 1\work\ecg-synthetic-research\data\rendered\ptbxl\AFIB\02722.png,AFIB,AFIB,0.7905,1
C:\Users\taimo\OneDrive\Documents 1\work\ecg-synthetic-research\data\rendered\ptbxl\AFIB\02758.png,AFIB,AFIB,0.98,1
C:\Users\taimo\OneDrive\Documents 1\work\ecg-synthetic-research\data\rendered\ptbxl\AFIB\02795.png,AFIB,TACHY,0.5737,0
C:\Users\taimo\OneDrive\Documents 1\work\ecg-synthetic-research\data\rendered\ptbxl\AFIB\02818.png,AFIB,AFIB,0.7812,1
C:\Users\taimo\OneDrive\Documents 1\work\ecg-synthetic-research\data\rendered\ptbxl\AFIB\02823.png,AFIB,AFIB,0.969,1
C:\Users\taimo\OneDrive\Documents 1\work\ecg-synthetic-research\data\rendered\ptbxl\AFIB\02825.png,AFIB,AFIB,0.8086,1
C:\Users\taimo\OneDrive\Documents 1\work\ecg-synthetic-research\data\rendered\ptbxl\AFIB\02947.png,AFIB,AFIB,0.718,1
C:\Users\taimo\OneDrive\Documents 1\work\ecg-synthetic-research\data\rendered\ptbxl\AFIB\03001.png,AFIB,AFIB,0.784,1
C:\Users\taimo\OneDrive\Documents 1\work\ecg-synthetic-research\data\rendered\ptbxl\AFIB\03025.png,AFIB,AFIB,0.986,1
C:\Users\taimo\OneDrive\Documents 1\work\ecg-synthetic-research\data\rendered\ptbxl\AFIB\03041.png,AFIB,AFIB,0.827,1
C:\Users\taimo\OneDrive\Documents 1\work\ecg-synthetic-research\data\rendered\ptbxl\AFIB\03051.png,AFIB,AFIB,0.6963,1
C:\Users\taimo\OneDrive\Documents 1\work\ecg-synthetic-research\data\rendered\ptbxl\AFIB\03097.png,AFIB,AFIB,0.9087,1
C:\Users\taimo\OneDrive\Documents 1\work\ecg-synthetic-research\data\rendered\ptbxl\AFIB\03319.png,AFIB,AFIB,0.874,1
C:\Users\taimo\OneDrive\Documents 1\work\ecg-synthetic-research\data\rendered\ptbxl\AFIB\03392.png,AFIB,AFIB,0.7734,1
C:\Users\taimo\OneDrive\Documents 1\work\ecg-synthetic-research\data\rendered\ptbxl\AFIB\03423.png,AFIB,AFIB,0.8135,1
C:\Users\taimo\OneDrive\Documents 1\work\ecg-synthetic-research\data\rendered\ptbxl\AFIB\03431.png,AFIB,AFIB,0.8774,1
C:\Users\taimo\OneDrive\Documents 1\work\ecg-synthetic-research\data\rendered\ptbxl\AFIB\03433.png,AFIB,AFIB,0.9126,1
C:\Users\taimo\OneDrive\Documents 1\work\ecg-synthetic-research\data\rendered\ptbxl\AFIB\03518.png,AFIB,AFIB,0.901,1
C:\Users\taimo\OneDrive\Documents 1\work\ecg-synthetic-research\data\rendered\ptbxl\AFIB\03835.png,AFIB,AFIB,0.815,1
C:\Users\taimo\OneDrive\Documents 1\work\ecg-synthetic-research\data\rendered\ptbxl\AFIB\04072.png,AFIB,AFIB,0.911,1
C:\Users\taimo\OneDrive\Documents 1\work\ecg-synthetic-research\data\rendered\ptbxl\AFIB\04154.png,AFIB,AFIB,0.601,1
C:\Users\taimo\OneDrive\Documents 1\work\ecg-synthetic-research\data\rendered\ptbxl\AFIB\04326.png,AFIB,AFIB,0.925,1
C:\Users\taimo\OneDrive\Documents 1\work\ecg-synthetic-research\data\rendered\ptbxl\AFIB\04335.png,AFIB,AFIB,0.939,1
C:\Users\taimo\OneDrive\Documents 1\work\ecg-synthetic-research\data\rendered\ptbxl\AFIB\04368.png,AFIB,TACHY,0.7236,0
C:\Users\taimo\OneDrive\Documents 1\work\ecg-synthetic-research\data\rendered\ptbxl\AFIB\04399.png,AFIB,AFIB,0.7964,1
C:\Users\taimo\OneDrive\Documents 1\work\ecg-synthetic-research\data\rendered\ptbxl\AFIB\04412.png,AFIB,AFIB,0.6055,1
C:\Users\taimo\OneDrive\Documents 1\work\ecg-synthetic-research\data\rendered\ptbxl\AFIB\04430.png,AFIB,AFIB,0.547,1
C:\Users\taimo\OneDrive\Documents 1\work\ecg-synthetic-research\data\rendered\ptbxl\AFIB\04626.png,AFIB,AFIB,0.7886,1
C:\Users\taimo\OneDrive\Documents 1\work\ecg-synthetic-research\data\rendered\ptbxl\AFIB\04654.png,AFIB,AFIB,0.6255,1
C:\Users\taimo\OneDrive\Documents 1\work\ecg-synthetic-research\data\rendered\ptbxl\AFIB\04660.png,AFIB,AFIB,0.801,1
C:\Users\taimo\OneDrive\Documents 1\work\ecg-synthetic-research\data\rendered\ptbxl\AFIB\04695.png,AFIB,AFIB,0.9736,1
C:\Users\taimo\OneDrive\Documents 1\work\ecg-synthetic-research\data\rendered\ptbxl\AFIB\04700.png,AFIB,TACHY,0.5205,0
C:\Users\taimo\OneDrive\Documents 1\work\ecg-synthetic-research\data\rendered\ptbxl\AFIB\04785.png,AFIB,AFIB,0.8896,1
C:\Users\taimo\OneDrive\Documents 1\work\ecg-synthetic-research\data\rendered\ptbxl\AFIB\04874.png,AFIB,TACHY,0.518,0
C:\Users\taimo\OneDrive\Documents 1\work\ecg-synthetic-research\data\rendered\ptbxl\AFIB\04899.png,AFIB,AFIB,0.867,1
C:\Users\taimo\OneDrive\Documents 1\work\ecg-synthetic-research\data\rendered\ptbxl\AFIB\04993.png,AFIB,AFIB,0.946,1
C:\Users\taimo\OneDrive\Documents 1\work\ecg-synthetic-research\data\rendered\ptbxl\AFIB\05118.png,AFIB,AFIB,0.814,1
C:\Users\taimo\OneDrive\Documents 1\work\ecg-synthetic-research\data\rendered\ptbxl\AFIB\05156.png,AFIB,AFIB,0.693,1
C:\Users\taimo\OneDrive\Documents 1\work\ecg-synthetic-research\data\rendered\ptbxl\AFIB\05210.png,AFIB,AFIB,0.917,1
C:\Users\taimo\OneDrive\Documents 1\work\ecg-synthetic-research\data\rendered\ptbxl\AFIB\05252.png,AFIB,TACHY,0.6904,0
C:\Users\taimo\OneDrive\Documents 1\work\ecg-synthetic-research\data\rendered\ptbxl\AFIB\05322.png,AFIB,AFIB,0.8535,1
C:\Users\taimo\OneDrive\Documents 1\work\ecg-synthetic-research\data\rendered\ptbxl\AFIB\05408.png,AFIB,AFIB,0.9404,1
C:\Users\taimo\OneDrive\Documents 1\work\ecg-synthetic-research\data\rendered\ptbxl\AFIB\05603.png,AFIB,AFIB,0.6294,1
C:\Users\taimo\OneDrive\Documents 1\work\ecg-synthetic-research\data\rendered\ptbxl\AFIB\05613.png,AFIB,AFIB,0.8906,1
C:\Users\taimo\OneDrive\Documents 1\work\ecg-synthetic-research\data\rendered\ptbxl\AFIB\05631.png,AFIB,AFIB,0.9478,1
C:\Users\taimo\OneDrive\Documents 1\work\ecg-synthetic-research\data\rendered\ptbxl\AFIB\05634.png,AFIB,AFIB,0.9233,1
C:\Users\taimo\OneDrive\Documents 1\work\ecg-synthetic-research\data\rendered\ptbxl\AFIB\05650.png,AFIB,AFIB,0.966,1
C:\Users\taimo\OneDrive\Documents 1\work\ecg-synthetic-research\data\rendered\ptbxl\AFIB\05661.png,AFIB,AFIB,0.809,1
C:\Users\taimo\OneDrive\Documents 1\work\ecg-synthetic-research\data\rendered\ptbxl\AFIB\05713.png,AFIB,AFIB,0.9355,1
C:\Users\taimo\OneDrive\Documents 1\work\ecg-synthetic-research\data\rendered\ptbxl\AFIB\05859.png,AFIB,AFIB,0.7607,1
C:\Users\taimo\OneDrive\Documents 1\work\ecg-synthetic-research\data\rendered\ptbxl\AFIB\06065.png,AFIB,AFIB,0.9336,1
C:\Users\taimo\OneDrive\Documents 1\work\ecg-synthetic-research\data\rendered\ptbxl\AFIB\06086.png,AFIB,AFIB,0.967,1
C:\Users\taimo\OneDrive\Documents 1\work\ecg-synthetic-research\data\rendered\ptbxl\AFIB\06142.png,AFIB,AFIB,0.9424,1
C:\Users\taimo\OneDrive\Documents 1\work\ecg-synthetic-research\data\rendered\ptbxl\AFIB\06152.png,AFIB,AFIB,0.927,1
C:\Users\taimo\OneDrive\Documents 1\work\ecg-synthetic-research\data\rendered\ptbxl\AFIB\06186.png,AFIB,AFIB,0.6406,1
C:\Users\taimo\OneDrive\Documents 1\work\ecg-synthetic-research\data\rendered\ptbxl\AFIB\06355.png,AFIB,TACHY,0.6675,0
C:\Users\taimo\OneDrive\Documents 1\work\ecg-synthetic-research\data\rendered\ptbxl\AFIB\06371.png,AFIB,AFIB,0.908,1
C:\Users\taimo\OneDrive\Documents 1\work\ecg-synthetic-research\data\rendered\ptbxl\AFIB\06379.png,AFIB,AFIB,0.894,1
C:\Users\taimo\OneDrive\Documents 1\work\ecg-synthetic-research\data\rendered\ptbxl\AFIB\06398.png,AFIB,AFIB,0.91,1
C:\Users\taimo\OneDrive\Documents 1\work\ecg-synthetic-research\data\rendered\ptbxl\AFIB\06460.png,AFIB,AFIB,0.9424,1
C:\Users\taimo\OneDrive\Documents 1\work\ecg-synthetic-research\data\rendered\ptbxl\AFIB\06475.png,AFIB,AFIB,0.9624,1
C:\Users\taimo\OneDrive\Documents 1\work\ecg-synthetic-research\data\rendered\ptbxl\AFIB\06483.png,AFIB,AFIB,0.947,1
C:\Users\taimo\OneDrive\Documents 1\work\ecg-synthetic-research\data\rendered\ptbxl\AFIB\06521.png,AFIB,AFIB,0.881,1
C:\Users\taimo\OneDrive\Documents 1\work\ecg-synthetic-research\data\rendered\ptbxl\AFIB\06530.png,AFIB,TACHY,0.7617,0
C:\Users\taimo\OneDrive\Documents 1\work\ecg-synthetic-research\data\rendered\ptbxl\AFIB\06627.png,AFIB,AFIB,0.918,1
C:\Users\taimo\OneDrive\Documents 1\work\ecg-synthetic-research\data\rendered\ptbxl\AFIB\06759.png,AFIB,TACHY,0.4744,0
C:\Users\taimo\OneDrive\Documents 1\work\ecg-synthetic-research\data\rendered\ptbxl\AFIB\06804.png,AFIB,AFIB,0.966,1
C:\Users\taimo\OneDrive\Documents 1\work\ecg-synthetic-research\data\rendered\ptbxl\AFIB\06844.png,AFIB,AFIB,0.85,1
C:\Users\taimo\OneDrive\Documents 1\work\ecg-synthetic-research\data\rendered\ptbxl\AFIB\06847.png,AFIB,AFIB,0.8843,1
C:\Users\taimo\OneDrive\Documents 1\work\ecg-synthetic-research\data\rendered\ptbxl\AFIB\06908.png,AFIB,AFIB,0.9766,1
C:\Users\taimo\OneDrive\Documents 1\work\ecg-synthetic-research\data\rendered\ptbxl\AFIB\06920.png,AFIB,AFIB,0.9375,1
C:\Users\taimo\OneDrive\Documents 1\work\ecg-synthetic-research\data\rendered\ptbxl\AFIB\07024.png,AFIB,AFIB,0.8843,1
C:\Users\taimo\OneDrive\Documents 1\work\ecg-synthetic-research\data\rendered\ptbxl\AFIB\07035.png,AFIB,AFIB,0.5435,1
C:\Users\taimo\OneDrive\Documents 1\work\ecg-synthetic-research\data\rendered\ptbxl\AFIB\07191.png,AFIB,NORM,0.555,0
C:\Users\taimo\OneDrive\Documents 1\work\ecg-synthetic-research\data\rendered\ptbxl\AFIB\07239.png,AFIB,AFIB,0.9756,1
C:\Users\taimo\OneDrive\Documents 1\work\ecg-synthetic-research\data\rendered\ptbxl\AFIB\07311.png,AFIB,AFIB,0.924,1
C:\Users\taimo\OneDrive\Documents 1\work\ecg-synthetic-research\data\rendered\ptbxl\AFIB\07339.png,AFIB,AFIB,0.816,1
C:\Users\taimo\OneDrive\Documents 1\work\ecg-synthetic-research\data\rendered\ptbxl\AFIB\07342.png,AFIB,AFIB,0.704,1
C:\Users\taimo\OneDrive\Documents 1\work\ecg-synthetic-research\data\rendered\ptbxl\AFIB\07350.png,AFIB,AFIB,0.505,1
C:\Users\taimo\OneDrive\Documents 1\work\ecg-synthetic-research\data\rendered\ptbxl\AFIB\07365.png,AFIB,AFIB,0.6475,1
C:\Users\taimo\OneDrive\Documents 1\work\ecg-synthetic-research\data\rendered\ptbxl\AFIB\07379.png,AFIB,AFIB,0.499,1
C:\Users\taimo\OneDrive\Documents 1\work\ecg-synthetic-research\data\rendered\ptbxl\AFIB\07387.png,AFIB,AFIB,0.7217,1
C:\Users\taimo\OneDrive\Documents 1\work\ecg-synthetic-research\data\rendered\ptbxl\AFIB\07418.png,AFIB,AFIB,0.864,1
C:\Users\taimo\OneDrive\Documents 1\work\ecg-synthetic-research\data\rendered\ptbxl\AFIB\07450.png,AFIB,AFIB,0.887,1
C:\Users\taimo\OneDrive\Documents 1\work\ecg-synthetic-research\data\rendered\ptbxl\AFIB\07474.png,AFIB,AFIB,0.5107,1
C:\Users\taimo\OneDrive\Documents 1\work\ecg-synthetic-research\data\rendered\ptbxl\AFIB\07492.png,AFIB,AFIB,0.9155,1
C:\Users\taimo\OneDrive\Documents 1\work\ecg-synthetic-research\data\rendered\ptbxl\AFIB\07497.png,AFIB,AFIB,0.7314,1
C:\Users\taimo\OneDrive\Documents 1\work\ecg-synthetic-research\data\rendered\ptbxl\AFIB\07515.png,AFIB,AFIB,0.899,1
C:\Users\taimo\OneDrive\Documents 1\work\ecg-synthetic-research\data\rendered\ptbxl\AFIB\07525.png,AFIB,AFIB,0.9795,1
C:\Users\taimo\OneDrive\Documents 1\work\ecg-synthetic-research\data\rendered\ptbxl\AFIB\07774.png,AFIB,AFIB,0.5435,1
C:\Users\taimo\OneDrive\Documents 1\work\ecg-synthetic-research\data\rendered\ptbxl\AFIB\07806.png,AFIB,AFIB,0.94,1
C:\Users\taimo\OneDrive\Documents 1\work\ecg-synthetic-research\data\rendered\ptbxl\AFIB\07867.png,AFIB,AFIB,0.8115,1
C:\Users\taimo\OneDrive\Documents 1\work\ecg-synthetic-research\data\rendered\ptbxl\AFIB\07885.png,AFIB,AFIB,0.825,1
C:\Users\taimo\OneDrive\Documents 1\work\ecg-synthetic-research\data\rendered\ptbxl\AFIB\07893.png,AFIB,AFIB,0.733,1
C:\Users\taimo\OneDrive\Documents 1\work\ecg-synthetic-research\data\rendered\ptbxl\AFIB\07909.png,AFIB,AFIB,0.8174,1
C:\Users\taimo\OneDrive\Documents 1\work\ecg-synthetic-research\data\rendered\ptbxl\AFIB\07970.png,AFIB,AFIB,0.8564,1
C:\Users\taimo\OneDrive\Documents 1\work\ecg-synthetic-research\data\rendered\ptbxl\AFIB\08021.png,AFIB,AFIB,0.9688,1
C:\Users\taimo\OneDrive\Documents 1\work\ecg-synthetic-research\data\rendered\ptbxl\AFIB\08092.png,AFIB,AFIB,0.932,1
C:\Users\taimo\OneDrive\Documents 1\work\ecg-synthetic-research\data\rendered\ptbxl\AFIB\08215.png,AFIB,AFIB,0.908,1
C:\Users\taimo\OneDrive\Documents 1\work\ecg-synthetic-research\data\rendered\ptbxl\AFIB\08218.png,AFIB,MI,0.5166,0
C:\Users\taimo\OneDrive\Documents 1\work\ecg-synthetic-research\data\rendered\ptbxl\AFIB\08308.png,AFIB,AFIB,0.7944,1
C:\Users\taimo\OneDrive\Documents 1\work\ecg-synthetic-research\data\rendered\ptbxl\AFIB\08328.png,AFIB,AFIB,0.8423,1
C:\Users\taimo\OneDrive\Documents 1\work\ecg-synthetic-research\data\rendered\ptbxl\AFIB\08405.png,AFIB,AFIB,0.974,1
C:\Users\taimo\OneDrive\Documents 1\work\ecg-synthetic-research\data\rendered\ptbxl\AFIB\08408.png,AFIB,AFIB,0.9175,1
C:\Users\taimo\OneDrive\Documents 1\work\ecg-synthetic-research\data\rendered\ptbxl\AFIB\08452.png,AFIB,AFIB,0.903,1
C:\Users\taimo\OneDrive\Documents 1\work\ecg-synthetic-research\data\rendered\ptbxl\AFIB\08606.png,AFIB,TACHY,0.71,0
C:\Users\taimo\OneDrive\Documents 1\work\ecg-synthetic-research\data\rendered\ptbxl\AFIB\08625.png,AFIB,AFIB,0.9194,1
C:\Users\taimo\OneDrive\Documents 1\work\ecg-synthetic-research\data\rendered\ptbxl\AFIB\08714.png,AFIB,AFIB,0.8486,1
C:\Users\taimo\OneDrive\Documents 1\work\ecg-synthetic-research\data\rendered\ptbxl\AFIB\08832.png,AFIB,AFIB,0.7666,1
C:\Users\taimo\OneDrive\Documents 1\work\ecg-synthetic-research\data\rendered\ptbxl\AFIB\08927.png,AFIB,AFIB,0.9023,1
C:\Users\taimo\OneDrive\Documents 1\work\ecg-synthetic-research\data\rendered\ptbxl\AFIB\08953.png,AFIB,NORM,0.6084,0
C:\Users\taimo\OneDrive\Documents 1\work\ecg-synthetic-research\data\rendered\ptbxl\AFIB\09093.png,AFIB,AFIB,0.9697,1
C:\Users\taimo\OneDrive\Documents 1\work\ecg-synthetic-research\data\rendered\ptbxl\AFIB\09202.png,AFIB,AFIB,0.604,1
C:\Users\taimo\OneDrive\Documents 1\work\ecg-synthetic-research\data\rendered\ptbxl\AFIB\09337.png,AFIB,AFIB,0.617,1
C:\Users\taimo\OneDrive\Documents 1\work\ecg-synthetic-research\data\rendered\ptbxl\AFIB\09471.png,AFIB,AFIB,0.9624,1
C:\Users\taimo\OneDrive\Documents 1\work\ecg-synthetic-research\data\rendered\ptbxl\AFIB\09518.png,AFIB,AFIB,0.9087,1
C:\Users\taimo\OneDrive\Documents 1\work\ecg-synthetic-research\data\rendered\ptbxl\AFIB\09708.png,AFIB,AFIB,0.9253,1
C:\Users\taimo\OneDrive\Documents 1\work\ecg-synthetic-research\data\rendered\ptbxl\AFIB\09861.png,AFIB,AFIB,0.8994,1
C:\Users\taimo\OneDrive\Documents 1\work\ecg-synthetic-research\data\rendered\ptbxl\AFIB\10054.png,AFIB,AFIB,0.9043,1
C:\Users\taimo\OneDrive\Documents 1\work\ecg-synthetic-research\data\rendered\ptbxl\AFIB\10154.png,AFIB,AFIB,0.8296,1
C:\Users\taimo\OneDrive\Documents 1\work\ecg-synthetic-research\data\rendered\ptbxl\AFIB\10177.png,AFIB,AFIB,0.7476,1
C:\Users\taimo\OneDrive\Documents 1\work\ecg-synthetic-research\data\rendered\ptbxl\AFIB\10196.png,AFIB,AFIB,0.921,1
C:\Users\taimo\OneDrive\Documents 1\work\ecg-synthetic-research\data\rendered\ptbxl\AFIB\10224.png,AFIB,AFIB,0.918,1
C:\Users\taimo\OneDrive\Documents 1\work\ecg-synthetic-research\data\rendered\ptbxl\AFIB\10304.png,AFIB,AFIB,0.839,1
C:\Users\taimo\OneDrive\Documents 1\work\ecg-synthetic-research\data\rendered\ptbxl\AFIB\10322.png,AFIB,AFIB,0.8003,1
C:\Users\taimo\OneDrive\Documents 1\work\ecg-synthetic-research\data\rendered\ptbxl\AFIB\10353.png,AFIB,AFIB,0.7227,1
C:\Users\taimo\OneDrive\Documents 1\work\ecg-synthetic-research\data\rendered\ptbxl\AFIB\10387.png,AFIB,AFIB,0.866,1
C:\Users\taimo\OneDrive\Documents 1\work\ecg-synthetic-research\data\rendered\ptbxl\AFIB\10399.png,AFIB,AFIB,0.867,1
C:\Users\taimo\OneDrive\Documents 1\work\ecg-synthetic-research\data\rendered\ptbxl\AFIB\10403.png,AFIB,AFIB,0.89,1
C:\Users\taimo\OneDrive\Documents 1\work\ecg-synthetic-research\data\rendered\ptbxl\AFIB\10411.png,AFIB,AFIB,0.739,1
C:\Users\taimo\OneDrive\Documents 1\work\ecg-synthetic-research\data\rendered\ptbxl\AFIB\10637.png,AFIB,NORM,0.4395,0
C:\Users\taimo\OneDrive\Documents 1\work\ecg-synthetic-research\data\rendered\ptbxl\AFIB\10689.png,AFIB,AFIB,0.958,1
C:\Users\taimo\OneDrive\Documents 1\work\ecg-synthetic-research\data\rendered\ptbxl\AFIB\10704.png,AFIB,AFIB,0.6943,1
C:\Users\taimo\OneDrive\Documents 1\work\ecg-synthetic-research\data\rendered\ptbxl\AFIB\10763.png,AFIB,AFIB,0.876,1
C:\Users\taimo\OneDrive\Documents 1\work\ecg-synthetic-research\data\rendered\ptbxl\AFIB\10933.png,AFIB,AFIB,0.687,1
C:\Users\taimo\OneDrive\Documents 1\work\ecg-synthetic-research\data\rendered\ptbxl\AFIB\10943.png,AFIB,AFIB,0.967,1
C:\Users\taimo\OneDrive\Documents 1\work\ecg-synthetic-research\data\rendered\ptbxl\AFIB\10986.png,AFIB,AFIB,0.835,1
C:\Users\taimo\OneDrive\Documents 1\work\ecg-synthetic-research\data\rendered\ptbxl\AFIB\10991.png,AFIB,AFIB,0.839,1
C:\Users\taimo\OneDrive\Documents 1\work\ecg-synthetic-research\data\rendered\ptbxl\AFIB\11024.png,AFIB,AFIB,0.9546,1
C:\Users\taimo\OneDrive\Documents 1\work\ecg-synthetic-research\data\rendered\ptbxl\AFIB\11040.png,AFIB,AFIB,0.8403,1
C:\Users\taimo\OneDrive\Documents 1\work\ecg-synthetic-research\data\rendered\ptbxl\AFIB\11045.png,AFIB,AFIB,0.836,1
C:\Users\taimo\OneDrive\Documents 1\work\ecg-synthetic-research\data\rendered\ptbxl\AFIB\11068.png,AFIB,AFIB,0.862,1
C:\Users\taimo\OneDrive\Documents 1\work\ecg-synthetic-research\data\rendered\ptbxl\AFIB\11150.png,AFIB,AFIB,0.891,1
C:\Users\taimo\OneDrive\Documents 1\work\ecg-synthetic-research\data\rendered\ptbxl\AFIB\11239.png,AFIB,AFIB,0.9683,1
C:\Users\taimo\OneDrive\Documents 1\work\ecg-synthetic-research\data\rendered\ptbxl\AFIB\11329.png,AFIB,AFIB,0.9116,1
C:\Users\taimo\OneDrive\Documents 1\work\ecg-synthetic-research\data\rendered\ptbxl\AFIB\11344.png,AFIB,AFIB,0.737,1
C:\Users\taimo\OneDrive\Documents 1\work\ecg-synthetic-research\data\rendered\ptbxl\AFIB\11607.png,AFIB,AFIB,0.815,1
C:\Users\taimo\OneDrive\Documents 1\work\ecg-synthetic-research\data\rendered\ptbxl\AFIB\11686.png,AFIB,AFIB,0.9185,1
C:\Users\taimo\OneDrive\Documents 1\work\ecg-synthetic-research\data\rendered\ptbxl\AFIB\11828.png,AFIB,AFIB,0.907,1
C:\Users\taimo\OneDrive\Documents 1\work\ecg-synthetic-research\data\rendered\ptbxl\AFIB\11893.png,AFIB,AFIB,0.97,1
C:\Users\taimo\OneDrive\Documents 1\work\ecg-synthetic-research\data\rendered\ptbxl\AFIB\12066.png,AFIB,MI,0.5483,0
C:\Users\taimo\OneDrive\Documents 1\work\ecg-synthetic-research\data\rendered\ptbxl\AFIB\12085.png,AFIB,AFIB,0.5117,1
C:\Users\taimo\OneDrive\Documents 1\work\ecg-synthetic-research\data\rendered\ptbxl\AFIB\12205.png,AFIB,AFIB,0.873,1
C:\Users\taimo\OneDrive\Documents 1\work\ecg-synthetic-research\data\rendered\ptbxl\AFIB\12239.png,AFIB,AFIB,0.9067,1
C:\Users\taimo\OneDrive\Documents 1\work\ecg-synthetic-research\data\rendered\ptbxl\AFIB\12286.png,AFIB,AFIB,0.9507,1
C:\Users\taimo\OneDrive\Documents 1\work\ecg-synthetic-research\data\rendered\ptbxl\AFIB\12303.png,AFIB,AFIB,0.947,1
C:\Users\taimo\OneDrive\Documents 1\work\ecg-synthetic-research\data\rendered\ptbxl\AFIB\12456.png,AFIB,AFIB,0.9316,1
C:\Users\taimo\OneDrive\Documents 1\work\ecg-synthetic-research\data\rendered\ptbxl\AFIB\12542.png,AFIB,AFIB,0.843,1
C:\Users\taimo\OneDrive\Documents 1\work\ecg-synthetic-research\data\rendered\ptbxl\AFIB\12582.png,AFIB,AFIB,0.931,1
C:\Users\taimo\OneDrive\Documents 1\work\ecg-synthetic-research\data\rendered\ptbxl\AFIB\12646.png,AFIB,AFIB,0.6606,1
C:\Users\taimo\OneDrive\Documents 1\work\ecg-synthetic-research\data\rendered\ptbxl\AFIB\12792.png,AFIB,MI,0.506,0
C:\Users\taimo\OneDrive\Documents 1\work\ecg-synthetic-research\data\rendered\ptbxl\AFIB\12809.png,AFIB,AFIB,0.6504,1
C:\Users\taimo\OneDrive\Documents 1\work\ecg-synthetic-research\data\rendered\ptbxl\AFIB\12852.png,AFIB,AFIB,0.8755,1
C:\Users\taimo\OneDrive\Documents 1\work\ecg-synthetic-research\data\rendered\ptbxl\AFIB\12872.png,AFIB,AFIB,0.9326,1
C:\Users\taimo\OneDrive\Documents 1\work\ecg-synthetic-research\data\rendered\ptbxl\AFIB\12907.png,AFIB,AFIB,0.9453,1
C:\Users\taimo\OneDrive\Documents 1\work\ecg-synthetic-research\data\rendered\ptbxl\AFIB\12917.png,AFIB,AFIB,0.937,1
C:\Users\taimo\OneDrive\Documents 1\work\ecg-synthetic-research\data\rendered\ptbxl\AFIB\12948.png,AFIB,AFIB,0.5693,1
C:\Users\taimo\OneDrive\Documents 1\work\ecg-synthetic-research\data\rendered\ptbxl\AFIB\12979.png,AFIB,AFIB,0.9204,1
C:\Users\taimo\OneDrive\Documents 1\work\ecg-synthetic-research\data\rendered\ptbxl\AFIB\13019.png,AFIB,AFIB,0.906,1
C:\Users\taimo\OneDrive\Documents 1\work\ecg-synthetic-research\data\rendered\ptbxl\AFIB\13068.png,AFIB,AFIB,0.929,1
C:\Users\taimo\OneDrive\Documents 1\work\ecg-synthetic-research\data\rendered\ptbxl\AFIB\13116.png,AFIB,AFIB,0.673,1
C:\Users\taimo\OneDrive\Documents 1\work\ecg-synthetic-research\data\rendered\ptbxl\AFIB\13154.png,AFIB,AFIB,0.8564,1
C:\Users\taimo\OneDrive\Documents 1\work\ecg-synthetic-research\data\rendered\ptbxl\AFIB\13199.png,AFIB,AFIB,0.8804,1
C:\Users\taimo\OneDrive\Documents 1\work\ecg-synthetic-research\data\rendered\ptbxl\AFIB\13201.png,AFIB,AFIB,0.8066,1
C:\Users\taimo\OneDrive\Documents 1\work\ecg-synthetic-research\data\rendered\ptbxl\AFIB\13230.png,AFIB,AFIB,0.9683,1
C:\Users\taimo\OneDrive\Documents 1\work\ecg-synthetic-research\data\rendered\ptbxl\AFIB\13388.png,AFIB,AFIB,0.9404,1
C:\Users\taimo\OneDrive\Documents 1\work\ecg-synthetic-research\data\rendered\ptbxl\AFIB\13466.png,AFIB,AFIB,0.9478,1
C:\Users\taimo\OneDrive\Documents 1\work\ecg-synthetic-research\data\rendered\ptbxl\AFIB\13700.png,AFIB,AFIB,0.863,1
C:\Users\taimo\OneDrive\Documents 1\work\ecg-synthetic-research\data\rendered\ptbxl\AFIB\13724.png,AFIB,AFIB,0.8896,1
C:\Users\taimo\OneDrive\Documents 1\work\ecg-synthetic-research\data\rendered\ptbxl\AFIB\13742.png,AFIB,AFIB,0.951,1
C:\Users\taimo\OneDrive\Documents 1\work\ecg-synthetic-research\data\rendered\ptbxl\AFIB\13757.png,AFIB,AFIB,0.6826,1
C:\Users\taimo\OneDrive\Documents 1\work\ecg-synthetic-research\data\rendered\ptbxl\AFIB\13832.png,AFIB,AFIB,0.931,1
C:\Users\taimo\OneDrive\Documents 1\work\ecg-synthetic-research\data\rendered\ptbxl\AFIB\14088.png,AFIB,AFIB,0.886,1
C:\Users\taimo\OneDrive\Documents 1\work\ecg-synthetic-research\data\rendered\ptbxl\AFIB\14221.png,AFIB,AFIB,0.8223,1
C:\Users\taimo\OneDrive\Documents 1\work\ecg-synthetic-research\data\rendered\ptbxl\AFIB\14238.png,AFIB,AFIB,0.939,1
C:\Users\taimo\OneDrive\Documents 1\work\ecg-synthetic-research\data\rendered\ptbxl\AFIB\14291.png,AFIB,AFIB,0.8804,1
C:\Users\taimo\OneDrive\Documents 1\work\ecg-synthetic-research\data\rendered\ptbxl\AFIB\14379.png,AFIB,AFIB,0.856,1
C:\Users\taimo\OneDrive\Documents 1\work\ecg-synthetic-research\data\rendered\ptbxl\AFIB\14405.png,AFIB,AFIB,0.86,1
C:\Users\taimo\OneDrive\Documents 1\work\ecg-synthetic-research\data\rendered\ptbxl\AFIB\14473.png,AFIB,AFIB,0.941,1
C:\Users\taimo\OneDrive\Documents 1\work\ecg-synthetic-research\data\rendered\ptbxl\AFIB\14508.png,AFIB,AFIB,0.807,1
C:\Users\taimo\OneDrive\Documents 1\work\ecg-synthetic-research\data\rendered\ptbxl\AFIB\14529.png,AFIB,AFIB,0.771,1
C:\Users\taimo\OneDrive\Documents 1\work\ecg-synthetic-research\data\rendered\ptbxl\AFIB\14540.png,AFIB,AFIB,0.859,1
C:\Users\taimo\OneDrive\Documents 1\work\ecg-synthetic-research\data\rendered\ptbxl\AFIB\14567.png,AFIB,AFIB,0.8945,1
C:\Users\taimo\OneDrive\Documents 1\work\ecg-synthetic-research\data\rendered\ptbxl\AFIB\14610.png,AFIB,AFIB,0.957,1
C:\Users\taimo\OneDrive\Documents 1\work\ecg-synthetic-research\data\rendered\ptbxl\AFIB\14671.png,AFIB,AFIB,0.9624,1
C:\Users\taimo\OneDrive\Documents 1\work\ecg-synthetic-research\data\rendered\ptbxl\AFIB\14768.png,AFIB,AFIB,0.7754,1
C:\Users\taimo\OneDrive\Documents 1\work\ecg-synthetic-research\data\rendered\ptbxl\AFIB\14804.png,AFIB,AFIB,0.9497,1
C:\Users\taimo\OneDrive\Documents 1\work\ecg-synthetic-research\data\rendered\ptbxl\AFIB\14887.png,AFIB,AFIB,0.977,1
C:\Users\taimo\OneDrive\Documents 1\work\ecg-synthetic-research\data\rendered\ptbxl\AFIB\15039.png,AFIB,AFIB,0.977,1
C:\Users\taimo\OneDrive\Documents 1\work\ecg-synthetic-research\data\rendered\ptbxl\AFIB\15040.png,AFIB,AFIB,0.9653,1
C:\Users\taimo\OneDrive\Documents 1\work\ecg-synthetic-research\data\rendered\ptbxl\AFIB\15131.png,AFIB,AFIB,0.6997,1
C:\Users\taimo\OneDrive\Documents 1\work\ecg-synthetic-research\data\rendered\ptbxl\AFIB\15178.png,AFIB,AFIB,0.968,1
C:\Users\taimo\OneDrive\Documents 1\work\ecg-synthetic-research\data\rendered\ptbxl\AFIB\15243.png,AFIB,AFIB,0.914,1
C:\Users\taimo\OneDrive\Documents 1\work\ecg-synthetic-research\data\rendered\ptbxl\AFIB\15305.png,AFIB,AFIB,0.7886,1
C:\Users\taimo\OneDrive\Documents 1\work\ecg-synthetic-research\data\rendered\ptbxl\AFIB\15395.png,AFIB,AFIB,0.948,1
C:\Users\taimo\OneDrive\Documents 1\work\ecg-synthetic-research\data\rendered\ptbxl\AFIB\15419.png,AFIB,AFIB,0.9077,1
C:\Users\taimo\OneDrive\Documents 1\work\ecg-synthetic-research\data\rendered\ptbxl\AFIB\15447.png,AFIB,AFIB,0.9434,1
C:\Users\taimo\OneDrive\Documents 1\work\ecg-synthetic-research\data\rendered\ptbxl\AFIB\15529.png,AFIB,AFIB,0.9463,1
C:\Users\taimo\OneDrive\Documents 1\work\ecg-synthetic-research\data\rendered\ptbxl\AFIB\15568.png,AFIB,AFIB,0.941,1
C:\Users\taimo\OneDrive\Documents 1\work\ecg-synthetic-research\data\rendered\ptbxl\AFIB\15570.png,AFIB,AFIB,0.93,1
C:\Users\taimo\OneDrive\Documents 1\work\ecg-synthetic-research\data\rendered\ptbxl\AFIB\15571.png,AFIB,AFIB,0.9395,1
C:\Users\taimo\OneDrive\Documents 1\work\ecg-synthetic-research\data\rendered\ptbxl\AFIB\15574.png,AFIB,AFIB,0.915,1
C:\Users\taimo\OneDrive\Documents 1\work\ecg-synthetic-research\data\rendered\ptbxl\AFIB\15583.png,AFIB,AFIB,0.91,1
C:\Users\taimo\OneDrive\Documents 1\work\ecg-synthetic-research\data\rendered\ptbxl\AFIB\15640.png,AFIB,AFIB,0.913,1
C:\Users\taimo\OneDrive\Documents 1\work\ecg-synthetic-research\data\rendered\ptbxl\AFIB\15669.png,AFIB,AFIB,0.884,1
C:\Users\taimo\OneDrive\Documents 1\work\ecg-synthetic-research\data\rendered\ptbxl\AFIB\15676.png,AFIB,MI,0.457,0
C:\Users\taimo\OneDrive\Documents 1\work\ecg-synthetic-research\data\rendered\ptbxl\AFIB\15846.png,AFIB,AFIB,0.679,1
C:\Users\taimo\OneDrive\Documents 1\work\ecg-synthetic-research\data\rendered\ptbxl\AFIB\15951.png,AFIB,AFIB,0.704,1
C:\Users\taimo\OneDrive\Documents 1\work\ecg-synthetic-research\data\rendered\ptbxl\AFIB\16285.png,AFIB,AFIB,0.4443,1
C:\Users\taimo\OneDrive\Documents 1\work\ecg-synthetic-research\data\rendered\ptbxl\AFIB\16374.png,AFIB,AFIB,0.9683,1
C:\Users\taimo\OneDrive\Documents 1\work\ecg-synthetic-research\data\rendered\ptbxl\AFIB\16535.png,AFIB,AFIB,0.9004,1
C:\Users\taimo\OneDrive\Documents 1\work\ecg-synthetic-research\data\rendered\ptbxl\AFIB\16565.png,AFIB,AFIB,0.7417,1
C:\Users\taimo\OneDrive\Documents 1\work\ecg-synthetic-research\data\rendered\ptbxl\AFIB\16591.png,AFIB,AFIB,0.903,1
C:\Users\taimo\OneDrive\Documents 1\work\ecg-synthetic-research\data\rendered\ptbxl\AFIB\16617.png,AFIB,AFIB,0.9697,1
C:\Users\taimo\OneDrive\Documents 1\work\ecg-synthetic-research\data\rendered\ptbxl\AFIB\16679.png,AFIB,AFIB,0.7915,1
C:\Users\taimo\OneDrive\Documents 1\work\ecg-synthetic-research\data\rendered\ptbxl\AFIB\16739.png,AFIB,AFIB,0.8047,1
C:\Users\taimo\OneDrive\Documents 1\work\ecg-synthetic-research\data\rendered\ptbxl\AFIB\16757.png,AFIB,AFIB,0.944,1
C:\Users\taimo\OneDrive\Documents 1\work\ecg-synthetic-research\data\rendered\ptbxl\AFIB\16964.png,AFIB,TACHY,0.562,0
C:\Users\taimo\OneDrive\Documents 1\work\ecg-synthetic-research\data\rendered\ptbxl\AFIB\17183.png,AFIB,AFIB,0.9307,1
C:\Users\taimo\OneDrive\Documents 1\work\ecg-synthetic-research\data\rendered\ptbxl\AFIB\17218.png,AFIB,AFIB,0.9624,1
C:\Users\taimo\OneDrive\Documents 1\work\ecg-synthetic-research\data\rendered\ptbxl\AFIB\17237.png,AFIB,AFIB,0.972,1
C:\Users\taimo\OneDrive\Documents 1\work\ecg-synthetic-research\data\rendered\ptbxl\AFIB\17266.png,AFIB,AFIB,0.6616,1
C:\Users\taimo\OneDrive\Documents 1\work\ecg-synthetic-research\data\rendered\ptbxl\AFIB\17309.png,AFIB,AFIB,0.81,1
C:\Users\taimo\OneDrive\Documents 1\work\ecg-synthetic-research\data\rendered\ptbxl\AFIB\17312.png,AFIB,AFIB,0.76,1
C:\Users\taimo\OneDrive\Documents 1\work\ecg-synthetic-research\data\rendered\ptbxl\AFIB\17446.png,AFIB,AFIB,0.8623,1
C:\Users\taimo\OneDrive\Documents 1\work\ecg-synthetic-research\data\rendered\ptbxl\AFIB\17448.png,AFIB,AFIB,0.848,1
C:\Users\taimo\OneDrive\Documents 1\work\ecg-synthetic-research\data\rendered\ptbxl\AFIB\17457.png,AFIB,AFIB,0.87,1
C:\Users\taimo\OneDrive\Documents 1\work\ecg-synthetic-research\data\rendered\ptbxl\AFIB\17552.png,AFIB,AFIB,0.9243,1
C:\Users\taimo\OneDrive\Documents 1\work\ecg-synthetic-research\data\rendered\ptbxl\AFIB\17726.png,AFIB,TACHY,0.7217,0
C:\Users\taimo\OneDrive\Documents 1\work\ecg-synthetic-research\data\rendered\ptbxl\AFIB\18071.png,AFIB,AFIB,0.9023,1
C:\Users\taimo\OneDrive\Documents 1\work\ecg-synthetic-research\data\rendered\ptbxl\AFIB\18211.png,AFIB,AFIB,0.7524,1
C:\Users\taimo\OneDrive\Documents 1\work\ecg-synthetic-research\data\rendered\ptbxl\AFIB\18273.png,AFIB,AFIB,0.878,1
C:\Users\taimo\OneDrive\Documents 1\work\ecg-synthetic-research\data\rendered\ptbxl\AFIB\18485.png,AFIB,AFIB,0.971,1
C:\Users\taimo\OneDrive\Documents 1\work\ecg-synthetic-research\data\rendered\ptbxl\AFIB\18671.png,AFIB,AFIB,0.9663,1
C:\Users\taimo\OneDrive\Documents 1\work\ecg-synthetic-research\data\rendered\ptbxl\AFIB\18690.png,AFIB,AFIB,0.7715,1
C:\Users\taimo\OneDrive\Documents 1\work\ecg-synthetic-research\data\rendered\ptbxl\AFIB\18694.png,AFIB,AFIB,0.95,1
C:\Users\taimo\OneDrive\Documents 1\work\ecg-synthetic-research\data\rendered\ptbxl\AFIB\18777.png,AFIB,TACHY,0.949,0
C:\Users\taimo\OneDrive\Documents 1\work\ecg-synthetic-research\data\rendered\ptbxl\AFIB\18943.png,AFIB,AFIB,0.9307,1
C:\Users\taimo\OneDrive\Documents 1\work\ecg-synthetic-research\data\rendered\ptbxl\AFIB\18952.png,AFIB,AFIB,0.946,1
C:\Users\taimo\OneDrive\Documents 1\work\ecg-synthetic-research\data\rendered\ptbxl\AFIB\18955.png,AFIB,AFIB,0.9497,1
C:\Users\taimo\OneDrive\Documents 1\work\ecg-synthetic-research\data\rendered\ptbxl\AFIB\19170.png,AFIB,TACHY,0.6533,0
C:\Users\taimo\OneDrive\Documents 1\work\ecg-synthetic-research\data\rendered\ptbxl\AFIB\19176.png,AFIB,AFIB,0.9395,1
C:\Users\taimo\OneDrive\Documents 1\work\ecg-synthetic-research\data\rendered\ptbxl\AFIB\19305.png,AFIB,AFIB,0.837,1
C:\Users\taimo\OneDrive\Documents 1\work\ecg-synthetic-research\data\rendered\ptbxl\AFIB\19390.png,AFIB,AFIB,0.975,1
C:\Users\taimo\OneDrive\Documents 1\work\ecg-synthetic-research\data\rendered\ptbxl\AFIB\19391.png,AFIB,AFIB,0.9507,1
C:\Users\taimo\OneDrive\Documents 1\work\ecg-synthetic-research\data\rendered\ptbxl\AFIB\19588.png,AFIB,AFIB,0.7915,1
C:\Users\taimo\OneDrive\Documents 1\work\ecg-synthetic-research\data\rendered\ptbxl\AFIB\19628.png,AFIB,AFIB,0.9336,1
C:\Users\taimo\OneDrive\Documents 1\work\ecg-synthetic-research\data\rendered\ptbxl\AFIB\19802.png,AFIB,NORM,0.5166,0
C:\Users\taimo\OneDrive\Documents 1\work\ecg-synthetic-research\data\rendered\ptbxl\AFIB\19874.png,AFIB,AFIB,0.544,1
C:\Users\taimo\OneDrive\Documents 1\work\ecg-synthetic-research\data\rendered\ptbxl\AFIB\19885.png,AFIB,AFIB,0.9326,1
C:\Users\taimo\OneDrive\Documents 1\work\ecg-synthetic-research\data\rendered\ptbxl\AFIB\19904.png,AFIB,AFIB,0.907,1
C:\Users\taimo\OneDrive\Documents 1\work\ecg-synthetic-research\data\rendered\ptbxl\AFIB\19909.png,AFIB,AFIB,0.9814,1
C:\Users\taimo\OneDrive\Documents 1\work\ecg-synthetic-research\data\rendered\ptbxl\AFIB\19925.png,AFIB,AFIB,0.947,1
C:\Users\taimo\OneDrive\Documents 1\work\ecg-synthetic-research\data\rendered\ptbxl\AFIB\19939.png,AFIB,AFIB,0.915,1
C:\Users\taimo\OneDrive\Documents 1\work\ecg-synthetic-research\data\rendered\ptbxl\AFIB\19941.png,AFIB,AFIB,0.806,1
C:\Users\taimo\OneDrive\Documents 1\work\ecg-synthetic-research\data\rendered\ptbxl\AFIB\19952.png,AFIB,AFIB,0.9023,1
C:\Users\taimo\OneDrive\Documents 1\work\ecg-synthetic-research\data\rendered\ptbxl\AFIB\19976.png,AFIB,AFIB,0.5273,1
C:\Users\taimo\OneDrive\Documents 1\work\ecg-synthetic-research\data\rendered\ptbxl\AFIB\19990.png,AFIB,AFIB,0.743,1
C:\Users\taimo\OneDrive\Documents 1\work\ecg-synthetic-research\data\rendered\ptbxl\AFIB\20015.png,AFIB,AFIB,0.8213,1
C:\Users\taimo\OneDrive\Documents 1\work\ecg-synthetic-research\data\rendered\ptbxl\AFIB\20019.png,AFIB,AFIB,0.9854,1
C:\Users\taimo\OneDrive\Documents 1\work\ecg-synthetic-research\data\rendered\ptbxl\AFIB\20183.png,AFIB,AFIB,0.5225,1
C:\Users\taimo\OneDrive\Documents 1\work\ecg-synthetic-research\data\rendered\ptbxl\AFIB\20191.png,AFIB,AFIB,0.92,1
C:\Users\taimo\OneDrive\Documents 1\work\ecg-synthetic-research\data\rendered\ptbxl\AFIB\20212.png,AFIB,AFIB,0.822,1
C:\Users\taimo\OneDrive\Documents 1\work\ecg-synthetic-research\data\rendered\ptbxl\AFIB\20217.png,AFIB,AFIB,0.8335,1
C:\Users\taimo\OneDrive\Documents 1\work\ecg-synthetic-research\data\rendered\ptbxl\AFIB\20247.png,AFIB,AFIB,0.801,1
C:\Users\taimo\OneDrive\Documents 1\work\ecg-synthetic-research\data\rendered\ptbxl\AFIB\20277.png,AFIB,MI,0.604,0
C:\Users\taimo\OneDrive\Documents 1\work\ecg-synthetic-research\data\rendered\ptbxl\AFIB\20303.png,AFIB,AFIB,0.99,1
C:\Users\taimo\OneDrive\Documents 1\work\ecg-synthetic-research\data\rendered\ptbxl\AFIB\20320.png,AFIB,AFIB,0.975,1
C:\Users\taimo\OneDrive\Documents 1\work\ecg-synthetic-research\data\rendered\ptbxl\AFIB\20376.png,AFIB,AFIB,0.9023,1
C:\Users\taimo\OneDrive\Documents 1\work\ecg-synthetic-research\data\rendered\ptbxl\AFIB\20378.png,AFIB,MI,0.568,0
C:\Users\taimo\OneDrive\Documents 1\work\ecg-synthetic-research\data\rendered\ptbxl\AFIB\20386.png,AFIB,AFIB,0.9004,1
C:\Users\taimo\OneDrive\Documents 1\work\ecg-synthetic-research\data\rendered\ptbxl\AFIB\20392.png,AFIB,TACHY,0.791,0
C:\Users\taimo\OneDrive\Documents 1\work\ecg-synthetic-research\data\rendered\ptbxl\AFIB\20514.png,AFIB,AFIB,0.728,1
C:\Users\taimo\OneDrive\Documents 1\work\ecg-synthetic-research\data\rendered\ptbxl\AFIB\20550.png,AFIB,AFIB,0.9443,1
C:\Users\taimo\OneDrive\Documents 1\work\ecg-synthetic-research\data\rendered\ptbxl\AFIB\20581.png,AFIB,AFIB,0.823,1
C:\Users\taimo\OneDrive\Documents 1\work\ecg-synthetic-research\data\rendered\ptbxl\AFIB\20590.png,AFIB,AFIB,0.9487,1
C:\Users\taimo\OneDrive\Documents 1\work\ecg-synthetic-research\data\rendered\ptbxl\AFIB\20721.png,AFIB,AFIB,0.9507,1
C:\Users\taimo\OneDrive\Documents 1\work\ecg-synthetic-research\data\rendered\ptbxl\AFIB\20725.png,AFIB,AFIB,0.7974,1
C:\Users\taimo\OneDrive\Documents 1\work\ecg-synthetic-research\data\rendered\ptbxl\AFIB\20732.png,AFIB,AFIB,0.9453,1
C:\Users\taimo\OneDrive\Documents 1\work\ecg-synthetic-research\data\rendered\ptbxl\AFIB\20745.png,AFIB,AFIB,0.9487,1
C:\Users\taimo\OneDrive\Documents 1\work\ecg-synthetic-research\data\rendered\ptbxl\AFIB\20844.png,AFIB,AFIB,0.963,1
C:\Users\taimo\OneDrive\Documents 1\work\ecg-synthetic-research\data\rendered\ptbxl\AFIB\20935.png,AFIB,AFIB,0.9316,1
C:\Users\taimo\OneDrive\Documents 1\work\ecg-synthetic-research\data\rendered\ptbxl\AFIB\20953.png,AFIB,AFIB,0.959,1
C:\Users\taimo\OneDrive\Documents 1\work\ecg-synthetic-research\data\rendered\ptbxl\AFIB\21006.png,AFIB,AFIB,0.8096,1
C:\Users\taimo\OneDrive\Documents 1\work\ecg-synthetic-research\data\rendered\ptbxl\AFIB\21084.png,AFIB,AFIB,0.7515,1
C:\Users\taimo\OneDrive\Documents 1\work\ecg-synthetic-research\data\rendered\ptbxl\AFIB\21162.png,AFIB,AFIB,0.9023,1
C:\Users\taimo\OneDrive\Documents 1\work\ecg-synthetic-research\data\rendered\ptbxl\AFIB\21336.png,AFIB,AFIB,0.832,1
C:\Users\taimo\OneDrive\Documents 1\work\ecg-synthetic-research\data\rendered\ptbxl\AFIB\21337.png,AFIB,AFIB,0.9604,1
C:\Users\taimo\OneDrive\Documents 1\work\ecg-synthetic-research\data\rendered\ptbxl\AFIB\21348.png,AFIB,AFIB,0.9526,1
C:\Users\taimo\OneDrive\Documents 1\work\ecg-synthetic-research\data\rendered\ptbxl\AFIB\21427.png,AFIB,AFIB,0.9756,1
C:\Users\taimo\OneDrive\Documents 1\work\ecg-synthetic-research\data\rendered\ptbxl\AFIB\21435.png,AFIB,AFIB,0.924,1
C:\Users\taimo\OneDrive\Documents 1\work\ecg-synthetic-research\data\rendered\ptbxl\AFIB\21437.png,AFIB,AFIB,0.958,1
C:\Users\taimo\OneDrive\Documents 1\work\ecg-synthetic-research\data\rendered\ptbxl\AFIB\21445.png,AFIB,AFIB,0.929,1
C:\Users\taimo\OneDrive\Documents 1\work\ecg-synthetic-research\data\rendered\ptbxl\AFIB\21471.png,AFIB,AFIB,0.983,1
C:\Users\taimo\OneDrive\Documents 1\work\ecg-synthetic-research\data\rendered\ptbxl\AFIB\21490.png,AFIB,AFIB,0.9663,1
C:\Users\taimo\OneDrive\Documents 1\work\ecg-synthetic-research\data\rendered\ptbxl\AFIB\21530.png,AFIB,AFIB,0.823,1
C:\Users\taimo\OneDrive\Documents 1\work\ecg-synthetic-research\data\rendered\ptbxl\AFIB\21535.png,AFIB,AFIB,0.9214,1
C:\Users\taimo\OneDrive\Documents 1\work\ecg-synthetic-research\data\rendered\ptbxl\AFIB\21563.png,AFIB,AFIB,0.803,1
C:\Users\taimo\OneDrive\Documents 1\work\ecg-synthetic-research\data\rendered\ptbxl\AFIB\21725.png,AFIB,AFIB,0.8643,1
C:\Users\taimo\OneDrive\Documents 1\work\ecg-synthetic-research\data\rendered\ptbxl\AFIB\21794.png,AFIB,AFIB,0.9175,1
C:\Users\taimo\OneDrive\Documents 1\work\ecg-synthetic-research\data\rendered\ptbxl\AFIB\21804.png,AFIB,TACHY,0.7383,0
C:\Users\taimo\OneDrive\Documents 1\work\ecg-synthetic-research\data\rendered\ptbxl\TACHY\00103.png,TACHY,TACHY,0.9087,1
C:\Users\taimo\OneDrive\Documents 1\work\ecg-synthetic-research\data\rendered\ptbxl\TACHY\00738.png,TACHY,TACHY,0.9756,1
C:\Users\taimo\OneDrive\Documents 1\work\ecg-synthetic-research\data\rendered\ptbxl\TACHY\00855.png,TACHY,AFIB,0.672,0
C:\Users\taimo\OneDrive\Documents 1\work\ecg-synthetic-research\data\rendered\ptbxl\TACHY\00978.png,TACHY,TACHY,0.9727,1
C:\Users\taimo\OneDrive\Documents 1\work\ecg-synthetic-research\data\rendered\ptbxl\TACHY\01210.png,TACHY,TACHY,0.926,1
C:\Users\taimo\OneDrive\Documents 1\work\ecg-synthetic-research\data\rendered\ptbxl\TACHY\01232.png,TACHY,MI,0.704,0
C:\Users\taimo\OneDrive\Documents 1\work\ecg-synthetic-research\data\rendered\ptbxl\TACHY\01611.png,TACHY,TACHY,0.9243,1
C:\Users\taimo\OneDrive\Documents 1\work\ecg-synthetic-research\data\rendered\ptbxl\TACHY\01930.png,TACHY,TACHY,0.9385,1
C:\Users\taimo\OneDrive\Documents 1\work\ecg-synthetic-research\data\rendered\ptbxl\TACHY\02051.png,TACHY,TACHY,0.7827,1
C:\Users\taimo\OneDrive\Documents 1\work\ecg-synthetic-research\data\rendered\ptbxl\TACHY\02459.png,TACHY,NORM,0.467,0
C:\Users\taimo\OneDrive\Documents 1\work\ecg-synthetic-research\data\rendered\ptbxl\TACHY\02471.png,TACHY,TACHY,0.9434,1
C:\Users\taimo\OneDrive\Documents 1\work\ecg-synthetic-research\data\rendered\ptbxl\TACHY\02552.png,TACHY,TACHY,0.8496,1
C:\Users\taimo\OneDrive\Documents 1\work\ecg-synthetic-research\data\rendered\ptbxl\TACHY\03310.png,TACHY,TACHY,0.779,1
C:\Users\taimo\OneDrive\Documents 1\work\ecg-synthetic-research\data\rendered\ptbxl\TACHY\03391.png,TACHY,TACHY,0.901,1
C:\Users\taimo\OneDrive\Documents 1\work\ecg-synthetic-research\data\rendered\ptbxl\TACHY\03436.png,TACHY,TACHY,0.9062,1
C:\Users\taimo\OneDrive\Documents 1\work\ecg-synthetic-research\data\rendered\ptbxl\TACHY\03480.png,TACHY,TACHY,0.978,1
C:\Users\taimo\OneDrive\Documents 1\work\ecg-synthetic-research\data\rendered\ptbxl\TACHY\03680.png,TACHY,TACHY,0.945,1
C:\Users\taimo\OneDrive\Documents 1\work\ecg-synthetic-research\data\rendered\ptbxl\TACHY\03688.png,TACHY,TACHY,0.9497,1
C:\Users\taimo\OneDrive\Documents 1\work\ecg-synthetic-research\data\rendered\ptbxl\TACHY\03897.png,TACHY,TACHY,0.9297,1
C:\Users\taimo\OneDrive\Documents 1\work\ecg-synthetic-research\data\rendered\ptbxl\TACHY\04026.png,TACHY,TACHY,0.883,1
C:\Users\taimo\OneDrive\Documents 1\work\ecg-synthetic-research\data\rendered\ptbxl\TACHY\04028.png,TACHY,TACHY,0.818,1
C:\Users\taimo\OneDrive\Documents 1\work\ecg-synthetic-research\data\rendered\ptbxl\TACHY\04087.png,TACHY,TACHY,0.909,1
C:\Users\taimo\OneDrive\Documents 1\work\ecg-synthetic-research\data\rendered\ptbxl\TACHY\04126.png,TACHY,MI,0.8013,0
C:\Users\taimo\OneDrive\Documents 1\work\ecg-synthetic-research\data\rendered\ptbxl\TACHY\04170.png,TACHY,TACHY,0.7427,1
C:\Users\taimo\OneDrive\Documents 1\work\ecg-synthetic-research\data\rendered\ptbxl\TACHY\04292.png,TACHY,TACHY,0.9146,1
C:\Users\taimo\OneDrive\Documents 1\work\ecg-synthetic-research\data\rendered\ptbxl\TACHY\04350.png,TACHY,TACHY,0.739,1
C:\Users\taimo\OneDrive\Documents 1\work\ecg-synthetic-research\data\rendered\ptbxl\TACHY\04637.png,TACHY,TACHY,0.869,1
C:\Users\taimo\OneDrive\Documents 1\work\ecg-synthetic-research\data\rendered\ptbxl\TACHY\04932.png,TACHY,TACHY,0.938,1
C:\Users\taimo\OneDrive\Documents 1\work\ecg-synthetic-research\data\rendered\ptbxl\TACHY\05292.png,TACHY,TACHY,0.9653,1
C:\Users\taimo\OneDrive\Documents 1\work\ecg-synthetic-research\data\rendered\ptbxl\TACHY\05323.png,TACHY,TACHY,0.949,1
C:\Users\taimo\OneDrive\Documents 1\work\ecg-synthetic-research\data\rendered\ptbxl\TACHY\05411.png,TACHY,TACHY,0.9116,1
C:\Users\taimo\OneDrive\Documents 1\work\ecg-synthetic-research\data\rendered\ptbxl\TACHY\05439.png,TACHY,TACHY,0.9033,1
C:\Users\taimo\OneDrive\Documents 1\work\ecg-synthetic-research\data\rendered\ptbxl\TACHY\05456.png,TACHY,TACHY,0.9253,1
C:\Users\taimo\OneDrive\Documents 1\work\ecg-synthetic-research\data\rendered\ptbxl\TACHY\05571.png,TACHY,TACHY,0.8325,1
C:\Users\taimo\OneDrive\Documents 1\work\ecg-synthetic-research\data\rendered\ptbxl\TACHY\05748.png,TACHY,TACHY,0.7905,1
C:\Users\taimo\OneDrive\Documents 1\work\ecg-synthetic-research\data\rendered\ptbxl\TACHY\05861.png,TACHY,TACHY,0.7676,1
C:\Users\taimo\OneDrive\Documents 1\work\ecg-synthetic-research\data\rendered\ptbxl\TACHY\05941.png,TACHY,TACHY,0.856,1
C:\Users\taimo\OneDrive\Documents 1\work\ecg-synthetic-research\data\rendered\ptbxl\TACHY\05949.png,TACHY,TACHY,0.916,1
C:\Users\taimo\OneDrive\Documents 1\work\ecg-synthetic-research\data\rendered\ptbxl\TACHY\05955.png,TACHY,TACHY,0.897,1
C:\Users\taimo\OneDrive\Documents 1\work\ecg-synthetic-research\data\rendered\ptbxl\TACHY\05994.png,TACHY,TACHY,0.8486,1
C:\Users\taimo\OneDrive\Documents 1\work\ecg-synthetic-research\data\rendered\ptbxl\TACHY\06238.png,TACHY,TACHY,0.8804,1
C:\Users\taimo\OneDrive\Documents 1\work\ecg-synthetic-research\data\rendered\ptbxl\TACHY\06247.png,TACHY,AFIB,0.4802,0
C:\Users\taimo\OneDrive\Documents 1\work\ecg-synthetic-research\data\rendered\ptbxl\TACHY\06259.png,TACHY,TACHY,0.923,1
C:\Users\taimo\OneDrive\Documents 1\work\ecg-synthetic-research\data\rendered\ptbxl\TACHY\06345.png,TACHY,TACHY,0.639,1
C:\Users\taimo\OneDrive\Documents 1\work\ecg-synthetic-research\data\rendered\ptbxl\TACHY\06615.png,TACHY,TACHY,0.96,1
C:\Users\taimo\OneDrive\Documents 1\work\ecg-synthetic-research\data\rendered\ptbxl\TACHY\06955.png,TACHY,TACHY,0.889,1
C:\Users\taimo\OneDrive\Documents 1\work\ecg-synthetic-research\data\rendered\ptbxl\TACHY\06974.png,TACHY,TACHY,0.929,1
C:\Users\taimo\OneDrive\Documents 1\work\ecg-synthetic-research\data\rendered\ptbxl\TACHY\07017.png,TACHY,TACHY,0.947,1
C:\Users\taimo\OneDrive\Documents 1\work\ecg-synthetic-research\data\rendered\ptbxl\TACHY\07055.png,TACHY,TACHY,0.87,1
C:\Users\taimo\OneDrive\Documents 1\work\ecg-synthetic-research\data\rendered\ptbxl\TACHY\07349.png,TACHY,TACHY,0.793,1
C:\Users\taimo\OneDrive\Documents 1\work\ecg-synthetic-research\data\rendered\ptbxl\TACHY\07785.png,TACHY,TACHY,0.8955,1
C:\Users\taimo\OneDrive\Documents 1\work\ecg-synthetic-research\data\rendered\ptbxl\TACHY\07907.png,TACHY,TACHY,0.6616,1
C:\Users\taimo\OneDrive\Documents 1\work\ecg-synthetic-research\data\rendered\ptbxl\TACHY\08059.png,TACHY,TACHY,0.6523,1
C:\Users\taimo\OneDrive\Documents 1\work\ecg-synthetic-research\data\rendered\ptbxl\TACHY\08225.png,TACHY,TACHY,0.462,1
C:\Users\taimo\OneDrive\Documents 1\work\ecg-synthetic-research\data\rendered\ptbxl\TACHY\08272.png,TACHY,TACHY,0.89,1
C:\Users\taimo\OneDrive\Documents 1\work\ecg-synthetic-research\data\rendered\ptbxl\TACHY\08423.png,TACHY,TACHY,0.957,1
C:\Users\taimo\OneDrive\Documents 1\work\ecg-synthetic-research\data\rendered\ptbxl\TACHY\08461.png,TACHY,AFIB,0.4949,0
C:\Users\taimo\OneDrive\Documents 1\work\ecg-synthetic-research\data\rendered\ptbxl\TACHY\08475.png,TACHY,TACHY,0.9336,1
C:\Users\taimo\OneDrive\Documents 1\work\ecg-synthetic-research\data\rendered\ptbxl\TACHY\08501.png,TACHY,TACHY,0.934,1
C:\Users\taimo\OneDrive\Documents 1\work\ecg-synthetic-research\data\rendered\ptbxl\TACHY\08568.png,TACHY,TACHY,0.946,1
C:\Users\taimo\OneDrive\Documents 1\work\ecg-synthetic-research\data\rendered\ptbxl\TACHY\08786.png,TACHY,TACHY,0.9014,1
C:\Users\taimo\OneDrive\Documents 1\work\ecg-synthetic-research\data\rendered\ptbxl\TACHY\08895.png,TACHY,TACHY,0.961,1
C:\Users\taimo\OneDrive\Documents 1\work\ecg-synthetic-research\data\rendered\ptbxl\TACHY\08946.png,TACHY,TACHY,0.9062,1
C:\Users\taimo\OneDrive\Documents 1\work\ecg-synthetic-research\data\rendered\ptbxl\TACHY\09116.png,TACHY,TACHY,0.747,1
C:\Users\taimo\OneDrive\Documents 1\work\ecg-synthetic-research\data\rendered\ptbxl\TACHY\09537.png,TACHY,TACHY,0.862,1
C:\Users\taimo\OneDrive\Documents 1\work\ecg-synthetic-research\data\rendered\ptbxl\TACHY\09562.png,TACHY,TACHY,0.957,1
C:\Users\taimo\OneDrive\Documents 1\work\ecg-synthetic-research\data\rendered\ptbxl\TACHY\09590.png,TACHY,TACHY,0.9443,1
C:\Users\taimo\OneDrive\Documents 1\work\ecg-synthetic-research\data\rendered\ptbxl\TACHY\09714.png,TACHY,TACHY,0.952,1
C:\Users\taimo\OneDrive\Documents 1\work\ecg-synthetic-research\data\rendered\ptbxl\TACHY\09951.png,TACHY,TACHY,0.9565,1
C:\Users\taimo\OneDrive\Documents 1\work\ecg-synthetic-research\data\rendered\ptbxl\TACHY\09978.png,TACHY,TACHY,0.5166,1
C:\Users\taimo\OneDrive\Documents 1\work\ecg-synthetic-research\data\rendered\ptbxl\TACHY\10032.png,TACHY,TACHY,0.9204,1
C:\Users\taimo\OneDrive\Documents 1\work\ecg-synthetic-research\data\rendered\ptbxl\TACHY\10034.png,TACHY,TACHY,0.431,1
C:\Users\taimo\OneDrive\Documents 1\work\ecg-synthetic-research\data\rendered\ptbxl\TACHY\10331.png,TACHY,TACHY,0.9526,1
C:\Users\taimo\OneDrive\Documents 1\work\ecg-synthetic-research\data\rendered\ptbxl\TACHY\10390.png,TACHY,TACHY,0.899,1
C:\Users\taimo\OneDrive\Documents 1\work\ecg-synthetic-research\data\rendered\ptbxl\TACHY\10482.png,TACHY,TACHY,0.8105,1
C:\Users\taimo\OneDrive\Documents 1\work\ecg-synthetic-research\data\rendered\ptbxl\TACHY\10506.png,TACHY,TACHY,0.6294,1
C:\Users\taimo\OneDrive\Documents 1\work\ecg-synthetic-research\data\rendered\ptbxl\TACHY\10765.png,TACHY,TACHY,0.8325,1
C:\Users\taimo\OneDrive\Documents 1\work\ecg-synthetic-research\data\rendered\ptbxl\TACHY\10912.png,TACHY,TACHY,0.8916,1
C:\Users\taimo\OneDrive\Documents 1\work\ecg-synthetic-research\data\rendered\ptbxl\TACHY\11133.png,TACHY,TACHY,0.9497,1
C:\Users\taimo\OneDrive\Documents 1\work\ecg-synthetic-research\data\rendered\ptbxl\TACHY\11535.png,TACHY,TACHY,0.7573,1
C:\Users\taimo\OneDrive\Documents 1\work\ecg-synthetic-research\data\rendered\ptbxl\TACHY\11662.png,TACHY,TACHY,0.895,1
C:\Users\taimo\OneDrive\Documents 1\work\ecg-synthetic-research\data\rendered\ptbxl\TACHY\12281.png,TACHY,TACHY,0.827,1
C:\Users\taimo\OneDrive\Documents 1\work\ecg-synthetic-research\data\rendered\ptbxl\TACHY\12515.png,TACHY,TACHY,0.9707,1
C:\Users\taimo\OneDrive\Documents 1\work\ecg-synthetic-research\data\rendered\ptbxl\TACHY\12521.png,TACHY,TACHY,0.936,1
C:\Users\taimo\OneDrive\Documents 1\work\ecg-synthetic-research\data\rendered\ptbxl\TACHY\12540.png,TACHY,TACHY,0.9204,1
C:\Users\taimo\OneDrive\Documents 1\work\ecg-synthetic-research\data\rendered\ptbxl\TACHY\12670.png,TACHY,TACHY,0.9478,1
C:\Users\taimo\OneDrive\Documents 1\work\ecg-synthetic-research\data\rendered\ptbxl\TACHY\12714.png,TACHY,TACHY,0.985,1
C:\Users\taimo\OneDrive\Documents 1\work\ecg-synthetic-research\data\rendered\ptbxl\TACHY\12726.png,TACHY,NORM,0.626,0
C:\Users\taimo\OneDrive\Documents 1\work\ecg-synthetic-research\data\rendered\ptbxl\TACHY\12926.png,TACHY,TACHY,0.9355,1
C:\Users\taimo\OneDrive\Documents 1\work\ecg-synthetic-research\data\rendered\ptbxl\TACHY\13030.png,TACHY,TACHY,0.927,1
C:\Users\taimo\OneDrive\Documents 1\work\ecg-synthetic-research\data\rendered\ptbxl\TACHY\13143.png,TACHY,TACHY,0.841,1
C:\Users\taimo\OneDrive\Documents 1\work\ecg-synthetic-research\data\rendered\ptbxl\TACHY\13155.png,TACHY,TACHY,0.6753,1
C:\Users\taimo\OneDrive\Documents 1\work\ecg-synthetic-research\data\rendered\ptbxl\TACHY\13164.png,TACHY,TACHY,0.9165,1
C:\Users\taimo\OneDrive\Documents 1\work\ecg-synthetic-research\data\rendered\ptbxl\TACHY\13166.png,TACHY,TACHY,0.5654,1
C:\Users\taimo\OneDrive\Documents 1\work\ecg-synthetic-research\data\rendered\ptbxl\TACHY\13188.png,TACHY,TACHY,0.9004,1
C:\Users\taimo\OneDrive\Documents 1\work\ecg-synthetic-research\data\rendered\ptbxl\TACHY\13277.png,TACHY,TACHY,0.9478,1
C:\Users\taimo\OneDrive\Documents 1\work\ecg-synthetic-research\data\rendered\ptbxl\TACHY\13618.png,TACHY,TACHY,0.8154,1
C:\Users\taimo\OneDrive\Documents 1\work\ecg-synthetic-research\data\rendered\ptbxl\TACHY\13908.png,TACHY,TACHY,0.968,1
C:\Users\taimo\OneDrive\Documents 1\work\ecg-synthetic-research\data\rendered\ptbxl\TACHY\14048.png,TACHY,MI,0.7793,0
C:\Users\taimo\OneDrive\Documents 1\work\ecg-synthetic-research\data\rendered\ptbxl\TACHY\14060.png,TACHY,MI,0.469,0
C:\Users\taimo\OneDrive\Documents 1\work\ecg-synthetic-research\data\rendered\ptbxl\TACHY\14799.png,TACHY,TACHY,0.9253,1
C:\Users\taimo\OneDrive\Documents 1\work\ecg-synthetic-research\data\rendered\ptbxl\TACHY\14825.png,TACHY,TACHY,0.86,1
C:\Users\taimo\OneDrive\Documents 1\work\ecg-synthetic-research\data\rendered\ptbxl\TACHY\14869.png,TACHY,TACHY,0.9478,1
C:\Users\taimo\OneDrive\Documents 1\work\ecg-synthetic-research\data\rendered\ptbxl\TACHY\15232.png,TACHY,TACHY,0.9424,1
C:\Users\taimo\OneDrive\Documents 1\work\ecg-synthetic-research\data\rendered\ptbxl\TACHY\15384.png,TACHY,TACHY,0.9043,1
C:\Users\taimo\OneDrive\Documents 1\work\ecg-synthetic-research\data\rendered\ptbxl\TACHY\16626.png,TACHY,TACHY,0.698,1
C:\Users\taimo\OneDrive\Documents 1\work\ecg-synthetic-research\data\rendered\ptbxl\TACHY\16753.png,TACHY,AFIB,0.6396,0
C:\Users\taimo\OneDrive\Documents 1\work\ecg-synthetic-research\data\rendered\ptbxl\TACHY\16928.png,TACHY,TACHY,0.9624,1
C:\Users\taimo\OneDrive\Documents 1\work\ecg-synthetic-research\data\rendered\ptbxl\TACHY\16938.png,TACHY,TACHY,0.884,1
C:\Users\taimo\OneDrive\Documents 1\work\ecg-synthetic-research\data\rendered\ptbxl\TACHY\16970.png,TACHY,AFIB,0.789,0
C:\Users\taimo\OneDrive\Documents 1\work\ecg-synthetic-research\data\rendered\ptbxl\TACHY\17077.png,TACHY,TACHY,0.965,1
C:\Users\taimo\OneDrive\Documents 1\work\ecg-synthetic-research\data\rendered\ptbxl\TACHY\17828.png,TACHY,TACHY,0.851,1
C:\Users\taimo\OneDrive\Documents 1\work\ecg-synthetic-research\data\rendered\ptbxl\TACHY\18141.png,TACHY,TACHY,0.909,1
C:\Users\taimo\OneDrive\Documents 1\work\ecg-synthetic-research\data\rendered\ptbxl\TACHY\18165.png,TACHY,TACHY,0.713,1
C:\Users\taimo\OneDrive\Documents 1\work\ecg-synthetic-research\data\rendered\ptbxl\TACHY\18500.png,TACHY,TACHY,0.8276,1
C:\Users\taimo\OneDrive\Documents 1\work\ecg-synthetic-research\data\rendered\ptbxl\TACHY\18548.png,TACHY,TACHY,0.9087,1
C:\Users\taimo\OneDrive\Documents 1\work\ecg-synthetic-research\data\rendered\ptbxl\TACHY\18604.png,TACHY,TACHY,0.8887,1
C:\Users\taimo\OneDrive\Documents 1\work\ecg-synthetic-research\data\rendered\ptbxl\TACHY\18635.png,TACHY,TACHY,0.714,1
C:\Users\taimo\OneDrive\Documents 1\work\ecg-synthetic-research\data\rendered\ptbxl\TACHY\18829.png,TACHY,TACHY,0.9146,1
C:\Users\taimo\OneDrive\Documents 1\work\ecg-synthetic-research\data\rendered\ptbxl\TACHY\19157.png,TACHY,TACHY,0.9683,1
C:\Users\taimo\OneDrive\Documents 1\work\ecg-synthetic-research\data\rendered\ptbxl\TACHY\19173.png,TACHY,TACHY,0.959,1
C:\Users\taimo\OneDrive\Documents 1\work\ecg-synthetic-research\data\rendered\ptbxl\TACHY\19258.png,TACHY,TACHY,0.9595,1
C:\Users\taimo\OneDrive\Documents 1\work\ecg-synthetic-research\data\rendered\ptbxl\TACHY\19275.png,TACHY,TACHY,0.8755,1
C:\Users\taimo\OneDrive\Documents 1\work\ecg-synthetic-research\data\rendered\ptbxl\TACHY\19610.png,TACHY,TACHY,0.9443,1
C:\Users\taimo\OneDrive\Documents 1\work\ecg-synthetic-research\data\rendered\ptbxl\TACHY\19712.png,TACHY,AFIB,0.863,0
C:\Users\taimo\OneDrive\Documents 1\work\ecg-synthetic-research\data\rendered\ptbxl\TACHY\19861.png,TACHY,TACHY,0.983,1
C:\Users\taimo\OneDrive\Documents 1\work\ecg-synthetic-research\data\rendered\ptbxl\TACHY\19926.png,TACHY,TACHY,0.959,1
C:\Users\taimo\OneDrive\Documents 1\work\ecg-synthetic-research\data\rendered\ptbxl\TACHY\19966.png,TACHY,TACHY,0.9634,1
C:\Users\taimo\OneDrive\Documents 1\work\ecg-synthetic-research\data\rendered\ptbxl\TACHY\20209.png,TACHY,TACHY,0.89,1
C:\Users\taimo\OneDrive\Documents 1\work\ecg-synthetic-research\data\rendered\ptbxl\TACHY\20283.png,TACHY,TACHY,0.843,1
C:\Users\taimo\OneDrive\Documents 1\work\ecg-synthetic-research\data\rendered\ptbxl\TACHY\20471.png,TACHY,TACHY,0.8857,1
C:\Users\taimo\OneDrive\Documents 1\work\ecg-synthetic-research\data\rendered\ptbxl\TACHY\20620.png,TACHY,TACHY,0.8877,1
C:\Users\taimo\OneDrive\Documents 1\work\ecg-synthetic-research\data\rendered\ptbxl\TACHY\20631.png,TACHY,TACHY,0.634,1
C:\Users\taimo\OneDrive\Documents 1\work\ecg-synthetic-research\data\rendered\ptbxl\TACHY\20664.png,TACHY,TACHY,0.6567,1
C:\Users\taimo\OneDrive\Documents 1\work\ecg-synthetic-research\data\rendered\ptbxl\TACHY\20802.png,TACHY,TACHY,0.9614,1
C:\Users\taimo\OneDrive\Documents 1\work\ecg-synthetic-research\data\rendered\ptbxl\TACHY\21277.png,TACHY,TACHY,0.9707,1
C:\Users\taimo\OneDrive\Documents 1\work\ecg-synthetic-research\data\rendered\ptbxl\TACHY\21325.png,TACHY,TACHY,0.6616,1
C:\Users\taimo\OneDrive\Documents 1\work\ecg-synthetic-research\data\rendered\ptbxl\TACHY\21353.png,TACHY,TACHY,0.9683,1
C:\Users\taimo\OneDrive\Documents 1\work\ecg-synthetic-research\data\rendered\ptbxl\TACHY\21384.png,TACHY,TACHY,0.989,1
C:\Users\taimo\OneDrive\Documents 1\work\ecg-synthetic-research\data\rendered\ptbxl\TACHY\21410.png,TACHY,TACHY,0.745,1
C:\Users\taimo\OneDrive\Documents 1\work\ecg-synthetic-research\data\rendered\ptbxl\TACHY\21633.png,TACHY,TACHY,0.8447,1
C:\Users\taimo\OneDrive\Documents 1\work\ecg-synthetic-research\data\rendered\ptbxl\TACHY\21792.png,TACHY,TACHY,0.9766,1
