filepath,true_label,pred_label,confidence,correct
C:\Users\taimo\OneDrive\Documents 1\work\ecg-synthetic-research\data\rendered\ptbxl\NORM\00010.png,NORM,NORM,0.821,1
C:\Users\taimo\OneDrive\Documents 1\work\ecg-synthetic-research\data\rendered\ptbxl\NORM\00016.png,NORM,NORM,0.7983,1
C:\Users\taimo\OneDrive\Documents 1\work\ecg-synthetic-research\data\rendered\ptbxl\NORM\00035.png,NORM,NORM,0.82,1
C:\Users\taimo\OneDrive\Documents 1\work\ecg-synthetic-research\data\rendered\ptbxl\NORM\00044.png,NORM,NORM,0.7896,1
C:\Users\taimo\OneDrive\Documents 1\work\ecg-synthetic-research\data\rendered\ptbxl\NORM\00057.png,NORM,NORM,0.8774,1
C:\Users\taimo\OneDrive\Documents 1\work\ecg-synthetic-research\data\rendered\ptbxl\NORM\00059.png,NORM,NORM,0.7817,1
C:\Users\taimo\OneDrive\Documents 1\work\ecg-synthetic-research\data\rendered\ptbxl\NORM\00089.png,NORM,NORM,0.871,1
C:\Users\taimo\OneDrive\Documents 1\work\ecg-synthetic-research\data\rendered\ptbxl\NORM\00109.png,NORM,NORM,0.8413,1
C:\Users\taimo\OneDrive\Documents 1\work\ecg-synthetic-research\data\rendered\ptbxl\NORM\00126.png,NORM,NORM,0.795,1
C:\Users\taimo\OneDrive\Documents 1\work\ecg-synthetic-research\data\rendered\ptbxl\NORM\00208.png,NORM,NORM,0.889,1
C:\Users\taimo\OneDrive\Documents 1\work\ecg-synthetic-research\data\rendered\ptbxl\NORM\00264.png,NORM,NORM,0.8667,1
C:\Users\taimo\OneDrive\Documents 1\work\ecg-synthetic-research\data\rendered\ptbxl\NORM\00265.png,NORM,MI,0.5684,0
C:\Users\taimo\OneDrive\Documents 1\work\ecg-synthetic-research\data\rendered\ptbxl\NORM\00288.png,NORM,NORM,0.5337,1
C:\Users\taimo\OneDrive\Documents 1\work\ecg-synthetic-research\data\rendered\ptbxl\NORM\00339.png,NORM,NORM,0.8755,1
C:\Users\taimo\OneDrive\Documents 1\work\ecg-synthetic-research\data\rendered\ptbxl\NORM\00387.png,NORM,NORM,0.839,1
C:\Users\taimo\OneDrive\Documents 1\work\ecg-synthetic-research\data\rendered\ptbxl\NORM\00399.png,NORM,NORM,0.7295,1
C:\Users\taimo\OneDrive\Documents 1\work\ecg-synthetic-research\data\rendered\ptbxl\NORM\00406.png,NORM,NORM,0.8164,1
C:\Users\taimo\OneDrive\Documents 1\work\ecg-synthetic-research\data\rendered\ptbxl\NORM\00584.png,NORM,NORM,0.7695,1
C:\Users\taimo\OneDrive\Documents 1\work\ecg-synthetic-research\data\rendered\ptbxl\NORM\00605.png,NORM,NORM,0.792,1
C:\Users\taimo\OneDrive\Documents 1\work\ecg-synthetic-research\data\rendered\ptbxl\NORM\00648.png,NORM,MI,0.7227,0
C:\Users\taimo\OneDrive\Documents 1\work\ecg-synthetic-research\data\rendered\ptbxl\NORM\00666.png,NORM,NORM,0.878,1
C:\Users\taimo\OneDrive\Documents 1\work\ecg-synthetic-research\data\rendered\ptbxl\NORM\00735.png,NORM,NORM,0.862,1
C:\Users\taimo\OneDrive\Documents 1\work\ecg-synthetic-research\data\rendered\ptbxl\NORM\00815.png,NORM,NORM,0.7695,1
C:\Users\taimo\OneDrive\Documents 1\work\ecg-synthetic-research\data\rendered\ptbxl\NORM\00881.png,NORM,NORM,0.7524,1
C:\Users\taimo\OneDrive\Documents 1\work\ecg-synthetic-research\data\rendered\ptbxl\NORM\00929.png,NORM,NORM,0.7383,1
C:\Users\taimo\OneDrive\Documents 1\work\ecg-synthetic-research\data\rendered\ptbxl\NORM\00958.png,NORM,NORM,0.847,1
C:\Users\taimo\OneDrive\Documents 1\work\ecg-synthetic-research\data\rendered\ptbxl\NORM\01051.png,NORM,NORM,0.7476,1
C:\Users\taimo\OneDrive\Documents 1\work\ecg-synthetic-research\data\rendered\ptbxl\NORM\01057.png,NORM,NORM,0.57,1
C:\Users\taimo\OneDrive\Documents 1\work\ecg-synthetic-research\data\rendered\ptbxl\NORM\01084.png,NORM,NORM,0.7124,1
C:\Users\taimo\OneDrive\Documents 1\work\ecg-synthetic-research\data\rendered\ptbxl\NORM\01112.png,NORM,NORM,0.6772,1
C:\Users\taimo\OneDrive\Documents 1\work\ecg-synthetic-research\data\rendered\ptbxl\NORM\01206.png,NORM,NORM,0.767,1
C:\Users\taimo\OneDrive\Documents 1\work\ecg-synthetic-research\data\rendered\ptbxl\NORM\01217.png,NORM,NORM,0.774,1
C:\Users\taimo\OneDrive\Documents 1\work\ecg-synthetic-research\data\rendered\ptbxl\NORM\01289.png,NORM,NORM,0.908,1
C:\Users\taimo\OneDrive\Documents 1\work\ecg-synthetic-research\data\rendered\ptbxl\NORM\01351.png,NORM,NORM,0.7827,1
C:\Users\taimo\OneDrive\Documents 1\work\ecg-synthetic-research\data\rendered\ptbxl\NORM\01363.png,NORM,NORM,0.8145,1
C:\Users\taimo\OneDrive\Documents 1\work\ecg-synthetic-research\data\rendered\ptbxl\NORM\01397.png,NORM,NORM,0.701,1
C:\Users\taimo\OneDrive\Documents 1\work\ecg-synthetic-research\data\rendered\ptbxl\NORM\01406.png,NORM,NORM,0.6094,1
C:\Users\taimo\OneDrive\Documents 1\work\ecg-synthetic-research\data\rendered\ptbxl\NORM\01472.png,NORM,NORM,0.825,1
C:\Users\taimo\OneDrive\Documents 1\work\ecg-synthetic-research\data\rendered\ptbxl\NORM\01475.png,NORM,NORM,0.8076,1
C:\Users\taimo\OneDrive\Documents 1\work\ecg-synthetic-research\data\rendered\ptbxl\NORM\01517.png,NORM,NORM,0.574,1
C:\Users\taimo\OneDrive\Documents 1\work\ecg-synthetic-research\data\rendered\ptbxl\NORM\01567.png,NORM,NORM,0.8506,1
C:\Users\taimo\OneDrive\Documents 1\work\ecg-synthetic-research\data\rendered\ptbxl\NORM\01617.png,NORM,NORM,0.8096,1
C:\Users\taimo\OneDrive\Documents 1\work\ecg-synthetic-research\data\rendered\ptbxl\NORM\01685.png,NORM,NORM,0.812,1
C:\Users\taimo\OneDrive\Documents 1\work\ecg-synthetic-research\data\rendered\ptbxl\NORM\01783.png,NORM,NORM,0.836,1
C:\Users\taimo\OneDrive\Documents 1\work\ecg-synthetic-research\data\rendered\ptbxl\NORM\01794.png,NORM,NORM,0.604,1
C:\Users\taimo\OneDrive\Documents 1\work\ecg-synthetic-research\data\rendered\ptbxl\NORM\01945.png,NORM,NORM,0.914,1
C:\Users\taimo\OneDrive\Documents 1\work\ecg-synthetic-research\data\rendered\ptbxl\NORM\01979.png,NORM,NORM,0.8413,1
C:\Users\taimo\OneDrive\Documents 1\work\ecg-synthetic-research\data\rendered\ptbxl\NORM\01993.png,NORM,NORM,0.791,1
C:\Users\taimo\OneDrive\Documents 1\work\ecg-synthetic-research\data\rendered\ptbxl\NORM\02021.png,NORM,NORM,0.837,1
C:\Users\taimo\OneDrive\Documents 1\work\ecg-synthetic-research\data\rendered\ptbxl\NORM\02025.png,NORM,NORM,0.5337,1
C:\Users\taimo\OneDrive\Documents 1\work\ecg-synthetic-research\data\rendered\ptbxl\NORM\02056.png,NORM,NORM,0.779,1
C:\Users\taimo\OneDrive\Documents 1\work\ecg-synthetic-research\data\rendered\ptbxl\NORM\02105.png,NORM,MI,0.8857,0
C:\Users\taimo\OneDrive\Documents 1\work\ecg-synthetic-research\data\rendered\ptbxl\NORM\02129.png,NORM,NORM,0.8965,1
C:\Users\taimo\OneDrive\Documents 1\work\ecg-synthetic-research\data\rendered\ptbxl\NORM\02133.png,NORM,NORM,0.7905,1
C:\Users\taimo\OneDrive\Documents 1\work\ecg-synthetic-research\data\rendered\ptbxl\NORM\02178.png,NORM,NORM,0.7954,1
C:\Users\taimo\OneDrive\Documents 1\work\ecg-synthetic-research\data\rendered\ptbxl\NORM\02183.png,NORM,NORM,0.711,1
C:\Users\taimo\OneDrive\Documents 1\work\ecg-synthetic-research\data\rendered\ptbxl\NORM\02194.png,NORM,MI,0.5117,0
C:\Users\taimo\OneDrive\Documents 1\work\ecg-synthetic-research\data\rendered\ptbxl\NORM\02199.png,NORM,NORM,0.7705,1
C:\Users\taimo\OneDrive\Documents 1\work\ecg-synthetic-research\data\rendered\ptbxl\NORM\02232.png,NORM,NORM,0.7246,1
C:\Users\taimo\OneDrive\Documents 1\work\ecg-synthetic-research\data\rendered\ptbxl\NORM\02307.png,NORM,NORM,0.5986,1
C:\Users\taimo\OneDrive\Documents 1\work\ecg-synthetic-research\data\rendered\ptbxl\NORM\02337.png,NORM,NORM,0.819,1
C:\Users\taimo\OneDrive\Documents 1\work\ecg-synthetic-research\data\rendered\ptbxl\NORM\02342.png,NORM,NORM,0.731,1
C:\Users\taimo\OneDrive\Documents 1\work\ecg-synthetic-research\data\rendered\ptbxl\NORM\02356.png,NORM,MI,0.5522,0
C:\Users\taimo\OneDrive\Documents 1\work\ecg-synthetic-research\data\rendered\ptbxl\NORM\02383.png,NORM,NORM,0.9185,1
C:\Users\taimo\OneDrive\Documents 1\work\ecg-synthetic-research\data\rendered\ptbxl\NORM\02447.png,NORM,NORM,0.6113,1
C:\Users\taimo\OneDrive\Documents 1\work\ecg-synthetic-research\data\rendered\ptbxl\NORM\02477.png,NORM,NORM,0.6973,1
C:\Users\taimo\OneDrive\Documents 1\work\ecg-synthetic-research\data\rendered\ptbxl\NORM\02518.png,NORM,NORM,0.8096,1
C:\Users\taimo\OneDrive\Documents 1\work\ecg-synthetic-research\data\rendered\ptbxl\NORM\02522.png,NORM,NORM,0.7173,1
C:\Users\taimo\OneDrive\Documents 1\work\ecg-synthetic-research\data\rendered\ptbxl\NORM\02557.png,NORM,NORM,0.7905,1
C:\Users\taimo\OneDrive\Documents 1\work\ecg-synthetic-research\data\rendered\ptbxl\NORM\02558.png,NORM,NORM,0.774,1
C:\Users\taimo\OneDrive\Documents 1\work\ecg-synthetic-research\data\rendered\ptbxl\NORM\02559.png,NORM,NORM,0.894,1
C:\Users\taimo\OneDrive\Documents 1\work\ecg-synthetic-research\data\rendered\ptbxl\NORM\02595.png,NORM,NORM,0.854,1
C:\Users\taimo\OneDrive\Documents 1\work\ecg-synthetic-research\data\rendered\ptbxl\NORM\02611.png,NORM,NORM,0.825,1
C:\Users\taimo\OneDrive\Documents 1\work\ecg-synthetic-research\data\rendered\ptbxl\NORM\02665.png,NORM,NORM,0.91,1
C:\Users\taimo\OneDrive\Documents 1\work\ecg-synthetic-research\data\rendered\ptbxl\NORM\02708.png,NORM,NORM,0.599,1
C:\Users\taimo\OneDrive\Documents 1\work\ecg-synthetic-research\data\rendered\ptbxl\NORM\02728.png,NORM,NORM,0.8115,1
C:\Users\taimo\OneDrive\Documents 1\work\ecg-synthetic-research\data\rendered\ptbxl\NORM\02737.png,NORM,NORM,0.897,1
C:\Users\taimo\OneDrive\Documents 1\work\ecg-synthetic-research\data\rendered\ptbxl\NORM\02764.png,NORM,NORM,0.8076,1
C:\Users\taimo\OneDrive\Documents 1\work\ecg-synthetic-research\data\rendered\ptbxl\NORM\02781.png,NORM,NORM,0.859,1
C:\Users\taimo\OneDrive\Documents 1\work\ecg-synthetic-research\data\rendered\ptbxl\NORM\02786.png,NORM,NORM,0.807,1
C:\Users\taimo\OneDrive\Documents 1\work\ecg-synthetic-research\data\rendered\ptbxl\NORM\02789.png,NORM,NORM,0.739,1
C:\Users\taimo\OneDrive\Documents 1\work\ecg-synthetic-research\data\rendered\ptbxl\NORM\02871.png,NORM,NORM,0.8,1
C:\Users\taimo\OneDrive\Documents 1\work\ecg-synthetic-research\data\rendered\ptbxl\NORM\02892.png,NORM,NORM,0.8984,1
C:\Users\taimo\OneDrive\Documents 1\work\ecg-synthetic-research\data\rendered\ptbxl\NORM\02912.png,NORM,NORM,0.8936,1
C:\Users\taimo\OneDrive\Documents 1\work\ecg-synthetic-research\data\rendered\ptbxl\NORM\02931.png,NORM,NORM,0.7905,1
C:\Users\taimo\OneDrive\Documents 1\work\ecg-synthetic-research\data\rendered\ptbxl\NORM\02945.png,NORM,NORM,0.7593,1
C:\Users\taimo\OneDrive\Documents 1\work\ecg-synthetic-research\data\rendered\ptbxl\NORM\03015.png,NORM,NORM,0.88,1
C:\Users\taimo\OneDrive\Documents 1\work\ecg-synthetic-research\data\rendered\ptbxl\NORM\03030.png,NORM,NORM,0.625,1
C:\Users\taimo\OneDrive\Documents 1\work\ecg-synthetic-research\data\rendered\ptbxl\NORM\03053.png,NORM,NORM,0.7974,1
C:\Users\taimo\OneDrive\Documents 1\work\ecg-synthetic-research\data\rendered\ptbxl\NORM\03056.png,NORM,NORM,0.705,1
C:\Users\taimo\OneDrive\Documents 1\work\ecg-synthetic-research\data\rendered\ptbxl\NORM\03103.png,NORM,NORM,0.873,1
C:\Users\taimo\OneDrive\Documents 1\work\ecg-synthetic-research\data\rendered\ptbxl\NORM\03143.png,NORM,NORM,0.8906,1
C:\Users\taimo\OneDrive\Documents 1\work\ecg-synthetic-research\data\rendered\ptbxl\NORM\03168.png,NORM,NORM,0.8184,1
C:\Users\taimo\OneDrive\Documents 1\work\ecg-synthetic-research\data\rendered\ptbxl\NORM\03190.png,NORM,NORM,0.8696,1
C:\Users\taimo\OneDrive\Documents 1\work\ecg-synthetic-research\data\rendered\ptbxl\NORM\03259.png,NORM,NORM,0.589,1
C:\Users\taimo\OneDrive\Documents 1\work\ecg-synthetic-research\data\rendered\ptbxl\NORM\03288.png,NORM,NORM,0.508,1
C:\Users\taimo\OneDrive\Documents 1\work\ecg-synthetic-research\data\rendered\ptbxl\NORM\03298.png,NORM,NORM,0.787,1
C:\Users\taimo\OneDrive\Documents 1\work\ecg-synthetic-research\data\rendered\ptbxl\NORM\03377.png,NORM,NORM,0.7485,1
C:\Users\taimo\OneDrive\Documents 1\work\ecg-synthetic-research\data\rendered\ptbxl\NORM\03384.png,NORM,NORM,0.702,1
C:\Users\taimo\OneDrive\Documents 1\work\ecg-synthetic-research\data\rendered\ptbxl\NORM\03395.png,NORM,NORM,0.796,1
C:\Users\taimo\OneDrive\Documents 1\work\ecg-synthetic-research\data\rendered\ptbxl\NORM\03397.png,NORM,NORM,0.615,1
C:\Users\taimo\OneDrive\Documents 1\work\ecg-synthetic-research\data\rendered\ptbxl\NORM\03413.png,NORM,NORM,0.6216,1
C:\Users\taimo\OneDrive\Documents 1\work\ecg-synthetic-research\data\rendered\ptbxl\NORM\03467.png,NORM,NORM,0.8486,1
C:\Users\taimo\OneDrive\Documents 1\work\ecg-synthetic-research\data\rendered\ptbxl\NORM\03486.png,NORM,MI,0.5127,0
C:\Users\taimo\OneDrive\Documents 1\work\ecg-synthetic-research\data\rendered\ptbxl\NORM\03569.png,NORM,NORM,0.7427,1
C:\Users\taimo\OneDrive\Documents 1\work\ecg-synthetic-research\data\rendered\ptbxl\NORM\03627.png,NORM,NORM,0.792,1
C:\Users\taimo\OneDrive\Documents 1\work\ecg-synthetic-research\data\rendered\ptbxl\NORM\03662.png,NORM,NORM,0.6045,1
C:\Users\taimo\OneDrive\Documents 1\work\ecg-synthetic-research\data\rendered\ptbxl\NORM\03712.png,NORM,NORM,0.5796,1
C:\Users\taimo\OneDrive\Documents 1\work\ecg-synthetic-research\data\rendered\ptbxl\NORM\03716.png,NORM,NORM,0.862,1
C:\Users\taimo\OneDrive\Documents 1\work\ecg-synthetic-research\data\rendered\ptbxl\NORM\03822.png,NORM,NORM,0.799,1
C:\Users\taimo\OneDrive\Documents 1\work\ecg-synthetic-research\data\rendered\ptbxl\NORM\03856.png,NORM,NORM,0.524,1
C:\Users\taimo\OneDrive\Documents 1\work\ecg-synthetic-research\data\rendered\ptbxl\NORM\03866.png,NORM,NORM,0.7485,1
C:\Users\taimo\OneDrive\Documents 1\work\ecg-synthetic-research\data\rendered\ptbxl\NORM\03928.png,NORM,NORM,0.738,1
C:\Users\taimo\OneDrive\Documents 1\work\ecg-synthetic-research\data\rendered\ptbxl\NORM\03991.png,NORM,NORM,0.674,1
C:\Users\taimo\OneDrive\Documents 1\work\ecg-synthetic-research\data\rendered\ptbxl\NORM\04074.png,NORM,NORM,0.675,1
C:\Users\taimo\OneDrive\Documents 1\work\ecg-synthetic-research\data\rendered\ptbxl\NORM\04171.png,NORM,NORM,0.708,1
C:\Users\taimo\OneDrive\Documents 1\work\ecg-synthetic-research\data\rendered\ptbxl\NORM\04210.png,NORM,NORM,0.908,1
C:\Users\taimo\OneDrive\Documents 1\work\ecg-synthetic-research\data\rendered\ptbxl\NORM\04252.png,NORM,NORM,0.6787,1
C:\Users\taimo\OneDrive\Documents 1\work\ecg-synthetic-research\data\rendered\ptbxl\NORM\04290.png,NORM,NORM,0.7334,1
C:\Users\taimo\OneDrive\Documents 1\work\ecg-synthetic-research\data\rendered\ptbxl\NORM\04346.png,NORM,NORM,0.739,1
C:\Users\taimo\OneDrive\Documents 1\work\ecg-synthetic-research\data\rendered\ptbxl\NORM\04411.png,NORM,NORM,0.752,1
C:\Users\taimo\OneDrive\Documents 1\work\ecg-synthetic-research\data\rendered\ptbxl\NORM\04413.png,NORM,NORM,0.8604,1
C:\Users\taimo\OneDrive\Documents 1\work\ecg-synthetic-research\data\rendered\ptbxl\NORM\04435.png,NORM,NORM,0.823,1
C:\Users\taimo\OneDrive\Documents 1\work\ecg-synthetic-research\data\rendered\ptbxl\NORM\04461.png,NORM,NORM,0.866,1
C:\Users\taimo\OneDrive\Documents 1\work\ecg-synthetic-research\data\rendered\ptbxl\NORM\04484.png,NORM,NORM,0.8438,1
C:\Users\taimo\OneDrive\Documents 1\work\ecg-synthetic-research\data\rendered\ptbxl\NORM\04507.png,NORM,NORM,0.8223,1
C:\Users\taimo\OneDrive\Documents 1\work\ecg-synthetic-research\data\rendered\ptbxl\NORM\04625.png,NORM,NORM,0.892,1
C:\Users\taimo\OneDrive\Documents 1\work\ecg-synthetic-research\data\rendered\ptbxl\NORM\04672.png,NORM,NORM,0.7393,1
C:\Users\taimo\OneDrive\Documents 1\work\ecg-synthetic-research\data\rendered\ptbxl\NORM\04808.png,NORM,NORM,0.6636,1
C:\Users\taimo\OneDrive\Documents 1\work\ecg-synthetic-research\data\rendered\ptbxl\NORM\04914.png,NORM,NORM,0.856,1
C:\Users\taimo\OneDrive\Documents 1\work\ecg-synthetic-research\data\rendered\ptbxl\NORM\04960.png,NORM,NORM,0.838,1
C:\Users\taimo\OneDrive\Documents 1\work\ecg-synthetic-research\data\rendered\ptbxl\NORM\04969.png,NORM,MI,0.5254,0
C:\Users\taimo\OneDrive\Documents 1\work\ecg-synthetic-research\data\rendered\ptbxl\NORM\05004.png,NORM,NORM,0.8774,1
C:\Users\taimo\OneDrive\Documents 1\work\ecg-synthetic-research\data\rendered\ptbxl\NORM\05019.png,NORM,MI,0.5444,0
C:\Users\taimo\OneDrive\Documents 1\work\ecg-synthetic-research\data\rendered\ptbxl\NORM\05097.png,NORM,NORM,0.823,1
C:\Users\taimo\OneDrive\Documents 1\work\ecg-synthetic-research\data\rendered\ptbxl\NORM\05184.png,NORM,NORM,0.7646,1
C:\Users\taimo\OneDrive\Documents 1\work\ecg-synthetic-research\data\rendered\ptbxl\NORM\05195.png,NORM,NORM,0.803,1
C:\Users\taimo\OneDrive\Documents 1\work\ecg-synthetic-research\data\rendered\ptbxl\NORM\05206.png,NORM,NORM,0.817,1
C:\Users\taimo\OneDrive\Documents 1\work\ecg-synthetic-research\data\rendered\ptbxl\NORM\05207.png,NORM,NORM,0.8457,1
C:\Users\taimo\OneDrive\Documents 1\work\ecg-synthetic-research\data\rendered\ptbxl\NORM\05220.png,NORM,NORM,0.538,1
C:\Users\taimo\OneDrive\Documents 1\work\ecg-synthetic-research\data\rendered\ptbxl\NORM\05236.png,NORM,NORM,0.71,1
C:\Users\taimo\OneDrive\Documents 1\work\ecg-synthetic-research\data\rendered\ptbxl\NORM\05243.png,NORM,NORM,0.798,1
C:\Users\taimo\OneDrive\Documents 1\work\ecg-synthetic-research\data\rendered\ptbxl\NORM\05285.png,NORM,NORM,0.6597,1
C:\Users\taimo\OneDrive\Documents 1\work\ecg-synthetic-research\data\rendered\ptbxl\NORM\05380.png,NORM,NORM,0.532,1
C:\Users\taimo\OneDrive\Documents 1\work\ecg-synthetic-research\data\rendered\ptbxl\NORM\05438.png,NORM,NORM,0.5425,1
C:\Users\taimo\OneDrive\Documents 1\work\ecg-synthetic-research\data\rendered\ptbxl\NORM\05453.png,NORM,NORM,0.8286,1
C:\Users\taimo\OneDrive\Documents 1\work\ecg-synthetic-research\data\rendered\ptbxl\NORM\05490.png,NORM,NORM,0.7188,1
C:\Users\taimo\OneDrive\Documents 1\work\ecg-synthetic-research\data\rendered\ptbxl\NORM\05503.png,NORM,NORM,0.787,1
C:\Users\taimo\OneDrive\Documents 1\work\ecg-synthetic-research\data\rendered\ptbxl\NORM\05508.png,NORM,NORM,0.8477,1
C:\Users\taimo\OneDrive\Documents 1\work\ecg-synthetic-research\data\rendered\ptbxl\NORM\05568.png,NORM,NORM,0.5176,1
C:\Users\taimo\OneDrive\Documents 1\work\ecg-synthetic-research\data\rendered\ptbxl\NORM\05626.png,NORM,NORM,0.8657,1
C:\Users\taimo\OneDrive\Documents 1\work\ecg-synthetic-research\data\rendered\ptbxl\NORM\05693.png,NORM,MI,0.5654,0
C:\Users\taimo\OneDrive\Documents 1\work\ecg-synthetic-research\data\rendered\ptbxl\NORM\05767.png,NORM,NORM,0.8438,1
C:\Users\taimo\OneDrive\Documents 1\work\ecg-synthetic-research\data\rendered\ptbxl\NORM\05852.png,NORM,NORM,0.685,1
C:\Users\taimo\OneDrive\Documents 1\work\ecg-synthetic-research\data\rendered\ptbxl\NORM\05968.png,NORM,NORM,0.754,1
C:\Users\taimo\OneDrive\Documents 1\work\ecg-synthetic-research\data\rendered\ptbxl\NORM\05972.png,NORM,NORM,0.792,1
C:\Users\taimo\OneDrive\Documents 1\work\ecg-synthetic-research\data\rendered\ptbxl\NORM\06002.png,NORM,NORM,0.783,1
C:\Users\taimo\OneDrive\Documents 1\work\ecg-synthetic-research\data\rendered\ptbxl\NORM\06006.png,NORM,NORM,0.754,1
C:\Users\taimo\OneDrive\Documents 1\work\ecg-synthetic-research\data\rendered\ptbxl\NORM\06009.png,NORM,NORM,0.823,1
C:\Users\taimo\OneDrive\Documents 1\work\ecg-synthetic-research\data\rendered\ptbxl\NORM\06043.png,NORM,NORM,0.882,1
C:\Users\taimo\OneDrive\Documents 1\work\ecg-synthetic-research\data\rendered\ptbxl\NORM\06079.png,NORM,NORM,0.844,1
C:\Users\taimo\OneDrive\Documents 1\work\ecg-synthetic-research\data\rendered\ptbxl\NORM\06219.png,NORM,NORM,0.8433,1
C:\Users\taimo\OneDrive\Documents 1\work\ecg-synthetic-research\data\rendered\ptbxl\NORM\06268.png,NORM,NORM,0.872,1
C:\Users\taimo\OneDrive\Documents 1\work\ecg-synthetic-research\data\rendered\ptbxl\NORM\06333.png,NORM,NORM,0.865,1
C:\Users\taimo\OneDrive\Documents 1\work\ecg-synthetic-research\data\rendered\ptbxl\NORM\06406.png,NORM,NORM,0.888,1
C:\Users\taimo\OneDrive\Documents 1\work\ecg-synthetic-research\data\rendered\ptbxl\NORM\06593.png,NORM,NORM,0.5093,1
C:\Users\taimo\OneDrive\Documents 1\work\ecg-synthetic-research\data\rendered\ptbxl\NORM\06597.png,NORM,NORM,0.6934,1
C:\Users\taimo\OneDrive\Documents 1\work\ecg-synthetic-research\data\rendered\ptbxl\NORM\06601.png,NORM,NORM,0.8325,1
C:\Users\taimo\OneDrive\Documents 1\work\ecg-synthetic-research\data\rendered\ptbxl\NORM\06617.png,NORM,NORM,0.8516,1
C:\Users\taimo\OneDrive\Documents 1\work\ecg-synthetic-research\data\rendered\ptbxl\NORM\06745.png,NORM,NORM,0.785,1
C:\Users\taimo\OneDrive\Documents 1\work\ecg-synthetic-research\data\rendered\ptbxl\NORM\06748.png,NORM,NORM,0.838,1
C:\Users\taimo\OneDrive\Documents 1\work\ecg-synthetic-research\data\rendered\ptbxl\NORM\06875.png,NORM,NORM,0.8345,1
C:\Users\taimo\OneDrive\Documents 1\work\ecg-synthetic-research\data\rendered\ptbxl\NORM\06978.png,NORM,NORM,0.706,1
C:\Users\taimo\OneDrive\Documents 1\work\ecg-synthetic-research\data\rendered\ptbxl\NORM\07021.png,NORM,NORM,0.5317,1
C:\Users\taimo\OneDrive\Documents 1\work\ecg-synthetic-research\data\rendered\ptbxl\NORM\07056.png,NORM,NORM,0.8003,1
C:\Users\taimo\OneDrive\Documents 1\work\ecg-synthetic-research\data\rendered\ptbxl\NORM\07201.png,NORM,NORM,0.899,1
C:\Users\taimo\OneDrive\Documents 1\work\ecg-synthetic-research\data\rendered\ptbxl\NORM\07219.png,NORM,NORM,0.736,1
C:\Users\taimo\OneDrive\Documents 1\work\ecg-synthetic-research\data\rendered\ptbxl\NORM\07263.png,NORM,NORM,0.732,1
C:\Users\taimo\OneDrive\Documents 1\work\ecg-synthetic-research\data\rendered\ptbxl\NORM\07368.png,NORM,NORM,0.8447,1
C:\Users\taimo\OneDrive\Documents 1\work\ecg-synthetic-research\data\rendered\ptbxl\NORM\07417.png,NORM,NORM,0.6055,1
C:\Users\taimo\OneDrive\Documents 1\work\ecg-synthetic-research\data\rendered\ptbxl\NORM\07530.png,NORM,NORM,0.7764,1
C:\Users\taimo\OneDrive\Documents 1\work\ecg-synthetic-research\data\rendered\ptbxl\NORM\07568.png,NORM,NORM,0.898,1
C:\Users\taimo\OneDrive\Documents 1\work\ecg-synthetic-research\data\rendered\ptbxl\NORM\07597.png,NORM,NORM,0.798,1
C:\Users\taimo\OneDrive\Documents 1\work\ecg-synthetic-research\data\rendered\ptbxl\NORM\07615.png,NORM,NORM,0.8887,1
C:\Users\taimo\OneDrive\Documents 1\work\ecg-synthetic-research\data\rendered\ptbxl\NORM\07808.png,NORM,MI,0.5684,0
C:\Users\taimo\OneDrive\Documents 1\work\ecg-synthetic-research\data\rendered\ptbxl\NORM\07929.png,NORM,NORM,0.8,1
C:\Users\taimo\OneDrive\Documents 1\work\ecg-synthetic-research\data\rendered\ptbxl\NORM\07933.png,NORM,NORM,0.7715,1
C:\Users\taimo\OneDrive\Documents 1\work\ecg-synthetic-research\data\rendered\ptbxl\NORM\07941.png,NORM,NORM,0.7476,1
C:\Users\taimo\OneDrive\Documents 1\work\ecg-synthetic-research\data\rendered\ptbxl\NORM\08056.png,NORM,NORM,0.875,1
C:\Users\taimo\OneDrive\Documents 1\work\ecg-synthetic-research\data\rendered\ptbxl\NORM\08057.png,NORM,NORM,0.7734,1
C:\Users\taimo\OneDrive\Documents 1\work\ecg-synthetic-research\data\rendered\ptbxl\NORM\08068.png,NORM,NORM,0.699,1
C:\Users\taimo\OneDrive\Documents 1\work\ecg-synthetic-research\data\rendered\ptbxl\NORM\08078.png,NORM,NORM,0.8013,1
C:\Users\taimo\OneDrive\Documents 1\work\ecg-synthetic-research\data\rendered\ptbxl\NORM\08146.png,NORM,NORM,0.6733,1
C:\Users\taimo\OneDrive\Documents 1\work\ecg-synthetic-research\data\rendered\ptbxl\NORM\08158.png,NORM,MI,0.5264,0
C:\Users\taimo\OneDrive\Documents 1\work\ecg-synthetic-research\data\rendered\ptbxl\NORM\08217.png,NORM,NORM,0.837,1
C:\Users\taimo\OneDrive\Documents 1\work\ecg-synthetic-research\data\rendered\ptbxl\NORM\08234.png,NORM,NORM,0.649,1
C:\Users\taimo\OneDrive\Documents 1\work\ecg-synthetic-research\data\rendered\ptbxl\NORM\08288.png,NORM,NORM,0.7715,1
C:\Users\taimo\OneDrive\Documents 1\work\ecg-synthetic-research\data\rendered\ptbxl\NORM\08299.png,NORM,NORM,0.771,1
C:\Users\taimo\OneDrive\Documents 1\work\ecg-synthetic-research\data\rendered\ptbxl\NORM\08314.png,NORM,NORM,0.692,1
C:\Users\taimo\OneDrive\Documents 1\work\ecg-synthetic-research\data\rendered\ptbxl\NORM\08383.png,NORM,NORM,0.5547,1
C:\Users\taimo\OneDrive\Documents 1\work\ecg-synthetic-research\data\rendered\ptbxl\NORM\08402.png,NORM,NORM,0.8335,1
C:\Users\taimo\OneDrive\Documents 1\work\ecg-synthetic-research\data\rendered\ptbxl\NORM\08433.png,NORM,NORM,0.6426,1
C:\Users\taimo\OneDrive\Documents 1\work\ecg-synthetic-research\data\rendered\ptbxl\NORM\08439.png,NORM,NORM,0.675,1
C:\Users\taimo\OneDrive\Documents 1\work\ecg-synthetic-research\data\rendered\ptbxl\NORM\08526.png,NORM,NORM,0.7393,1
C:\Users\taimo\OneDrive\Documents 1\work\ecg-synthetic-research\data\rendered\ptbxl\NORM\08555.png,NORM,NORM,0.7866,1
C:\Users\taimo\OneDrive\Documents 1\work\ecg-synthetic-research\data\rendered\ptbxl\NORM\08589.png,NORM,NORM,0.5005,1
C:\Users\taimo\OneDrive\Documents 1\work\ecg-synthetic-research\data\rendered\ptbxl\NORM\08607.png,NORM,NORM,0.8086,1
C:\Users\taimo\OneDrive\Documents 1\work\ecg-synthetic-research\data\rendered\ptbxl\NORM\08633.png,NORM,NORM,0.7686,1
C:\Users\taimo\OneDrive\Documents 1\work\ecg-synthetic-research\data\rendered\ptbxl\NORM\08645.png,NORM,NORM,0.836,1
C:\Users\taimo\OneDrive\Documents 1\work\ecg-synthetic-research\data\rendered\ptbxl\NORM\08702.png,NORM,NORM,0.895,1
C:\Users\taimo\OneDrive\Documents 1\work\ecg-synthetic-research\data\rendered\ptbxl\NORM\08727.png,NORM,NORM,0.542,1
C:\Users\taimo\OneDrive\Documents 1\work\ecg-synthetic-research\data\rendered\ptbxl\NORM\08743.png,NORM,NORM,0.753,1
C:\Users\taimo\OneDrive\Documents 1\work\ecg-synthetic-research\data\rendered\ptbxl\NORM\08790.png,NORM,NORM,0.6953,1
C:\Users\taimo\OneDrive\Documents 1\work\ecg-synthetic-research\data\rendered\ptbxl\NORM\08853.png,NORM,NORM,0.8315,1
C:\Users\taimo\OneDrive\Documents 1\work\ecg-synthetic-research\data\rendered\ptbxl\NORM\09069.png,NORM,NORM,0.815,1
C:\Users\taimo\OneDrive\Documents 1\work\ecg-synthetic-research\data\rendered\ptbxl\NORM\09076.png,NORM,NORM,0.5806,1
C:\Users\taimo\OneDrive\Documents 1\work\ecg-synthetic-research\data\rendered\ptbxl\NORM\09099.png,NORM,NORM,0.854,1
C:\Users\taimo\OneDrive\Documents 1\work\ecg-synthetic-research\data\rendered\ptbxl\NORM\09137.png,NORM,AFIB,0.398,0
C:\Users\taimo\OneDrive\Documents 1\work\ecg-synthetic-research\data\rendered\ptbxl\NORM\09175.png,NORM,NORM,0.7217,1
C:\Users\taimo\OneDrive\Documents 1\work\ecg-synthetic-research\data\rendered\ptbxl\NORM\09184.png,NORM,NORM,0.841,1
C:\Users\taimo\OneDrive\Documents 1\work\ecg-synthetic-research\data\rendered\ptbxl\NORM\09272.png,NORM,NORM,0.6494,1
C:\Users\taimo\OneDrive\Documents 1\work\ecg-synthetic-research\data\rendered\ptbxl\NORM\09273.png,NORM,NORM,0.5337,1
C:\Users\taimo\OneDrive\Documents 1\work\ecg-synthetic-research\data\rendered\ptbxl\NORM\09277.png,NORM,MI,0.6294,0
C:\Users\taimo\OneDrive\Documents 1\work\ecg-synthetic-research\data\rendered\ptbxl\NORM\09285.png,NORM,NORM,0.811,1
C:\Users\taimo\OneDrive\Documents 1\work\ecg-synthetic-research\data\rendered\ptbxl\NORM\09300.png,NORM,NORM,0.721,1
C:\Users\taimo\OneDrive\Documents 1\work\ecg-synthetic-research\data\rendered\ptbxl\NORM\09332.png,NORM,NORM,0.8022,1
C:\Users\taimo\OneDrive\Documents 1\work\ecg-synthetic-research\data\rendered\ptbxl\NORM\09431.png,NORM,NORM,0.703,1
C:\Users\taimo\OneDrive\Documents 1\work\ecg-synthetic-research\data\rendered\ptbxl\NORM\09438.png,NORM,NORM,0.6694,1
C:\Users\taimo\OneDrive\Documents 1\work\ecg-synthetic-research\data\rendered\ptbxl\NORM\09479.png,NORM,MI,0.4565,0
C:\Users\taimo\OneDrive\Documents 1\work\ecg-synthetic-research\data\rendered\ptbxl\NORM\09521.png,NORM,NORM,0.837,1
C:\Users\taimo\OneDrive\Documents 1\work\ecg-synthetic-research\data\rendered\ptbxl\NORM\09531.png,NORM,NORM,0.6455,1
C:\Users\taimo\OneDrive\Documents 1\work\ecg-synthetic-research\data\rendered\ptbxl\NORM\09567.png,NORM,NORM,0.541,1
C:\Users\taimo\OneDrive\Documents 1\work\ecg-synthetic-research\data\rendered\ptbxl\NORM\09689.png,NORM,NORM,0.873,1
C:\Users\taimo\OneDrive\Documents 1\work\ecg-synthetic-research\data\rendered\ptbxl\NORM\09696.png,NORM,NORM,0.512,1
C:\Users\taimo\OneDrive\Documents 1\work\ecg-synthetic-research\data\rendered\ptbxl\NORM\09736.png,NORM,TACHY,0.703,0
C:\Users\taimo\OneDrive\Documents 1\work\ecg-synthetic-research\data\rendered\ptbxl\NORM\09779.png,NORM,NORM,0.7783,1
C:\Users\taimo\OneDrive\Documents 1\work\ecg-synthetic-research\data\rendered\ptbxl\NORM\09903.png,NORM,NORM,0.7803,1
C:\Users\taimo\OneDrive\Documents 1\work\ecg-synthetic-research\data\rendered\ptbxl\NORM\09909.png,NORM,NORM,0.671,1
C:\Users\taimo\OneDrive\Documents 1\work\ecg-synthetic-research\data\rendered\ptbxl\NORM\10019.png,NORM,NORM,0.752,1
C:\Users\taimo\OneDrive\Documents 1\work\ecg-synthetic-research\data\rendered\ptbxl\NORM\10050.png,NORM,NORM,0.7827,1
C:\Users\taimo\OneDrive\Documents 1\work\ecg-synthetic-research\data\rendered\ptbxl\NORM\10059.png,NORM,NORM,0.7,1
C:\Users\taimo\OneDrive\Documents 1\work\ecg-synthetic-research\data\rendered\ptbxl\NORM\10069.png,NORM,NORM,0.724,1
C:\Users\taimo\OneDrive\Documents 1\work\ecg-synthetic-research\data\rendered\ptbxl\NORM\10099.png,NORM,NORM,0.846,1
C:\Users\taimo\OneDrive\Documents 1\work\ecg-synthetic-research\data\rendered\ptbxl\NORM\10119.png,NORM,NORM,0.776,1
C:\Users\taimo\OneDrive\Documents 1\work\ecg-synthetic-research\data\rendered\ptbxl\NORM\10172.png,NORM,NORM,0.772,1
C:\Users\taimo\OneDrive\Documents 1\work\ecg-synthetic-research\data\rendered\ptbxl\NORM\10182.png,NORM,NORM,0.9067,1
C:\Users\taimo\OneDrive\Documents 1\work\ecg-synthetic-research\data\rendered\ptbxl\NORM\10198.png,NORM,NORM,0.743,1
C:\Users\taimo\OneDrive\Documents 1\work\ecg-synthetic-research\data\rendered\ptbxl\NORM\10276.png,NORM,NORM,0.7534,1
C:\Users\taimo\OneDrive\Documents 1\work\ecg-synthetic-research\data\rendered\ptbxl\NORM\10278.png,NORM,NORM,0.8496,1
C:\Users\taimo\OneDrive\Documents 1\work\ecg-synthetic-research\data\rendered\ptbxl\NORM\10363.png,NORM,NORM,0.8574,1
C:\Users\taimo\OneDrive\Documents 1\work\ecg-synthetic-research\data\rendered\ptbxl\NORM\10412.png,NORM,NORM,0.7983,1
C:\Users\taimo\OneDrive\Documents 1\work\ecg-synthetic-research\data\rendered\ptbxl\NORM\10462.png,NORM,NORM,0.78,1
C:\Users\taimo\OneDrive\Documents 1\work\ecg-synthetic-research\data\rendered\ptbxl\NORM\10498.png,NORM,NORM,0.821,1
C:\Users\taimo\OneDrive\Documents 1\work\ecg-synthetic-research\data\rendered\ptbxl\NORM\10524.png,NORM,NORM,0.736,1
C:\Users\taimo\OneDrive\Documents 1\work\ecg-synthetic-research\data\rendered\ptbxl\NORM\10582.png,NORM,NORM,0.629,1
C:\Users\taimo\OneDrive\Documents 1\work\ecg-synthetic-research\data\rendered\ptbxl\NORM\10595.png,NORM,NORM,0.782,1
C:\Users\taimo\OneDrive\Documents 1\work\ecg-synthetic-research\data\rendered\ptbxl\NORM\10641.png,NORM,NORM,0.7686,1
C:\Users\taimo\OneDrive\Documents 1\work\ecg-synthetic-research\data\rendered\ptbxl\NORM\10679.png,NORM,NORM,0.7534,1
C:\Users\taimo\OneDrive\Documents 1\work\ecg-synthetic-research\data\rendered\ptbxl\NORM\10685.png,NORM,NORM,0.8804,1
C:\Users\taimo\OneDrive\Documents 1\work\ecg-synthetic-research\data\rendered\ptbxl\NORM\10823.png,NORM,NORM,0.788,1
C:\Users\taimo\OneDrive\Documents 1\work\ecg-synthetic-research\data\rendered\ptbxl\NORM\10841.png,NORM,NORM,0.6343,1
C:\Users\taimo\OneDrive\Documents 1\work\ecg-synthetic-research\data\rendered\ptbxl\NORM\10915.png,NORM,NORM,0.8286,1
C:\Users\taimo\OneDrive\Documents 1\work\ecg-synthetic-research\data\rendered\ptbxl\NORM\10975.png,NORM,NORM,0.524,1
C:\Users\taimo\OneDrive\Documents 1\work\ecg-synthetic-research\data\rendered\ptbxl\NORM\10983.png,NORM,NORM,0.703,1
C:\Users\taimo\OneDrive\Documents 1\work\ecg-synthetic-research\data\rendered\ptbxl\NORM\11058.png,NORM,NORM,0.843,1
C:\Users\taimo\OneDrive\Documents 1\work\ecg-synthetic-research\data\rendered\ptbxl\NORM\11076.png,NORM,NORM,0.748,1
C:\Users\taimo\OneDrive\Documents 1\work\ecg-synthetic-research\data\rendered\ptbxl\NORM\11079.png,NORM,NORM,0.7,1
C:\Users\taimo\OneDrive\Documents 1\work\ecg-synthetic-research\data\rendered\ptbxl\NORM\11084.png,NORM,NORM,0.721,1
C:\Users\taimo\OneDrive\Documents 1\work\ecg-synthetic-research\data\rendered\ptbxl\NORM\11105.png,NORM,NORM,0.6714,1
C:\Users\taimo\OneDrive\Documents 1\work\ecg-synthetic-research\data\rendered\ptbxl\NORM\11145.png,NORM,NORM,0.8257,1
C:\Users\taimo\OneDrive\Documents 1\work\ecg-synthetic-research\data\rendered\ptbxl\NORM\11149.png,NORM,NORM,0.769,1
C:\Users\taimo\OneDrive\Documents 1\work\ecg-synthetic-research\data\rendered\ptbxl\NORM\11168.png,NORM,NORM,0.8037,1
C:\Users\taimo\OneDrive\Documents 1\work\ecg-synthetic-research\data\rendered\ptbxl\NORM\11178.png,NORM,NORM,0.4773,1
C:\Users\taimo\OneDrive\Documents 1\work\ecg-synthetic-research\data\rendered\ptbxl\NORM\11403.png,NORM,NORM,0.8857,1
C:\Users\taimo\OneDrive\Documents 1\work\ecg-synthetic-research\data\rendered\ptbxl\NORM\11459.png,NORM,NORM,0.8486,1
C:\Users\taimo\OneDrive\Documents 1\work\ecg-synthetic-research\data\rendered\ptbxl\NORM\11484.png,NORM,NORM,0.801,1
C:\Users\taimo\OneDrive\Documents 1\work\ecg-synthetic-research\data\rendered\ptbxl\NORM\11558.png,NORM,NORM,0.772,1
C:\Users\taimo\OneDrive\Documents 1\work\ecg-synthetic-research\data\rendered\ptbxl\NORM\11635.png,NORM,NORM,0.5073,1
C:\Users\taimo\OneDrive\Documents 1\work\ecg-synthetic-research\data\rendered\ptbxl\NORM\11782.png,NORM,NORM,0.901,1
C:\Users\taimo\OneDrive\Documents 1\work\ecg-synthetic-research\data\rendered\ptbxl\NORM\11790.png,NORM,NORM,0.861,1
C:\Users\taimo\OneDrive\Documents 1\work\ecg-synthetic-research\data\rendered\ptbxl\NORM\11820.png,NORM,NORM,0.787,1
C:\Users\taimo\OneDrive\Documents 1\work\ecg-synthetic-research\data\rendered\ptbxl\NORM\11874.png,NORM,NORM,0.834,1
C:\Users\taimo\OneDrive\Documents 1\work\ecg-synthetic-research\data\rendered\ptbxl\NORM\11885.png,NORM,NORM,0.75,1
C:\Users\taimo\OneDrive\Documents 1\work\ecg-synthetic-research\data\rendered\ptbxl\NORM\11891.png,NORM,NORM,0.747,1
C:\Users\taimo\OneDrive\Documents 1\work\ecg-synthetic-research\data\rendered\ptbxl\NORM\11979.png,NORM,MI,0.62,0
C:\Users\taimo\OneDrive\Documents 1\work\ecg-synthetic-research\data\rendered\ptbxl\NORM\11990.png,NORM,NORM,0.806,1
C:\Users\taimo\OneDrive\Documents 1\work\ecg-synthetic-research\data\rendered\ptbxl\NORM\12010.png,NORM,NORM,0.905,1
C:\Users\taimo\OneDrive\Documents 1\work\ecg-synthetic-research\data\rendered\ptbxl\NORM\12038.png,NORM,NORM,0.9185,1
C:\Users\taimo\OneDrive\Documents 1\work\ecg-synthetic-research\data\rendered\ptbxl\NORM\12076.png,NORM,NORM,0.523,1
C:\Users\taimo\OneDrive\Documents 1\work\ecg-synthetic-research\data\rendered\ptbxl\NORM\12183.png,NORM,NORM,0.505,1
C:\Users\taimo\OneDrive\Documents 1\work\ecg-synthetic-research\data\rendered\ptbxl\NORM\12267.png,NORM,NORM,0.7295,1
C:\Users\taimo\OneDrive\Documents 1\work\ecg-synthetic-research\data\rendered\ptbxl\NORM\12283.png,NORM,NORM,0.4138,1
C:\Users\taimo\OneDrive\Documents 1\work\ecg-synthetic-research\data\rendered\ptbxl\NORM\12284.png,NORM,NORM,0.777,1
C:\Users\taimo\OneDrive\Documents 1\work\ecg-synthetic-research\data\rendered\ptbxl\NORM\12408.png,NORM,NORM,0.592,1
C:\Users\taimo\OneDrive\Documents 1\work\ecg-synthetic-research\data\rendered\ptbxl\NORM\12549.png,NORM,NORM,0.7456,1
C:\Users\taimo\OneDrive\Documents 1\work\ecg-synthetic-research\data\rendered\ptbxl\NORM\12553.png,NORM,NORM,0.7188,1
C:\Users\taimo\OneDrive\Documents 1\work\ecg-synthetic-research\data\rendered\ptbxl\NORM\12563.png,NORM,NORM,0.7466,1
C:\Users\taimo\OneDrive\Documents 1\work\ecg-synthetic-research\data\rendered\ptbxl\NORM\12704.png,NORM,NORM,0.7705,1
C:\Users\taimo\OneDrive\Documents 1\work\ecg-synthetic-research\data\rendered\ptbxl\NORM\12725.png,NORM,NORM,0.8857,1
C:\Users\taimo\OneDrive\Documents 1\work\ecg-synthetic-research\data\rendered\ptbxl\NORM\12833.png,NORM,NORM,0.764,1
C:\Users\taimo\OneDrive\Documents 1\work\ecg-synthetic-research\data\rendered\ptbxl\NORM\12925.png,NORM,NORM,0.795,1
C:\Users\taimo\OneDrive\Documents 1\work\ecg-synthetic-research\data\rendered\ptbxl\NORM\12931.png,NORM,NORM,0.7188,1
C:\Users\taimo\OneDrive\Documents 1\work\ecg-synthetic-research\data\rendered\ptbxl\NORM\13088.png,NORM,NORM,0.796,1
C:\Users\taimo\OneDrive\Documents 1\work\ecg-synthetic-research\data\rendered\ptbxl\NORM\13181.png,NORM,NORM,0.706,1
C:\Users\taimo\OneDrive\Documents 1\work\ecg-synthetic-research\data\rendered\ptbxl\NORM\13202.png,NORM,NORM,0.6323,1
C:\Users\taimo\OneDrive\Documents 1\work\ecg-synthetic-research\data\rendered\ptbxl\NORM\13211.png,NORM,NORM,0.8135,1
C:\Users\taimo\OneDrive\Documents 1\work\ecg-synthetic-research\data\rendered\ptbxl\NORM\13226.png,NORM,MI,0.5356,0
C:\Users\taimo\OneDrive\Documents 1\work\ecg-synthetic-research\data\rendered\ptbxl\NORM\13342.png,NORM,NORM,0.584,1
C:\Users\taimo\OneDrive\Documents 1\work\ecg-synthetic-research\data\rendered\ptbxl\NORM\13354.png,NORM,NORM,0.511,1
C:\Users\taimo\OneDrive\Documents 1\work\ecg-synthetic-research\data\rendered\ptbxl\NORM\13438.png,NORM,NORM,0.805,1
C:\Users\taimo\OneDrive\Documents 1\work\ecg-synthetic-research\data\rendered\ptbxl\NORM\13497.png,NORM,NORM,0.77,1
C:\Users\taimo\OneDrive\Documents 1\work\ecg-synthetic-research\data\rendered\ptbxl\NORM\13502.png,NORM,NORM,0.877,1
C:\Users\taimo\OneDrive\Documents 1\work\ecg-synthetic-research\data\rendered\ptbxl\NORM\13560.png,NORM,NORM,0.6587,1
C:\Users\taimo\OneDrive\Documents 1\work\ecg-synthetic-research\data\rendered\ptbxl\NORM\13591.png,NORM,NORM,0.828,1
C:\Users\taimo\OneDrive\Documents 1\work\ecg-synthetic-research\data\rendered\ptbxl\NORM\13610.png,NORM,NORM,0.6655,1
C:\Users\taimo\OneDrive\Documents 1\work\ecg-synthetic-research\data\rendered\ptbxl\NORM\13643.png,NORM,NORM,0.7144,1
C:\Users\taimo\OneDrive\Documents 1\work\ecg-synthetic-research\data\rendered\ptbxl\NORM\13669.png,NORM,NORM,0.692,1
C:\Users\taimo\OneDrive\Documents 1\work\ecg-synthetic-research\data\rendered\ptbxl\NORM\13688.png,NORM,TACHY,0.471,0
C:\Users\taimo\OneDrive\Documents 1\work\ecg-synthetic-research\data\rendered\ptbxl\NORM\13691.png,NORM,NORM,0.7607,1
C:\Users\taimo\OneDrive\Documents 1\work\ecg-synthetic-research\data\rendered\ptbxl\NORM\13746.png,NORM,NORM,0.835,1
C:\Users\taimo\OneDrive\Documents 1\work\ecg-synthetic-research\data\rendered\ptbxl\NORM\13759.png,NORM,NORM,0.893,1
C:\Users\taimo\OneDrive\Documents 1\work\ecg-synthetic-research\data\rendered\ptbxl\NORM\13776.png,NORM,NORM,0.7334,1
C:\Users\taimo\OneDrive\Documents 1\work\ecg-synthetic-research\data\rendered\ptbxl\NORM\13833.png,NORM,NORM,0.7554,1
C:\Users\taimo\OneDrive\Documents 1\work\ecg-synthetic-research\data\rendered\ptbxl\NORM\13876.png,NORM,NORM,0.906,1
C:\Users\taimo\OneDrive\Documents 1\work\ecg-synthetic-research\data\rendered\ptbxl\NORM\13895.png,NORM,NORM,0.772,1
C:\Users\taimo\OneDrive\Documents 1\work\ecg-synthetic-research\data\rendered\ptbxl\NORM\13924.png,NORM,NORM,0.5557,1
C:\Users\taimo\OneDrive\Documents 1\work\ecg-synthetic-research\data\rendered\ptbxl\NORM\13961.png,NORM,NORM,0.625,1
C:\Users\taimo\OneDrive\Documents 1\work\ecg-synthetic-research\data\rendered\ptbxl\NORM\13970.png,NORM,NORM,0.71,1
C:\Users\taimo\OneDrive\Documents 1\work\ecg-synthetic-research\data\rendered\ptbxl\NORM\14012.png,NORM,NORM,0.8403,1
C:\Users\taimo\OneDrive\Documents 1\work\ecg-synthetic-research\data\rendered\ptbxl\NORM\14023.png,NORM,NORM,0.8145,1
C:\Users\taimo\OneDrive\Documents 1\work\ecg-synthetic-research\data\rendered\ptbxl\NORM\14049.png,NORM,MI,0.557,0
C:\Users\taimo\OneDrive\Documents 1\work\ecg-synthetic-research\data\rendered\ptbxl\NORM\14068.png,NORM,NORM,0.856,1
C:\Users\taimo\OneDrive\Documents 1\work\ecg-synthetic-research\data\rendered\ptbxl\NORM\14150.png,NORM,NORM,0.754,1
C:\Users\taimo\OneDrive\Documents 1\work\ecg-synthetic-research\data\rendered\ptbxl\NORM\14204.png,NORM,NORM,0.838,1
C:\Users\taimo\OneDrive\Documents 1\work\ecg-synthetic-research\data\rendered\ptbxl\NORM\14236.png,NORM,MI,0.599,0
C:\Users\taimo\OneDrive\Documents 1\work\ecg-synthetic-research\data\rendered\ptbxl\NORM\14310.png,NORM,NORM,0.853,1
C:\Users\taimo\OneDrive\Documents 1\work\ecg-synthetic-research\data\rendered\ptbxl\NORM\14352.png,NORM,NORM,0.7803,1
C:\Users\taimo\OneDrive\Documents 1\work\ecg-synthetic-research\data\rendered\ptbxl\NORM\14353.png,NORM,NORM,0.8203,1
C:\Users\taimo\OneDrive\Documents 1\work\ecg-synthetic-research\data\rendered\ptbxl\NORM\14359.png,NORM,NORM,0.629,1
C:\Users\taimo\OneDrive\Documents 1\work\ecg-synthetic-research\data\rendered\ptbxl\NORM\14375.png,NORM,NORM,0.854,1
C:\Users\taimo\OneDrive\Documents 1\work\ecg-synthetic-research\data\rendered\ptbxl\NORM\14381.png,NORM,NORM,0.838,1
C:\Users\taimo\OneDrive\Documents 1\work\ecg-synthetic-research\data\rendered\ptbxl\NORM\14426.png,NORM,NORM,0.7437,1
C:\Users\taimo\OneDrive\Documents 1\work\ecg-synthetic-research\data\rendered\ptbxl\NORM\14452.png,NORM,NORM,0.8633,1
C:\Users\taimo\OneDrive\Documents 1\work\ecg-synthetic-research\data\rendered\ptbxl\NORM\14459.png,NORM,NORM,0.8877,1
C:\Users\taimo\OneDrive\Documents 1\work\ecg-synthetic-research\data\rendered\ptbxl\NORM\14463.png,NORM,NORM,0.822,1
C:\Users\taimo\OneDrive\Documents 1\work\ecg-synthetic-research\data\rendered\ptbxl\NORM\14575.png,NORM,NORM,0.5522,1
C:\Users\taimo\OneDrive\Documents 1\work\ecg-synthetic-research\data\rendered\ptbxl\NORM\14595.png,NORM,NORM,0.769,1
C:\Users\taimo\OneDrive\Documents 1\work\ecg-synthetic-research\data\rendered\ptbxl\NORM\14642.png,NORM,NORM,0.695,1
C:\Users\taimo\OneDrive\Documents 1\work\ecg-synthetic-research\data\rendered\ptbxl\NORM\14652.png,NORM,NORM,0.879,1
C:\Users\taimo\OneDrive\Documents 1\work\ecg-synthetic-research\data\rendered\ptbxl\NORM\14662.png,NORM,NORM,0.729,1
C:\Users\taimo\OneDrive\Documents 1\work\ecg-synthetic-research\data\rendered\ptbxl\NORM\14755.png,NORM,NORM,0.932,1
C:\Users\taimo\OneDrive\Documents 1\work\ecg-synthetic-research\data\rendered\ptbxl\NORM\14756.png,NORM,NORM,0.839,1
C:\Users\taimo\OneDrive\Documents 1\work\ecg-synthetic-research\data\rendered\ptbxl\NORM\14877.png,NORM,NORM,0.5767,1
C:\Users\taimo\OneDrive\Documents 1\work\ecg-synthetic-research\data\rendered\ptbxl\NORM\14892.png,NORM,NORM,0.6616,1
C:\Users\taimo\OneDrive\Documents 1\work\ecg-synthetic-research\data\rendered\ptbxl\NORM\14940.png,NORM,NORM,0.5405,1
C:\Users\taimo\OneDrive\Documents 1\work\ecg-synthetic-research\data\rendered\ptbxl\NORM\14972.png,NORM,NORM,0.5786,1
C:\Users\taimo\OneDrive\Documents 1\work\ecg-synthetic-research\data\rendered\ptbxl\NORM\15008.png,NORM,NORM,0.8936,1
C:\Users\taimo\OneDrive\Documents 1\work\ecg-synthetic-research\data\rendered\ptbxl\NORM\15009.png,NORM,MI,0.3564,0
C:\Users\taimo\OneDrive\Documents 1\work\ecg-synthetic-research\data\rendered\ptbxl\NORM\15056.png,NORM,NORM,0.8906,1
C:\Users\taimo\OneDrive\Documents 1\work\ecg-synthetic-research\data\rendered\ptbxl\NORM\15095.png,NORM,NORM,0.734,1
C:\Users\taimo\OneDrive\Documents 1\work\ecg-synthetic-research\data\rendered\ptbxl\NORM\15105.png,NORM,NORM,0.7676,1
C:\Users\taimo\OneDrive\Documents 1\work\ecg-synthetic-research\data\rendered\ptbxl\NORM\15117.png,NORM,NORM,0.8403,1
C:\Users\taimo\OneDrive\Documents 1\work\ecg-synthetic-research\data\rendered\ptbxl\NORM\15137.png,NORM,NORM,0.879,1
C:\Users\taimo\OneDrive\Documents 1\work\ecg-synthetic-research\data\rendered\ptbxl\NORM\15160.png,NORM,NORM,0.748,1
C:\Users\taimo\OneDrive\Documents 1\work\ecg-synthetic-research\data\rendered\ptbxl\NORM\15173.png,NORM,NORM,0.7188,1
C:\Users\taimo\OneDrive\Documents 1\work\ecg-synthetic-research\data\rendered\ptbxl\NORM\15221.png,NORM,NORM,0.678,1
C:\Users\taimo\OneDrive\Documents 1\work\ecg-synthetic-research\data\rendered\ptbxl\NORM\15223.png,NORM,NORM,0.639,1
C:\Users\taimo\OneDrive\Documents 1\work\ecg-synthetic-research\data\rendered\ptbxl\NORM\15386.png,NORM,NORM,0.5024,1
C:\Users\taimo\OneDrive\Documents 1\work\ecg-synthetic-research\data\rendered\ptbxl\NORM\15406.png,NORM,NORM,0.7954,1
C:\Users\taimo\OneDrive\Documents 1\work\ecg-synthetic-research\data\rendered\ptbxl\NORM\15587.png,NORM,NORM,0.727,1
C:\Users\taimo\OneDrive\Documents 1\work\ecg-synthetic-research\data\rendered\ptbxl\NORM\15630.png,NORM,MI,0.575,0
C:\Users\taimo\OneDrive\Documents 1\work\ecg-synthetic-research\data\rendered\ptbxl\NORM\15663.png,NORM,NORM,0.8784,1
C:\Users\taimo\OneDrive\Documents 1\work\ecg-synthetic-research\data\rendered\ptbxl\NORM\15717.png,NORM,NORM,0.807,1
C:\Users\taimo\OneDrive\Documents 1\work\ecg-synthetic-research\data\rendered\ptbxl\NORM\15758.png,NORM,NORM,0.909,1
C:\Users\taimo\OneDrive\Documents 1\work\ecg-synthetic-research\data\rendered\ptbxl\NORM\15803.png,NORM,NORM,0.8594,1
C:\Users\taimo\OneDrive\Documents 1\work\ecg-synthetic-research\data\rendered\ptbxl\NORM\15813.png,NORM,NORM,0.8516,1
C:\Users\taimo\OneDrive\Documents 1\work\ecg-synthetic-research\data\rendered\ptbxl\NORM\15842.png,NORM,NORM,0.896,1
C:\Users\taimo\OneDrive\Documents 1\work\ecg-synthetic-research\data\rendered\ptbxl\NORM\15914.png,NORM,NORM,0.8716,1
C:\Users\taimo\OneDrive\Documents 1\work\ecg-synthetic-research\data\rendered\ptbxl\NORM\15915.png,NORM,NORM,0.8438,1
C:\Users\taimo\OneDrive\Documents 1\work\ecg-synthetic-research\data\rendered\ptbxl\NORM\15929.png,NORM,NORM,0.7354,1
C:\Users\taimo\OneDrive\Documents 1\work\ecg-synthetic-research\data\rendered\ptbxl\NORM\15933.png,NORM,NORM,0.721,1
C:\Users\taimo\OneDrive\Documents 1\work\ecg-synthetic-research\data\rendered\ptbxl\NORM\15943.png,NORM,NORM,0.5767,1
C:\Users\taimo\OneDrive\Documents 1\work\ecg-synthetic-research\data\rendered\ptbxl\NORM\15991.png,NORM,NORM,0.7036,1
C:\Users\taimo\OneDrive\Documents 1\work\ecg-synthetic-research\data\rendered\ptbxl\NORM\16041.png,NORM,NORM,0.576,1
C:\Users\taimo\OneDrive\Documents 1\work\ecg-synthetic-research\data\rendered\ptbxl\NORM\16089.png,NORM,NORM,0.622,1
C:\Users\taimo\OneDrive\Documents 1\work\ecg-synthetic-research\data\rendered\ptbxl\NORM\16112.png,NORM,NORM,0.951,1
C:\Users\taimo\OneDrive\Documents 1\work\ecg-synthetic-research\data\rendered\ptbxl\NORM\16186.png,NORM,NORM,0.841,1
C:\Users\taimo\OneDrive\Documents 1\work\ecg-synthetic-research\data\rendered\ptbxl\NORM\16238.png,NORM,NORM,0.7993,1
C:\Users\taimo\OneDrive\Documents 1\work\ecg-synthetic-research\data\rendered\ptbxl\NORM\16253.png,NORM,NORM,0.6763,1
C:\Users\taimo\OneDrive\Documents 1\work\ecg-synthetic-research\data\rendered\ptbxl\NORM\16269.png,NORM,NORM,0.769,1
C:\Users\taimo\OneDrive\Documents 1\work\ecg-synthetic-research\data\rendered\ptbxl\NORM\16454.png,NORM,NORM,0.9053,1
C:\Users\taimo\OneDrive\Documents 1\work\ecg-synthetic-research\data\rendered\ptbxl\NORM\16476.png,NORM,NORM,0.839,1
C:\Users\taimo\OneDrive\Documents 1\work\ecg-synthetic-research\data\rendered\ptbxl\NORM\16533.png,NORM,NORM,0.7476,1
C:\Users\taimo\OneDrive\Documents 1\work\ecg-synthetic-research\data\rendered\ptbxl\NORM\16667.png,NORM,NORM,0.7153,1
C:\Users\taimo\OneDrive\Documents 1\work\ecg-synthetic-research\data\rendered\ptbxl\NORM\16685.png,NORM,NORM,0.7417,1
C:\Users\taimo\OneDrive\Documents 1\work\ecg-synthetic-research\data\rendered\ptbxl\NORM\16708.png,NORM,NORM,0.739,1
C:\Users\taimo\OneDrive\Documents 1\work\ecg-synthetic-research\data\rendered\ptbxl\NORM\16734.png,NORM,NORM,0.506,1
C:\Users\taimo\OneDrive\Documents 1\work\ecg-synthetic-research\data\rendered\ptbxl\NORM\16786.png,NORM,MI,0.6577,0
C:\Users\taimo\OneDrive\Documents 1\work\ecg-synthetic-research\data\rendered\ptbxl\NORM\16815.png,NORM,NORM,0.8667,1
C:\Users\taimo\OneDrive\Documents 1\work\ecg-synthetic-research\data\rendered\ptbxl\NORM\16819.png,NORM,NORM,0.8228,1
C:\Users\taimo\OneDrive\Documents 1\work\ecg-synthetic-research\data\rendered\ptbxl\NORM\16836.png,NORM,NORM,0.8647,1
C:\Users\taimo\OneDrive\Documents 1\work\ecg-synthetic-research\data\rendered\ptbxl\NORM\16837.png,NORM,NORM,0.8164,1
C:\Users\taimo\OneDrive\Documents 1\work\ecg-synthetic-research\data\rendered\ptbxl\NORM\16927.png,NORM,NORM,0.67,1
C:\Users\taimo\OneDrive\Documents 1\work\ecg-synthetic-research\data\rendered\ptbxl\NORM\16997.png,NORM,TACHY,0.7896,0
C:\Users\taimo\OneDrive\Documents 1\work\ecg-synthetic-research\data\rendered\ptbxl\NORM\17022.png,NORM,NORM,0.6323,1
C:\Users\taimo\OneDrive\Documents 1\work\ecg-synthetic-research\data\rendered\ptbxl\NORM\17044.png,NORM,NORM,0.7847,1
C:\Users\taimo\OneDrive\Documents 1\work\ecg-synthetic-research\data\rendered\ptbxl\NORM\17063.png,NORM,NORM,0.705,1
C:\Users\taimo\OneDrive\Documents 1\work\ecg-synthetic-research\data\rendered\ptbxl\NORM\17101.png,NORM,NORM,0.7476,1
C:\Users\taimo\OneDrive\Documents 1\work\ecg-synthetic-research\data\rendered\ptbxl\NORM\17115.png,NORM,NORM,0.873,1
C:\Users\taimo\OneDrive\Documents 1\work\ecg-synthetic-research\data\rendered\ptbxl\NORM\17133.png,NORM,NORM,0.768,1
C:\Users\taimo\OneDrive\Documents 1\work\ecg-synthetic-research\data\rendered\ptbxl\NORM\17150.png,NORM,NORM,0.81,1
C:\Users\taimo\OneDrive\Documents 1\work\ecg-synthetic-research\data\rendered\ptbxl\NORM\17179.png,NORM,NORM,0.795,1
C:\Users\taimo\OneDrive\Documents 1\work\ecg-synthetic-research\data\rendered\ptbxl\NORM\17201.png,NORM,NORM,0.876,1
C:\Users\taimo\OneDrive\Documents 1\work\ecg-synthetic-research\data\rendered\ptbxl\NORM\17205.png,NORM,NORM,0.516,1
C:\Users\taimo\OneDrive\Documents 1\work\ecg-synthetic-research\data\rendered\ptbxl\NORM\17214.png,NORM,NORM,0.724,1
C:\Users\taimo\OneDrive\Documents 1\work\ecg-synthetic-research\data\rendered\ptbxl\NORM\17435.png,NORM,NORM,0.4949,1
C:\Users\taimo\OneDrive\Documents 1\work\ecg-synthetic-research\data\rendered\ptbxl\NORM\17510.png,NORM,NORM,0.6987,1
C:\Users\taimo\OneDrive\Documents 1\work\ecg-synthetic-research\data\rendered\ptbxl\NORM\17570.png,NORM,NORM,0.884,1
C:\Users\taimo\OneDrive\Documents 1\work\ecg-synthetic-research\data\rendered\ptbxl\NORM\17613.png,NORM,NORM,0.5923,1
C:\Users\taimo\OneDrive\Documents 1\work\ecg-synthetic-research\data\rendered\ptbxl\NORM\17645.png,NORM,NORM,0.858,1
C:\Users\taimo\OneDrive\Documents 1\work\ecg-synthetic-research\data\rendered\ptbxl\NORM\17647.png,NORM,NORM,0.865,1
C:\Users\taimo\OneDrive\Documents 1\work\ecg-synthetic-research\data\rendered\ptbxl\NORM\17748.png,NORM,NORM,0.632,1
C:\Users\taimo\OneDrive\Documents 1\work\ecg-synthetic-research\data\rendered\ptbxl\NORM\17820.png,NORM,TACHY,0.3628,0
C:\Users\taimo\OneDrive\Documents 1\work\ecg-synthetic-research\data\rendered\ptbxl\NORM\17821.png,NORM,NORM,0.7134,1
C:\Users\taimo\OneDrive\Documents 1\work\ecg-synthetic-research\data\rendered\ptbxl\NORM\17880.png,NORM,NORM,0.613,1
C:\Users\taimo\OneDrive\Documents 1\work\ecg-synthetic-research\data\rendered\ptbxl\NORM\17912.png,NORM,NORM,0.7188,1
C:\Users\taimo\OneDrive\Documents 1\work\ecg-synthetic-research\data\rendered\ptbxl\NORM\17991.png,NORM,NORM,0.669,1
C:\Users\taimo\OneDrive\Documents 1\work\ecg-synthetic-research\data\rendered\ptbxl\NORM\18084.png,NORM,NORM,0.703,1
C:\Users\taimo\OneDrive\Documents 1\work\ecg-synthetic-research\data\rendered\ptbxl\NORM\18085.png,NORM,NORM,0.714,1
C:\Users\taimo\OneDrive\Documents 1\work\ecg-synthetic-research\data\rendered\ptbxl\NORM\18106.png,NORM,NORM,0.768,1
C:\Users\taimo\OneDrive\Documents 1\work\ecg-synthetic-research\data\rendered\ptbxl\NORM\18125.png,NORM,NORM,0.4756,1
C:\Users\taimo\OneDrive\Documents 1\work\ecg-synthetic-research\data\rendered\ptbxl\NORM\18129.png,NORM,NORM,0.78,1
C:\Users\taimo\OneDrive\Documents 1\work\ecg-synthetic-research\data\rendered\ptbxl\NORM\18242.png,NORM,NORM,0.8467,1
C:\Users\taimo\OneDrive\Documents 1\work\ecg-synthetic-research\data\rendered\ptbxl\NORM\18327.png,NORM,NORM,0.515,1
C:\Users\taimo\OneDrive\Documents 1\work\ecg-synthetic-research\data\rendered\ptbxl\NORM\18332.png,NORM,NORM,0.844,1
C:\Users\taimo\OneDrive\Documents 1\work\ecg-synthetic-research\data\rendered\ptbxl\NORM\18346.png,NORM,NORM,0.7324,1
C:\Users\taimo\OneDrive\Documents 1\work\ecg-synthetic-research\data\rendered\ptbxl\NORM\18498.png,NORM,NORM,0.786,1
C:\Users\taimo\OneDrive\Documents 1\work\ecg-synthetic-research\data\rendered\ptbxl\NORM\18556.png,NORM,NORM,0.882,1
C:\Users\taimo\OneDrive\Documents 1\work\ecg-synthetic-research\data\rendered\ptbxl\NORM\18563.png,NORM,NORM,0.696,1
C:\Users\taimo\OneDrive\Documents 1\work\ecg-synthetic-research\data\rendered\ptbxl\NORM\18578.png,NORM,NORM,0.7935,1
C:\Users\taimo\OneDrive\Documents 1\work\ecg-synthetic-research\data\rendered\ptbxl\NORM\18634.png,NORM,NORM,0.5815,1
C:\Users\taimo\OneDrive\Documents 1\work\ecg-synthetic-research\data\rendered\ptbxl\NORM\18733.png,NORM,NORM,0.744,1
C:\Users\taimo\OneDrive\Documents 1\work\ecg-synthetic-research\data\rendered\ptbxl\NORM\18815.png,NORM,NORM,0.824,1
C:\Users\taimo\OneDrive\Documents 1\work\ecg-synthetic-research\data\rendered\ptbxl\NORM\18826.png,NORM,NORM,0.827,1
C:\Users\taimo\OneDrive\Documents 1\work\ecg-synthetic-research\data\rendered\ptbxl\NORM\18981.png,NORM,NORM,0.8657,1
C:\Users\taimo\OneDrive\Documents 1\work\ecg-synthetic-research\data\rendered\ptbxl\NORM\19014.png,NORM,NORM,0.827,1
C:\Users\taimo\OneDrive\Documents 1\work\ecg-synthetic-research\data\rendered\ptbxl\NORM\19042.png,NORM,NORM,0.8496,1
C:\Users\taimo\OneDrive\Documents 1\work\ecg-synthetic-research\data\rendered\ptbxl\NORM\19089.png,NORM,NORM,0.8755,1
C:\Users\taimo\OneDrive\Documents 1\work\ecg-synthetic-research\data\rendered\ptbxl\NORM\19101.png,NORM,NORM,0.702,1
C:\Users\taimo\OneDrive\Documents 1\work\ecg-synthetic-research\data\rendered\ptbxl\NORM\19162.png,NORM,NORM,0.6943,1
C:\Users\taimo\OneDrive\Documents 1\work\ecg-synthetic-research\data\rendered\ptbxl\NORM\19195.png,NORM,NORM,0.6514,1
C:\Users\taimo\OneDrive\Documents 1\work\ecg-synthetic-research\data\rendered\ptbxl\NORM\19197.png,NORM,NORM,0.931,1
C:\Users\taimo\OneDrive\Documents 1\work\ecg-synthetic-research\data\rendered\ptbxl\NORM\19200.png,NORM,NORM,0.801,1
C:\Users\taimo\OneDrive\Documents 1\work\ecg-synthetic-research\data\rendered\ptbxl\NORM\19225.png,NORM,NORM,0.8984,1
C:\Users\taimo\OneDrive\Documents 1\work\ecg-synthetic-research\data\rendered\ptbxl\NORM\19257.png,NORM,NORM,0.827,1
C:\Users\taimo\OneDrive\Documents 1\work\ecg-synthetic-research\data\rendered\ptbxl\NORM\19283.png,NORM,NORM,0.5913,1
C:\Users\taimo\OneDrive\Documents 1\work\ecg-synthetic-research\data\rendered\ptbxl\NORM\19324.png,NORM,NORM,0.738,1
C:\Users\taimo\OneDrive\Documents 1\work\ecg-synthetic-research\data\rendered\ptbxl\NORM\19333.png,NORM,NORM,0.485,1
C:\Users\taimo\OneDrive\Documents 1\work\ecg-synthetic-research\data\rendered\ptbxl\NORM\19387.png,NORM,NORM,0.6016,1
C:\Users\taimo\OneDrive\Documents 1\work\ecg-synthetic-research\data\rendered\ptbxl\NORM\19419.png,NORM,NORM,0.858,1
C:\Users\taimo\OneDrive\Documents 1\work\ecg-synthetic-research\data\rendered\ptbxl\NORM\19521.png,NORM,NORM,0.6875,1
C:\Users\taimo\OneDrive\Documents 1\work\ecg-synthetic-research\data\rendered\ptbxl\NORM\19552.png,NORM,NORM,0.838,1
C:\Users\taimo\OneDrive\Documents 1\work\ecg-synthetic-research\data\rendered\ptbxl\NORM\19587.png,NORM,NORM,0.758,1
C:\Users\taimo\OneDrive\Documents 1\work\ecg-synthetic-research\data\rendered\ptbxl\NORM\19595.png,NORM,MI,0.651,0
C:\Users\taimo\OneDrive\Documents 1\work\ecg-synthetic-research\data\rendered\ptbxl\NORM\19717.png,NORM,NORM,0.7534,1
C:\Users\taimo\OneDrive\Documents 1\work\ecg-synthetic-research\data\rendered\ptbxl\NORM\19825.png,NORM,NORM,0.8467,1
C:\Users\taimo\OneDrive\Documents 1\work\ecg-synthetic-research\data\rendered\ptbxl\NORM\19893.png,NORM,NORM,0.559,1
C:\Users\taimo\OneDrive\Documents 1\work\ecg-synthetic-research\data\rendered\ptbxl\NORM\19942.png,NORM,NORM,0.6636,1
C:\Users\taimo\OneDrive\Documents 1\work\ecg-synthetic-research\data\rendered\ptbxl\NORM\19971.png,NORM,NORM,0.877,1
C:\Users\taimo\OneDrive\Documents 1\work\ecg-synthetic-research\data\rendered\ptbxl\NORM\20025.png,NORM,NORM,0.743,1
C:\Users\taimo\OneDrive\Documents 1\work\ecg-synthetic-research\data\rendered\ptbxl\NORM\20034.png,NORM,NORM,0.7974,1
C:\Users\taimo\OneDrive\Documents 1\work\ecg-synthetic-research\data\rendered\ptbxl\NORM\20060.png,NORM,NORM,0.7163,1
C:\Users\taimo\OneDrive\Documents 1\work\ecg-synthetic-research\data\rendered\ptbxl\NORM\20091.png,NORM,NORM,0.522,1
C:\Users\taimo\OneDrive\Documents 1\work\ecg-synthetic-research\data\rendered\ptbxl\NORM\20116.png,NORM,NORM,0.6187,1
C:\Users\taimo\OneDrive\Documents 1\work\ecg-synthetic-research\data\rendered\ptbxl\NORM\20131.png,NORM,NORM,0.58,1
C:\Users\taimo\OneDrive\Documents 1\work\ecg-synthetic-research\data\rendered\ptbxl\NORM\20133.png,NORM,NORM,0.852,1
C:\Users\taimo\OneDrive\Documents 1\work\ecg-synthetic-research\data\rendered\ptbxl\NORM\20150.png,NORM,NORM,0.6987,1
C:\Users\taimo\OneDrive\Documents 1\work\ecg-synthetic-research\data\rendered\ptbxl\NORM\20383.png,NORM,NORM,0.891,1
C:\Users\taimo\OneDrive\Documents 1\work\ecg-synthetic-research\data\rendered\ptbxl\NORM\20445.png,NORM,NORM,0.583,1
C:\Users\taimo\OneDrive\Documents 1\work\ecg-synthetic-research\data\rendered\ptbxl\NORM\20461.png,NORM,NORM,0.828,1
C:\Users\taimo\OneDrive\Documents 1\work\ecg-synthetic-research\data\rendered\ptbxl\NORM\20526.png,NORM,NORM,0.7036,1
C:\Users\taimo\OneDrive\Documents 1\work\ecg-synthetic-research\data\rendered\ptbxl\NORM\20541.png,NORM,NORM,0.7026,1
C:\Users\taimo\OneDrive\Documents 1\work\ecg-synthetic-research\data\rendered\ptbxl\NORM\20692.png,NORM,NORM,0.7554,1
C:\Users\taimo\OneDrive\Documents 1\work\ecg-synthetic-research\data\rendered\ptbxl\NORM\20774.png,NORM,NORM,0.8564,1
C:\Users\taimo\OneDrive\Documents 1\work\ecg-synthetic-research\data\rendered\ptbxl\NORM\20857.png,NORM,NORM,0.5884,1
C:\Users\taimo\OneDrive\Documents 1\work\ecg-synthetic-research\data\rendered\ptbxl\NORM\20892.png,NORM,NORM,0.5815,1
C:\Users\taimo\OneDrive\Documents 1\work\ecg-synthetic-research\data\rendered\ptbxl\NORM\20929.png,NORM,NORM,0.5806,1
C:\Users\taimo\OneDrive\Documents 1\work\ecg-synthetic-research\data\rendered\ptbxl\NORM\21015.png,NORM,NORM,0.82,1
C:\Users\taimo\OneDrive\Documents 1\work\ecg-synthetic-research\data\rendered\ptbxl\NORM\21020.png,NORM,NORM,0.754,1
C:\Users\taimo\OneDrive\Documents 1\work\ecg-synthetic-research\data\rendered\ptbxl\NORM\21069.png,NORM,NORM,0.8535,1
C:\Users\taimo\OneDrive\Documents 1\work\ecg-synthetic-research\data\rendered\ptbxl\NORM\21308.png,NORM,NORM,0.703,1
C:\Users\taimo\OneDrive\Documents 1\work\ecg-synthetic-research\data\rendered\ptbxl\NORM\21514.png,NORM,NORM,0.725,1
C:\Users\taimo\OneDrive\Documents 1\work\ecg-synthetic-research\data\rendered\ptbxl\NORM\21566.png,NORM,NORM,0.7886,1
C:\Users\taimo\OneDrive\Documents 1\work\ecg-synthetic-research\data\rendered\ptbxl\NORM\21617.png,NORM,NORM,0.855,1
C:\Users\taimo\OneDrive\Documents 1\work\ecg-synthetic-research\data\rendered\ptbxl\NORM\21640.png,NORM,NORM,0.564,1
C:\Users\taimo\OneDrive\Documents 1\work\ecg-synthetic-research\data\rendered\ptbxl\NORM\21708.png,NORM,MI,0.688,0
C:\Users\taimo\OneDrive\Documents 1\work\ecg-synthetic-research\data\rendered\ptbxl\NORM\21727.png,NORM,NORM,0.8467,1
C:\Users\taimo\OneDrive\Documents 1\work\ecg-synthetic-research\data\rendered\ptbxl\NORM\21789.png,NORM,NORM,0.7285,1
C:\Users\taimo\OneDrive\Documents 1\work\ecg-synthetic-research\data\rendered\ptbxl\NORM\21825.png,NORM,NORM,0.844,1
C:\Users\taimo\OneDrive\Documents 1\work\ecg-synthetic-research\data\rendered\ptbxl\NORM\21836.png,NORM,NORM,0.6816,1
C:\Users\taimo\OneDrive\Documents 1\work\ecg-synthetic-research\data\rendered\ptbxl\MI\00077.png,MI,NORM,0.7217,0
C:\Users\taimo\OneDrive\Documents 1\work\ecg-synthetic-research\data\rendered\ptbxl\MI\00257.png,MI,MI,0.532,1
C:\Users\taimo\OneDrive\Documents 1\work\ecg-synthetic-research\data\rendered\ptbxl\MI\00271.png,MI,MI,0.6953,1
C:\Users\taimo\OneDrive\Documents 1\work\ecg-synthetic-research\data\rendered\ptbxl\MI\00310.png,MI,MI,0.9634,1
C:\Users\taimo\OneDrive\Documents 1\work\ecg-synthetic-research\data\rendered\ptbxl\MI\00414.png,MI,MI,0.9565,1
C:\Users\taimo\OneDrive\Documents 1\work\ecg-synthetic-research\data\rendered\ptbxl\MI\00418.png,MI,MI,0.6567,1
C:\Users\taimo\OneDrive\Documents 1\work\ecg-synthetic-research\data\rendered\ptbxl\MI\00536.png,MI,MI,0.7466,1
C:\Users\taimo\OneDrive\Documents 1\work\ecg-synthetic-research\data\rendered\ptbxl\MI\00704.png,MI,MI,0.742,1
C:\Users\taimo\OneDrive\Documents 1\work\ecg-synthetic-research\data\rendered\ptbxl\MI\00826.png,MI,MI,0.88,1
C:\Users\taimo\OneDrive\Documents 1\work\ecg-synthetic-research\data\rendered\ptbxl\MI\00968.png,MI,MI,0.883,1
C:\Users\taimo\OneDrive\Documents 1\work\ecg-synthetic-research\data\rendered\ptbxl\MI\01049.png,MI,AFIB,0.504,0
C:\Users\taimo\OneDrive\Documents 1\work\ecg-synthetic-research\data\rendered\ptbxl\MI\01189.png,MI,TACHY,0.6743,0
C:\Users\taimo\OneDrive\Documents 1\work\ecg-synthetic-research\data\rendered\ptbxl\MI\01362.png,MI,MI,0.3953,1
C:\Users\taimo\OneDrive\Documents 1\work\ecg-synthetic-research\data\rendered\ptbxl\MI\01366.png,MI,MI,0.688,1
C:\Users\taimo\OneDrive\Documents 1\work\ecg-synthetic-research\data\rendered\ptbxl\MI\01387.png,MI,MI,0.637,1
C:\Users\taimo\OneDrive\Documents 1\work\ecg-synthetic-research\data\rendered\ptbxl\MI\01482.png,MI,MI,0.6245,1
C:\Users\taimo\OneDrive\Documents 1\work\ecg-synthetic-research\data\rendered\ptbxl\MI\01541.png,MI,NORM,0.5093,0
C:\Users\taimo\OneDrive\Documents 1\work\ecg-synthetic-research\data\rendered\ptbxl\MI\01547.png,MI,MI,0.54,1
C:\Users\taimo\OneDrive\Documents 1\work\ecg-synthetic-research\data\rendered\ptbxl\MI\01575.png,MI,MI,0.523,1
C:\Users\taimo\OneDrive\Documents 1\work\ecg-synthetic-research\data\rendered\ptbxl\MI\01606.png,MI,MI,0.596,1
C:\Users\taimo\OneDrive\Documents 1\work\ecg-synthetic-research\data\rendered\ptbxl\MI\01608.png,MI,MI,0.841,1
C:\Users\taimo\OneDrive\Documents 1\work\ecg-synthetic-research\data\rendered\ptbxl\MI\01687.png,MI,MI,0.507,1
C:\Users\taimo\OneDrive\Documents 1\work\ecg-synthetic-research\data\rendered\ptbxl\MI\01769.png,MI,NORM,0.618,0
C:\Users\taimo\OneDrive\Documents 1\work\ecg-synthetic-research\data\rendered\ptbxl\MI\01781.png,MI,NORM,0.656,0
C:\Users\taimo\OneDrive\Documents 1\work\ecg-synthetic-research\data\rendered\ptbxl\MI\01918.png,MI,MI,0.8164,1
C:\Users\taimo\OneDrive\Documents 1\work\ecg-synthetic-research\data\rendered\ptbxl\MI\01937.png,MI,MI,0.7354,1
C:\Users\taimo\OneDrive\Documents 1\work\ecg-synthetic-research\data\rendered\ptbxl\MI\02082.png,MI,MI,0.8022,1
C:\Users\taimo\OneDrive\Documents 1\work\ecg-synthetic-research\data\rendered\ptbxl\MI\02221.png,MI,MI,0.821,1
C:\Users\taimo\OneDrive\Documents 1\work\ecg-synthetic-research\data\rendered\ptbxl\MI\02324.png,MI,MI,0.813,1
C:\Users\taimo\OneDrive\Documents 1\work\ecg-synthetic-research\data\rendered\ptbxl\MI\02426.png,MI,AFIB,0.9355,0
C:\Users\taimo\OneDrive\Documents 1\work\ecg-synthetic-research\data\rendered\ptbxl\MI\02448.png,MI,MI,0.8535,1
C:\Users\taimo\OneDrive\Documents 1\work\ecg-synthetic-research\data\rendered\ptbxl\MI\02535.png,MI,MI,0.9653,1
C:\Users\taimo\OneDrive\Documents 1\work\ecg-synthetic-research\data\rendered\ptbxl\MI\02576.png,MI,MI,0.8047,1
C:\Users\taimo\OneDrive\Documents 1\work\ecg-synthetic-research\data\rendered\ptbxl\MI\02585.png,MI,MI,0.674,1
C:\Users\taimo\OneDrive\Documents 1\work\ecg-synthetic-research\data\rendered\ptbxl\MI\02600.png,MI,MI,0.721,1
C:\Users\taimo\OneDrive\Documents 1\work\ecg-synthetic-research\data\rendered\ptbxl\MI\02750.png,MI,MI,0.5195,1
C:\Users\taimo\OneDrive\Documents 1\work\ecg-synthetic-research\data\rendered\ptbxl\MI\02754.png,MI,NORM,0.508,0
C:\Users\taimo\OneDrive\Documents 1\work\ecg-synthetic-research\data\rendered\ptbxl\MI\02840.png,MI,MI,0.829,1
C:\Users\taimo\OneDrive\Documents 1\work\ecg-synthetic-research\data\rendered\ptbxl\MI\02843.png,MI,TACHY,0.5947,0
C:\Users\taimo\OneDrive\Documents 1\work\ecg-synthetic-research\data\rendered\ptbxl\MI\02859.png,MI,NORM,0.747,0
C:\Users\taimo\OneDrive\Documents 1\work\ecg-synthetic-research\data\rendered\ptbxl\MI\02879.png,MI,TACHY,0.7905,0
C:\Users\taimo\OneDrive\Documents 1\work\ecg-synthetic-research\data\rendered\ptbxl\MI\03117.png,MI,MI,0.6553,1
C:\Users\taimo\OneDrive\Documents 1\work\ecg-synthetic-research\data\rendered\ptbxl\MI\03135.png,MI,TACHY,0.94,0
C:\Users\taimo\OneDrive\Documents 1\work\ecg-synthetic-research\data\rendered\ptbxl\MI\03219.png,MI,MI,0.4883,1
C:\Users\taimo\OneDrive\Documents 1\work\ecg-synthetic-research\data\rendered\ptbxl\MI\03249.png,MI,NORM,0.5586,0
C:\Users\taimo\OneDrive\Documents 1\work\ecg-synthetic-research\data\rendered\ptbxl\MI\03265.png,MI,TACHY,0.5273,0
C:\Users\taimo\OneDrive\Documents 1\work\ecg-synthetic-research\data\rendered\ptbxl\MI\03302.png,MI,MI,0.602,1
C:\Users\taimo\OneDrive\Documents 1\work\ecg-synthetic-research\data\rendered\ptbxl\MI\03375.png,MI,MI,0.5137,1
C:\Users\taimo\OneDrive\Documents 1\work\ecg-synthetic-research\data\rendered\ptbxl\MI\03613.png,MI,MI,0.4834,1
C:\Users\taimo\OneDrive\Documents 1\work\ecg-synthetic-research\data\rendered\ptbxl\MI\03784.png,MI,AFIB,0.884,0
C:\Users\taimo\OneDrive\Documents 1\work\ecg-synthetic-research\data\rendered\ptbxl\MI\03786.png,MI,TACHY,0.7534,0
C:\Users\taimo\OneDrive\Documents 1\work\ecg-synthetic-research\data\rendered\ptbxl\MI\03821.png,MI,TACHY,0.5415,0
C:\Users\taimo\OneDrive\Documents 1\work\ecg-synthetic-research\data\rendered\ptbxl\MI\03862.png,MI,MI,0.8164,1
C:\Users\taimo\OneDrive\Documents 1\work\ecg-synthetic-research\data\rendered\ptbxl\MI\03868.png,MI,MI,0.6772,1
C:\Users\taimo\OneDrive\Documents 1\work\ecg-synthetic-research\data\rendered\ptbxl\MI\03968.png,MI,MI,0.6143,1
C:\Users\taimo\OneDrive\Documents 1\work\ecg-synthetic-research\data\rendered\ptbxl\MI\03973.png,MI,MI,0.3909,1
C:\Users\taimo\OneDrive\Documents 1\work\ecg-synthetic-research\data\rendered\ptbxl\MI\04004.png,MI,TACHY,0.6724,0
C:\Users\taimo\OneDrive\Documents 1\work\ecg-synthetic-research\data\rendered\ptbxl\MI\04046.png,MI,MI,0.6836,1
C:\Users\taimo\OneDrive\Documents 1\work\ecg-synthetic-research\data\rendered\ptbxl\MI\04160.png,MI,NORM,0.645,0
C:\Users\taimo\OneDrive\Documents 1\work\ecg-synthetic-research\data\rendered\ptbxl\MI\04175.png,MI,MI,0.7056,1
C:\Users\taimo\OneDrive\Documents 1\work\ecg-synthetic-research\data\rendered\ptbxl\MI\04196.png,MI,MI,0.5005,1
C:\Users\taimo\OneDrive\Documents 1\work\ecg-synthetic-research\data\rendered\ptbxl\MI\04270.png,MI,AFIB,0.4905,0
C:\Users\taimo\OneDrive\Documents 1\work\ecg-synthetic-research\data\rendered\ptbxl\MI\04352.png,MI,MI,0.873,1
C:\Users\taimo\OneDrive\Documents 1\work\ecg-synthetic-research\data\rendered\ptbxl\MI\04419.png,MI,MI,0.5,1
C:\Users\taimo\OneDrive\Documents 1\work\ecg-synthetic-research\data\rendered\ptbxl\MI\04466.png,MI,MI,0.811,1
C:\Users\taimo\OneDrive\Documents 1\work\ecg-synthetic-research\data\rendered\ptbxl\MI\04576.png,MI,MI,0.918,1
C:\Users\taimo\OneDrive\Documents 1\work\ecg-synthetic-research\data\rendered\ptbxl\MI\04615.png,MI,MI,0.891,1
C:\Users\taimo\OneDrive\Documents 1\work\ecg-synthetic-research\data\rendered\ptbxl\MI\04617.png,MI,MI,0.9287,1
C:\Users\taimo\OneDrive\Documents 1\work\ecg-synthetic-research\data\rendered\ptbxl\MI\04670.png,MI,AFIB,0.9224,0
C:\Users\taimo\OneDrive\Documents 1\work\ecg-synthetic-research\data\rendered\ptbxl\MI\04725.png,MI,MI,0.468,1
C:\Users\taimo\OneDrive\Documents 1\work\ecg-synthetic-research\data\rendered\ptbxl\MI\04847.png,MI,MI,0.7354,1
C:\Users\taimo\OneDrive\Documents 1\work\ecg-synthetic-research\data\rendered\ptbxl\MI\04852.png,MI,MI,0.759,1
C:\Users\taimo\OneDrive\Documents 1\work\ecg-synthetic-research\data\rendered\ptbxl\MI\04904.png,MI,MI,0.9365,1
C:\Users\taimo\OneDrive\Documents 1\work\ecg-synthetic-research\data\rendered\ptbxl\MI\04984.png,MI,MI,0.93,1
C:\Users\taimo\OneDrive\Documents 1\work\ecg-synthetic-research\data\rendered\ptbxl\MI\05012.png,MI,MI,0.9263,1
C:\Users\taimo\OneDrive\Documents 1\work\ecg-synthetic-research\data\rendered\ptbxl\MI\05024.png,MI,MI,0.651,1
C:\Users\taimo\OneDrive\Documents 1\work\ecg-synthetic-research\data\rendered\ptbxl\MI\05025.png,MI,MI,0.8804,1
C:\Users\taimo\OneDrive\Documents 1\work\ecg-synthetic-research\data\rendered\ptbxl\MI\05029.png,MI,MI,0.7095,1
C:\Users\taimo\OneDrive\Documents 1\work\ecg-synthetic-research\data\rendered\ptbxl\MI\05034.png,MI,MI,0.852,1
C:\Users\taimo\OneDrive\Documents 1\work\ecg-synthetic-research\data\rendered\ptbxl\MI\05058.png,MI,MI,0.754,1
C:\Users\taimo\OneDrive\Documents 1\work\ecg-synthetic-research\data\rendered\ptbxl\MI\05072.png,MI,MI,0.829,1
C:\Users\taimo\OneDrive\Documents 1\work\ecg-synthetic-research\data\rendered\ptbxl\MI\05093.png,MI,MI,0.8403,1
C:\Users\taimo\OneDrive\Documents 1\work\ecg-synthetic-research\data\rendered\ptbxl\MI\05124.png,MI,MI,0.6304,1
C:\Users\taimo\OneDrive\Documents 1\work\ecg-synthetic-research\data\rendered\ptbxl\MI\05129.png,MI,MI,0.582,1
C:\Users\taimo\OneDrive\Documents 1\work\ecg-synthetic-research\data\rendered\ptbxl\MI\05167.png,MI,MI,0.5986,1
C:\Users\taimo\OneDrive\Documents 1\work\ecg-synthetic-research\data\rendered\ptbxl\MI\05169.png,MI,NORM,0.4565,0
C:\Users\taimo\OneDrive\Documents 1\work\ecg-synthetic-research\data\rendered\ptbxl\MI\05186.png,MI,MI,0.575,1
C:\Users\taimo\OneDrive\Documents 1\work\ecg-synthetic-research\data\rendered\ptbxl\MI\05187.png,MI,NORM,0.587,0
C:\Users\taimo\OneDrive\Documents 1\work\ecg-synthetic-research\data\rendered\ptbxl\MI\05219.png,MI,MI,0.863,1
C:\Users\taimo\OneDrive\Documents 1\work\ecg-synthetic-research\data\rendered\ptbxl\MI\05221.png,MI,NORM,0.567,0
C:\Users\taimo\OneDrive\Documents 1\work\ecg-synthetic-research\data\rendered\ptbxl\MI\05343.png,MI,MI,0.642,1
C:\Users\taimo\OneDrive\Documents 1\work\ecg-synthetic-research\data\rendered\ptbxl\MI\05449.png,MI,MI,0.676,1
C:\Users\taimo\OneDrive\Documents 1\work\ecg-synthetic-research\data\rendered\ptbxl\MI\05501.png,MI,TACHY,0.461,0
C:\Users\taimo\OneDrive\Documents 1\work\ecg-synthetic-research\data\rendered\ptbxl\MI\05511.png,MI,MI,0.5815,1
C:\Users\taimo\OneDrive\Documents 1\work\ecg-synthetic-research\data\rendered\ptbxl\MI\05543.png,MI,NORM,0.55,0
C:\Users\taimo\OneDrive\Documents 1\work\ecg-synthetic-research\data\rendered\ptbxl\MI\05684.png,MI,MI,0.7197,1
C:\Users\taimo\OneDrive\Documents 1\work\ecg-synthetic-research\data\rendered\ptbxl\MI\05789.png,MI,MI,0.7734,1
C:\Users\taimo\OneDrive\Documents 1\work\ecg-synthetic-research\data\rendered\ptbxl\MI\05797.png,MI,MI,0.889,1
C:\Users\taimo\OneDrive\Documents 1\work\ecg-synthetic-research\data\rendered\ptbxl\MI\05854.png,MI,MI,0.899,1
C:\Users\taimo\OneDrive\Documents 1\work\ecg-synthetic-research\data\rendered\ptbxl\MI\05884.png,MI,AFIB,0.778,0
C:\Users\taimo\OneDrive\Documents 1\work\ecg-synthetic-research\data\rendered\ptbxl\MI\05927.png,MI,MI,0.7803,1
C:\Users\taimo\OneDrive\Documents 1\work\ecg-synthetic-research\data\rendered\ptbxl\MI\05993.png,MI,TACHY,0.7935,0
C:\Users\taimo\OneDrive\Documents 1\work\ecg-synthetic-research\data\rendered\ptbxl\MI\06032.png,MI,MI,0.761,1
C:\Users\taimo\OneDrive\Documents 1\work\ecg-synthetic-research\data\rendered\ptbxl\MI\06195.png,MI,MI,0.923,1
C:\Users\taimo\OneDrive\Documents 1\work\ecg-synthetic-research\data\rendered\ptbxl\MI\06211.png,MI,MI,0.756,1
C:\Users\taimo\OneDrive\Documents 1\work\ecg-synthetic-research\data\rendered\ptbxl\MI\06285.png,MI,MI,0.564,1
C:\Users\taimo\OneDrive\Documents 1\work\ecg-synthetic-research\data\rendered\ptbxl\MI\06313.png,MI,AFIB,0.7744,0
C:\Users\taimo\OneDrive\Documents 1\work\ecg-synthetic-research\data\rendered\ptbxl\MI\06331.png,MI,AFIB,0.3894,0
C:\Users\taimo\OneDrive\Documents 1\work\ecg-synthetic-research\data\rendered\ptbxl\MI\06409.png,MI,MI,0.692,1
C:\Users\taimo\OneDrive\Documents 1\work\ecg-synthetic-research\data\rendered\ptbxl\MI\06445.png,MI,MI,0.8936,1
C:\Users\taimo\OneDrive\Documents 1\work\ecg-synthetic-research\data\rendered\ptbxl\MI\06450.png,MI,AFIB,0.4595,0
C:\Users\taimo\OneDrive\Documents 1\work\ecg-synthetic-research\data\rendered\ptbxl\MI\06500.png,MI,MI,0.9175,1
C:\Users\taimo\OneDrive\Documents 1\work\ecg-synthetic-research\data\rendered\ptbxl\MI\06512.png,MI,MI,0.936,1
C:\Users\taimo\OneDrive\Documents 1\work\ecg-synthetic-research\data\rendered\ptbxl\MI\06540.png,MI,MI,0.7197,1
C:\Users\taimo\OneDrive\Documents 1\work\ecg-synthetic-research\data\rendered\ptbxl\MI\06544.png,MI,MI,0.651,1
C:\Users\taimo\OneDrive\Documents 1\work\ecg-synthetic-research\data\rendered\ptbxl\MI\06546.png,MI,MI,0.817,1
C:\Users\taimo\OneDrive\Documents 1\work\ecg-synthetic-research\data\rendered\ptbxl\MI\06663.png,MI,MI,0.9165,1
C:\Users\taimo\OneDrive\Documents 1\work\ecg-synthetic-research\data\rendered\ptbxl\MI\06681.png,MI,MI,0.9326,1
C:\Users\taimo\OneDrive\Documents 1\work\ecg-synthetic-research\data\rendered\ptbxl\MI\06715.png,MI,MI,0.9224,1
C:\Users\taimo\OneDrive\Documents 1\work\ecg-synthetic-research\data\rendered\ptbxl\MI\06751.png,MI,MI,0.9795,1
C:\Users\taimo\OneDrive\Documents 1\work\ecg-synthetic-research\data\rendered\ptbxl\MI\06817.png,MI,MI,0.9526,1
C:\Users\taimo\OneDrive\Documents 1\work\ecg-synthetic-research\data\rendered\ptbxl\MI\06852.png,MI,NORM,0.5615,0
C:\Users\taimo\OneDrive\Documents 1\work\ecg-synthetic-research\data\rendered\ptbxl\MI\06884.png,MI,AFIB,0.4705,0
C:\Users\taimo\OneDrive\Documents 1\work\ecg-synthetic-research\data\rendered\ptbxl\MI\06887.png,MI,NORM,0.7407,0
C:\Users\taimo\OneDrive\Documents 1\work\ecg-synthetic-research\data\rendered\ptbxl\MI\06893.png,MI,MI,0.963,1
C:\Users\taimo\OneDrive\Documents 1\work\ecg-synthetic-research\data\rendered\ptbxl\MI\07038.png,MI,MI,0.767,1
C:\Users\taimo\OneDrive\Documents 1\work\ecg-synthetic-research\data\rendered\ptbxl\MI\07189.png,MI,MI,0.704,1
C:\Users\taimo\OneDrive\Documents 1\work\ecg-synthetic-research\data\rendered\ptbxl\MI\07241.png,MI,MI,0.6245,1
C:\Users\taimo\OneDrive\Documents 1\work\ecg-synthetic-research\data\rendered\ptbxl\MI\07255.png,MI,MI,0.9355,1
C:\Users\taimo\OneDrive\Documents 1\work\ecg-synthetic-research\data\rendered\ptbxl\MI\07318.png,MI,NORM,0.4492,0
C:\Users\taimo\OneDrive\Documents 1\work\ecg-synthetic-research\data\rendered\ptbxl\MI\07482.png,MI,AFIB,0.5103,0
C:\Users\taimo\OneDrive\Documents 1\work\ecg-synthetic-research\data\rendered\ptbxl\MI\07484.png,MI,MI,0.863,1
C:\Users\taimo\OneDrive\Documents 1\work\ecg-synthetic-research\data\rendered\ptbxl\MI\07501.png,MI,MI,0.904,1
C:\Users\taimo\OneDrive\Documents 1\work\ecg-synthetic-research\data\rendered\ptbxl\MI\07506.png,MI,MI,0.91,1
C:\Users\taimo\OneDrive\Documents 1\work\ecg-synthetic-research\data\rendered\ptbxl\MI\07622.png,MI,NORM,0.5405,0
C:\Users\taimo\OneDrive\Documents 1\work\ecg-synthetic-research\data\rendered\ptbxl\MI\07727.png,MI,AFIB,0.6006,0
C:\Users\taimo\OneDrive\Documents 1\work\ecg-synthetic-research\data\rendered\ptbxl\MI\07728.png,MI,TACHY,0.673,0
C:\Users\taimo\OneDrive\Documents 1\work\ecg-synthetic-research\data\rendered\ptbxl\MI\07734.png,MI,MI,0.845,1
C:\Users\taimo\OneDrive\Documents 1\work\ecg-synthetic-research\data\rendered\ptbxl\MI\07746.png,MI,AFIB,0.5884,0
C:\Users\taimo\OneDrive\Documents 1\work\ecg-synthetic-research\data\rendered\ptbxl\MI\07753.png,MI,TACHY,0.933,0
C:\Users\taimo\OneDrive\Documents 1\work\ecg-synthetic-research\data\rendered\ptbxl\MI\07798.png,MI,MI,0.951,1
C:\Users\taimo\OneDrive\Documents 1\work\ecg-synthetic-research\data\rendered\ptbxl\MI\07809.png,MI,MI,0.7827,1
C:\Users\taimo\OneDrive\Documents 1\work\ecg-synthetic-research\data\rendered\ptbxl\MI\07858.png,MI,MI,0.7144,1
C:\Users\taimo\OneDrive\Documents 1\work\ecg-synthetic-research\data\rendered\ptbxl\MI\07878.png,MI,MI,0.833,1
C:\Users\taimo\OneDrive\Documents 1\work\ecg-synthetic-research\data\rendered\ptbxl\MI\07987.png,MI,MI,0.707,1
C:\Users\taimo\OneDrive\Documents 1\work\ecg-synthetic-research\data\rendered\ptbxl\MI\08025.png,MI,MI,0.565,1
C:\Users\taimo\OneDrive\Documents 1\work\ecg-synthetic-research\data\rendered\ptbxl\MI\08039.png,MI,MI,0.736,1
C:\Users\taimo\OneDrive\Documents 1\work\ecg-synthetic-research\data\rendered\ptbxl\MI\08162.png,MI,MI,0.502,1
C:\Users\taimo\OneDrive\Documents 1\work\ecg-synthetic-research\data\rendered\ptbxl\MI\08223.png,MI,MI,0.809,1
C:\Users\taimo\OneDrive\Documents 1\work\ecg-synthetic-research\data\rendered\ptbxl\MI\08232.png,MI,MI,0.6465,1
C:\Users\taimo\OneDrive\Documents 1\work\ecg-synthetic-research\data\rendered\ptbxl\MI\08260.png,MI,MI,0.727,1
C:\Users\taimo\OneDrive\Documents 1\work\ecg-synthetic-research\data\rendered\ptbxl\MI\08366.png,MI,MI,0.6406,1
C:\Users\taimo\OneDrive\Documents 1\work\ecg-synthetic-research\data\rendered\ptbxl\MI\08415.png,MI,MI,0.666,1
C:\Users\taimo\OneDrive\Documents 1\work\ecg-synthetic-research\data\rendered\ptbxl\MI\08429.png,MI,MI,0.572,1
C:\Users\taimo\OneDrive\Documents 1\work\ecg-synthetic-research\data\rendered\ptbxl\MI\08446.png,MI,NORM,0.6025,0
C:\Users\taimo\OneDrive\Documents 1\work\ecg-synthetic-research\data\rendered\ptbxl\MI\08495.png,MI,MI,0.5044,1
C:\Users\taimo\OneDrive\Documents 1\work\ecg-synthetic-research\data\rendered\ptbxl\MI\08509.png,MI,MI,0.7,1
C:\Users\taimo\OneDrive\Documents 1\work\ecg-synthetic-research\data\rendered\ptbxl\MI\08540.png,MI,MI,0.6353,1
C:\Users\taimo\OneDrive\Documents 1\work\ecg-synthetic-research\data\rendered\ptbxl\MI\08576.png,MI,MI,0.931,1
C:\Users\taimo\OneDrive\Documents 1\work\ecg-synthetic-research\data\rendered\ptbxl\MI\08595.png,MI,MI,0.884,1
C:\Users\taimo\OneDrive\Documents 1\work\ecg-synthetic-research\data\rendered\ptbxl\MI\08597.png,MI,AFIB,0.448,0
C:\Users\taimo\OneDrive\Documents 1\work\ecg-synthetic-research\data\rendered\ptbxl\MI\08618.png,MI,MI,0.8564,1
C:\Users\taimo\OneDrive\Documents 1\work\ecg-synthetic-research\data\rendered\ptbxl\MI\08676.png,MI,NORM,0.531,0
C:\Users\taimo\OneDrive\Documents 1\work\ecg-synthetic-research\data\rendered\ptbxl\MI\08775.png,MI,MI,0.5376,1
C:\Users\taimo\OneDrive\Documents 1\work\ecg-synthetic-research\data\rendered\ptbxl\MI\08810.png,MI,MI,0.8506,1
C:\Users\taimo\OneDrive\Documents 1\work\ecg-synthetic-research\data\rendered\ptbxl\MI\08950.png,MI,MI,0.786,1
C:\Users\taimo\OneDrive\Documents 1\work\ecg-synthetic-research\data\rendered\ptbxl\MI\09020.png,MI,MI,0.571,1
C:\Users\taimo\OneDrive\Documents 1\work\ecg-synthetic-research\data\rendered\ptbxl\MI\09023.png,MI,MI,0.7124,1
C:\Users\taimo\OneDrive\Documents 1\work\ecg-synthetic-research\data\rendered\ptbxl\MI\09047.png,MI,MI,0.947,1
C:\Users\taimo\OneDrive\Documents 1\work\ecg-synthetic-research\data\rendered\ptbxl\MI\09094.png,MI,MI,0.588,1
C:\Users\taimo\OneDrive\Documents 1\work\ecg-synthetic-research\data\rendered\ptbxl\MI\09119.png,MI,MI,0.4866,1
C:\Users\taimo\OneDrive\Documents 1\work\ecg-synthetic-research\data\rendered\ptbxl\MI\09138.png,MI,MI,0.9517,1
C:\Users\taimo\OneDrive\Documents 1\work\ecg-synthetic-research\data\rendered\ptbxl\MI\09154.png,MI,MI,0.956,1
C:\Users\taimo\OneDrive\Documents 1\work\ecg-synthetic-research\data\rendered\ptbxl\MI\09168.png,MI,MI,0.97,1
C:\Users\taimo\OneDrive\Documents 1\work\ecg-synthetic-research\data\rendered\ptbxl\MI\09172.png,MI,MI,0.5786,1
C:\Users\taimo\OneDrive\Documents 1\work\ecg-synthetic-research\data\rendered\ptbxl\MI\09177.png,MI,MI,0.8037,1
C:\Users\taimo\OneDrive\Documents 1\work\ecg-synthetic-research\data\rendered\ptbxl\MI\09226.png,MI,MI,0.8735,1
C:\Users\taimo\OneDrive\Documents 1\work\ecg-synthetic-research\data\rendered\ptbxl\MI\09267.png,MI,MI,0.5703,1
C:\Users\taimo\OneDrive\Documents 1\work\ecg-synthetic-research\data\rendered\ptbxl\MI\09283.png,MI,MI,0.969,1
C:\Users\taimo\OneDrive\Documents 1\work\ecg-synthetic-research\data\rendered\ptbxl\MI\09356.png,MI,MI,0.901,1
C:\Users\taimo\OneDrive\Documents 1\work\ecg-synthetic-research\data\rendered\ptbxl\MI\09444.png,MI,MI,0.823,1
C:\Users\taimo\OneDrive\Documents 1\work\ecg-synthetic-research\data\rendered\ptbxl\MI\09494.png,MI,MI,0.5625,1
C:\Users\taimo\OneDrive\Documents 1\work\ecg-synthetic-research\data\rendered\ptbxl\MI\09510.png,MI,MI,0.8706,1
C:\Users\taimo\OneDrive\Documents 1\work\ecg-synthetic-research\data\rendered\ptbxl\MI\09552.png,MI,NORM,0.632,0
C:\Users\taimo\OneDrive\Documents 1\work\ecg-synthetic-research\data\rendered\ptbxl\MI\09600.png,MI,MI,0.756,1
C:\Users\taimo\OneDrive\Documents 1\work\ecg-synthetic-research\data\rendered\ptbxl\MI\09607.png,MI,NORM,0.7095,0
C:\Users\taimo\OneDrive\Documents 1\work\ecg-synthetic-research\data\rendered\ptbxl\MI\09630.png,MI,AFIB,0.5786,0
C:\Users\taimo\OneDrive\Documents 1\work\ecg-synthetic-research\data\rendered\ptbxl\MI\09684.png,MI,MI,0.546,1
C:\Users\taimo\OneDrive\Documents 1\work\ecg-synthetic-research\data\rendered\ptbxl\MI\09697.png,MI,MI,0.5435,1
C:\Users\taimo\OneDrive\Documents 1\work\ecg-synthetic-research\data\rendered\ptbxl\MI\09737.png,MI,MI,0.5127,1
C:\Users\taimo\OneDrive\Documents 1\work\ecg-synthetic-research\data\rendered\ptbxl\MI\09765.png,MI,MI,0.7197,1
C:\Users\taimo\OneDrive\Documents 1\work\ecg-synthetic-research\data\rendered\ptbxl\MI\09786.png,MI,NORM,0.7886,0
C:\Users\taimo\OneDrive\Documents 1\work\ecg-synthetic-research\data\rendered\ptbxl\MI\09913.png,MI,MI,0.858,1
C:\Users\taimo\OneDrive\Documents 1\work\ecg-synthetic-research\data\rendered\ptbxl\MI\09921.png,MI,MI,0.598,1
C:\Users\taimo\OneDrive\Documents 1\work\ecg-synthetic-research\data\rendered\ptbxl\MI\10037.png,MI,MI,0.8564,1
C:\Users\taimo\OneDrive\Documents 1\work\ecg-synthetic-research\data\rendered\ptbxl\MI\10055.png,MI,MI,0.8594,1
C:\Users\taimo\OneDrive\Documents 1\work\ecg-synthetic-research\data\rendered\ptbxl\MI\10101.png,MI,MI,0.9546,1
C:\Users\taimo\OneDrive\Documents 1\work\ecg-synthetic-research\data\rendered\ptbxl\MI\10135.png,MI,MI,0.782,1
C:\Users\taimo\OneDrive\Documents 1\work\ecg-synthetic-research\data\rendered\ptbxl\MI\10347.png,MI,MI,0.814,1
C:\Users\taimo\OneDrive\Documents 1\work\ecg-synthetic-research\data\rendered\ptbxl\MI\10400.png,MI,MI,0.7163,1
C:\Users\taimo\OneDrive\Documents 1\work\ecg-synthetic-research\data\rendered\ptbxl\MI\10446.png,MI,MI,0.5054,1
C:\Users\taimo\OneDrive\Documents 1\work\ecg-synthetic-research\data\rendered\ptbxl\MI\10458.png,MI,MI,0.94,1
C:\Users\taimo\OneDrive\Documents 1\work\ecg-synthetic-research\data\rendered\ptbxl\MI\10474.png,MI,MI,0.694,1
C:\Users\taimo\OneDrive\Documents 1\work\ecg-synthetic-research\data\rendered\ptbxl\MI\10478.png,MI,MI,0.852,1
C:\Users\taimo\OneDrive\Documents 1\work\ecg-synthetic-research\data\rendered\ptbxl\MI\10529.png,MI,MI,0.816,1
C:\Users\taimo\OneDrive\Documents 1\work\ecg-synthetic-research\data\rendered\ptbxl\MI\10615.png,MI,MI,0.779,1
C:\Users\taimo\OneDrive\Documents 1\work\ecg-synthetic-research\data\rendered\ptbxl\MI\10715.png,MI,MI,0.723,1
C:\Users\taimo\OneDrive\Documents 1\work\ecg-synthetic-research\data\rendered\ptbxl\MI\10728.png,MI,MI,0.5107,1
C:\Users\taimo\OneDrive\Documents 1\work\ecg-synthetic-research\data\rendered\ptbxl\MI\10813.png,MI,MI,0.839,1
C:\Users\taimo\OneDrive\Documents 1\work\ecg-synthetic-research\data\rendered\ptbxl\MI\10865.png,MI,MI,0.6216,1
C:\Users\taimo\OneDrive\Documents 1\work\ecg-synthetic-research\data\rendered\ptbxl\MI\10898.png,MI,NORM,0.6807,0
C:\Users\taimo\OneDrive\Documents 1\work\ecg-synthetic-research\data\rendered\ptbxl\MI\10941.png,MI,MI,0.6743,1
C:\Users\taimo\OneDrive\Documents 1\work\ecg-synthetic-research\data\rendered\ptbxl\MI\11003.png,MI,MI,0.9155,1
C:\Users\taimo\OneDrive\Documents 1\work\ecg-synthetic-research\data\rendered\ptbxl\MI\11007.png,MI,MI,0.8467,1
C:\Users\taimo\OneDrive\Documents 1\work\ecg-synthetic-research\data\rendered\ptbxl\MI\11029.png,MI,MI,0.8174,1
C:\Users\taimo\OneDrive\Documents 1\work\ecg-synthetic-research\data\rendered\ptbxl\MI\11214.png,MI,MI,0.7085,1
C:\Users\taimo\OneDrive\Documents 1\work\ecg-synthetic-research\data\rendered\ptbxl\MI\11220.png,MI,MI,0.7705,1
C:\Users\taimo\OneDrive\Documents 1\work\ecg-synthetic-research\data\rendered\ptbxl\MI\11224.png,MI,MI,0.8115,1
C:\Users\taimo\OneDrive\Documents 1\work\ecg-synthetic-research\data\rendered\ptbxl\MI\11243.png,MI,NORM,0.6963,0
C:\Users\taimo\OneDrive\Documents 1\work\ecg-synthetic-research\data\rendered\ptbxl\MI\11261.png,MI,MI,0.5073,1
C:\Users\taimo\OneDrive\Documents 1\work\ecg-synthetic-research\data\rendered\ptbxl\MI\11310.png,MI,MI,0.8413,1
C:\Users\taimo\OneDrive\Documents 1\work\ecg-synthetic-research\data\rendered\ptbxl\MI\11326.png,MI,MI,0.803,1
C:\Users\taimo\OneDrive\Documents 1\work\ecg-synthetic-research\data\rendered\ptbxl\MI\11352.png,MI,TACHY,0.4082,0
C:\Users\taimo\OneDrive\Documents 1\work\ecg-synthetic-research\data\rendered\ptbxl\MI\11374.png,MI,MI,0.5464,1
C:\Users\taimo\OneDrive\Documents 1\work\ecg-synthetic-research\data\rendered\ptbxl\MI\11408.png,MI,AFIB,0.523,0
C:\Users\taimo\OneDrive\Documents 1\work\ecg-synthetic-research\data\rendered\ptbxl\MI\11424.png,MI,MI,0.926,1
C:\Users\taimo\OneDrive\Documents 1\work\ecg-synthetic-research\data\rendered\ptbxl\MI\11426.png,MI,MI,0.6904,1
C:\Users\taimo\OneDrive\Documents 1\work\ecg-synthetic-research\data\rendered\ptbxl\MI\11457.png,MI,MI,0.757,1
C:\Users\taimo\OneDrive\Documents 1\work\ecg-synthetic-research\data\rendered\ptbxl\MI\11608.png,MI,MI,0.868,1
C:\Users\taimo\OneDrive\Documents 1\work\ecg-synthetic-research\data\rendered\ptbxl\MI\11616.png,MI,MI,0.6313,1
C:\Users\taimo\OneDrive\Documents 1\work\ecg-synthetic-research\data\rendered\ptbxl\MI\11655.png,MI,MI,0.8657,1
C:\Users\taimo\OneDrive\Documents 1\work\ecg-synthetic-research\data\rendered\ptbxl\MI\11668.png,MI,MI,0.8726,1
C:\Users\taimo\OneDrive\Documents 1\work\ecg-synthetic-research\data\rendered\ptbxl\MI\11680.png,MI,MI,0.867,1
C:\Users\taimo\OneDrive\Documents 1\work\ecg-synthetic-research\data\rendered\ptbxl\MI\11866.png,MI,NORM,0.773,0
C:\Users\taimo\OneDrive\Documents 1\work\ecg-synthetic-research\data\rendered\ptbxl\MI\11877.png,MI,NORM,0.8125,0
C:\Users\taimo\OneDrive\Documents 1\work\ecg-synthetic-research\data\rendered\ptbxl\MI\11983.png,MI,MI,0.728,1
C:\Users\taimo\OneDrive\Documents 1\work\ecg-synthetic-research\data\rendered\ptbxl\MI\12035.png,MI,MI,0.678,1
C:\Users\taimo\OneDrive\Documents 1\work\ecg-synthetic-research\data\rendered\ptbxl\MI\12037.png,MI,MI,0.63,1
C:\Users\taimo\OneDrive\Documents 1\work\ecg-synthetic-research\data\rendered\ptbxl\MI\12124.png,MI,NORM,0.624,0
C:\Users\taimo\OneDrive\Documents 1\work\ecg-synthetic-research\data\rendered\ptbxl\MI\12189.png,MI,MI,0.8765,1
C:\Users\taimo\OneDrive\Documents 1\work\ecg-synthetic-research\data\rendered\ptbxl\MI\12212.png,MI,MI,0.831,1
C:\Users\taimo\OneDrive\Documents 1\work\ecg-synthetic-research\data\rendered\ptbxl\MI\12237.png,MI,NORM,0.5615,0
C:\Users\taimo\OneDrive\Documents 1\work\ecg-synthetic-research\data\rendered\ptbxl\MI\12331.png,MI,NORM,0.6216,0
C:\Users\taimo\OneDrive\Documents 1\work\ecg-synthetic-research\data\rendered\ptbxl\MI\12388.png,MI,MI,0.936,1
C:\Users\taimo\OneDrive\Documents 1\work\ecg-synthetic-research\data\rendered\ptbxl\MI\12406.png,MI,MI,0.9204,1
C:\Users\taimo\OneDrive\Documents 1\work\ecg-synthetic-research\data\rendered\ptbxl\MI\12422.png,MI,MI,0.907,1
C:\Users\taimo\OneDrive\Documents 1\work\ecg-synthetic-research\data\rendered\ptbxl\MI\12431.png,MI,MI,0.9546,1
C:\Users\taimo\OneDrive\Documents 1\work\ecg-synthetic-research\data\rendered\ptbxl\MI\12442.png,MI,MI,0.6436,1
C:\Users\taimo\OneDrive\Documents 1\work\ecg-synthetic-research\data\rendered\ptbxl\MI\12494.png,MI,MI,0.622,1
C:\Users\taimo\OneDrive\Documents 1\work\ecg-synthetic-research\data\rendered\ptbxl\MI\12509.png,MI,MI,0.931,1
C:\Users\taimo\OneDrive\Documents 1\work\ecg-synthetic-research\data\rendered\ptbxl\MI\12510.png,MI,MI,0.9673,1
C:\Users\taimo\OneDrive\Documents 1\work\ecg-synthetic-research\data\rendered\ptbxl\MI\12555.png,MI,MI,0.9043,1
C:\Users\taimo\OneDrive\Documents 1\work\ecg-synthetic-research\data\rendered\ptbxl\MI\12572.png,MI,MI,0.8833,1
C:\Users\taimo\OneDrive\Documents 1\work\ecg-synthetic-research\data\rendered\ptbxl\MI\12600.png,MI,MI,0.7817,1
C:\Users\taimo\OneDrive\Documents 1\work\ecg-synthetic-research\data\rendered\ptbxl\MI\12616.png,MI,MI,0.902,1
C:\Users\taimo\OneDrive\Documents 1\work\ecg-synthetic-research\data\rendered\ptbxl\MI\12639.png,MI,MI,0.9033,1
C:\Users\taimo\OneDrive\Documents 1\work\ecg-synthetic-research\data\rendered\ptbxl\MI\12664.png,MI,MI,0.7656,1
C:\Users\taimo\OneDrive\Documents 1\work\ecg-synthetic-research\data\rendered\ptbxl\MI\12780.png,MI,MI,0.441,1
C:\Users\taimo\OneDrive\Documents 1\work\ecg-synthetic-research\data\rendered\ptbxl\MI\12803.png,MI,MI,0.882,1
C:\Users\taimo\OneDrive\Documents 1\work\ecg-synthetic-research\data\rendered\ptbxl\MI\12810.png,MI,TACHY,0.521,0
C:\Users\taimo\OneDrive\Documents 1\work\ecg-synthetic-research\data\rendered\ptbxl\MI\12867.png,MI,MI,0.7793,1
C:\Users\taimo\OneDrive\Documents 1\work\ecg-synthetic-research\data\rendered\ptbxl\MI\12873.png,MI,MI,0.8804,1
C:\Users\taimo\OneDrive\Documents 1\work\ecg-synthetic-research\data\rendered\ptbxl\MI\12960.png,MI,MI,0.615,1
C:\Users\taimo\OneDrive\Documents 1\work\ecg-synthetic-research\data\rendered\ptbxl\MI\12973.png,MI,NORM,0.5596,0
C:\Users\taimo\OneDrive\Documents 1\work\ecg-synthetic-research\data\rendered\ptbxl\MI\13038.png,MI,MI,0.7827,1
C:\Users\taimo\OneDrive\Documents 1\work\ecg-synthetic-research\data\rendered\ptbxl\MI\13151.png,MI,MI,0.8047,1
C:\Users\taimo\OneDrive\Documents 1\work\ecg-synthetic-research\data\rendered\ptbxl\MI\13157.png,MI,MI,0.911,1
C:\Users\taimo\OneDrive\Documents 1\work\ecg-synthetic-research\data\rendered\ptbxl\MI\13224.png,MI,MI,0.921,1
C:\Users\taimo\OneDrive\Documents 1\work\ecg-synthetic-research\data\rendered\ptbxl\MI\13228.png,MI,MI,0.83,1
C:\Users\taimo\OneDrive\Documents 1\work\ecg-synthetic-research\data\rendered\ptbxl\MI\13255.png,MI,MI,0.7207,1
C:\Users\taimo\OneDrive\Documents 1\work\ecg-synthetic-research\data\rendered\ptbxl\MI\13290.png,MI,MI,0.851,1
C:\Users\taimo\OneDrive\Documents 1\work\ecg-synthetic-research\data\rendered\ptbxl\MI\13306.png,MI,MI,0.5464,1
C:\Users\taimo\OneDrive\Documents 1\work\ecg-synthetic-research\data\rendered\ptbxl\MI\13338.png,MI,MI,0.601,1
C:\Users\taimo\OneDrive\Documents 1\work\ecg-synthetic-research\data\rendered\ptbxl\MI\13351.png,MI,MI,0.7593,1
C:\Users\taimo\OneDrive\Documents 1\work\ecg-synthetic-research\data\rendered\ptbxl\MI\13362.png,MI,MI,0.5757,1
C:\Users\taimo\OneDrive\Documents 1\work\ecg-synthetic-research\data\rendered\ptbxl\MI\13429.png,MI,MI,0.857,1
C:\Users\taimo\OneDrive\Documents 1\work\ecg-synthetic-research\data\rendered\ptbxl\MI\13434.png,MI,NORM,0.4597,0
C:\Users\taimo\OneDrive\Documents 1\work\ecg-synthetic-research\data\rendered\ptbxl\MI\13445.png,MI,MI,0.8774,1
C:\Users\taimo\OneDrive\Documents 1\work\ecg-synthetic-research\data\rendered\ptbxl\MI\13465.png,MI,MI,0.6797,1
C:\Users\taimo\OneDrive\Documents 1\work\ecg-synthetic-research\data\rendered\ptbxl\MI\13484.png,MI,MI,0.844,1
C:\Users\taimo\OneDrive\Documents 1\work\ecg-synthetic-research\data\rendered\ptbxl\MI\13556.png,MI,MI,0.8687,1
C:\Users\taimo\OneDrive\Documents 1\work\ecg-synthetic-research\data\rendered\ptbxl\MI\13562.png,MI,MI,0.7046,1
C:\Users\taimo\OneDrive\Documents 1\work\ecg-synthetic-research\data\rendered\ptbxl\MI\13763.png,MI,MI,0.8057,1
C:\Users\taimo\OneDrive\Documents 1\work\ecg-synthetic-research\data\rendered\ptbxl\MI\13825.png,MI,MI,0.609,1
C:\Users\taimo\OneDrive\Documents 1\work\ecg-synthetic-research\data\rendered\ptbxl\MI\13844.png,MI,MI,0.9033,1
C:\Users\taimo\OneDrive\Documents 1\work\ecg-synthetic-research\data\rendered\ptbxl\MI\13868.png,MI,MI,0.7524,1
C:\Users\taimo\OneDrive\Documents 1\work\ecg-synthetic-research\data\rendered\ptbxl\MI\13893.png,MI,MI,0.831,1
C:\Users\taimo\OneDrive\Documents 1\work\ecg-synthetic-research\data\rendered\ptbxl\MI\13896.png,MI,MI,0.7563,1
C:\Users\taimo\OneDrive\Documents 1\work\ecg-synthetic-research\data\rendered\ptbxl\MI\13931.png,MI,MI,0.5547,1
C:\Users\taimo\OneDrive\Documents 1\work\ecg-synthetic-research\data\rendered\ptbxl\MI\14008.png,MI,MI,0.817,1
C:\Users\taimo\OneDrive\Documents 1\work\ecg-synthetic-research\data\rendered\ptbxl\MI\14148.png,MI,MI,0.6387,1
C:\Users\taimo\OneDrive\Documents 1\work\ecg-synthetic-research\data\rendered\ptbxl\MI\14192.png,MI,MI,0.9697,1
C:\Users\taimo\OneDrive\Documents 1\work\ecg-synthetic-research\data\rendered\ptbxl\MI\14318.png,MI,MI,0.8296,1
C:\Users\taimo\OneDrive\Documents 1\work\ecg-synthetic-research\data\rendered\ptbxl\MI\14360.png,MI,AFIB,0.7217,0
C:\Users\taimo\OneDrive\Documents 1\work\ecg-synthetic-research\data\rendered\ptbxl\MI\14391.png,MI,MI,0.889,1
C:\Users\taimo\OneDrive\Documents 1\work\ecg-synthetic-research\data\rendered\ptbxl\MI\14455.png,MI,MI,0.7915,1
C:\Users\taimo\OneDrive\Documents 1\work\ecg-synthetic-research\data\rendered\ptbxl\MI\14475.png,MI,MI,0.5654,1
C:\Users\taimo\OneDrive\Documents 1\work\ecg-synthetic-research\data\rendered\ptbxl\MI\14534.png,MI,AFIB,0.685,0
C:\Users\taimo\OneDrive\Documents 1\work\ecg-synthetic-research\data\rendered\ptbxl\MI\14543.png,MI,MI,0.6606,1
C:\Users\taimo\OneDrive\Documents 1\work\ecg-synthetic-research\data\rendered\ptbxl\MI\14573.png,MI,MI,0.5586,1
C:\Users\taimo\OneDrive\Documents 1\work\ecg-synthetic-research\data\rendered\ptbxl\MI\14586.png,MI,MI,0.83,1
C:\Users\taimo\OneDrive\Documents 1\work\ecg-synthetic-research\data\rendered\ptbxl\MI\14589.png,MI,MI,0.864,1
C:\Users\taimo\OneDrive\Documents 1\work\ecg-synthetic-research\data\rendered\ptbxl\MI\14627.png,MI,NORM,0.5454,0
C:\Users\taimo\OneDrive\Documents 1\work\ecg-synthetic-research\data\rendered\ptbxl\MI\14644.png,MI,MI,0.7524,1
C:\Users\taimo\OneDrive\Documents 1\work\ecg-synthetic-research\data\rendered\ptbxl\MI\14812.png,MI,MI,0.4988,1
C:\Users\taimo\OneDrive\Documents 1\work\ecg-synthetic-research\data\rendered\ptbxl\MI\14848.png,MI,AFIB,0.8003,0
C:\Users\taimo\OneDrive\Documents 1\work\ecg-synthetic-research\data\rendered\ptbxl\MI\14870.png,MI,NORM,0.5522,0
C:\Users\taimo\OneDrive\Documents 1\work\ecg-synthetic-research\data\rendered\ptbxl\MI\14988.png,MI,MI,0.8896,1
C:\Users\taimo\OneDrive\Documents 1\work\ecg-synthetic-research\data\rendered\ptbxl\MI\15003.png,MI,MI,0.925,1
C:\Users\taimo\OneDrive\Documents 1\work\ecg-synthetic-research\data\rendered\ptbxl\MI\15076.png,MI,NORM,0.557,0
C:\Users\taimo\OneDrive\Documents 1\work\ecg-synthetic-research\data\rendered\ptbxl\MI\15086.png,MI,MI,0.857,1
C:\Users\taimo\OneDrive\Documents 1\work\ecg-synthetic-research\data\rendered\ptbxl\MI\15179.png,MI,MI,0.8477,1
C:\Users\taimo\OneDrive\Documents 1\work\ecg-synthetic-research\data\rendered\ptbxl\MI\15254.png,MI,MI,0.624,1
C:\Users\taimo\OneDrive\Documents 1\work\ecg-synthetic-research\data\rendered\ptbxl\MI\15277.png,MI,MI,0.8706,1
C:\Users\taimo\OneDrive\Documents 1\work\ecg-synthetic-research\data\rendered\ptbxl\MI\15298.png,MI,MI,0.835,1
C:\Users\taimo\OneDrive\Documents 1\work\ecg-synthetic-research\data\rendered\ptbxl\MI\15458.png,MI,MI,0.7466,1
C:\Users\taimo\OneDrive\Documents 1\work\ecg-synthetic-research\data\rendered\ptbxl\MI\15468.png,MI,MI,0.805,1
C:\Users\taimo\OneDrive\Documents 1\work\ecg-synthetic-research\data\rendered\ptbxl\MI\15475.png,MI,NORM,0.526,0
C:\Users\taimo\OneDrive\Documents 1\work\ecg-synthetic-research\data\rendered\ptbxl\MI\15500.png,MI,MI,0.891,1
C:\Users\taimo\OneDrive\Documents 1\work\ecg-synthetic-research\data\rendered\ptbxl\MI\15573.png,MI,MI,0.6665,1
C:\Users\taimo\OneDrive\Documents 1\work\ecg-synthetic-research\data\rendered\ptbxl\MI\15705.png,MI,TACHY,0.796,0
C:\Users\taimo\OneDrive\Documents 1\work\ecg-synthetic-research\data\rendered\ptbxl\MI\15739.png,MI,MI,0.9146,1
C:\Users\taimo\OneDrive\Documents 1\work\ecg-synthetic-research\data\rendered\ptbxl\MI\15741.png,MI,MI,0.905,1
C:\Users\taimo\OneDrive\Documents 1\work\ecg-synthetic-research\data\rendered\ptbxl\MI\15752.png,MI,MI,0.8696,1
C:\Users\taimo\OneDrive\Documents 1\work\ecg-synthetic-research\data\rendered\ptbxl\MI\15849.png,MI,MI,0.902,1
C:\Users\taimo\OneDrive\Documents 1\work\ecg-synthetic-research\data\rendered\ptbxl\MI\15866.png,MI,MI,0.8984,1
C:\Users\taimo\OneDrive\Documents 1\work\ecg-synthetic-research\data\rendered\ptbxl\MI\15869.png,MI,MI,0.653,1
C:\Users\taimo\OneDrive\Documents 1\work\ecg-synthetic-research\data\rendered\ptbxl\MI\15944.png,MI,MI,0.9604,1
C:\Users\taimo\OneDrive\Documents 1\work\ecg-synthetic-research\data\rendered\ptbxl\MI\15956.png,MI,MI,0.4631,1
C:\Users\taimo\OneDrive\Documents 1\work\ecg-synthetic-research\data\rendered\ptbxl\MI\16148.png,MI,MI,0.555,1
C:\Users\taimo\OneDrive\Documents 1\work\ecg-synthetic-research\data\rendered\ptbxl\MI\16195.png,MI,NORM,0.7397,0
C:\Users\taimo\OneDrive\Documents 1\work\ecg-synthetic-research\data\rendered\ptbxl\MI\16207.png,MI,MI,0.7725,1
C:\Users\taimo\OneDrive\Documents 1\work\ecg-synthetic-research\data\rendered\ptbxl\MI\16210.png,MI,MI,0.643,1
C:\Users\taimo\OneDrive\Documents 1\work\ecg-synthetic-research\data\rendered\ptbxl\MI\16219.png,MI,MI,0.7705,1
C:\Users\taimo\OneDrive\Documents 1\work\ecg-synthetic-research\data\rendered\ptbxl\MI\16247.png,MI,MI,0.8555,1
C:\Users\taimo\OneDrive\Documents 1\work\ecg-synthetic-research\data\rendered\ptbxl\MI\16268.png,MI,MI,0.8184,1
C:\Users\taimo\OneDrive\Documents 1\work\ecg-synthetic-research\data\rendered\ptbxl\MI\16272.png,MI,MI,0.668,1
C:\Users\taimo\OneDrive\Documents 1\work\ecg-synthetic-research\data\rendered\ptbxl\MI\16294.png,MI,MI,0.4878,1
C:\Users\taimo\OneDrive\Documents 1\work\ecg-synthetic-research\data\rendered\ptbxl\MI\16343.png,MI,MI,0.4329,1
C:\Users\taimo\OneDrive\Documents 1\work\ecg-synthetic-research\data\rendered\ptbxl\MI\16406.png,MI,MI,0.6562,1
C:\Users\taimo\OneDrive\Documents 1\work\ecg-synthetic-research\data\rendered\ptbxl\MI\16420.png,MI,MI,0.927,1
C:\Users\taimo\OneDrive\Documents 1\work\ecg-synthetic-research\data\rendered\ptbxl\MI\16447.png,MI,MI,0.976,1
C:\Users\taimo\OneDrive\Documents 1\work\ecg-synthetic-research\data\rendered\ptbxl\MI\16500.png,MI,NORM,0.677,0
C:\Users\taimo\OneDrive\Documents 1\work\ecg-synthetic-research\data\rendered\ptbxl\MI\16517.png,MI,MI,0.708,1
C:\Users\taimo\OneDrive\Documents 1\work\ecg-synthetic-research\data\rendered\ptbxl\MI\16543.png,MI,NORM,0.4797,0
C:\Users\taimo\OneDrive\Documents 1\work\ecg-synthetic-research\data\rendered\ptbxl\MI\16552.png,MI,MI,0.48,1
C:\Users\taimo\OneDrive\Documents 1\work\ecg-synthetic-research\data\rendered\ptbxl\MI\16604.png,MI,MI,0.7114,1
C:\Users\taimo\OneDrive\Documents 1\work\ecg-synthetic-research\data\rendered\ptbxl\MI\16616.png,MI,MI,0.4888,1
C:\Users\taimo\OneDrive\Documents 1\work\ecg-synthetic-research\data\rendered\ptbxl\MI\16636.png,MI,MI,0.8564,1
C:\Users\taimo\OneDrive\Documents 1\work\ecg-synthetic-research\data\rendered\ptbxl\MI\16638.png,MI,MI,0.938,1
C:\Users\taimo\OneDrive\Documents 1\work\ecg-synthetic-research\data\rendered\ptbxl\MI\16642.png,MI,MI,0.6787,1
C:\Users\taimo\OneDrive\Documents 1\work\ecg-synthetic-research\data\rendered\ptbxl\MI\16704.png,MI,MI,0.606,1
C:\Users\taimo\OneDrive\Documents 1\work\ecg-synthetic-research\data\rendered\ptbxl\MI\16711.png,MI,MI,0.79,1
C:\Users\taimo\OneDrive\Documents 1\work\ecg-synthetic-research\data\rendered\ptbxl\MI\16725.png,MI,MI,0.787,1
C:\Users\taimo\OneDrive\Documents 1\work\ecg-synthetic-research\data\rendered\ptbxl\MI\16728.png,MI,MI,0.548,1
C:\Users\taimo\OneDrive\Documents 1\work\ecg-synthetic-research\data\rendered\ptbxl\MI\16832.png,MI,MI,0.8755,1
C:\Users\taimo\OneDrive\Documents 1\work\ecg-synthetic-research\data\rendered\ptbxl\MI\16847.png,MI,MI,0.794,1
C:\Users\taimo\OneDrive\Documents 1\work\ecg-synthetic-research\data\rendered\ptbxl\MI\16854.png,MI,MI,0.769,1
C:\Users\taimo\OneDrive\Documents 1\work\ecg-synthetic-research\data\rendered\ptbxl\MI\16886.png,MI,MI,0.925,1
C:\Users\taimo\OneDrive\Documents 1\work\ecg-synthetic-research\data\rendered\ptbxl\MI\16898.png,MI,AFIB,0.3804,0
C:\Users\taimo\OneDrive\Documents 1\work\ecg-synthetic-research\data\rendered\ptbxl\MI\16924.png,MI,MI,0.568,1
C:\Users\taimo\OneDrive\Documents 1\work\ecg-synthetic-research\data\rendered\ptbxl\MI\16952.png,MI,MI,0.7793,1
C:\Users\taimo\OneDrive\Documents 1\work\ecg-synthetic-research\data\rendered\ptbxl\MI\16982.png,MI,TACHY,0.481,0
C:\Users\taimo\OneDrive\Documents 1\work\ecg-synthetic-research\data\rendered\ptbxl\MI\16999.png,MI,MI,0.577,1
C:\Users\taimo\OneDrive\Documents 1\work\ecg-synthetic-research\data\rendered\ptbxl\MI\17036.png,MI,MI,0.72,1
C:\Users\taimo\OneDrive\Documents 1\work\ecg-synthetic-research\data\rendered\ptbxl\MI\17071.png,MI,MI,0.894,1
C:\Users\taimo\OneDrive\Documents 1\work\ecg-synthetic-research\data\rendered\ptbxl\MI\17074.png,MI,MI,0.78,1
C:\Users\taimo\OneDrive\Documents 1\work\ecg-synthetic-research\data\rendered\ptbxl\MI\17148.png,MI,MI,0.6436,1
C:\Users\taimo\OneDrive\Documents 1\work\ecg-synthetic-research\data\rendered\ptbxl\MI\17199.png,MI,MI,0.5435,1
C:\Users\taimo\OneDrive\Documents 1\work\ecg-synthetic-research\data\rendered\ptbxl\MI\17206.png,MI,MI,0.562,1
C:\Users\taimo\OneDrive\Documents 1\work\ecg-synthetic-research\data\rendered\ptbxl\MI\17303.png,MI,MI,0.798,1
C:\Users\taimo\OneDrive\Documents 1\work\ecg-synthetic-research\data\rendered\ptbxl\MI\17333.png,MI,MI,0.7627,1
C:\Users\taimo\OneDrive\Documents 1\work\ecg-synthetic-research\data\rendered\ptbxl\MI\17339.png,MI,MI,0.9023,1
C:\Users\taimo\OneDrive\Documents 1\work\ecg-synthetic-research\data\rendered\ptbxl\MI\17369.png,MI,MI,0.765,1
C:\Users\taimo\OneDrive\Documents 1\work\ecg-synthetic-research\data\rendered\ptbxl\MI\17392.png,MI,MI,0.9204,1
C:\Users\taimo\OneDrive\Documents 1\work\ecg-synthetic-research\data\rendered\ptbxl\MI\17395.png,MI,TACHY,0.9307,0
C:\Users\taimo\OneDrive\Documents 1\work\ecg-synthetic-research\data\rendered\ptbxl\MI\17419.png,MI,NORM,0.673,0
C:\Users\taimo\OneDrive\Documents 1\work\ecg-synthetic-research\data\rendered\ptbxl\MI\17420.png,MI,NORM,0.6553,0
C:\Users\taimo\OneDrive\Documents 1\work\ecg-synthetic-research\data\rendered\ptbxl\MI\17562.png,MI,MI,0.8228,1
C:\Users\taimo\OneDrive\Documents 1\work\ecg-synthetic-research\data\rendered\ptbxl\MI\17578.png,MI,MI,0.524,1
C:\Users\taimo\OneDrive\Documents 1\work\ecg-synthetic-research\data\rendered\ptbxl\MI\17599.png,MI,MI,0.9487,1
C:\Users\taimo\OneDrive\Documents 1\work\ecg-synthetic-research\data\rendered\ptbxl\MI\17610.png,MI,NORM,0.5566,0
C:\Users\taimo\OneDrive\Documents 1\work\ecg-synthetic-research\data\rendered\ptbxl\MI\17650.png,MI,MI,0.6743,1
C:\Users\taimo\OneDrive\Documents 1\work\ecg-synthetic-research\data\rendered\ptbxl\MI\17670.png,MI,MI,0.7866,1
C:\Users\taimo\OneDrive\Documents 1\work\ecg-synthetic-research\data\rendered\ptbxl\MI\17736.png,MI,MI,0.5083,1
C:\Users\taimo\OneDrive\Documents 1\work\ecg-synthetic-research\data\rendered\ptbxl\MI\17744.png,MI,MI,0.9614,1
C:\Users\taimo\OneDrive\Documents 1\work\ecg-synthetic-research\data\rendered\ptbxl\MI\17759.png,MI,MI,0.955,1
C:\Users\taimo\OneDrive\Documents 1\work\ecg-synthetic-research\data\rendered\ptbxl\MI\17782.png,MI,MI,0.948,1
C:\Users\taimo\OneDrive\Documents 1\work\ecg-synthetic-research\data\rendered\ptbxl\MI\17786.png,MI,MI,0.653,1
C:\Users\taimo\OneDrive\Documents 1\work\ecg-synthetic-research\data\rendered\ptbxl\MI\17913.png,MI,MI,0.781,1
C:\Users\taimo\OneDrive\Documents 1\work\ecg-synthetic-research\data\rendered\ptbxl\MI\18020.png,MI,MI,0.9565,1
C:\Users\taimo\OneDrive\Documents 1\work\ecg-synthetic-research\data\rendered\ptbxl\MI\18021.png,MI,NORM,0.5747,0
C:\Users\taimo\OneDrive\Documents 1\work\ecg-synthetic-research\data\rendered\ptbxl\MI\18046.png,MI,MI,0.5264,1
C:\Users\taimo\OneDrive\Documents 1\work\ecg-synthetic-research\data\rendered\ptbxl\MI\18062.png,MI,MI,0.696,1
C:\Users\taimo\OneDrive\Documents 1\work\ecg-synthetic-research\data\rendered\ptbxl\MI\18094.png,MI,MI,0.8784,1
C:\Users\taimo\OneDrive\Documents 1\work\ecg-synthetic-research\data\rendered\ptbxl\MI\18097.png,MI,MI,0.904,1
C:\Users\taimo\OneDrive\Documents 1\work\ecg-synthetic-research\data\rendered\ptbxl\MI\18118.png,MI,MI,0.9214,1
C:\Users\taimo\OneDrive\Documents 1\work\ecg-synthetic-research\data\rendered\ptbxl\MI\18180.png,MI,MI,0.8726,1
C:\Users\taimo\OneDrive\Documents 1\work\ecg-synthetic-research\data\rendered\ptbxl\MI\18209.png,MI,MI,0.6055,1
C:\Users\taimo\OneDrive\Documents 1\work\ecg-synthetic-research\data\rendered\ptbxl\MI\18291.png,MI,MI,0.625,1
C:\Users\taimo\OneDrive\Documents 1\work\ecg-synthetic-research\data\rendered\ptbxl\MI\18344.png,MI,MI,0.932,1
C:\Users\taimo\OneDrive\Documents 1\work\ecg-synthetic-research\data\rendered\ptbxl\MI\18345.png,MI,NORM,0.4585,0
C:\Users\taimo\OneDrive\Documents 1\work\ecg-synthetic-research\data\rendered\ptbxl\MI\18421.png,MI,MI,0.51,1
C:\Users\taimo\OneDrive\Documents 1\work\ecg-synthetic-research\data\rendered\ptbxl\MI\18507.png,MI,MI,0.6997,1
C:\Users\taimo\OneDrive\Documents 1\work\ecg-synthetic-research\data\rendered\ptbxl\MI\18528.png,MI,MI,0.827,1
C:\Users\taimo\OneDrive\Documents 1\work\ecg-synthetic-research\data\rendered\ptbxl\MI\18533.png,MI,MI,0.4692,1
C:\Users\taimo\OneDrive\Documents 1\work\ecg-synthetic-research\data\rendered\ptbxl\MI\18555.png,MI,NORM,0.584,0
C:\Users\taimo\OneDrive\Documents 1\work\ecg-synthetic-research\data\rendered\ptbxl\MI\18686.png,MI,MI,0.866,1
C:\Users\taimo\OneDrive\Documents 1\work\ecg-synthetic-research\data\rendered\ptbxl\MI\18711.png,MI,MI,0.9077,1
C:\Users\taimo\OneDrive\Documents 1\work\ecg-synthetic-research\data\rendered\ptbxl\MI\18763.png,MI,MI,0.731,1
C:\Users\taimo\OneDrive\Documents 1\work\ecg-synthetic-research\data\rendered\ptbxl\MI\18796.png,MI,MI,0.963,1
C:\Users\taimo\OneDrive\Documents 1\work\ecg-synthetic-research\data\rendered\ptbxl\MI\18883.png,MI,MI,0.631,1
C:\Users\taimo\OneDrive\Documents 1\work\ecg-synthetic-research\data\rendered\ptbxl\MI\18949.png,MI,MI,0.8623,1
C:\Users\taimo\OneDrive\Documents 1\work\ecg-synthetic-research\data\rendered\ptbxl\MI\19056.png,MI,MI,0.8555,1
C:\Users\taimo\OneDrive\Documents 1\work\ecg-synthetic-research\data\rendered\ptbxl\MI\19067.png,MI,MI,0.8984,1
C:\Users\taimo\OneDrive\Documents 1\work\ecg-synthetic-research\data\rendered\ptbxl\MI\19140.png,MI,NORM,0.5376,0
C:\Users\taimo\OneDrive\Documents 1\work\ecg-synthetic-research\data\rendered\ptbxl\MI\19141.png,MI,MI,0.929,1
C:\Users\taimo\OneDrive\Documents 1\work\ecg-synthetic-research\data\rendered\ptbxl\MI\19269.png,MI,MI,0.8604,1
C:\Users\taimo\OneDrive\Documents 1\work\ecg-synthetic-research\data\rendered\ptbxl\MI\19301.png,MI,MI,0.567,1
C:\Users\taimo\OneDrive\Documents 1\work\ecg-synthetic-research\data\rendered\ptbxl\MI\19325.png,MI,MI,0.923,1
C:\Users\taimo\OneDrive\Documents 1\work\ecg-synthetic-research\data\rendered\ptbxl\MI\19366.png,MI,NORM,0.8813,0
C:\Users\taimo\OneDrive\Documents 1\work\ecg-synthetic-research\data\rendered\ptbxl\MI\19402.png,MI,NORM,0.7754,0
C:\Users\taimo\OneDrive\Documents 1\work\ecg-synthetic-research\data\rendered\ptbxl\MI\19404.png,MI,MI,0.868,1
C:\Users\taimo\OneDrive\Documents 1\work\ecg-synthetic-research\data\rendered\ptbxl\MI\19409.png,MI,TACHY,0.7266,0
C:\Users\taimo\OneDrive\Documents 1\work\ecg-synthetic-research\data\rendered\ptbxl\MI\19459.png,MI,MI,0.872,1
C:\Users\taimo\OneDrive\Documents 1\work\ecg-synthetic-research\data\rendered\ptbxl\MI\19465.png,MI,MI,0.8423,1
C:\Users\taimo\OneDrive\Documents 1\work\ecg-synthetic-research\data\rendered\ptbxl\MI\19483.png,MI,MI,0.6274,1
C:\Users\taimo\OneDrive\Documents 1\work\ecg-synthetic-research\data\rendered\ptbxl\MI\19484.png,MI,MI,0.6963,1
C:\Users\taimo\OneDrive\Documents 1\work\ecg-synthetic-research\data\rendered\ptbxl\MI\19504.png,MI,NORM,0.5376,0
C:\Users\taimo\OneDrive\Documents 1\work\ecg-synthetic-research\data\rendered\ptbxl\MI\19535.png,MI,MI,0.643,1
C:\Users\taimo\OneDrive\Documents 1\work\ecg-synthetic-research\data\rendered\ptbxl\MI\19572.png,MI,MI,0.7393,1
C:\Users\taimo\OneDrive\Documents 1\work\ecg-synthetic-research\data\rendered\ptbxl\MI\19582.png,MI,MI,0.538,1
C:\Users\taimo\OneDrive\Documents 1\work\ecg-synthetic-research\data\rendered\ptbxl\MI\19657.png,MI,MI,0.7026,1
C:\Users\taimo\OneDrive\Documents 1\work\ecg-synthetic-research\data\rendered\ptbxl\MI\19700.png,MI,NORM,0.5674,0
C:\Users\taimo\OneDrive\Documents 1\work\ecg-synthetic-research\data\rendered\ptbxl\MI\19726.png,MI,MI,0.822,1
C:\Users\taimo\OneDrive\Documents 1\work\ecg-synthetic-research\data\rendered\ptbxl\MI\19734.png,MI,MI,0.897,1
C:\Users\taimo\OneDrive\Documents 1\work\ecg-synthetic-research\data\rendered\ptbxl\MI\19814.png,MI,MI,0.853,1
C:\Users\taimo\OneDrive\Documents 1\work\ecg-synthetic-research\data\rendered\ptbxl\MI\19815.png,MI,MI,0.798,1
C:\Users\taimo\OneDrive\Documents 1\work\ecg-synthetic-research\data\rendered\ptbxl\MI\19827.png,MI,MI,0.721,1
C:\Users\taimo\OneDrive\Documents 1\work\ecg-synthetic-research\data\rendered\ptbxl\MI\19842.png,MI,MI,0.632,1
C:\Users\taimo\OneDrive\Documents 1\work\ecg-synthetic-research\data\rendered\ptbxl\MI\19847.png,MI,MI,0.925,1
C:\Users\taimo\OneDrive\Documents 1\work\ecg-synthetic-research\data\rendered\ptbxl\MI\19898.png,MI,MI,0.587,1
C:\Users\taimo\OneDrive\Documents 1\work\ecg-synthetic-research\data\rendered\ptbxl\MI\19900.png,MI,MI,0.7573,1
C:\Users\taimo\OneDrive\Documents 1\work\ecg-synthetic-research\data\rendered\ptbxl\MI\19972.png,MI,MI,0.688,1
C:\Users\taimo\OneDrive\Documents 1\work\ecg-synthetic-research\data\rendered\ptbxl\MI\20097.png,MI,MI,0.8633,1
C:\Users\taimo\OneDrive\Documents 1\work\ecg-synthetic-research\data\rendered\ptbxl\MI\20098.png,MI,MI,0.903,1
C:\Users\taimo\OneDrive\Documents 1\work\ecg-synthetic-research\data\rendered\ptbxl\MI\20128.png,MI,MI,0.83,1
C:\Users\taimo\OneDrive\Documents 1\work\ecg-synthetic-research\data\rendered\ptbxl\MI\20161.png,MI,AFIB,0.7144,0
C:\Users\taimo\OneDrive\Documents 1\work\ecg-synthetic-research\data\rendered\ptbxl\MI\20175.png,MI,MI,0.4932,1
C:\Users\taimo\OneDrive\Documents 1\work\ecg-synthetic-research\data\rendered\ptbxl\MI\20339.png,MI,MI,0.6997,1
C:\Users\taimo\OneDrive\Documents 1\work\ecg-synthetic-research\data\rendered\ptbxl\MI\20362.png,MI,NORM,0.5063,0
C:\Users\taimo\OneDrive\Documents 1\work\ecg-synthetic-research\data\rendered\ptbxl\MI\20375.png,MI,MI,0.748,1
C:\Users\taimo\OneDrive\Documents 1\work\ecg-synthetic-research\data\rendered\ptbxl\MI\20381.png,MI,NORM,0.7056,0
C:\Users\taimo\OneDrive\Documents 1\work\ecg-synthetic-research\data\rendered\ptbxl\MI\20422.png,MI,MI,0.7485,1
C:\Users\taimo\OneDrive\Documents 1\work\ecg-synthetic-research\data\rendered\ptbxl\MI\20424.png,MI,MI,0.668,1
C:\Users\taimo\OneDrive\Documents 1\work\ecg-synthetic-research\data\rendered\ptbxl\MI\20433.png,MI,TACHY,0.866,0
C:\Users\taimo\OneDrive\Documents 1\work\ecg-synthetic-research\data\rendered\ptbxl\MI\20446.png,MI,MI,0.895,1
C:\Users\taimo\OneDrive\Documents 1\work\ecg-synthetic-research\data\rendered\ptbxl\MI\20451.png,MI,MI,0.877,1
C:\Users\taimo\OneDrive\Documents 1\work\ecg-synthetic-research\data\rendered\ptbxl\MI\20470.png,MI,MI,0.964,1
C:\Users\taimo\OneDrive\Documents 1\work\ecg-synthetic-research\data\rendered\ptbxl\MI\20508.png,MI,MI,0.829,1
C:\Users\taimo\OneDrive\Documents 1\work\ecg-synthetic-research\data\rendered\ptbxl\MI\20536.png,MI,MI,0.811,1
C:\Users\taimo\OneDrive\Documents 1\work\ecg-synthetic-research\data\rendered\ptbxl\MI\20553.png,MI,MI,0.9253,1
C:\Users\taimo\OneDrive\Documents 1\work\ecg-synthetic-research\data\rendered\ptbxl\MI\20575.png,MI,MI,0.4795,1
C:\Users\taimo\OneDrive\Documents 1\work\ecg-synthetic-research\data\rendered\ptbxl\MI\20586.png,MI,MI,0.884,1
C:\Users\taimo\OneDrive\Documents 1\work\ecg-synthetic-research\data\rendered\ptbxl\MI\20592.png,MI,MI,0.8965,1
C:\Users\taimo\OneDrive\Documents 1\work\ecg-synthetic-research\data\rendered\ptbxl\MI\20611.png,MI,TACHY,0.7666,0
C:\Users\taimo\OneDrive\Documents 1\work\ecg-synthetic-research\data\rendered\ptbxl\MI\20643.png,MI,MI,0.883,1
C:\Users\taimo\OneDrive\Documents 1\work\ecg-synthetic-research\data\rendered\ptbxl\MI\20654.png,MI,MI,0.596,1
C:\Users\taimo\OneDrive\Documents 1\work\ecg-synthetic-research\data\rendered\ptbxl\MI\20728.png,MI,MI,0.946,1
C:\Users\taimo\OneDrive\Documents 1\work\ecg-synthetic-research\data\rendered\ptbxl\MI\20764.png,MI,MI,0.5234,1
C:\Users\taimo\OneDrive\Documents 1\work\ecg-synthetic-research\data\rendered\ptbxl\MI\20835.png,MI,MI,0.835,1
C:\Users\taimo\OneDrive\Documents 1\work\ecg-synthetic-research\data\rendered\ptbxl\MI\20904.png,MI,MI,0.831,1
C:\Users\taimo\OneDrive\Documents 1\work\ecg-synthetic-research\data\rendered\ptbxl\MI\20915.png,MI,MI,0.933,1
C:\Users\taimo\OneDrive\Documents 1\work\ecg-synthetic-research\data\rendered\ptbxl\MI\20930.png,MI,MI,0.632,1
C:\Users\taimo\OneDrive\Documents 1\work\ecg-synthetic-research\data\rendered\ptbxl\MI\20946.png,MI,MI,0.85,1
C:\Users\taimo\OneDrive\Documents 1\work\ecg-synthetic-research\data\rendered\ptbxl\MI\21012.png,MI,NORM,0.3794,0
C:\Users\taimo\OneDrive\Documents 1\work\ecg-synthetic-research\data\rendered\ptbxl\MI\21047.png,MI,MI,0.948,1
C:\Users\taimo\OneDrive\Documents 1\work\ecg-synthetic-research\data\rendered\ptbxl\MI\21053.png,MI,MI,0.882,1
C:\Users\taimo\OneDrive\Documents 1\work\ecg-synthetic-research\data\rendered\ptbxl\MI\21077.png,MI,MI,0.944,1
C:\Users\taimo\OneDrive\Documents 1\work\ecg-synthetic-research\data\rendered\ptbxl\MI\21078.png,MI,NORM,0.658,0
C:\Users\taimo\OneDrive\Documents 1\work\ecg-synthetic-research\data\rendered\ptbxl\MI\21082.png,MI,MI,0.834,1
C:\Users\taimo\OneDrive\Documents 1\work\ecg-synthetic-research\data\rendered\ptbxl\MI\21090.png,MI,MI,0.8906,1
C:\Users\taimo\OneDrive\Documents 1\work\ecg-synthetic-research\data\rendered\ptbxl\MI\21120.png,MI,MI,0.553,1
C:\Users\taimo\OneDrive\Documents 1\work\ecg-synthetic-research\data\rendered\ptbxl\MI\21165.png,MI,MI,0.8687,1
C:\Users\taimo\OneDrive\Documents 1\work\ecg-synthetic-research\data\rendered\ptbxl\MI\21240.png,MI,MI,0.734,1
C:\Users\taimo\OneDrive\Documents 1\work\ecg-synthetic-research\data\rendered\ptbxl\MI\21296.png,MI,MI,0.8535,1
C:\Users\taimo\OneDrive\Documents 1\work\ecg-synthetic-research\data\rendered\ptbxl\MI\21307.png,MI,MI,0.913,1
C:\Users\taimo\OneDrive\Documents 1\work\ecg-synthetic-research\data\rendered\ptbxl\MI\21327.png,MI,MI,0.836,1
C:\Users\taimo\OneDrive\Documents 1\work\ecg-synthetic-research\data\rendered\ptbxl\MI\21414.png,MI,MI,0.8564,1
C:\Users\taimo\OneDrive\Documents 1\work\ecg-synthetic-research\data\rendered\ptbxl\MI\21421.png,MI,MI,0.848,1
C:\Users\taimo\OneDrive\Documents 1\work\ecg-synthetic-research\data\rendered\ptbxl\MI\21424.png,MI,MI,0.7524,1
C:\Users\taimo\OneDrive\Documents 1\work\ecg-synthetic-research\data\rendered\ptbxl\MI\21451.png,MI,MI,0.9683,1
C:\Users\taimo\OneDrive\Documents 1\work\ecg-synthetic-research\data\rendered\ptbxl\MI\21465.png,MI,MI,0.9146,1
C:\Users\taimo\OneDrive\Documents 1\work\ecg-synthetic-research\data\rendered\ptbxl\MI\21590.png,MI,MI,0.747,1
C:\Users\taimo\OneDrive\Documents 1\work\ecg-synthetic-research\data\rendered\ptbxl\MI\21596.png,MI,MI,0.864,1
C:\Users\taimo\OneDrive\Documents 1\work\ecg-synthetic-research\data\rendered\ptbxl\MI\21604.png,MI,MI,0.5186,1
C:\Users\taimo\OneDrive\Documents 1\work\ecg-synthetic-research\data\rendered\ptbxl\MI\21714.png,MI,NORM,0.651,0
C:\Users\taimo\OneDrive\Documents 1\work\ecg-synthetic-research\data\rendered\ptbxl\MI\21736.png,MI,MI,0.8022,1
C:\Users\taimo\OneDrive\Documents 1\work\ecg-synthetic-research\data\rendered\ptbxl\MI\21762.png,MI,MI,0.575,1
C:\Users\taimo\OneDrive\Documents 1\work\ecg-synthetic-research\data\rendered\ptbxl\MI\21780.png,MI,MI,0.8403,1
C:\Users\taimo\OneDrive\Documents 1\work\ecg-synthetic-research\data\rendered\ptbxl\AFIB\00017.png,AFIB,TACHY,0.504,0
C:\Users\taimo\OneDrive\Documents 1\work\ecg-synthetic-research\data\rendered\ptbxl\AFIB\00018.png,AFIB,AFIB,0.901,1
C:\Users\taimo\OneDrive\Documents 1\work\ecg-synthetic-research\data\rendered\ptbxl\AFIB\00020.png,AFIB,TACHY,0.831,0
C:\Users\taimo\OneDrive\Documents 1\work\ecg-synthetic-research\data\rendered\ptbxl\AFIB\00023.png,AFIB,TACHY,0.849,0
C:\Users\taimo\OneDrive\Documents 1\work\ecg-synthetic-research\data\rendered\ptbxl\AFIB\00034.png,AFIB,TACHY,0.8774,0
C:\Users\taimo\OneDrive\Documents 1\work\ecg-synthetic-research\data\rendered\ptbxl\AFIB\00337.png,AFIB,AFIB,0.9087,1
C:\Users\taimo\OneDrive\Documents 1\work\ecg-synthetic-research\data\rendered\ptbxl\AFIB\00347.png,AFIB,MI,0.811,0
C:\Users\taimo\OneDrive\Documents 1\work\ecg-synthetic-research\data\rendered\ptbxl\AFIB\00449.png,AFIB,TACHY,0.569,0
C:\Users\taimo\OneDrive\Documents 1\work\ecg-synthetic-research\data\rendered\ptbxl\AFIB\00656.png,AFIB,AFIB,0.7925,1
C:\Users\taimo\OneDrive\Documents 1\work\ecg-synthetic-research\data\rendered\ptbxl\AFIB\00697.png,AFIB,AFIB,0.9873,1
C:\Users\taimo\OneDrive\Documents 1\work\ecg-synthetic-research\data\rendered\ptbxl\AFIB\00872.png,AFIB,AFIB,0.9395,1
C:\Users\taimo\OneDrive\Documents 1\work\ecg-synthetic-research\data\rendered\ptbxl\AFIB\00963.png,AFIB,AFIB,0.8535,1
C:\Users\taimo\OneDrive\Documents 1\work\ecg-synthetic-research\data\rendered\ptbxl\AFIB\01026.png,AFIB,AFIB,0.774,1
C:\Users\taimo\OneDrive\Documents 1\work\ecg-synthetic-research\data\rendered\ptbxl\AFIB\01178.png,AFIB,AFIB,0.922,1
C:\Users\taimo\OneDrive\Documents 1\work\ecg-synthetic-research\data\rendered\ptbxl\AFIB\01179.png,AFIB,AFIB,0.9346,1
C:\Users\taimo\OneDrive\Documents 1\work\ecg-synthetic-research\data\rendered\ptbxl\AFIB\01193.png,AFIB,AFIB,0.961,1
C:\Users\taimo\OneDrive\Documents 1\work\ecg-synthetic-research\data\rendered\ptbxl\AFIB\01229.png,AFIB,AFIB,0.9624,1
C:\Users\taimo\OneDrive\Documents 1\work\ecg-synthetic-research\data\rendered\ptbxl\AFIB\01524.png,AFIB,AFIB,0.944,1
C:\Users\taimo\OneDrive\Documents 1\work\ecg-synthetic-research\data\rendered\ptbxl\AFIB\01586.png,AFIB,AFIB,0.6616,1
C:\Users\taimo\OneDrive\Documents 1\work\ecg-synthetic-research\data\rendered\ptbxl\AFIB\01646.png,AFIB,AFIB,0.9585,1
C:\Users\taimo\OneDrive\Documents 1\work\ecg-synthetic-research\data\rendered\ptbxl\AFIB\01755.png,AFIB,AFIB,0.798,1
C:\Users\taimo\OneDrive\Documents 1\work\ecg-synthetic-research\data\rendered\ptbxl\AFIB\01817.png,AFIB,AFIB,0.8135,1
C:\Users\taimo\OneDrive\Documents 1\work\ecg-synthetic-research\data\rendered\ptbxl\AFIB\02028.png,AFIB,AFIB,0.9424,1
C:\Users\taimo\OneDrive\Documents 1\work\ecg-synthetic-research\data\rendered\ptbxl\AFIB\02066.png,AFIB,MI,0.565,0
C:\Users\taimo\OneDrive\Documents 1\work\ecg-synthetic-research\data\rendered\ptbxl\AFIB\02245.png,AFIB,AFIB,0.886,1
C:\Users\taimo\OneDrive\Documents 1\work\ecg-synthetic-research\data\rendered\ptbxl\AFIB\02304.png,AFIB,AFIB,0.881,1
C:\Users\taimo\OneDrive\Documents 1\work\ecg-synthetic-research\data\rendered\ptbxl\AFIB\02430.png,AFIB,TACHY,0.539,0
C:\Users\taimo\OneDrive\Documents 1\work\ecg-synthetic-research\data\rendered\ptbxl\AFIB\02527.png,AFIB,AFIB,0.9873,1
C:\Users\taimo\OneDrive\Documents 1\work\ecg-synthetic-research\data\rendered\ptbxl\AFIB\02800.png,AFIB,AFIB,0.9004,1
C:\Users\taimo\OneDrive\Documents 1\work\ecg-synthetic-research\data\rendered\ptbxl\AFIB\02886.png,AFIB,AFIB,0.9756,1
C:\Users\taimo\OneDrive\Documents 1\work\ecg-synthetic-research\data\rendered\ptbxl\AFIB\03055.png,AFIB,AFIB,0.915,1
C:\Users\taimo\OneDrive\Documents 1\work\ecg-synthetic-research\data\rendered\ptbxl\AFIB\03063.png,AFIB,AFIB,0.557,1
C:\Users\taimo\OneDrive\Documents 1\work\ecg-synthetic-research\data\rendered\ptbxl\AFIB\03074.png,AFIB,AFIB,0.828,1
C:\Users\taimo\OneDrive\Documents 1\work\ecg-synthetic-research\data\rendered\ptbxl\AFIB\03139.png,AFIB,AFIB,0.94,1
C:\Users\taimo\OneDrive\Documents 1\work\ecg-synthetic-research\data\rendered\ptbxl\AFIB\03215.png,AFIB,AFIB,0.8813,1
C:\Users\taimo\OneDrive\Documents 1\work\ecg-synthetic-research\data\rendered\ptbxl\AFIB\03231.png,AFIB,AFIB,0.782,1
C:\Users\taimo\OneDrive\Documents 1\work\ecg-synthetic-research\data\rendered\ptbxl\AFIB\03340.png,AFIB,AFIB,0.8257,1
C:\Users\taimo\OneDrive\Documents 1\work\ecg-synthetic-research\data\rendered\ptbxl\AFIB\03341.png,AFIB,AFIB,0.6455,1
C:\Users\taimo\OneDrive\Documents 1\work\ecg-synthetic-research\data\rendered\ptbxl\AFIB\03368.png,AFIB,AFIB,0.659,1
C:\Users\taimo\OneDrive\Documents 1\work\ecg-synthetic-research\data\rendered\ptbxl\AFIB\03468.png,AFIB,AFIB,0.8496,1
C:\Users\taimo\OneDrive\Documents 1\work\ecg-synthetic-research\data\rendered\ptbxl\AFIB\03517.png,AFIB,AFIB,0.954,1
C:\Users\taimo\OneDrive\Documents 1\work\ecg-synthetic-research\data\rendered\ptbxl\AFIB\03575.png,AFIB,AFIB,0.953,1
C:\Users\taimo\OneDrive\Documents 1\work\ecg-synthetic-research\data\rendered\ptbxl\AFIB\03690.png,AFIB,AFIB,0.9155,1
C:\Users\taimo\OneDrive\Documents 1\work\ecg-synthetic-research\data\rendered\ptbxl\AFIB\03890.png,AFIB,AFIB,0.922,1
C:\Users\taimo\OneDrive\Documents 1\work\ecg-synthetic-research\data\rendered\ptbxl\AFIB\03947.png,AFIB,AFIB,0.9644,1
C:\Users\taimo\OneDrive\Documents 1\work\ecg-synthetic-research\data\rendered\ptbxl\AFIB\04109.png,AFIB,AFIB,0.803,1
C:\Users\taimo\OneDrive\Documents 1\work\ecg-synthetic-research\data\rendered\ptbxl\AFIB\04117.png,AFIB,AFIB,0.9873,1
C:\Users\taimo\OneDrive\Documents 1\work\ecg-synthetic-research\data\rendered\ptbxl\AFIB\04161.png,AFIB,TACHY,0.7085,0
C:\Users\taimo\OneDrive\Documents 1\work\ecg-synthetic-research\data\rendered\ptbxl\AFIB\04202.png,AFIB,AFIB,0.834,1
C:\Users\taimo\OneDrive\Documents 1\work\ecg-synthetic-research\data\rendered\ptbxl\AFIB\04219.png,AFIB,AFIB,0.943,1
C:\Users\taimo\OneDrive\Documents 1\work\ecg-synthetic-research\data\rendered\ptbxl\AFIB\04332.png,AFIB,AFIB,0.7876,1
C:\Users\taimo\OneDrive\Documents 1\work\ecg-synthetic-research\data\rendered\ptbxl\AFIB\04442.png,AFIB,AFIB,0.885,1
C:\Users\taimo\OneDrive\Documents 1\work\ecg-synthetic-research\data\rendered\ptbxl\AFIB\04467.png,AFIB,AFIB,0.9717,1
C:\Users\taimo\OneDrive\Documents 1\work\ecg-synthetic-research\data\rendered\ptbxl\AFIB\04495.png,AFIB,AFIB,0.946,1
C:\Users\taimo\OneDrive\Documents 1\work\ecg-synthetic-research\data\rendered\ptbxl\AFIB\04502.png,AFIB,AFIB,0.9,1
C:\Users\taimo\OneDrive\Documents 1\work\ecg-synthetic-research\data\rendered\ptbxl\AFIB\04516.png,AFIB,AFIB,0.932,1
C:\Users\taimo\OneDrive\Documents 1\work\ecg-synthetic-research\data\rendered\ptbxl\AFIB\04529.png,AFIB,AFIB,0.972,1
C:\Users\taimo\OneDrive\Documents 1\work\ecg-synthetic-research\data\rendered\ptbxl\AFIB\04563.png,AFIB,AFIB,0.6094,1
C:\Users\taimo\OneDrive\Documents 1\work\ecg-synthetic-research\data\rendered\ptbxl\AFIB\04653.png,AFIB,AFIB,0.979,1
C:\Users\taimo\OneDrive\Documents 1\work\ecg-synthetic-research\data\rendered\ptbxl\AFIB\04761.png,AFIB,AFIB,0.906,1
C:\Users\taimo\OneDrive\Documents 1\work\ecg-synthetic-research\data\rendered\ptbxl\AFIB\04769.png,AFIB,AFIB,0.798,1
C:\Users\taimo\OneDrive\Documents 1\work\ecg-synthetic-research\data\rendered\ptbxl\AFIB\04839.png,AFIB,AFIB,0.851,1
C:\Users\taimo\OneDrive\Documents 1\work\ecg-synthetic-research\data\rendered\ptbxl\AFIB\04916.png,AFIB,AFIB,0.952,1
C:\Users\taimo\OneDrive\Documents 1\work\ecg-synthetic-research\data\rendered\ptbxl\AFIB\04920.png,AFIB,AFIB,0.9556,1
C:\Users\taimo\OneDrive\Documents 1\work\ecg-synthetic-research\data\rendered\ptbxl\AFIB\04965.png,AFIB,AFIB,0.813,1
C:\Users\taimo\OneDrive\Documents 1\work\ecg-synthetic-research\data\rendered\ptbxl\AFIB\05168.png,AFIB,AFIB,0.8325,1
C:\Users\taimo\OneDrive\Documents 1\work\ecg-synthetic-research\data\rendered\ptbxl\AFIB\05208.png,AFIB,AFIB,0.7505,1
C:\Users\taimo\OneDrive\Documents 1\work\ecg-synthetic-research\data\rendered\ptbxl\AFIB\05330.png,AFIB,AFIB,0.852,1
C:\Users\taimo\OneDrive\Documents 1\work\ecg-synthetic-research\data\rendered\ptbxl\AFIB\05339.png,AFIB,AFIB,0.768,1
C:\Users\taimo\OneDrive\Documents 1\work\ecg-synthetic-research\data\rendered\ptbxl\AFIB\05358.png,AFIB,AFIB,0.533,1
C:\Users\taimo\OneDrive\Documents 1\work\ecg-synthetic-research\data\rendered\ptbxl\AFIB\05390.png,AFIB,TACHY,0.6616,0
C:\Users\taimo\OneDrive\Documents 1\work\ecg-synthetic-research\data\rendered\ptbxl\AFIB\05407.png,AFIB,AFIB,0.7314,1
C:\Users\taimo\OneDrive\Documents 1\work\ecg-synthetic-research\data\rendered\ptbxl\AFIB\05419.png,AFIB,AFIB,0.97,1
C:\Users\taimo\OneDrive\Documents 1\work\ecg-synthetic-research\data\rendered\ptbxl\AFIB\05745.png,AFIB,AFIB,0.929,1
C:\Users\taimo\OneDrive\Documents 1\work\ecg-synthetic-research\data\rendered\ptbxl\AFIB\05827.png,AFIB,AFIB,0.986,1
C:\Users\taimo\OneDrive\Documents 1\work\ecg-synthetic-research\data\rendered\ptbxl\AFIB\05833.png,AFIB,TACHY,0.5664,0
C:\Users\taimo\OneDrive\Documents 1\work\ecg-synthetic-research\data\rendered\ptbxl\AFIB\05842.png,AFIB,AFIB,0.8315,1
C:\Users\taimo\OneDrive\Documents 1\work\ecg-synthetic-research\data\rendered\ptbxl\AFIB\05982.png,AFIB,AFIB,0.95,1
C:\Users\taimo\OneDrive\Documents 1\work\ecg-synthetic-research\data\rendered\ptbxl\AFIB\06038.png,AFIB,AFIB,0.9854,1
C:\Users\taimo\OneDrive\Documents 1\work\ecg-synthetic-research\data\rendered\ptbxl\AFIB\06126.png,AFIB,AFIB,0.7383,1
C:\Users\taimo\OneDrive\Documents 1\work\ecg-synthetic-research\data\rendered\ptbxl\AFIB\06138.png,AFIB,AFIB,0.799,1
C:\Users\taimo\OneDrive\Documents 1\work\ecg-synthetic-research\data\rendered\ptbxl\AFIB\06201.png,AFIB,AFIB,0.6533,1
C:\Users\taimo\OneDrive\Documents 1\work\ecg-synthetic-research\data\rendered\ptbxl\AFIB\06205.png,AFIB,AFIB,0.5024,1
C:\Users\taimo\OneDrive\Documents 1\work\ecg-synthetic-research\data\rendered\ptbxl\AFIB\06352.png,AFIB,AFIB,0.7817,1
C:\Users\taimo\OneDrive\Documents 1\work\ecg-synthetic-research\data\rendered\ptbxl\AFIB\06576.png,AFIB,AFIB,0.9346,1
C:\Users\taimo\OneDrive\Documents 1\work\ecg-synthetic-research\data\rendered\ptbxl\AFIB\06594.png,AFIB,AFIB,0.9497,1
C:\Users\taimo\OneDrive\Documents 1\work\ecg-synthetic-research\data\rendered\ptbxl\AFIB\06676.png,AFIB,AFIB,0.9355,1
C:\Users\taimo\OneDrive\Documents 1\work\ecg-synthetic-research\data\rendered\ptbxl\AFIB\06704.png,AFIB,AFIB,0.7866,1
C:\Users\taimo\OneDrive\Documents 1\work\ecg-synthetic-research\data\rendered\ptbxl\AFIB\06735.png,AFIB,AFIB,0.972,1
C:\Users\taimo\OneDrive\Documents 1\work\ecg-synthetic-research\data\rendered\ptbxl\AFIB\06821.png,AFIB,AFIB,0.9727,1
C:\Users\taimo\OneDrive\Documents 1\work\ecg-synthetic-research\data\rendered\ptbxl\AFIB\06828.png,AFIB,AFIB,0.9766,1
C:\Users\taimo\OneDrive\Documents 1\work\ecg-synthetic-research\data\rendered\ptbxl\AFIB\06841.png,AFIB,AFIB,0.9844,1
C:\Users\taimo\OneDrive\Documents 1\work\ecg-synthetic-research\data\rendered\ptbxl\AFIB\06846.png,AFIB,AFIB,0.918,1
C:\Users\taimo\OneDrive\Documents 1\work\ecg-synthetic-research\data\rendered\ptbxl\AFIB\07033.png,AFIB,AFIB,0.845,1
C:\Users\taimo\OneDrive\Documents 1\work\ecg-synthetic-research\data\rendered\ptbxl\AFIB\07073.png,AFIB,AFIB,0.9473,1
C:\Users\taimo\OneDrive\Documents 1\work\ecg-synthetic-research\data\rendered\ptbxl\AFIB\07098.png,AFIB,AFIB,0.6753,1
C:\Users\taimo\OneDrive\Documents 1\work\ecg-synthetic-research\data\rendered\ptbxl\AFIB\07111.png,AFIB,AFIB,0.9365,1
C:\Users\taimo\OneDrive\Documents 1\work\ecg-synthetic-research\data\rendered\ptbxl\AFIB\07116.png,AFIB,MI,0.4192,0
C:\Users\taimo\OneDrive\Documents 1\work\ecg-synthetic-research\data\rendered\ptbxl\AFIB\07139.png,AFIB,AFIB,0.963,1
C:\Users\taimo\OneDrive\Documents 1\work\ecg-synthetic-research\data\rendered\ptbxl\AFIB\07159.png,AFIB,TACHY,0.8677,0
C:\Users\taimo\OneDrive\Documents 1\work\ecg-synthetic-research\data\rendered\ptbxl\AFIB\07200.png,AFIB,AFIB,0.7886,1
C:\Users\taimo\OneDrive\Documents 1\work\ecg-synthetic-research\data\rendered\ptbxl\AFIB\07215.png,AFIB,AFIB,0.8403,1
C:\Users\taimo\OneDrive\Documents 1\work\ecg-synthetic-research\data\rendered\ptbxl\AFIB\07221.png,AFIB,AFIB,0.9243,1
C:\Users\taimo\OneDrive\Documents 1\work\ecg-synthetic-research\data\rendered\ptbxl\AFIB\07248.png,AFIB,AFIB,0.9917,1
C:\Users\taimo\OneDrive\Documents 1\work\ecg-synthetic-research\data\rendered\ptbxl\AFIB\07270.png,AFIB,AFIB,0.9897,1
C:\Users\taimo\OneDrive\Documents 1\work\ecg-synthetic-research\data\rendered\ptbxl\AFIB\07313.png,AFIB,AFIB,0.7344,1
C:\Users\taimo\OneDrive\Documents 1\work\ecg-synthetic-research\data\rendered\ptbxl\AFIB\07403.png,AFIB,AFIB,0.894,1
C:\Users\taimo\OneDrive\Documents 1\work\ecg-synthetic-research\data\rendered\ptbxl\AFIB\07438.png,AFIB,AFIB,0.51,1
C:\Users\taimo\OneDrive\Documents 1\work\ecg-synthetic-research\data\rendered\ptbxl\AFIB\07512.png,AFIB,AFIB,0.5957,1
C:\Users\taimo\OneDrive\Documents 1\work\ecg-synthetic-research\data\rendered\ptbxl\AFIB\07534.png,AFIB,AFIB,0.8647,1
C:\Users\taimo\OneDrive\Documents 1\work\ecg-synthetic-research\data\rendered\ptbxl\AFIB\07548.png,AFIB,AFIB,0.9956,1
C:\Users\taimo\OneDrive\Documents 1\work\ecg-synthetic-research\data\rendered\ptbxl\AFIB\07567.png,AFIB,AFIB,0.587,1
C:\Users\taimo\OneDrive\Documents 1\work\ecg-synthetic-research\data\rendered\ptbxl\AFIB\07690.png,AFIB,AFIB,0.976,1
C:\Users\taimo\OneDrive\Documents 1\work\ecg-synthetic-research\data\rendered\ptbxl\AFIB\07705.png,AFIB,AFIB,0.949,1
C:\Users\taimo\OneDrive\Documents 1\work\ecg-synthetic-research\data\rendered\ptbxl\AFIB\08043.png,AFIB,AFIB,0.8887,1
C:\Users\taimo\OneDrive\Documents 1\work\ecg-synthetic-research\data\rendered\ptbxl\AFIB\08204.png,AFIB,NORM,0.4316,0
C:\Users\taimo\OneDrive\Documents 1\work\ecg-synthetic-research\data\rendered\ptbxl\AFIB\08276.png,AFIB,AFIB,0.884,1
C:\Users\taimo\OneDrive\Documents 1\work\ecg-synthetic-research\data\rendered\ptbxl\AFIB\08291.png,AFIB,AFIB,0.9263,1
C:\Users\taimo\OneDrive\Documents 1\work\ecg-synthetic-research\data\rendered\ptbxl\AFIB\08374.png,AFIB,AFIB,0.9478,1
C:\Users\taimo\OneDrive\Documents 1\work\ecg-synthetic-research\data\rendered\ptbxl\AFIB\08392.png,AFIB,AFIB,0.6167,1
C:\Users\taimo\OneDrive\Documents 1\work\ecg-synthetic-research\data\rendered\ptbxl\AFIB\08448.png,AFIB,AFIB,0.6357,1
C:\Users\taimo\OneDrive\Documents 1\work\ecg-synthetic-research\data\rendered\ptbxl\AFIB\08460.png,AFIB,AFIB,0.6733,1
C:\Users\taimo\OneDrive\Documents 1\work\ecg-synthetic-research\data\rendered\ptbxl\AFIB\08522.png,AFIB,AFIB,0.882,1
C:\Users\taimo\OneDrive\Documents 1\work\ecg-synthetic-research\data\rendered\ptbxl\AFIB\08525.png,AFIB,AFIB,0.871,1
C:\Users\taimo\OneDrive\Documents 1\work\ecg-synthetic-research\data\rendered\ptbxl\AFIB\08550.png,AFIB,AFIB,0.9224,1
C:\Users\taimo\OneDrive\Documents 1\work\ecg-synthetic-research\data\rendered\ptbxl\AFIB\08604.png,AFIB,AFIB,0.8975,1
C:\Users\taimo\OneDrive\Documents 1\work\ecg-synthetic-research\data\rendered\ptbxl\AFIB\08656.png,AFIB,AFIB,0.8066,1
C:\Users\taimo\OneDrive\Documents 1\work\ecg-synthetic-research\data\rendered\ptbxl\AFIB\08682.png,AFIB,AFIB,0.9106,1
C:\Users\taimo\OneDrive\Documents 1\work\ecg-synthetic-research\data\rendered\ptbxl\AFIB\09095.png,AFIB,AFIB,0.9814,1
C:\Users\taimo\OneDrive\Documents 1\work\ecg-synthetic-research\data\rendered\ptbxl\AFIB\09114.png,AFIB,AFIB,0.947,1
C:\Users\taimo\OneDrive\Documents 1\work\ecg-synthetic-research\data\rendered\ptbxl\AFIB\09509.png,AFIB,AFIB,0.844,1
C:\Users\taimo\OneDrive\Documents 1\work\ecg-synthetic-research\data\rendered\ptbxl\AFIB\09575.png,AFIB,AFIB,0.6094,1
C:\Users\taimo\OneDrive\Documents 1\work\ecg-synthetic-research\data\rendered\ptbxl\AFIB\09592.png,AFIB,AFIB,0.8657,1
C:\Users\taimo\OneDrive\Documents 1\work\ecg-synthetic-research\data\rendered\ptbxl\AFIB\09767.png,AFIB,AFIB,0.955,1
C:\Users\taimo\OneDrive\Documents 1\work\ecg-synthetic-research\data\rendered\ptbxl\AFIB\10123.png,AFIB,AFIB,0.944,1
C:\Users\taimo\OneDrive\Documents 1\work\ecg-synthetic-research\data\rendered\ptbxl\AFIB\10160.png,AFIB,AFIB,0.8027,1
C:\Users\taimo\OneDrive\Documents 1\work\ecg-synthetic-research\data\rendered\ptbxl\AFIB\10219.png,AFIB,AFIB,0.9697,1
C:\Users\taimo\OneDrive\Documents 1\work\ecg-synthetic-research\data\rendered\ptbxl\AFIB\10470.png,AFIB,AFIB,0.816,1
C:\Users\taimo\OneDrive\Documents 1\work\ecg-synthetic-research\data\rendered\ptbxl\AFIB\10564.png,AFIB,AFIB,0.855,1
C:\Users\taimo\OneDrive\Documents 1\work\ecg-synthetic-research\data\rendered\ptbxl\AFIB\10723.png,AFIB,AFIB,0.6885,1
C:\Users\taimo\OneDrive\Documents 1\work\ecg-synthetic-research\data\rendered\ptbxl\AFIB\10785.png,AFIB,AFIB,0.936,1
C:\Users\taimo\OneDrive\Documents 1\work\ecg-synthetic-research\data\rendered\ptbxl\AFIB\10927.png,AFIB,AFIB,0.937,1
C:\Users\taimo\OneDrive\Documents 1\work\ecg-synthetic-research\data\rendered\ptbxl\AFIB\11031.png,AFIB,AFIB,0.856,1
C:\Users\taimo\OneDrive\Documents 1\work\ecg-synthetic-research\data\rendered\ptbxl\AFIB\11185.png,AFIB,AFIB,0.586,1
C:\Users\taimo\OneDrive\Documents 1\work\ecg-synthetic-research\data\rendered\ptbxl\AFIB\11207.png,AFIB,AFIB,0.956,1
C:\Users\taimo\OneDrive\Documents 1\work\ecg-synthetic-research\data\rendered\ptbxl\AFIB\11244.png,AFIB,AFIB,0.6953,1
C:\Users\taimo\OneDrive\Documents 1\work\ecg-synthetic-research\data\rendered\ptbxl\AFIB\11278.png,AFIB,AFIB,0.889,1
C:\Users\taimo\OneDrive\Documents 1\work\ecg-synthetic-research\data\rendered\ptbxl\AFIB\11343.png,AFIB,TACHY,0.752,0
C:\Users\taimo\OneDrive\Documents 1\work\ecg-synthetic-research\data\rendered\ptbxl\AFIB\11430.png,AFIB,AFIB,0.9937,1
C:\Users\taimo\OneDrive\Documents 1\work\ecg-synthetic-research\data\rendered\ptbxl\AFIB\11475.png,AFIB,AFIB,0.883,1
C:\Users\taimo\OneDrive\Documents 1\work\ecg-synthetic-research\data\rendered\ptbxl\AFIB\11494.png,AFIB,AFIB,0.9805,1
C:\Users\taimo\OneDrive\Documents 1\work\ecg-synthetic-research\data\rendered\ptbxl\AFIB\11510.png,AFIB,AFIB,0.887,1
C:\Users\taimo\OneDrive\Documents 1\work\ecg-synthetic-research\data\rendered\ptbxl\AFIB\11514.png,AFIB,AFIB,0.9087,1
C:\Users\taimo\OneDrive\Documents 1\work\ecg-synthetic-research\data\rendered\ptbxl\AFIB\11524.png,AFIB,TACHY,0.631,0
C:\Users\taimo\OneDrive\Documents 1\work\ecg-synthetic-research\data\rendered\ptbxl\AFIB\11583.png,AFIB,MI,0.486,0
C:\Users\taimo\OneDrive\Documents 1\work\ecg-synthetic-research\data\rendered\ptbxl\AFIB\11597.png,AFIB,AFIB,0.931,1
C:\Users\taimo\OneDrive\Documents 1\work\ecg-synthetic-research\data\rendered\ptbxl\AFIB\11620.png,AFIB,AFIB,0.9814,1
C:\Users\taimo\OneDrive\Documents 1\work\ecg-synthetic-research\data\rendered\ptbxl\AFIB\11621.png,AFIB,AFIB,0.7817,1
C:\Users\taimo\OneDrive\Documents 1\work\ecg-synthetic-research\data\rendered\ptbxl\AFIB\11776.png,AFIB,AFIB,0.9688,1
C:\Users\taimo\OneDrive\Documents 1\work\ecg-synthetic-research\data\rendered\ptbxl\AFIB\11849.png,AFIB,AFIB,0.915,1
C:\Users\taimo\OneDrive\Documents 1\work\ecg-synthetic-research\data\rendered\ptbxl\AFIB\12149.png,AFIB,AFIB,0.9478,1
C:\Users\taimo\OneDrive\Documents 1\work\ecg-synthetic-research\data\rendered\ptbxl\AFIB\12242.png,AFIB,AFIB,0.8853,1
C:\Users\taimo\OneDrive\Documents 1\work\ecg-synthetic-research\data\rendered\ptbxl\AFIB\12259.png,AFIB,AFIB,0.9346,1
C:\Users\taimo\OneDrive\Documents 1\work\ecg-synthetic-research\data\rendered\ptbxl\AFIB\12343.png,AFIB,AFIB,0.9873,1
C:\Users\taimo\OneDrive\Documents 1\work\ecg-synthetic-research\data\rendered\ptbxl\AFIB\12394.png,AFIB,TACHY,0.677,0
C:\Users\taimo\OneDrive\Documents 1\work\ecg-synthetic-research\data\rendered\ptbxl\AFIB\12443.png,AFIB,AFIB,0.76,1
C:\Users\taimo\OneDrive\Documents 1\work\ecg-synthetic-research\data\rendered\ptbxl\AFIB\12507.png,AFIB,AFIB,0.843,1
C:\Users\taimo\OneDrive\Documents 1\work\ecg-synthetic-research\data\rendered\ptbxl\AFIB\12568.png,AFIB,AFIB,0.923,1
C:\Users\taimo\OneDrive\Documents 1\work\ecg-synthetic-research\data\rendered\ptbxl\AFIB\12569.png,AFIB,AFIB,0.8774,1
C:\Users\taimo\OneDrive\Documents 1\work\ecg-synthetic-research\data\rendered\ptbxl\AFIB\12602.png,AFIB,AFIB,0.905,1
C:\Users\taimo\OneDrive\Documents 1\work\ecg-synthetic-research\data\rendered\ptbxl\AFIB\12663.png,AFIB,NORM,0.4546,0
C:\Users\taimo\OneDrive\Documents 1\work\ecg-synthetic-research\data\rendered\ptbxl\AFIB\12769.png,AFIB,MI,0.5034,0
C:\Users\taimo\OneDrive\Documents 1\work\ecg-synthetic-research\data\rendered\ptbxl\AFIB\12786.png,AFIB,AFIB,0.908,1
C:\Users\taimo\OneDrive\Documents 1\work\ecg-synthetic-research\data\rendered\ptbxl\AFIB\12802.png,AFIB,AFIB,0.942,1
C:\Users\taimo\OneDrive\Documents 1\work\ecg-synthetic-research\data\rendered\ptbxl\AFIB\12816.png,AFIB,AFIB,0.949,1
C:\Users\taimo\OneDrive\Documents 1\work\ecg-synthetic-research\data\rendered\ptbxl\AFIB\12879.png,AFIB,AFIB,0.8843,1
C:\Users\taimo\OneDrive\Documents 1\work\ecg-synthetic-research\data\rendered\ptbxl\AFIB\12945.png,AFIB,AFIB,0.9277,1
C:\Users\taimo\OneDrive\Documents 1\work\ecg-synthetic-research\data\rendered\ptbxl\AFIB\12958.png,AFIB,AFIB,0.962,1
C:\Users\taimo\OneDrive\Documents 1\work\ecg-synthetic-research\data\rendered\ptbxl\AFIB\12986.png,AFIB,TACHY,0.6587,0
C:\Users\taimo\OneDrive\Documents 1\work\ecg-synthetic-research\data\rendered\ptbxl\AFIB\13060.png,AFIB,MI,0.7744,0
C:\Users\taimo\OneDrive\Documents 1\work\ecg-synthetic-research\data\rendered\ptbxl\AFIB\13069.png,AFIB,MI,0.796,0
C:\Users\taimo\OneDrive\Documents 1\work\ecg-synthetic-research\data\rendered\ptbxl\AFIB\13112.png,AFIB,TACHY,0.611,0
C:\Users\taimo\OneDrive\Documents 1\work\ecg-synthetic-research\data\rendered\ptbxl\AFIB\13216.png,AFIB,AFIB,0.8735,1
C:\Users\taimo\OneDrive\Documents 1\work\ecg-synthetic-research\data\rendered\ptbxl\AFIB\13325.png,AFIB,AFIB,0.991,1
C:\Users\taimo\OneDrive\Documents 1\work\ecg-synthetic-research\data\rendered\ptbxl\AFIB\13386.png,AFIB,AFIB,0.604,1
C:\Users\taimo\OneDrive\Documents 1\work\ecg-synthetic-research\data\rendered\ptbxl\AFIB\13769.png,AFIB,AFIB,0.711,1
C:\Users\taimo\OneDrive\Documents 1\work\ecg-synthetic-research\data\rendered\ptbxl\AFIB\14087.png,AFIB,AFIB,0.634,1
C:\Users\taimo\OneDrive\Documents 1\work\ecg-synthetic-research\data\rendered\ptbxl\AFIB\14130.png,AFIB,AFIB,0.958,1
C:\Users\taimo\OneDrive\Documents 1\work\ecg-synthetic-research\data\rendered\ptbxl\AFIB\14163.png,AFIB,AFIB,0.6987,1
C:\Users\taimo\OneDrive\Documents 1\work\ecg-synthetic-research\data\rendered\ptbxl\AFIB\14271.png,AFIB,AFIB,0.815,1
C:\Users\taimo\OneDrive\Documents 1\work\ecg-synthetic-research\data\rendered\ptbxl\AFIB\14284.png,AFIB,AFIB,0.937,1
C:\Users\taimo\OneDrive\Documents 1\work\ecg-synthetic-research\data\rendered\ptbxl\AFIB\14374.png,AFIB,AFIB,0.9697,1
C:\Users\taimo\OneDrive\Documents 1\work\ecg-synthetic-research\data\rendered\ptbxl\AFIB\14421.png,AFIB,AFIB,0.985,1
C:\Users\taimo\OneDrive\Documents 1\work\ecg-synthetic-research\data\rendered\ptbxl\AFIB\14422.png,AFIB,AFIB,0.974,1
C:\Users\taimo\OneDrive\Documents 1\work\ecg-synthetic-research\data\rendered\ptbxl\AFIB\14433.png,AFIB,TACHY,0.78,0
C:\Users\taimo\OneDrive\Documents 1\work\ecg-synthetic-research\data\rendered\ptbxl\AFIB\14474.png,AFIB,AFIB,0.952,1
C:\Users\taimo\OneDrive\Documents 1\work\ecg-synthetic-research\data\rendered\ptbxl\AFIB\14621.png,AFIB,AFIB,0.855,1
C:\Users\taimo\OneDrive\Documents 1\work\ecg-synthetic-research\data\rendered\ptbxl\AFIB\14628.png,AFIB,AFIB,0.74,1
C:\Users\taimo\OneDrive\Documents 1\work\ecg-synthetic-research\data\rendered\ptbxl\AFIB\14675.png,AFIB,AFIB,0.9424,1
C:\Users\taimo\OneDrive\Documents 1\work\ecg-synthetic-research\data\rendered\ptbxl\AFIB\14798.png,AFIB,AFIB,0.944,1
C:\Users\taimo\OneDrive\Documents 1\work\ecg-synthetic-research\data\rendered\ptbxl\AFIB\14824.png,AFIB,AFIB,0.928,1
C:\Users\taimo\OneDrive\Documents 1\work\ecg-synthetic-research\data\rendered\ptbxl\AFIB\14852.png,AFIB,AFIB,0.949,1
C:\Users\taimo\OneDrive\Documents 1\work\ecg-synthetic-research\data\rendered\ptbxl\AFIB\14862.png,AFIB,AFIB,0.9653,1
C:\Users\taimo\OneDrive\Documents 1\work\ecg-synthetic-research\data\rendered\ptbxl\AFIB\14879.png,AFIB,AFIB,0.976,1
C:\Users\taimo\OneDrive\Documents 1\work\ecg-synthetic-research\data\rendered\ptbxl\AFIB\14924.png,AFIB,AFIB,0.9487,1
C:\Users\taimo\OneDrive\Documents 1\work\ecg-synthetic-research\data\rendered\ptbxl\AFIB\14925.png,AFIB,AFIB,0.988,1
C:\Users\taimo\OneDrive\Documents 1\work\ecg-synthetic-research\data\rendered\ptbxl\AFIB\14980.png,AFIB,AFIB,0.9214,1
C:\Users\taimo\OneDrive\Documents 1\work\ecg-synthetic-research\data\rendered\ptbxl\AFIB\15091.png,AFIB,AFIB,0.9307,1
C:\Users\taimo\OneDrive\Documents 1\work\ecg-synthetic-research\data\rendered\ptbxl\AFIB\15133.png,AFIB,AFIB,0.9556,1
C:\Users\taimo\OneDrive\Documents 1\work\ecg-synthetic-research\data\rendered\ptbxl\AFIB\15195.png,AFIB,AFIB,0.865,1
C:\Users\taimo\OneDrive\Documents 1\work\ecg-synthetic-research\data\rendered\ptbxl\AFIB\15209.png,AFIB,AFIB,0.962,1
C:\Users\taimo\OneDrive\Documents 1\work\ecg-synthetic-research\data\rendered\ptbxl\AFIB\15229.png,AFIB,AFIB,0.8843,1
C:\Users\taimo\OneDrive\Documents 1\work\ecg-synthetic-research\data\rendered\ptbxl\AFIB\15301.png,AFIB,AFIB,0.963,1
C:\Users\taimo\OneDrive\Documents 1\work\ecg-synthetic-research\data\rendered\ptbxl\AFIB\15308.png,AFIB,AFIB,0.835,1
C:\Users\taimo\OneDrive\Documents 1\work\ecg-synthetic-research\data\rendered\ptbxl\AFIB\15398.png,AFIB,AFIB,0.9634,1
C:\Users\taimo\OneDrive\Documents 1\work\ecg-synthetic-research\data\rendered\ptbxl\AFIB\15439.png,AFIB,TACHY,0.4028,0
C:\Users\taimo\OneDrive\Documents 1\work\ecg-synthetic-research\data\rendered\ptbxl\AFIB\15539.png,AFIB,AFIB,0.522,1
C:\Users\taimo\OneDrive\Documents 1\work\ecg-synthetic-research\data\rendered\ptbxl\AFIB\15646.png,AFIB,AFIB,0.8115,1
C:\Users\taimo\OneDrive\Documents 1\work\ecg-synthetic-research\data\rendered\ptbxl\AFIB\15694.png,AFIB,AFIB,0.9146,1
C:\Users\taimo\OneDrive\Documents 1\work\ecg-synthetic-research\data\rendered\ptbxl\AFIB\15800.png,AFIB,AFIB,0.9756,1
C:\Users\taimo\OneDrive\Documents 1\work\ecg-synthetic-research\data\rendered\ptbxl\AFIB\15806.png,AFIB,AFIB,0.9814,1
C:\Users\taimo\OneDrive\Documents 1\work\ecg-synthetic-research\data\rendered\ptbxl\AFIB\15809.png,AFIB,AFIB,0.9536,1
C:\Users\taimo\OneDrive\Documents 1\work\ecg-synthetic-research\data\rendered\ptbxl\AFIB\15814.png,AFIB,AFIB,0.931,1
C:\Users\taimo\OneDrive\Documents 1\work\ecg-synthetic-research\data\rendered\ptbxl\AFIB\15851.png,AFIB,AFIB,0.73,1
C:\Users\taimo\OneDrive\Documents 1\work\ecg-synthetic-research\data\rendered\ptbxl\AFIB\15870.png,AFIB,AFIB,0.9644,1
C:\Users\taimo\OneDrive\Documents 1\work\ecg-synthetic-research\data\rendered\ptbxl\AFIB\15958.png,AFIB,AFIB,0.871,1
C:\Users\taimo\OneDrive\Documents 1\work\ecg-synthetic-research\data\rendered\ptbxl\AFIB\15993.png,AFIB,AFIB,0.959,1
C:\Users\taimo\OneDrive\Documents 1\work\ecg-synthetic-research\data\rendered\ptbxl\AFIB\16115.png,AFIB,AFIB,0.8726,1
C:\Users\taimo\OneDrive\Documents 1\work\ecg-synthetic-research\data\rendered\ptbxl\AFIB\16132.png,AFIB,AFIB,0.944,1
C:\Users\taimo\OneDrive\Documents 1\work\ecg-synthetic-research\data\rendered\ptbxl\AFIB\16235.png,AFIB,AFIB,0.8994,1
C:\Users\taimo\OneDrive\Documents 1\work\ecg-synthetic-research\data\rendered\ptbxl\AFIB\16384.png,AFIB,AFIB,0.6025,1
C:\Users\taimo\OneDrive\Documents 1\work\ecg-synthetic-research\data\rendered\ptbxl\AFIB\16390.png,AFIB,AFIB,0.9443,1
C:\Users\taimo\OneDrive\Documents 1\work\ecg-synthetic-research\data\rendered\ptbxl\AFIB\16401.png,AFIB,AFIB,0.557,1
C:\Users\taimo\OneDrive\Documents 1\work\ecg-synthetic-research\data\rendered\ptbxl\AFIB\16404.png,AFIB,AFIB,0.972,1
C:\Users\taimo\OneDrive\Documents 1\work\ecg-synthetic-research\data\rendered\ptbxl\AFIB\16448.png,AFIB,AFIB,0.8774,1
C:\Users\taimo\OneDrive\Documents 1\work\ecg-synthetic-research\data\rendered\ptbxl\AFIB\16475.png,AFIB,AFIB,0.772,1
C:\Users\taimo\OneDrive\Documents 1\work\ecg-synthetic-research\data\rendered\ptbxl\AFIB\16487.png,AFIB,AFIB,0.906,1
C:\Users\taimo\OneDrive\Documents 1\work\ecg-synthetic-research\data\rendered\ptbxl\AFIB\16497.png,AFIB,AFIB,0.8267,1
C:\Users\taimo\OneDrive\Documents 1\work\ecg-synthetic-research\data\rendered\ptbxl\AFIB\16548.png,AFIB,AFIB,0.955,1
C:\Users\taimo\OneDrive\Documents 1\work\ecg-synthetic-research\data\rendered\ptbxl\AFIB\16762.png,AFIB,AFIB,0.561,1
C:\Users\taimo\OneDrive\Documents 1\work\ecg-synthetic-research\data\rendered\ptbxl\AFIB\16799.png,AFIB,AFIB,0.977,1
C:\Users\taimo\OneDrive\Documents 1\work\ecg-synthetic-research\data\rendered\ptbxl\AFIB\16843.png,AFIB,AFIB,0.4724,1
C:\Users\taimo\OneDrive\Documents 1\work\ecg-synthetic-research\data\rendered\ptbxl\AFIB\16889.png,AFIB,AFIB,0.972,1
C:\Users\taimo\OneDrive\Documents 1\work\ecg-synthetic-research\data\rendered\ptbxl\AFIB\16901.png,AFIB,AFIB,0.9194,1
C:\Users\taimo\OneDrive\Documents 1\work\ecg-synthetic-research\data\rendered\ptbxl\AFIB\16929.png,AFIB,AFIB,0.9673,1
C:\Users\taimo\OneDrive\Documents 1\work\ecg-synthetic-research\data\rendered\ptbxl\AFIB\16930.png,AFIB,AFIB,0.8853,1
C:\Users\taimo\OneDrive\Documents 1\work\ecg-synthetic-research\data\rendered\ptbxl\AFIB\16949.png,AFIB,AFIB,0.881,1
C:\Users\taimo\OneDrive\Documents 1\work\ecg-synthetic-research\data\rendered\ptbxl\AFIB\16972.png,AFIB,AFIB,0.9536,1
C:\Users\taimo\OneDrive\Documents 1\work\ecg-synthetic-research\data\rendered\ptbxl\AFIB\16983.png,AFIB,AFIB,0.952,1
C:\Users\taimo\OneDrive\Documents 1\work\ecg-synthetic-research\data\rendered\ptbxl\AFIB\16990.png,AFIB,AFIB,0.858,1
C:\Users\taimo\OneDrive\Documents 1\work\ecg-synthetic-research\data\rendered\ptbxl\AFIB\17034.png,AFIB,AFIB,0.9507,1
C:\Users\taimo\OneDrive\Documents 1\work\ecg-synthetic-research\data\rendered\ptbxl\AFIB\17049.png,AFIB,AFIB,0.7397,1
C:\Users\taimo\OneDrive\Documents 1\work\ecg-synthetic-research\data\rendered\ptbxl\AFIB\17067.png,AFIB,TACHY,0.6084,0
C:\Users\taimo\OneDrive\Documents 1\work\ecg-synthetic-research\data\rendered\ptbxl\AFIB\17076.png,AFIB,AFIB,0.9897,1
C:\Users\taimo\OneDrive\Documents 1\work\ecg-synthetic-research\data\rendered\ptbxl\AFIB\17080.png,AFIB,TACHY,0.714,0
C:\Users\taimo\OneDrive\Documents 1\work\ecg-synthetic-research\data\rendered\ptbxl\AFIB\17089.png,AFIB,AFIB,0.897,1
C:\Users\taimo\OneDrive\Documents 1\work\ecg-synthetic-research\data\rendered\ptbxl\AFIB\17095.png,AFIB,AFIB,0.864,1
C:\Users\taimo\OneDrive\Documents 1\work\ecg-synthetic-research\data\rendered\ptbxl\AFIB\17096.png,AFIB,AFIB,0.7754,1
C:\Users\taimo\OneDrive\Documents 1\work\ecg-synthetic-research\data\rendered\ptbxl\AFIB\17106.png,AFIB,TACHY,0.724,0
C:\Users\taimo\OneDrive\Documents 1\work\ecg-synthetic-research\data\rendered\ptbxl\AFIB\17113.png,AFIB,AFIB,0.929,1
C:\Users\taimo\OneDrive\Documents 1\work\ecg-synthetic-research\data\rendered\ptbxl\AFIB\17119.png,AFIB,TACHY,0.696,0
C:\Users\taimo\OneDrive\Documents 1\work\ecg-synthetic-research\data\rendered\ptbxl\AFIB\17164.png,AFIB,AFIB,0.7627,1
C:\Users\taimo\OneDrive\Documents 1\work\ecg-synthetic-research\data\rendered\ptbxl\AFIB\17217.png,AFIB,AFIB,0.98,1
C:\Users\taimo\OneDrive\Documents 1\work\ecg-synthetic-research\data\rendered\ptbxl\AFIB\17334.png,AFIB,AFIB,0.961,1
C:\Users\taimo\OneDrive\Documents 1\work\ecg-synthetic-research\data\rendered\ptbxl\AFIB\17365.png,AFIB,AFIB,0.9443,1
C:\Users\taimo\OneDrive\Documents 1\work\ecg-synthetic-research\data\rendered\ptbxl\AFIB\17425.png,AFIB,AFIB,0.9863,1
C:\Users\taimo\OneDrive\Documents 1\work\ecg-synthetic-research\data\rendered\ptbxl\AFIB\17504.png,AFIB,AFIB,0.8945,1
C:\Users\taimo\OneDrive\Documents 1\work\ecg-synthetic-research\data\rendered\ptbxl\AFIB\17531.png,AFIB,AFIB,0.983,1
C:\Users\taimo\OneDrive\Documents 1\work\ecg-synthetic-research\data\rendered\ptbxl\AFIB\17604.png,AFIB,AFIB,0.792,1
C:\Users\taimo\OneDrive\Documents 1\work\ecg-synthetic-research\data\rendered\ptbxl\AFIB\17633.png,AFIB,AFIB,0.937,1
C:\Users\taimo\OneDrive\Documents 1\work\ecg-synthetic-research\data\rendered\ptbxl\AFIB\17657.png,AFIB,AFIB,0.8833,1
C:\Users\taimo\OneDrive\Documents 1\work\ecg-synthetic-research\data\rendered\ptbxl\AFIB\17674.png,AFIB,AFIB,0.817,1
C:\Users\taimo\OneDrive\Documents 1\work\ecg-synthetic-research\data\rendered\ptbxl\AFIB\17851.png,AFIB,AFIB,0.906,1
C:\Users\taimo\OneDrive\Documents 1\work\ecg-synthetic-research\data\rendered\ptbxl\AFIB\18412.png,AFIB,AFIB,0.9795,1
C:\Users\taimo\OneDrive\Documents 1\work\ecg-synthetic-research\data\rendered\ptbxl\AFIB\18442.png,AFIB,AFIB,0.891,1
C:\Users\taimo\OneDrive\Documents 1\work\ecg-synthetic-research\data\rendered\ptbxl\AFIB\18462.png,AFIB,AFIB,0.845,1
C:\Users\taimo\OneDrive\Documents 1\work\ecg-synthetic-research\data\rendered\ptbxl\AFIB\18492.png,AFIB,AFIB,0.9473,1
C:\Users\taimo\OneDrive\Documents 1\work\ecg-synthetic-research\data\rendered\ptbxl\AFIB\18511.png,AFIB,AFIB,0.9688,1
C:\Users\taimo\OneDrive\Documents 1\work\ecg-synthetic-research\data\rendered\ptbxl\AFIB\18516.png,AFIB,AFIB,0.915,1
C:\Users\taimo\OneDrive\Documents 1\work\ecg-synthetic-research\data\rendered\ptbxl\AFIB\18526.png,AFIB,TACHY,0.94,0
C:\Users\taimo\OneDrive\Documents 1\work\ecg-synthetic-research\data\rendered\ptbxl\AFIB\18653.png,AFIB,AFIB,0.9326,1
C:\Users\taimo\OneDrive\Documents 1\work\ecg-synthetic-research\data\rendered\ptbxl\AFIB\18665.png,AFIB,AFIB,0.9805,1
C:\Users\taimo\OneDrive\Documents 1\work\ecg-synthetic-research\data\rendered\ptbxl\AFIB\18814.png,AFIB,AFIB,0.9287,1
C:\Users\taimo\OneDrive\Documents 1\work\ecg-synthetic-research\data\rendered\ptbxl\AFIB\18875.png,AFIB,AFIB,0.849,1
C:\Users\taimo\OneDrive\Documents 1\work\ecg-synthetic-research\data\rendered\ptbxl\AFIB\18928.png,AFIB,AFIB,0.889,1
C:\Users\taimo\OneDrive\Documents 1\work\ecg-synthetic-research\data\rendered\ptbxl\AFIB\18980.png,AFIB,AFIB,0.964,1
C:\Users\taimo\OneDrive\Documents 1\work\ecg-synthetic-research\data\rendered\ptbxl\AFIB\18987.png,AFIB,AFIB,0.913,1
C:\Users\taimo\OneDrive\Documents 1\work\ecg-synthetic-research\data\rendered\ptbxl\AFIB\19078.png,AFIB,AFIB,0.9937,1
C:\Users\taimo\OneDrive\Documents 1\work\ecg-synthetic-research\data\rendered\ptbxl\AFIB\19104.png,AFIB,AFIB,0.6084,1
C:\Users\taimo\OneDrive\Documents 1\work\ecg-synthetic-research\data\rendered\ptbxl\AFIB\19159.png,AFIB,AFIB,0.987,1
C:\Users\taimo\OneDrive\Documents 1\work\ecg-synthetic-research\data\rendered\ptbxl\AFIB\19164.png,AFIB,AFIB,0.9116,1
C:\Users\taimo\OneDrive\Documents 1\work\ecg-synthetic-research\data\rendered\ptbxl\AFIB\19171.png,AFIB,AFIB,0.9854,1
C:\Users\taimo\OneDrive\Documents 1\work\ecg-synthetic-research\data\rendered\ptbxl\AFIB\19243.png,AFIB,MI,0.4895,0
C:\Users\taimo\OneDrive\Documents 1\work\ecg-synthetic-research\data\rendered\ptbxl\AFIB\19303.png,AFIB,AFIB,0.8936,1
C:\Users\taimo\OneDrive\Documents 1\work\ecg-synthetic-research\data\rendered\ptbxl\AFIB\19407.png,AFIB,AFIB,0.986,1
C:\Users\taimo\OneDrive\Documents 1\work\ecg-synthetic-research\data\rendered\ptbxl\AFIB\19591.png,AFIB,AFIB,0.78,1
C:\Users\taimo\OneDrive\Documents 1\work\ecg-synthetic-research\data\rendered\ptbxl\AFIB\19897.png,AFIB,AFIB,0.8076,1
C:\Users\taimo\OneDrive\Documents 1\work\ecg-synthetic-research\data\rendered\ptbxl\AFIB\20063.png,AFIB,AFIB,0.9595,1
C:\Users\taimo\OneDrive\Documents 1\work\ecg-synthetic-research\data\rendered\ptbxl\AFIB\20078.png,AFIB,AFIB,0.9854,1
C:\Users\taimo\OneDrive\Documents 1\work\ecg-synthetic-research\data\rendered\ptbxl\AFIB\20084.png,AFIB,AFIB,0.9766,1
C:\Users\taimo\OneDrive\Documents 1\work\ecg-synthetic-research\data\rendered\ptbxl\AFIB\20086.png,AFIB,AFIB,0.8936,1
C:\Users\taimo\OneDrive\Documents 1\work\ecg-synthetic-research\data\rendered\ptbxl\AFIB\20088.png,AFIB,AFIB,0.975,1
C:\Users\taimo\OneDrive\Documents 1\work\ecg-synthetic-research\data\rendered\ptbxl\AFIB\20090.png,AFIB,AFIB,0.968,1
C:\Users\taimo\OneDrive\Documents 1\work\ecg-synthetic-research\data\rendered\ptbxl\AFIB\20100.png,AFIB,AFIB,0.945,1
C:\Users\taimo\OneDrive\Documents 1\work\ecg-synthetic-research\data\rendered\ptbxl\AFIB\20109.png,AFIB,AFIB,0.95,1
C:\Users\taimo\OneDrive\Documents 1\work\ecg-synthetic-research\data\rendered\ptbxl\AFIB\20234.png,AFIB,AFIB,0.9688,1
C:\Users\taimo\OneDrive\Documents 1\work\ecg-synthetic-research\data\rendered\ptbxl\AFIB\20353.png,AFIB,AFIB,0.7065,1
C:\Users\taimo\OneDrive\Documents 1\work\ecg-synthetic-research\data\rendered\ptbxl\AFIB\20410.png,AFIB,AFIB,0.9805,1
C:\Users\taimo\OneDrive\Documents 1\work\ecg-synthetic-research\data\rendered\ptbxl\AFIB\20443.png,AFIB,AFIB,0.794,1
C:\Users\taimo\OneDrive\Documents 1\work\ecg-synthetic-research\data\rendered\ptbxl\AFIB\20530.png,AFIB,AFIB,0.965,1
C:\Users\taimo\OneDrive\Documents 1\work\ecg-synthetic-research\data\rendered\ptbxl\AFIB\20587.png,AFIB,AFIB,0.6396,1
C:\Users\taimo\OneDrive\Documents 1\work\ecg-synthetic-research\data\rendered\ptbxl\AFIB\20656.png,AFIB,TACHY,0.949,0
C:\Users\taimo\OneDrive\Documents 1\work\ecg-synthetic-research\data\rendered\ptbxl\AFIB\20667.png,AFIB,AFIB,0.9863,1
C:\Users\taimo\OneDrive\Documents 1\work\ecg-synthetic-research\data\rendered\ptbxl\AFIB\20682.png,AFIB,AFIB,0.593,1
C:\Users\taimo\OneDrive\Documents 1\work\ecg-synthetic-research\data\rendered\ptbxl\AFIB\20683.png,AFIB,AFIB,0.9155,1
C:\Users\taimo\OneDrive\Documents 1\work\ecg-synthetic-research\data\rendered\ptbxl\AFIB\20722.png,AFIB,AFIB,0.9478,1
C:\Users\taimo\OneDrive\Documents 1\work\ecg-synthetic-research\data\rendered\ptbxl\AFIB\20864.png,AFIB,AFIB,0.6157,1
C:\Users\taimo\OneDrive\Documents 1\work\ecg-synthetic-research\data\rendered\ptbxl\AFIB\20945.png,AFIB,MI,0.597,0
C:\Users\taimo\OneDrive\Documents 1\work\ecg-synthetic-research\data\rendered\ptbxl\AFIB\20966.png,AFIB,AFIB,0.804,1
C:\Users\taimo\OneDrive\Documents 1\work\ecg-synthetic-research\data\rendered\ptbxl\AFIB\21022.png,AFIB,AFIB,0.9766,1
C:\Users\taimo\OneDrive\Documents 1\work\ecg-synthetic-research\data\rendered\ptbxl\AFIB\21041.png,AFIB,AFIB,0.9644,1
C:\Users\taimo\OneDrive\Documents 1\work\ecg-synthetic-research\data\rendered\ptbxl\AFIB\21085.png,AFIB,AFIB,0.958,1
C:\Users\taimo\OneDrive\Documents 1\work\ecg-synthetic-research\data\rendered\ptbxl\AFIB\21093.png,AFIB,AFIB,0.9688,1
C:\Users\taimo\OneDrive\Documents 1\work\ecg-synthetic-research\data\rendered\ptbxl\AFIB\21096.png,AFIB,AFIB,0.8896,1
C:\Users\taimo\OneDrive\Documents 1\work\ecg-synthetic-research\data\rendered\ptbxl\AFIB\21150.png,AFIB,TACHY,0.6274,0
C:\Users\taimo\OneDrive\Documents 1\work\ecg-synthetic-research\data\rendered\ptbxl\AFIB\21229.png,AFIB,AFIB,0.8716,1
C:\Users\taimo\OneDrive\Documents 1\work\ecg-synthetic-research\data\rendered\ptbxl\AFIB\21260.png,AFIB,AFIB,0.94,1
C:\Users\taimo\OneDrive\Documents 1\work\ecg-synthetic-research\data\rendered\ptbxl\AFIB\21304.png,AFIB,AFIB,0.8916,1
C:\Users\taimo\OneDrive\Documents 1\work\ecg-synthetic-research\data\rendered\ptbxl\AFIB\21333.png,AFIB,AFIB,0.976,1
C:\Users\taimo\OneDrive\Documents 1\work\ecg-synthetic-research\data\rendered\ptbxl\AFIB\21388.png,AFIB,AFIB,0.962,1
C:\Users\taimo\OneDrive\Documents 1\work\ecg-synthetic-research\data\rendered\ptbxl\AFIB\21431.png,AFIB,AFIB,0.8853,1
C:\Users\taimo\OneDrive\Documents 1\work\ecg-synthetic-research\data\rendered\ptbxl\AFIB\21472.png,AFIB,AFIB,0.9897,1
C:\Users\taimo\OneDrive\Documents 1\work\ecg-synthetic-research\data\rendered\ptbxl\AFIB\21515.png,AFIB,AFIB,0.701,1
C:\Users\taimo\OneDrive\Documents 1\work\ecg-synthetic-research\data\rendered\ptbxl\AFIB\21592.png,AFIB,MI,0.614,0
C:\Users\taimo\OneDrive\Documents 1\work\ecg-synthetic-research\data\rendered\ptbxl\AFIB\21601.png,AFIB,AFIB,0.9766,1
C:\Users\taimo\OneDrive\Documents 1\work\ecg-synthetic-research\data\rendered\ptbxl\AFIB\21621.png,AFIB,AFIB,0.967,1
C:\Users\taimo\OneDrive\Documents 1\work\ecg-synthetic-research\data\rendered\ptbxl\AFIB\21655.png,AFIB,AFIB,0.8877,1
C:\Users\taimo\OneDrive\Documents 1\work\ecg-synthetic-research\data\rendered\ptbxl\AFIB\21734.png,AFIB,AFIB,0.7266,1
C:\Users\taimo\OneDrive\Documents 1\work\ecg-synthetic-research\data\rendered\ptbxl\AFIB\21739.png,AFIB,TACHY,0.495,0
C:\Users\taimo\OneDrive\Documents 1\work\ecg-synthetic-research\data\rendered\ptbxl\AFIB\21742.png,AFIB,AFIB,0.489,1
C:\Users\taimo\OneDrive\Documents 1\work\ecg-synthetic-research\data\rendered\ptbxl\AFIB\21757.png,AFIB,AFIB,0.6714,1
C:\Users\taimo\OneDrive\Documents 1\work\ecg-synthetic-research\data\rendered\ptbxl\AFIB\21763.png,AFIB,AFIB,0.9263,1
C:\Users\taimo\OneDrive\Documents 1\work\ecg-synthetic-research\data\rendered\ptbxl\AFIB\21779.png,AFIB,AFIB,0.9756,1
C:\Users\taimo\OneDrive\Documents 1\work\ecg-synthetic-research\data\rendered\ptbxl\AFIB\21797.png,AFIB,AFIB,0.936,1
C:\Users\taimo\OneDrive\Documents 1\work\ecg-synthetic-research\data\rendered\ptbxl\TACHY\00746.png,TACHY,TACHY,0.95,1
C:\Users\taimo\OneDrive\Documents 1\work\ecg-synthetic-research\data\rendered\ptbxl\TACHY\01055.png,TACHY,TACHY,0.888,1
C:\Users\taimo\OneDrive\Documents 1\work\ecg-synthetic-research\data\rendered\ptbxl\TACHY\01219.png,TACHY,TACHY,0.688,1
C:\Users\taimo\OneDrive\Documents 1\work\ecg-synthetic-research\data\rendered\ptbxl\TACHY\01520.png,TACHY,TACHY,0.9316,1
C:\Users\taimo\OneDrive\Documents 1\work\ecg-synthetic-research\data\rendered\ptbxl\TACHY\01689.png,TACHY,TACHY,0.5537,1
C:\Users\taimo\OneDrive\Documents 1\work\ecg-synthetic-research\data\rendered\ptbxl\TACHY\01761.png,TACHY,TACHY,0.9146,1
C:\Users\taimo\OneDrive\Documents 1\work\ecg-synthetic-research\data\rendered\ptbxl\TACHY\01806.png,TACHY,TACHY,0.9697,1
C:\Users\taimo\OneDrive\Documents 1\work\ecg-synthetic-research\data\rendered\ptbxl\TACHY\01847.png,TACHY,TACHY,0.907,1
C:\Users\taimo\OneDrive\Documents 1\work\ecg-synthetic-research\data\rendered\ptbxl\TACHY\01984.png,TACHY,TACHY,0.973,1
C:\Users\taimo\OneDrive\Documents 1\work\ecg-synthetic-research\data\rendered\ptbxl\TACHY\02165.png,TACHY,AFIB,0.857,0
C:\Users\taimo\OneDrive\Documents 1\work\ecg-synthetic-research\data\rendered\ptbxl\TACHY\02387.png,TACHY,TACHY,0.88,1
C:\Users\taimo\OneDrive\Documents 1\work\ecg-synthetic-research\data\rendered\ptbxl\TACHY\02411.png,TACHY,TACHY,0.8037,1
C:\Users\taimo\OneDrive\Documents 1\work\ecg-synthetic-research\data\rendered\ptbxl\TACHY\02952.png,TACHY,TACHY,0.912,1
C:\Users\taimo\OneDrive\Documents 1\work\ecg-synthetic-research\data\rendered\ptbxl\TACHY\03123.png,TACHY,TACHY,0.8374,1
C:\Users\taimo\OneDrive\Documents 1\work\ecg-synthetic-research\data\rendered\ptbxl\TACHY\03134.png,TACHY,TACHY,0.6196,1
C:\Users\taimo\OneDrive\Documents 1\work\ecg-synthetic-research\data\rendered\ptbxl\TACHY\03267.png,TACHY,TACHY,0.61,1
C:\Users\taimo\OneDrive\Documents 1\work\ecg-synthetic-research\data\rendered\ptbxl\TACHY\03337.png,TACHY,TACHY,0.904,1
C:\Users\taimo\OneDrive\Documents 1\work\ecg-synthetic-research\data\rendered\ptbxl\TACHY\04031.png,TACHY,TACHY,0.954,1
C:\Users\taimo\OneDrive\Documents 1\work\ecg-synthetic-research\data\rendered\ptbxl\TACHY\04049.png,TACHY,TACHY,0.9546,1
C:\Users\taimo\OneDrive\Documents 1\work\ecg-synthetic-research\data\rendered\ptbxl\TACHY\04320.png,TACHY,TACHY,0.6343,1
C:\Users\taimo\OneDrive\Documents 1\work\ecg-synthetic-research\data\rendered\ptbxl\TACHY\04408.png,TACHY,TACHY,0.8315,1
C:\Users\taimo\OneDrive\Documents 1\work\ecg-synthetic-research\data\rendered\ptbxl\TACHY\04602.png,TACHY,TACHY,0.8896,1
C:\Users\taimo\OneDrive\Documents 1\work\ecg-synthetic-research\data\rendered\ptbxl\TACHY\04743.png,TACHY,TACHY,0.9526,1
C:\Users\taimo\OneDrive\Documents 1\work\ecg-synthetic-research\data\rendered\ptbxl\TACHY\04893.png,TACHY,TACHY,0.829,1
C:\Users\taimo\OneDrive\Documents 1\work\ecg-synthetic-research\data\rendered\ptbxl\TACHY\05123.png,TACHY,TACHY,0.9546,1
C:\Users\taimo\OneDrive\Documents 1\work\ecg-synthetic-research\data\rendered\ptbxl\TACHY\05237.png,TACHY,TACHY,0.908,1
C:\Users\taimo\OneDrive\Documents 1\work\ecg-synthetic-research\data\rendered\ptbxl\TACHY\05361.png,TACHY,TACHY,0.49,1
C:\Users\taimo\OneDrive\Documents 1\work\ecg-synthetic-research\data\rendered\ptbxl\TACHY\05569.png,TACHY,TACHY,0.7666,1
C:\Users\taimo\OneDrive\Documents 1\work\ecg-synthetic-research\data\rendered\ptbxl\TACHY\05967.png,TACHY,AFIB,0.71,0
C:\Users\taimo\OneDrive\Documents 1\work\ecg-synthetic-research\data\rendered\ptbxl\TACHY\06428.png,TACHY,TACHY,0.908,1
C:\Users\taimo\OneDrive\Documents 1\work\ecg-synthetic-research\data\rendered\ptbxl\TACHY\06515.png,TACHY,TACHY,0.867,1
C:\Users\taimo\OneDrive\Documents 1\work\ecg-synthetic-research\data\rendered\ptbxl\TACHY\06517.png,TACHY,TACHY,0.753,1
C:\Users\taimo\OneDrive\Documents 1\work\ecg-synthetic-research\data\rendered\ptbxl\TACHY\06822.png,TACHY,NORM,0.5425,0
C:\Users\taimo\OneDrive\Documents 1\work\ecg-synthetic-research\data\rendered\ptbxl\TACHY\06950.png,TACHY,TACHY,0.681,1
C:\Users\taimo\OneDrive\Documents 1\work\ecg-synthetic-research\data\rendered\ptbxl\TACHY\06995.png,TACHY,TACHY,0.9326,1
C:\Users\taimo\OneDrive\Documents 1\work\ecg-synthetic-research\data\rendered\ptbxl\TACHY\06997.png,TACHY,TACHY,0.8804,1
C:\Users\taimo\OneDrive\Documents 1\work\ecg-synthetic-research\data\rendered\ptbxl\TACHY\07195.png,TACHY,TACHY,0.8833,1
C:\Users\taimo\OneDrive\Documents 1\work\ecg-synthetic-research\data\rendered\ptbxl\TACHY\07252.png,TACHY,TACHY,0.85,1
C:\Users\taimo\OneDrive\Documents 1\work\ecg-synthetic-research\data\rendered\ptbxl\TACHY\07391.png,TACHY,TACHY,0.9604,1
C:\Users\taimo\OneDrive\Documents 1\work\ecg-synthetic-research\data\rendered\ptbxl\TACHY\07426.png,TACHY,TACHY,0.898,1
C:\Users\taimo\OneDrive\Documents 1\work\ecg-synthetic-research\data\rendered\ptbxl\TACHY\07889.png,TACHY,TACHY,0.668,1
C:\Users\taimo\OneDrive\Documents 1\work\ecg-synthetic-research\data\rendered\ptbxl\TACHY\07939.png,TACHY,AFIB,0.5117,0
C:\Users\taimo\OneDrive\Documents 1\work\ecg-synthetic-research\data\rendered\ptbxl\TACHY\07960.png,TACHY,TACHY,0.6953,1
C:\Users\taimo\OneDrive\Documents 1\work\ecg-synthetic-research\data\rendered\ptbxl\TACHY\08108.png,TACHY,TACHY,0.938,1
C:\Users\taimo\OneDrive\Documents 1\work\ecg-synthetic-research\data\rendered\ptbxl\TACHY\08499.png,TACHY,TACHY,0.8706,1
C:\Users\taimo\OneDrive\Documents 1\work\ecg-synthetic-research\data\rendered\ptbxl\TACHY\08872.png,TACHY,TACHY,0.9688,1
C:\Users\taimo\OneDrive\Documents 1\work\ecg-synthetic-research\data\rendered\ptbxl\TACHY\08954.png,TACHY,TACHY,0.8213,1
C:\Users\taimo\OneDrive\Documents 1\work\ecg-synthetic-research\data\rendered\ptbxl\TACHY\08975.png,TACHY,TACHY,0.933,1
C:\Users\taimo\OneDrive\Documents 1\work\ecg-synthetic-research\data\rendered\ptbxl\TACHY\09163.png,TACHY,TACHY,0.5317,1
C:\Users\taimo\OneDrive\Documents 1\work\ecg-synthetic-research\data\rendered\ptbxl\TACHY\09312.png,TACHY,TACHY,0.919,1
C:\Users\taimo\OneDrive\Documents 1\work\ecg-synthetic-research\data\rendered\ptbxl\TACHY\09428.png,TACHY,TACHY,0.9395,1
C:\Users\taimo\OneDrive\Documents 1\work\ecg-synthetic-research\data\rendered\ptbxl\TACHY\09676.png,TACHY,TACHY,0.9785,1
C:\Users\taimo\OneDrive\Documents 1\work\ecg-synthetic-research\data\rendered\ptbxl\TACHY\09738.png,TACHY,TACHY,0.939,1
C:\Users\taimo\OneDrive\Documents 1\work\ecg-synthetic-research\data\rendered\ptbxl\TACHY\09866.png,TACHY,TACHY,0.712,1
C:\Users\taimo\OneDrive\Documents 1\work\ecg-synthetic-research\data\rendered\ptbxl\TACHY\10105.png,TACHY,TACHY,0.9414,1
C:\Users\taimo\OneDrive\Documents 1\work\ecg-synthetic-research\data\rendered\ptbxl\TACHY\10207.png,TACHY,TACHY,0.865,1
C:\Users\taimo\OneDrive\Documents 1\work\ecg-synthetic-research\data\rendered\ptbxl\TACHY\10306.png,TACHY,AFIB,0.733,0
C:\Users\taimo\OneDrive\Documents 1\work\ecg-synthetic-research\data\rendered\ptbxl\TACHY\10355.png,TACHY,TACHY,0.946,1
C:\Users\taimo\OneDrive\Documents 1\work\ecg-synthetic-research\data\rendered\ptbxl\TACHY\10360.png,TACHY,TACHY,0.814,1
C:\Users\taimo\OneDrive\Documents 1\work\ecg-synthetic-research\data\rendered\ptbxl\TACHY\10649.png,TACHY,MI,0.708,0
C:\Users\taimo\OneDrive\Documents 1\work\ecg-synthetic-research\data\rendered\ptbxl\TACHY\10675.png,TACHY,TACHY,0.791,1
C:\Users\taimo\OneDrive\Documents 1\work\ecg-synthetic-research\data\rendered\ptbxl\TACHY\10678.png,TACHY,TACHY,0.6865,1
C:\Users\taimo\OneDrive\Documents 1\work\ecg-synthetic-research\data\rendered\ptbxl\TACHY\10819.png,TACHY,TACHY,0.9224,1
C:\Users\taimo\OneDrive\Documents 1\work\ecg-synthetic-research\data\rendered\ptbxl\TACHY\10939.png,TACHY,TACHY,0.476,1
C:\Users\taimo\OneDrive\Documents 1\work\ecg-synthetic-research\data\rendered\ptbxl\TACHY\10980.png,TACHY,TACHY,0.889,1
C:\Users\taimo\OneDrive\Documents 1\work\ecg-synthetic-research\data\rendered\ptbxl\TACHY\11132.png,TACHY,TACHY,0.909,1
C:\Users\taimo\OneDrive\Documents 1\work\ecg-synthetic-research\data\rendered\ptbxl\TACHY\11164.png,TACHY,TACHY,0.5205,1
C:\Users\taimo\OneDrive\Documents 1\work\ecg-synthetic-research\data\rendered\ptbxl\TACHY\11360.png,TACHY,TACHY,0.817,1
C:\Users\taimo\OneDrive\Documents 1\work\ecg-synthetic-research\data\rendered\ptbxl\TACHY\11449.png,TACHY,TACHY,0.8833,1
C:\Users\taimo\OneDrive\Documents 1\work\ecg-synthetic-research\data\rendered\ptbxl\TACHY\11495.png,TACHY,TACHY,0.7266,1
C:\Users\taimo\OneDrive\Documents 1\work\ecg-synthetic-research\data\rendered\ptbxl\TACHY\11573.png,TACHY,TACHY,0.946,1
C:\Users\taimo\OneDrive\Documents 1\work\ecg-synthetic-research\data\rendered\ptbxl\TACHY\11579.png,TACHY,TACHY,0.964,1
C:\Users\taimo\OneDrive\Documents 1\work\ecg-synthetic-research\data\rendered\ptbxl\TACHY\11589.png,TACHY,AFIB,0.9062,0
C:\Users\taimo\OneDrive\Documents 1\work\ecg-synthetic-research\data\rendered\ptbxl\TACHY\11709.png,TACHY,TACHY,0.9463,1
C:\Users\taimo\OneDrive\Documents 1\work\ecg-synthetic-research\data\rendered\ptbxl\TACHY\11954.png,TACHY,TACHY,0.6885,1
C:\Users\taimo\OneDrive\Documents 1\work\ecg-synthetic-research\data\rendered\ptbxl\TACHY\12016.png,TACHY,TACHY,0.8037,1
C:\Users\taimo\OneDrive\Documents 1\work\ecg-synthetic-research\data\rendered\ptbxl\TACHY\12021.png,TACHY,TACHY,0.9136,1
C:\Users\taimo\OneDrive\Documents 1\work\ecg-synthetic-research\data\rendered\ptbxl\TACHY\12068.png,TACHY,TACHY,0.896,1
C:\Users\taimo\OneDrive\Documents 1\work\ecg-synthetic-research\data\rendered\ptbxl\TACHY\12203.png,TACHY,TACHY,0.9536,1
C:\Users\taimo\OneDrive\Documents 1\work\ecg-synthetic-research\data\rendered\ptbxl\TACHY\12346.png,TACHY,TACHY,0.944,1
C:\Users\taimo\OneDrive\Documents 1\work\ecg-synthetic-research\data\rendered\ptbxl\TACHY\12353.png,TACHY,MI,0.5874,0
C:\Users\taimo\OneDrive\Documents 1\work\ecg-synthetic-research\data\rendered\ptbxl\TACHY\12417.png,TACHY,TACHY,0.883,1
C:\Users\taimo\OneDrive\Documents 1\work\ecg-synthetic-research\data\rendered\ptbxl\TACHY\12644.png,TACHY,TACHY,0.967,1
C:\Users\taimo\OneDrive\Documents 1\work\ecg-synthetic-research\data\rendered\ptbxl\TACHY\12826.png,TACHY,TACHY,0.9805,1
C:\Users\taimo\OneDrive\Documents 1\work\ecg-synthetic-research\data\rendered\ptbxl\TACHY\12874.png,TACHY,TACHY,0.94,1
C:\Users\taimo\OneDrive\Documents 1\work\ecg-synthetic-research\data\rendered\ptbxl\TACHY\12904.png,TACHY,TACHY,0.948,1
C:\Users\taimo\OneDrive\Documents 1\work\ecg-synthetic-research\data\rendered\ptbxl\TACHY\12938.png,TACHY,TACHY,0.8467,1
C:\Users\taimo\OneDrive\Documents 1\work\ecg-synthetic-research\data\rendered\ptbxl\TACHY\12963.png,TACHY,AFIB,0.611,0
C:\Users\taimo\OneDrive\Documents 1\work\ecg-synthetic-research\data\rendered\ptbxl\TACHY\12993.png,TACHY,TACHY,0.9043,1
C:\Users\taimo\OneDrive\Documents 1\work\ecg-synthetic-research\data\rendered\ptbxl\TACHY\13186.png,TACHY,AFIB,0.8306,0
C:\Users\taimo\OneDrive\Documents 1\work\ecg-synthetic-research\data\rendered\ptbxl\TACHY\13222.png,TACHY,MI,0.4832,0
C:\Users\taimo\OneDrive\Documents 1\work\ecg-synthetic-research\data\rendered\ptbxl\TACHY\14033.png,TACHY,TACHY,0.9116,1
C:\Users\taimo\OneDrive\Documents 1\work\ecg-synthetic-research\data\rendered\ptbxl\TACHY\14173.png,TACHY,TACHY,0.9355,1
C:\Users\taimo\OneDrive\Documents 1\work\ecg-synthetic-research\data\rendered\ptbxl\TACHY\14196.png,TACHY,TACHY,0.9453,1
C:\Users\taimo\OneDrive\Documents 1\work\ecg-synthetic-research\data\rendered\ptbxl\TACHY\14472.png,TACHY,TACHY,0.9067,1
C:\Users\taimo\OneDrive\Documents 1\work\ecg-synthetic-research\data\rendered\ptbxl\TACHY\14751.png,TACHY,TACHY,0.9683,1
C:\Users\taimo\OneDrive\Documents 1\work\ecg-synthetic-research\data\rendered\ptbxl\TACHY\14780.png,TACHY,TACHY,0.848,1
C:\Users\taimo\OneDrive\Documents 1\work\ecg-synthetic-research\data\rendered\ptbxl\TACHY\14897.png,TACHY,TACHY,0.837,1
C:\Users\taimo\OneDrive\Documents 1\work\ecg-synthetic-research\data\rendered\ptbxl\TACHY\14982.png,TACHY,TACHY,0.86,1
C:\Users\taimo\OneDrive\Documents 1\work\ecg-synthetic-research\data\rendered\ptbxl\TACHY\15024.png,TACHY,TACHY,0.642,1
C:\Users\taimo\OneDrive\Documents 1\work\ecg-synthetic-research\data\rendered\ptbxl\TACHY\15069.png,TACHY,TACHY,0.9775,1
C:\Users\taimo\OneDrive\Documents 1\work\ecg-synthetic-research\data\rendered\ptbxl\TACHY\15108.png,TACHY,AFIB,0.769,0
C:\Users\taimo\OneDrive\Documents 1\work\ecg-synthetic-research\data\rendered\ptbxl\TACHY\15253.png,TACHY,AFIB,0.6904,0
C:\Users\taimo\OneDrive\Documents 1\work\ecg-synthetic-research\data\rendered\ptbxl\TACHY\15357.png,TACHY,MI,0.719,0
C:\Users\taimo\OneDrive\Documents 1\work\ecg-synthetic-research\data\rendered\ptbxl\TACHY\15364.png,TACHY,TACHY,0.617,1
C:\Users\taimo\OneDrive\Documents 1\work\ecg-synthetic-research\data\rendered\ptbxl\TACHY\15535.png,TACHY,TACHY,0.9346,1
C:\Users\taimo\OneDrive\Documents 1\work\ecg-synthetic-research\data\rendered\ptbxl\TACHY\15617.png,TACHY,TACHY,0.969,1
C:\Users\taimo\OneDrive\Documents 1\work\ecg-synthetic-research\data\rendered\ptbxl\TACHY\16106.png,TACHY,TACHY,0.8027,1
C:\Users\taimo\OneDrive\Documents 1\work\ecg-synthetic-research\data\rendered\ptbxl\TACHY\16137.png,TACHY,TACHY,0.8545,1
C:\Users\taimo\OneDrive\Documents 1\work\ecg-synthetic-research\data\rendered\ptbxl\TACHY\16162.png,TACHY,TACHY,0.952,1
C:\Users\taimo\OneDrive\Documents 1\work\ecg-synthetic-research\data\rendered\ptbxl\TACHY\16280.png,TACHY,TACHY,0.743,1
C:\Users\taimo\OneDrive\Documents 1\work\ecg-synthetic-research\data\rendered\ptbxl\TACHY\16611.png,TACHY,TACHY,0.917,1
C:\Users\taimo\OneDrive\Documents 1\work\ecg-synthetic-research\data\rendered\ptbxl\TACHY\16703.png,TACHY,TACHY,0.8286,1
C:\Users\taimo\OneDrive\Documents 1\work\ecg-synthetic-research\data\rendered\ptbxl\TACHY\16800.png,TACHY,TACHY,0.7515,1
C:\Users\taimo\OneDrive\Documents 1\work\ecg-synthetic-research\data\rendered\ptbxl\TACHY\16887.png,TACHY,TACHY,0.8975,1
C:\Users\taimo\OneDrive\Documents 1\work\ecg-synthetic-research\data\rendered\ptbxl\TACHY\16920.png,TACHY,TACHY,0.849,1
C:\Users\taimo\OneDrive\Documents 1\work\ecg-synthetic-research\data\rendered\ptbxl\TACHY\17408.png,TACHY,TACHY,0.9585,1
C:\Users\taimo\OneDrive\Documents 1\work\ecg-synthetic-research\data\rendered\ptbxl\TACHY\17450.png,TACHY,TACHY,0.7104,1
C:\Users\taimo\OneDrive\Documents 1\work\ecg-synthetic-research\data\rendered\ptbxl\TACHY\17804.png,TACHY,AFIB,0.4778,0
C:\Users\taimo\OneDrive\Documents 1\work\ecg-synthetic-research\data\rendered\ptbxl\TACHY\17866.png,TACHY,TACHY,0.8955,1
C:\Users\taimo\OneDrive\Documents 1\work\ecg-synthetic-research\data\rendered\ptbxl\TACHY\18037.png,TACHY,TACHY,0.8945,1
C:\Users\taimo\OneDrive\Documents 1\work\ecg-synthetic-research\data\rendered\ptbxl\TACHY\18116.png,TACHY,TACHY,0.9106,1
C:\Users\taimo\OneDrive\Documents 1\work\ecg-synthetic-research\data\rendered\ptbxl\TACHY\18178.png,TACHY,TACHY,0.867,1
C:\Users\taimo\OneDrive\Documents 1\work\ecg-synthetic-research\data\rendered\ptbxl\TACHY\18246.png,TACHY,TACHY,0.9653,1
C:\Users\taimo\OneDrive\Documents 1\work\ecg-synthetic-research\data\rendered\ptbxl\TACHY\18405.png,TACHY,TACHY,0.904,1
C:\Users\taimo\OneDrive\Documents 1\work\ecg-synthetic-research\data\rendered\ptbxl\TACHY\19013.png,TACHY,TACHY,0.8506,1
C:\Users\taimo\OneDrive\Documents 1\work\ecg-synthetic-research\data\rendered\ptbxl\TACHY\19098.png,TACHY,TACHY,0.9644,1
C:\Users\taimo\OneDrive\Documents 1\work\ecg-synthetic-research\data\rendered\ptbxl\TACHY\19128.png,TACHY,TACHY,0.9355,1
C:\Users\taimo\OneDrive\Documents 1\work\ecg-synthetic-research\data\rendered\ptbxl\TACHY\19161.png,TACHY,TACHY,0.857,1
C:\Users\taimo\OneDrive\Documents 1\work\ecg-synthetic-research\data\rendered\ptbxl\TACHY\19600.png,TACHY,TACHY,0.9067,1
C:\Users\taimo\OneDrive\Documents 1\work\ecg-synthetic-research\data\rendered\ptbxl\TACHY\20028.png,TACHY,TACHY,0.9053,1
C:\Users\taimo\OneDrive\Documents 1\work\ecg-synthetic-research\data\rendered\ptbxl\TACHY\20118.png,TACHY,TACHY,0.7573,1
C:\Users\taimo\OneDrive\Documents 1\work\ecg-synthetic-research\data\rendered\ptbxl\TACHY\20295.png,TACHY,TACHY,0.708,1
C:\Users\taimo\OneDrive\Documents 1\work\ecg-synthetic-research\data\rendered\ptbxl\TACHY\20341.png,TACHY,TACHY,0.944,1
C:\Users\taimo\OneDrive\Documents 1\work\ecg-synthetic-research\data\rendered\ptbxl\TACHY\20399.png,TACHY,TACHY,0.842,1
C:\Users\taimo\OneDrive\Documents 1\work\ecg-synthetic-research\data\rendered\ptbxl\TACHY\20678.png,TACHY,TACHY,0.9224,1
C:\Users\taimo\OneDrive\Documents 1\work\ecg-synthetic-research\data\rendered\ptbxl\TACHY\20824.png,TACHY,TACHY,0.936,1
C:\Users\taimo\OneDrive\Documents 1\work\ecg-synthetic-research\data\rendered\ptbxl\TACHY\20989.png,TACHY,TACHY,0.536,1
C:\Users\taimo\OneDrive\Documents 1\work\ecg-synthetic-research\data\rendered\ptbxl\TACHY\21213.png,TACHY,TACHY,0.881,1
C:\Users\taimo\OneDrive\Documents 1\work\ecg-synthetic-research\data\rendered\ptbxl\TACHY\21263.png,TACHY,TACHY,0.618,1
C:\Users\taimo\OneDrive\Documents 1\work\ecg-synthetic-research\data\rendered\ptbxl\TACHY\21323.png,TACHY,TACHY,0.9775,1
C:\Users\taimo\OneDrive\Documents 1\work\ecg-synthetic-research\data\rendered\ptbxl\TACHY\21766.png,TACHY,TACHY,0.4448,1
